date,T2M,T2M_MAX,T2M_MIN,RH2M,WS10M,PRECTOTCORR,PS,ALLSKY_SFC_SW_DWN
1990-01-01,20.48,29.05,14.51,54.17,2.78,0.01,94.12,17.0
1990-01-02,19.41,28.44,12.66,56.17,2.9,0.01,94.08,17.69
1990-01-03,20.9,28.91,13.08,59.03,2.69,0.0,94.14,17.86
1990-01-04,22.54,28.64,17.78,68.99,2.69,0.0,94.33,16.87
1990-01-05,23.25,29.61,18.33,62.56,2.3,0.0,94.43,17.48
1990-01-06,22.09,29.83,15.27,53.83,2.71,0.0,94.44,17.88
1990-01-07,21.21,29.85,14.17,49.43,3.69,0.0,94.41,16.88
1990-01-08,21.16,29.61,13.88,46.2,3.78,0.0,94.43,17.73
1990-01-09,22.45,30.09,15.08,55.2,2.7,0.0,94.34,16.73
1990-01-10,22.38,30.88,16.06,51.88,2.97,0.0,94.3,17.41
1990-01-11,21.27,30.37,13.86,42.87,3.12,0.0,94.34,18.08
1990-01-12,20.76,31.17,12.94,33.05,4.19,0.0,94.31,20.2
1990-01-13,20.95,31.39,12.24,37.22,2.61,0.0,94.23,18.64
1990-01-14,20.76,31.45,12.71,38.43,2.52,0.0,94.13,19.6
1990-01-15,20.31,31.21,11.96,38.81,2.97,0.0,94.25,20.27
1990-01-16,20.91,31.83,12.05,35.85,3.11,0.0,94.22,17.9
1990-01-17,21.42,31.35,12.55,32.91,2.93,0.0,94.11,17.33
1990-01-18,21.41,31.81,11.52,31.89,2.56,0.0,94.19,18.39
1990-01-19,21.07,32.12,11.82,28.51,3.72,0.0,94.27,18.67
1990-01-20,20.83,31.98,11.88,24.4,4.1,0.0,94.26,20.42
1990-01-21,21.4,32.13,12.35,28.48,3.38,0.0,94.17,20.04
1990-01-22,21.62,32.44,13.41,30.5,4.23,0.0,94.17,19.41
1990-01-23,22.34,32.73,14.29,28.58,4.27,0.0,94.29,20.34
1990-01-24,22.04,32.84,13.11,31.38,3.88,0.0,94.3,20.63
1990-01-25,23.32,33.31,14.13,27.88,3.44,0.0,94.32,18.68
1990-01-26,22.98,33.59,13.49,27.86,2.76,0.0,94.33,19.08
1990-01-27,22.94,33.28,15.39,31.37,2.5,0.0,94.26,18.67
1990-01-28,22.53,33.22,14.93,32.79,2.59,0.0,94.19,19.11
1990-01-29,22.55,33.77,12.94,31.88,2.65,0.0,94.22,20.18
1990-01-30,23.04,33.94,13.89,31.5,2.72,0.0,94.28,21.27
1990-01-31,23.0,33.87,14.16,30.94,2.82,0.0,94.28,20.16
1990-02-01,22.41,32.78,14.58,30.31,3.32,0.0,94.2,21.65
1990-02-02,21.7,32.04,13.48,35.03,2.58,0.0,94.22,21.05
1990-02-03,22.75,33.61,13.45,30.07,2.68,0.0,94.32,20.61
1990-02-04,22.45,33.64,13.64,26.69,3.01,0.0,94.28,19.93
1990-02-05,22.87,34.1,14.45,26.45,2.74,0.0,94.16,19.44
1990-02-06,23.39,33.95,13.6,24.53,3.77,0.0,94.23,19.89
1990-02-07,24.08,33.31,14.99,30.62,3.43,0.0,94.36,19.9
1990-02-08,23.95,32.87,15.26,35.71,2.37,0.0,94.31,20.0
1990-02-09,24.5,32.64,16.62,36.56,1.64,0.0,94.15,19.78
1990-02-10,24.9,33.96,16.65,40.59,3.19,0.0,94.17,21.1
1990-02-11,26.16,33.94,19.01,40.53,3.59,0.0,94.31,21.86
1990-02-12,24.92,34.14,16.9,42.93,3.26,0.0,94.3,21.55
1990-02-13,24.77,33.41,18.84,48.81,3.13,0.0,94.23,21.26
1990-02-14,23.49,32.96,17.22,49.62,3.24,0.0,94.11,21.25
1990-02-15,21.3,31.19,14.15,55.41,3.69,0.0,94.06,21.65
1990-02-16,20.66,31.19,12.8,40.19,3.44,0.0,93.99,21.35
1990-02-17,20.67,30.45,13.89,51.16,3.35,0.0,94.01,21.23
1990-02-18,20.25,28.55,13.58,63.6,4.09,0.0,93.99,19.96
1990-02-19,18.61,29.24,10.22,39.56,3.45,0.0,94.02,21.82
1990-02-20,18.72,29.03,10.87,44.33,3.39,0.0,94.02,22.12
1990-02-21,19.59,30.02,11.7,42.62,3.35,0.0,93.98,22.39
1990-02-22,20.32,30.94,12.22,38.82,3.37,0.0,93.91,22.49
1990-02-23,21.03,31.98,12.21,44.36,3.35,0.0,93.8,21.29
1990-02-24,20.65,30.67,12.08,56.26,3.62,0.0,93.86,21.84
1990-02-25,21.4,31.62,14.06,59.39,3.85,0.0,93.96,22.07
1990-02-26,22.23,32.76,13.75,56.85,3.64,0.0,93.94,21.88
1990-02-27,22.73,32.24,15.99,50.52,3.73,0.0,93.91,21.66
1990-02-28,22.91,30.88,17.11,73.03,4.71,0.53,94.07,18.12
1990-03-01,21.63,30.31,15.17,63.18,3.98,0.06,94.15,22.45
1990-03-02,20.04,30.9,12.12,38.37,3.62,0.6,93.88,23.63
1990-03-03,20.17,30.73,12.75,41.19,3.09,0.0,93.83,22.76
1990-03-04,19.65,28.7,12.55,58.57,3.62,0.0,93.91,22.57
1990-03-05,19.68,28.53,13.25,64.62,3.8,0.0,93.94,22.16
1990-03-06,21.06,31.4,12.72,55.34,3.49,0.0,94.07,21.83
1990-03-07,22.21,32.58,15.21,48.98,2.95,0.0,94.28,22.27
1990-03-08,21.8,32.48,13.7,50.2,2.97,0.0,94.28,23.01
1990-03-09,23.15,34.35,14.12,49.2,2.55,0.0,94.18,24.64
1990-03-10,23.68,35.84,14.48,43.41,3.64,0.0,94.15,24.62
1990-03-11,22.57,31.68,16.47,61.53,3.93,0.0,94.31,23.56
1990-03-12,22.86,34.3,14.93,60.29,2.92,0.0,94.21,24.15
1990-03-13,24.58,36.33,14.88,55.94,2.67,0.0,94.13,23.46
1990-03-14,25.44,36.73,16.12,52.35,2.63,0.0,94.2,23.27
1990-03-15,25.53,36.44,16.12,50.14,2.54,0.0,94.24,23.07
1990-03-16,26.74,37.2,17.39,32.58,2.71,0.0,94.14,23.37
1990-03-17,27.28,37.95,17.57,21.42,3.0,0.0,94.15,22.87
1990-03-18,28.19,37.42,19.12,32.21,2.27,0.0,94.18,19.35
1990-03-19,29.22,37.7,21.8,31.92,1.62,0.0,94.13,21.84
1990-03-20,29.14,37.28,22.89,31.19,2.5,0.0,94.05,22.92
1990-03-21,29.13,38.66,22.01,30.18,2.7,0.0,93.95,23.49
1990-03-22,27.64,37.02,20.48,34.6,3.75,0.0,94.01,24.34
1990-03-23,24.54,33.6,17.77,49.54,4.72,0.0,94.02,23.83
1990-03-24,22.39,31.85,15.74,50.11,4.43,0.0,93.97,24.2
1990-03-25,23.13,34.69,13.57,38.22,2.57,0.0,93.89,25.17
1990-03-26,23.48,33.53,15.37,49.01,3.31,0.0,93.87,22.83
1990-03-27,23.96,34.1,16.04,60.19,4.22,0.0,93.88,24.17
1990-03-28,24.92,33.36,18.39,62.38,4.37,0.0,93.97,23.69
1990-03-29,26.26,36.42,17.32,48.69,4.04,0.0,94.01,24.51
1990-03-30,26.19,35.45,18.39,39.85,3.94,0.0,94.02,24.75
1990-03-31,25.71,35.56,17.14,34.25,4.02,0.0,94.01,24.1
1990-04-01,25.16,35.91,16.24,31.89,3.9,0.0,93.96,24.37
1990-04-02,26.33,38.23,16.71,34.2,3.41,0.0,93.85,24.91
1990-04-03,27.15,38.49,18.09,29.03,3.75,0.0,93.95,23.95
1990-04-04,27.06,38.58,18.15,27.34,3.58,0.0,93.84,24.32
1990-04-05,27.08,38.13,19.2,42.08,2.93,0.0,93.72,25.99
1990-04-06,25.86,37.25,17.2,50.27,3.34,0.0,93.75,26.79
1990-04-07,26.46,38.42,16.65,49.73,3.1,0.0,93.91,25.95
1990-04-08,27.49,38.25,18.09,49.86,3.87,0.0,93.91,25.68
1990-04-09,26.93,37.62,18.32,41.02,4.18,0.0,93.66,26.74
1990-04-10,27.09,39.18,16.98,38.0,3.42,0.0,93.54,26.66
1990-04-11,27.82,39.63,18.38,43.72,3.33,0.0,93.66,25.55
1990-04-12,28.26,40.35,18.69,46.7,3.64,0.0,93.75,25.12
1990-04-13,27.01,37.54,18.24,52.39,4.41,0.0,93.77,23.0
1990-04-14,27.12,37.67,17.84,48.11,4.29,0.0,93.71,26.34
1990-04-15,27.29,38.42,18.1,43.48,3.99,0.0,93.62,27.18
1990-04-16,27.59,39.59,18.01,41.56,3.59,0.0,93.67,26.58
1990-04-17,27.95,39.52,17.73,48.11,4.04,0.0,93.78,26.55
1990-04-18,29.17,40.87,19.45,47.91,4.42,0.0,93.7,27.87
1990-04-19,27.85,38.77,19.07,49.89,4.31,0.01,93.74,26.62
1990-04-20,26.86,37.57,17.9,47.39,4.97,0.0,93.83,25.41
1990-04-21,26.21,37.18,17.26,48.27,3.93,0.0,93.92,24.93
1990-04-22,27.22,38.49,17.74,43.43,3.69,0.0,94.03,24.76
1990-04-23,28.57,39.99,17.58,32.26,3.97,0.0,94.01,26.83
1990-04-24,31.17,41.61,20.96,24.68,3.72,0.0,93.78,27.77
1990-04-25,31.75,42.58,22.9,26.93,3.7,0.0,93.69,27.43
1990-04-26,29.8,40.26,21.52,49.76,3.93,0.0,93.78,27.12
1990-04-27,29.9,40.91,21.55,47.86,3.87,0.03,93.79,28.23
1990-04-28,29.31,37.22,22.54,39.87,3.51,0.02,93.8,26.13
1990-04-29,28.53,37.84,20.5,44.64,4.11,0.0,93.69,23.95
1990-04-30,28.4,39.62,20.35,53.02,4.21,0.01,93.69,24.69
1990-05-01,27.88,38.5,20.41,54.19,3.98,0.0,93.72,24.44
1990-05-02,28.29,39.08,19.29,51.22,3.29,0.0,93.72,26.13
1990-05-03,29.24,39.83,20.99,53.06,4.39,0.0,93.68,24.89
1990-05-04,29.06,38.81,21.58,53.14,4.05,0.0,93.64,25.97
1990-05-05,29.66,39.07,22.03,51.07,4.03,0.0,93.62,27.48
1990-05-06,30.27,39.32,22.44,51.61,3.45,0.48,93.66,25.39
1990-05-07,30.93,39.77,23.5,47.38,4.17,4.73,93.58,26.32
1990-05-08,32.04,39.46,26.3,38.5,2.39,0.7,93.38,21.18
1990-05-09,31.92,39.99,24.68,39.58,3.85,1.79,93.12,24.24
1990-05-10,30.46,36.33,24.33,48.57,4.74,0.8,93.1,20.97
1990-05-11,29.13,37.66,23.38,56.81,5.38,0.75,93.25,22.31
1990-05-12,27.64,34.08,22.72,61.48,6.08,0.25,93.37,23.11
1990-05-13,26.44,32.79,22.35,65.79,5.91,0.32,93.47,26.61
1990-05-14,27.06,34.63,22.1,61.95,6.15,0.14,93.54,25.55
1990-05-15,27.5,35.51,22.18,61.85,5.85,0.0,93.59,26.15
1990-05-16,27.52,35.31,22.56,62.37,5.87,0.0,93.58,24.06
1990-05-17,27.77,34.79,22.73,63.89,5.29,0.97,93.5,22.24
1990-05-18,28.56,37.13,22.5,59.77,4.81,0.04,93.57,15.59
1990-05-19,28.28,35.74,23.42,60.39,4.2,4.62,93.54,22.84
1990-05-20,26.55,31.49,23.25,71.96,4.45,1.51,93.56,22.21
1990-05-21,26.39,32.14,22.97,71.75,3.83,3.6,93.53,23.21
1990-05-22,25.34,30.13,22.56,77.39,4.41,4.63,93.57,16.05
1990-05-23,26.67,33.69,22.66,73.34,4.67,1.1,93.67,23.11
1990-05-24,27.2,33.62,23.01,70.97,4.03,0.08,93.75,24.56
1990-05-25,28.33,35.76,23.22,67.06,2.94,1.38,93.68,23.47
1990-05-26,27.83,33.91,23.63,69.85,3.37,0.42,93.72,14.18
1990-05-27,26.06,29.78,23.77,80.0,4.02,23.66,93.72,14.43
1990-05-28,25.6,30.17,23.23,81.43,4.61,6.17,93.63,17.13
1990-05-29,25.02,29.46,22.84,83.33,4.05,11.58,93.47,10.25
1990-05-30,23.77,26.82,22.1,87.4,4.21,18.08,93.25,12.39
1990-05-31,23.92,26.71,22.05,85.05,5.36,21.74,93.32,12.55
1990-06-01,23.3,25.97,20.98,88.73,3.84,27.35,93.5,24.51
1990-06-02,24.62,29.59,20.68,81.83,4.24,4.5,93.48,21.11
1990-06-03,25.65,30.69,22.42,81.64,4.86,3.02,93.37,21.08
1990-06-04,24.77,27.69,23.07,86.39,4.41,5.06,93.48,12.12
1990-06-05,25.18,29.62,22.32,82.36,4.9,13.98,93.46,13.48
1990-06-06,25.02,30.28,21.56,78.88,4.6,3.1,93.54,21.12
1990-06-07,25.09,30.82,20.75,77.62,3.92,0.46,93.65,21.95
1990-06-08,24.68,29.59,21.53,80.42,4.41,0.27,93.66,16.41
1990-06-09,24.62,28.81,22.2,82.45,4.94,17.39,93.62,12.38
1990-06-10,24.83,28.79,21.83,83.07,3.51,6.31,93.55,18.29
1990-06-11,24.71,28.7,21.88,86.86,4.09,67.25,93.48,20.93
1990-06-12,24.38,28.57,21.89,87.1,4.66,16.41,93.44,13.22
1990-06-13,24.89,28.63,22.35,85.12,5.41,17.29,93.42,18.53
1990-06-14,25.14,29.39,22.5,83.85,5.39,11.38,93.5,16.18
1990-06-15,24.91,28.37,22.5,85.02,5.77,1.11,93.57,10.01
1990-06-16,24.69,28.04,22.88,85.3,6.22,3.53,93.48,8.41
1990-06-17,24.83,28.55,22.72,85.67,7.86,19.11,93.37,13.47
1990-06-18,24.87,28.44,22.81,85.8,7.66,8.92,93.41,7.88
1990-06-19,24.23,27.44,22.46,86.03,6.11,3.91,93.31,12.12
1990-06-20,23.99,27.2,22.05,85.97,5.52,0.97,93.4,16.94
1990-06-21,23.98,27.13,21.74,86.21,5.17,0.48,93.48,18.22
1990-06-22,24.58,28.6,22.22,84.7,6.05,0.42,93.35,16.65
1990-06-23,24.76,29.04,22.25,82.99,6.57,1.28,93.41,14.15
1990-06-24,24.56,28.15,22.48,83.69,7.18,2.23,93.49,11.9
1990-06-25,24.88,28.47,22.67,84.6,7.87,8.42,93.39,8.54
1990-06-26,24.74,28.02,22.99,86.84,6.93,12.54,93.27,8.67
1990-06-27,24.79,27.79,22.97,87.37,7.21,18.83,93.2,9.93
1990-06-28,24.27,26.62,23.15,90.0,7.17,20.28,93.25,7.18
1990-06-29,23.77,25.26,22.69,92.37,7.51,26.53,93.28,8.68
1990-06-30,24.49,27.74,22.93,88.08,8.39,14.5,93.29,9.46
1990-07-01,24.41,27.68,22.65,87.23,8.3,10.17,93.25,15.24
1990-07-02,23.93,26.95,22.29,89.46,8.91,2.93,93.2,9.97
1990-07-03,23.63,25.32,22.84,88.91,10.08,10.2,93.23,5.62
1990-07-04,23.94,26.82,22.26,88.76,9.28,29.51,93.32,12.56
1990-07-05,24.39,28.19,22.02,86.31,8.69,8.46,93.33,12.4
1990-07-06,24.27,28.68,21.93,86.39,6.14,1.61,93.47,11.47
1990-07-07,24.12,28.28,21.6,86.39,4.72,0.56,93.56,23.77
1990-07-08,23.31,26.2,21.56,87.37,5.5,3.21,93.66,9.06
1990-07-09,23.57,26.73,21.43,87.56,7.74,10.73,93.54,10.81
1990-07-10,23.7,26.88,21.65,87.53,7.94,10.66,93.54,11.71
1990-07-11,23.9,27.09,22.0,87.4,8.58,5.49,93.61,13.59
1990-07-12,23.8,27.12,21.8,86.99,8.54,8.07,93.61,7.52
1990-07-13,23.52,26.62,21.68,88.15,7.75,7.58,93.58,13.76
1990-07-14,23.74,26.83,21.86,87.97,7.35,7.59,93.57,10.97
1990-07-15,23.53,26.28,21.55,88.16,6.84,9.7,93.6,9.67
1990-07-16,23.48,26.37,22.25,90.68,7.93,11.52,93.48,8.37
1990-07-17,23.57,26.13,22.03,90.3,8.67,49.3,93.39,8.72
1990-07-18,23.55,26.69,21.83,88.69,7.74,22.65,93.35,10.7
1990-07-19,23.93,27.6,21.62,87.47,7.82,7.34,93.4,11.41
1990-07-20,23.22,25.19,22.16,91.37,8.06,21.13,93.47,7.68
1990-07-21,23.01,24.87,22.15,92.65,8.16,32.85,93.49,7.08
1990-07-22,22.77,25.13,21.51,91.73,8.16,12.87,93.53,9.21
1990-07-23,22.77,25.48,21.53,91.84,7.06,2.99,93.49,8.69
1990-07-24,22.23,23.38,21.58,94.86,7.35,65.3,93.46,6.68
1990-07-25,23.0,26.13,21.09,91.05,7.82,49.12,93.56,12.3
1990-07-26,22.72,26.22,20.68,90.03,7.36,18.59,93.51,14.54
1990-07-27,22.9,26.44,20.68,89.22,6.95,2.72,93.43,12.31
1990-07-28,22.88,26.22,20.7,89.18,7.15,1.78,93.49,14.31
1990-07-29,23.15,27.12,20.89,88.72,5.87,2.83,93.55,13.94
1990-07-30,23.32,27.05,21.01,89.02,5.93,2.48,93.59,11.37
1990-07-31,23.32,27.33,20.99,88.78,6.27,1.87,93.5,10.38
1990-08-01,23.3,27.33,20.98,88.87,5.82,1.65,93.49,9.02
1990-08-02,23.39,26.85,21.07,88.67,5.8,1.71,93.57,8.29
1990-08-03,23.26,27.01,20.84,88.95,5.77,12.11,93.6,15.29
1990-08-04,23.17,26.74,21.07,89.23,5.21,12.81,93.61,11.99
1990-08-05,23.3,27.0,20.73,88.83,5.21,6.93,93.6,13.56
1990-08-06,23.14,26.86,20.9,88.92,5.35,5.85,93.56,12.75
1990-08-07,23.04,26.53,20.68,89.74,5.05,2.25,93.59,11.04
1990-08-08,22.98,26.33,21.33,90.61,5.34,3.15,93.57,8.48
1990-08-09,23.06,26.0,21.12,90.75,4.88,8.24,93.53,9.07
1990-08-10,22.94,25.43,21.19,92.41,4.19,17.14,93.44,13.1
1990-08-11,22.72,25.87,21.26,91.45,5.51,13.49,93.55,12.21
1990-08-12,22.98,25.74,21.5,91.65,7.08,12.11,93.52,9.67
1990-08-13,22.95,25.49,21.33,92.02,7.73,19.91,93.46,5.54
1990-08-14,22.88,25.07,21.5,91.82,7.44,31.42,93.51,15.11
1990-08-15,22.93,24.79,21.76,94.12,6.1,44.78,93.46,8.68
1990-08-16,22.76,24.37,21.71,94.46,6.94,35.31,93.33,4.36
1990-08-17,21.85,22.95,20.86,95.3,9.24,76.04,93.31,6.91
1990-08-18,22.18,24.31,20.91,93.91,9.52,32.95,93.34,8.37
1990-08-19,22.1,24.19,20.9,94.38,7.8,18.74,93.36,9.97
1990-08-20,21.77,23.15,20.83,95.2,7.86,9.07,93.43,9.65
1990-08-21,22.55,24.76,21.38,93.57,7.23,6.12,93.52,10.03
1990-08-22,22.59,24.91,21.4,94.09,6.62,7.21,93.47,8.31
1990-08-23,22.87,24.89,21.58,94.06,7.66,9.61,93.44,6.42
1990-08-24,23.26,25.89,21.5,92.6,8.39,25.98,93.53,11.38
1990-08-25,23.14,26.18,21.43,91.72,7.26,16.66,93.7,18.23
1990-08-26,22.91,25.71,21.17,91.88,6.58,9.43,93.74,10.19
1990-08-27,23.37,27.13,21.25,90.6,5.7,5.15,93.67,11.56
1990-08-28,22.89,26.3,21.06,91.2,5.22,5.25,93.7,12.09
1990-08-29,22.7,25.97,20.9,91.83,5.34,3.57,93.62,11.48
1990-08-30,22.53,25.22,20.92,91.93,5.79,3.52,93.51,8.51
1990-08-31,22.22,24.96,20.82,93.11,5.68,3.51,93.51,13.67
1990-09-01,22.93,25.96,21.01,90.59,5.75,1.98,93.58,18.88
1990-09-02,22.71,25.78,20.75,91.42,5.36,3.28,93.72,13.81
1990-09-03,22.62,26.06,20.37,91.71,5.09,4.18,93.6,14.08
1990-09-04,22.87,25.72,20.91,93.06,5.59,3.95,93.54,9.97
1990-09-05,23.16,25.61,21.69,92.21,6.2,15.28,93.44,4.8
1990-09-06,23.04,24.72,21.5,94.09,5.35,24.65,93.49,14.35
1990-09-07,23.05,26.57,21.03,91.68,4.64,10.96,93.65,13.63
1990-09-08,22.79,26.19,20.43,90.9,3.93,3.75,93.81,17.17
1990-09-09,22.46,25.78,20.19,90.82,4.22,1.99,93.78,17.25
1990-09-10,22.42,26.09,19.94,90.99,4.07,1.1,93.77,16.33
1990-09-11,21.98,25.21,19.81,91.21,3.91,1.32,93.78,22.99
1990-09-12,21.92,24.32,19.8,91.94,4.27,2.08,93.68,11.72
1990-09-13,21.95,25.92,19.5,89.84,3.82,0.89,93.69,16.81
1990-09-14,22.12,26.43,18.73,89.27,3.24,0.12,93.77,19.68
1990-09-15,21.75,25.14,19.44,91.33,2.92,1.25,93.86,18.05
1990-09-16,22.25,26.53,18.92,89.6,3.3,2.76,93.82,18.81
1990-09-17,22.07,26.37,18.96,89.06,3.25,0.78,93.79,14.34
1990-09-18,21.44,26.09,17.76,88.02,3.14,0.39,93.73,13.77
1990-09-19,21.77,26.17,18.48,87.68,3.12,0.61,93.68,19.56
1990-09-20,21.98,26.99,18.06,89.04,3.21,4.63,93.66,21.7
1990-09-21,22.72,27.56,19.63,88.88,3.41,3.54,93.72,18.63
1990-09-22,22.83,27.37,19.4,88.86,3.15,1.48,93.78,16.63
1990-09-23,22.82,26.93,19.87,89.1,3.62,0.45,93.75,14.64
1990-09-24,22.68,26.5,20.57,91.4,4.27,12.37,93.68,5.69
1990-09-25,21.68,23.43,20.54,94.02,4.63,13.0,93.8,5.72
1990-09-26,22.1,25.13,20.3,93.18,3.73,20.21,93.91,9.78
1990-09-27,22.65,26.47,20.14,90.58,4.05,7.06,93.9,20.54
1990-09-28,22.89,26.79,20.45,90.35,3.77,1.85,93.82,15.02
1990-09-29,22.78,26.61,20.41,90.37,3.8,4.18,93.79,17.55
1990-09-30,22.5,26.48,19.83,90.31,3.48,8.09,93.85,14.5
1990-10-01,22.69,26.97,19.56,88.14,2.87,1.41,93.91,18.33
1990-10-02,22.69,26.6,19.62,89.0,2.78,2.99,93.93,17.29
1990-10-03,22.59,26.74,19.55,89.12,3.29,1.23,93.95,19.84
1990-10-04,21.7,26.61,18.25,87.44,2.9,0.73,93.95,20.42
1990-10-05,22.1,27.08,18.4,86.99,2.02,1.89,93.9,18.78
1990-10-06,22.84,27.54,19.3,88.43,3.05,3.73,93.81,18.91
1990-10-07,22.89,26.16,20.84,90.56,3.36,2.48,93.69,19.17
1990-10-08,22.88,27.0,19.89,88.85,2.77,1.55,93.67,12.15
1990-10-09,22.71,25.88,20.96,92.97,3.96,32.32,93.75,4.67
1990-10-10,22.45,24.74,20.91,93.68,5.48,33.52,93.85,9.18
1990-10-11,22.67,26.56,20.1,91.19,3.61,30.71,94.03,7.94
1990-10-12,22.31,27.22,18.69,87.55,2.1,9.24,94.03,14.97
1990-10-13,22.61,27.81,18.98,85.65,1.63,4.37,93.92,14.98
1990-10-14,23.24,28.3,19.3,85.37,2.8,0.52,93.97,17.5
1990-10-15,23.29,28.66,19.24,81.83,4.14,0.0,94.1,21.8
1990-10-16,21.94,27.81,17.51,79.4,4.23,0.5,94.09,22.59
1990-10-17,21.05,27.76,15.12,73.26,3.65,0.0,94.02,22.9
1990-10-18,21.18,28.02,15.63,73.85,3.9,0.0,94.11,21.72
1990-10-19,21.04,28.0,15.33,73.24,3.74,0.0,94.07,21.73
1990-10-20,21.97,28.2,16.85,76.64,3.58,0.0,93.95,20.57
1990-10-21,22.33,28.09,18.04,78.77,3.71,0.0,94.01,20.89
1990-10-22,22.26,27.98,17.59,80.6,4.17,0.0,94.02,20.44
1990-10-23,22.63,27.79,18.44,84.71,3.85,0.0,93.96,17.58
1990-10-24,23.14,28.12,19.01,85.38,4.37,0.0,93.95,20.89
1990-10-25,22.62,25.61,20.52,89.05,3.76,1.66,93.97,14.68
1990-10-26,22.42,26.07,20.14,89.8,3.5,4.49,94.02,6.19
1990-10-27,21.71,25.11,19.64,91.46,3.53,17.03,94.09,15.26
1990-10-28,22.36,26.75,19.38,87.19,3.86,1.94,94.12,17.13
1990-10-29,22.99,27.5,19.82,85.69,3.53,1.51,94.2,18.42
1990-10-30,22.96,28.38,18.88,82.9,2.61,0.06,94.17,19.34
1990-10-31,23.1,27.93,18.91,82.54,2.6,1.24,94.05,17.6
1990-11-01,22.52,26.61,19.75,88.96,2.49,14.47,93.94,20.96
1990-11-02,21.0,26.76,16.86,79.99,4.26,0.02,93.99,21.08
1990-11-03,19.04,25.7,14.61,75.87,4.35,0.0,93.9,21.14
1990-11-04,19.02,25.96,14.29,77.25,3.2,0.0,93.81,20.96
1990-11-05,20.25,26.54,14.47,72.2,2.42,0.0,93.81,20.97
1990-11-06,21.28,27.29,16.56,85.29,2.29,0.0,93.9,19.01
1990-11-07,21.7,26.89,18.04,82.57,1.62,0.0,94.03,18.14
1990-11-08,20.56,26.27,16.55,82.48,1.8,0.0,94.1,18.29
1990-11-09,19.56,26.03,14.9,77.75,2.25,0.0,94.25,17.26
1990-11-10,20.12,27.02,14.14,76.71,2.52,0.0,94.29,16.91
1990-11-11,19.03,25.89,13.69,71.88,3.09,0.0,94.2,20.77
1990-11-12,18.02,25.07,13.03,71.94,3.67,0.0,94.25,20.93
1990-11-13,18.34,25.78,11.23,72.7,3.78,0.0,94.35,20.45
1990-11-14,21.45,27.29,16.53,85.09,3.67,0.0,94.36,19.42
1990-11-15,21.92,26.81,18.6,88.01,4.16,0.0,94.21,9.31
1990-11-16,22.72,27.5,19.26,86.27,3.77,0.0,94.13,17.41
1990-11-17,23.22,27.62,19.53,85.93,2.55,0.0,94.1,12.18
1990-11-18,23.0,26.92,20.12,87.62,1.95,0.0,94.04,9.25
1990-11-19,21.67,25.94,17.71,81.98,2.96,0.0,94.13,19.26
1990-11-20,22.45,27.82,18.17,81.57,2.32,0.0,94.18,19.61
1990-11-21,21.43,27.61,16.93,76.45,3.61,0.0,94.28,20.46
1990-11-22,20.3,26.73,15.6,78.19,4.07,0.0,94.3,20.46
1990-11-23,20.61,27.13,14.47,79.65,3.7,0.0,94.28,19.06
1990-11-24,22.23,27.87,17.66,80.72,3.73,0.0,94.24,18.19
1990-11-25,22.27,26.97,18.66,84.18,3.17,0.0,94.23,17.08
1990-11-26,22.6,27.8,19.27,83.11,3.86,0.0,94.24,17.51
1990-11-27,22.05,26.6,19.56,81.72,4.19,0.0,94.31,15.11
1990-11-28,22.79,28.17,18.06,77.5,3.27,0.0,94.22,16.95
1990-11-29,23.08,28.83,18.66,78.66,2.56,0.0,94.13,18.62
1990-11-30,22.73,28.03,18.61,80.91,1.9,0.0,94.11,18.66
1990-12-01,22.62,28.57,17.93,76.37,1.83,0.0,94.04,18.76
1990-12-02,22.09,28.04,17.37,76.6,2.24,0.0,94.1,18.26
1990-12-03,22.12,28.2,17.39,75.84,3.23,0.0,94.31,17.55
1990-12-04,20.44,24.82,17.44,80.64,4.59,0.0,94.53,16.39
1990-12-05,20.31,26.18,16.96,77.94,4.71,0.0,94.58,15.64
1990-12-06,20.14,25.85,15.99,81.62,4.13,0.0,94.49,17.52
1990-12-07,20.52,26.1,16.73,79.56,3.22,0.0,94.43,18.1
1990-12-08,21.43,28.12,15.84,75.96,2.71,0.0,94.31,17.22
1990-12-09,20.4,26.85,16.04,81.76,3.04,0.0,94.24,18.75
1990-12-10,19.64,26.65,14.35,77.09,2.27,0.0,94.2,18.41
1990-12-11,20.51,27.55,14.48,71.46,3.35,0.0,94.36,17.78
1990-12-12,20.38,26.85,15.88,74.29,4.35,0.0,94.47,15.74
1990-12-13,19.49,26.45,14.26,67.27,3.27,0.0,94.35,17.03
1990-12-14,18.77,26.45,12.53,64.11,2.61,0.0,94.18,16.68
1990-12-15,18.44,26.45,11.98,72.48,2.69,0.0,94.13,17.12
1990-12-16,18.82,26.2,12.83,77.43,2.62,0.0,94.11,17.34
1990-12-17,18.91,26.24,13.58,76.98,1.95,0.0,94.06,16.04
1990-12-18,18.62,26.4,13.34,68.74,4.11,0.0,94.13,17.99
1990-12-19,18.23,26.11,12.31,63.36,3.83,0.0,94.27,18.03
1990-12-20,18.04,26.04,11.95,62.41,2.82,0.0,94.32,17.96
1990-12-21,18.47,26.36,11.68,66.2,3.16,0.0,94.3,17.23
1990-12-22,19.49,26.9,13.58,72.96,3.56,0.0,94.28,17.04
1990-12-23,19.25,26.67,13.78,67.54,3.61,0.0,94.3,17.45
1990-12-24,18.53,26.67,12.67,64.35,4.27,0.0,94.3,17.14
1990-12-25,18.64,26.76,12.55,62.7,4.46,0.0,94.25,18.07
1990-12-26,19.93,27.92,13.58,64.21,3.64,0.0,94.28,18.38
1990-12-27,19.61,27.64,14.17,65.33,3.79,0.0,94.31,18.65
1990-12-28,18.63,27.08,12.29,66.02,3.04,0.0,94.27,18.7
1990-12-29,18.71,25.77,14.36,72.45,2.31,0.0,94.14,17.84
1990-12-30,17.81,23.63,12.75,86.18,3.33,0.0,94.12,16.14
1990-12-31,15.15,22.96,9.88,78.34,2.69,0.0,94.17,16.29
1991-01-01,13.15,22.91,5.97,54.54,3.11,0.0,94.09,16.82
1991-01-02,12.62,22.6,5.1,46.53,3.13,0.0,94.03,16.97
1991-01-03,14.02,23.99,5.5,45.32,3.08,0.0,94.03,17.5
1991-01-04,16.31,25.96,8.12,47.0,3.05,0.0,94.12,18.17
1991-01-05,16.74,26.92,8.82,56.11,3.3,0.0,94.07,17.97
1991-01-06,17.67,26.05,11.73,63.36,2.88,0.0,94.07,17.47
1991-01-07,17.77,26.64,11.79,64.97,2.25,0.0,94.16,17.97
1991-01-08,17.71,27.6,11.07,58.0,2.68,0.0,94.19,17.26
1991-01-09,16.96,26.39,10.82,63.54,2.8,0.0,94.14,16.73
1991-01-10,16.44,25.33,10.78,64.21,2.62,0.0,94.13,17.1
1991-01-11,16.2,25.01,10.74,57.22,2.63,0.0,94.2,17.18
1991-01-12,15.31,25.25,7.89,51.84,3.23,0.0,94.31,18.41
1991-01-13,16.3,27.39,8.01,52.08,2.97,0.0,94.24,18.56
1991-01-14,17.77,28.93,9.54,55.02,3.34,0.0,94.13,18.56
1991-01-15,18.96,29.21,11.32,52.23,3.62,0.0,94.15,17.38
1991-01-16,19.97,29.6,12.17,55.64,2.64,0.0,94.23,17.69
1991-01-17,20.23,29.94,12.61,55.21,2.72,0.0,94.32,17.31
1991-01-18,19.29,29.29,12.47,52.82,3.25,0.0,94.31,17.17
1991-01-19,20.24,29.44,12.71,49.78,3.36,0.0,94.18,17.27
1991-01-20,21.2,29.98,14.31,56.17,2.91,0.0,94.21,17.46
1991-01-21,21.14,30.09,14.1,56.82,2.6,0.0,94.23,18.31
1991-01-22,21.2,30.4,14.37,54.87,2.61,0.0,94.21,18.58
1991-01-23,21.49,31.28,14.14,48.31,2.68,0.0,94.2,18.59
1991-01-24,21.92,31.57,13.3,41.69,2.8,0.0,94.18,19.16
1991-01-25,22.02,31.57,13.78,42.46,3.64,0.0,94.32,18.54
1991-01-26,22.19,31.49,14.59,45.15,3.96,0.0,94.43,18.55
1991-01-27,22.6,32.36,14.69,41.79,3.69,0.0,94.48,18.18
1991-01-28,22.35,32.68,14.68,38.6,3.6,0.0,94.37,19.9
1991-01-29,22.37,33.06,14.0,36.2,3.18,0.0,94.11,20.21
1991-01-30,21.76,32.3,13.06,37.77,3.02,0.0,94.1,20.17
1991-01-31,21.45,31.57,13.01,41.68,2.97,0.0,94.17,20.86
1991-02-01,20.88,31.04,14.26,41.38,2.88,0.0,94.19,18.78
1991-02-02,18.6,28.89,11.53,43.13,3.4,0.0,94.12,20.05
1991-02-03,18.63,28.77,10.71,39.31,2.74,0.0,94.15,20.32
1991-02-04,19.83,31.01,10.64,42.64,3.06,0.0,94.18,19.77
1991-02-05,20.95,32.69,12.08,40.15,2.81,0.0,94.17,18.3
1991-02-06,22.08,32.9,14.63,42.68,2.41,0.0,94.25,19.27
1991-02-07,22.86,32.2,15.03,43.42,2.15,0.0,94.22,18.85
1991-02-08,23.9,33.41,15.26,40.51,2.61,0.0,94.19,19.68
1991-02-09,24.68,34.22,16.96,43.96,2.74,0.0,94.28,19.62
1991-02-10,24.08,33.9,16.58,45.04,2.87,0.0,94.25,19.77
1991-02-11,22.78,32.48,16.12,46.95,3.36,0.0,94.12,20.02
1991-02-12,20.83,30.9,13.76,60.94,3.37,0.0,94.13,20.25
1991-02-13,21.35,32.23,13.43,41.12,3.13,0.0,94.21,20.43
1991-02-14,21.62,33.13,12.2,33.29,3.22,0.0,94.23,19.61
1991-02-15,22.25,33.37,13.51,38.92,3.43,0.0,94.16,20.74
1991-02-16,21.41,31.96,14.39,41.14,3.5,0.0,94.15,20.74
1991-02-17,18.64,28.43,12.26,44.89,3.66,0.0,94.19,21.14
1991-02-18,18.42,29.63,9.91,35.98,3.23,0.0,94.19,22.34
1991-02-19,20.57,32.43,12.29,40.18,3.45,0.0,94.13,21.79
1991-02-20,21.85,33.2,12.68,45.48,3.01,0.0,94.09,22.33
1991-02-21,23.78,34.23,15.01,46.86,3.41,0.0,94.26,21.59
1991-02-22,24.58,34.12,18.23,49.68,2.58,0.0,94.38,21.65
1991-02-23,23.86,34.08,16.22,50.44,2.04,0.0,94.32,21.29
1991-02-24,24.14,34.91,14.93,47.03,3.13,0.0,94.26,22.68
1991-02-25,24.23,33.68,17.3,46.49,2.91,0.0,94.25,22.1
1991-02-26,22.15,31.2,16.0,51.53,3.74,0.0,94.25,22.47
1991-02-27,21.2,31.51,13.8,50.55,3.24,0.0,94.19,22.37
1991-02-28,20.44,30.49,12.75,55.3,3.32,0.0,94.16,22.65
1991-03-01,21.89,33.59,12.91,56.23,2.51,0.0,94.08,23.62
1991-03-02,23.82,35.66,14.28,41.62,3.14,0.0,94.15,22.78
1991-03-03,24.97,35.29,18.19,41.44,2.5,0.0,94.17,21.11
1991-03-04,22.98,33.24,16.34,51.95,2.97,0.0,94.15,21.82
1991-03-05,22.13,33.11,13.38,57.28,3.32,0.0,94.11,23.46
1991-03-06,23.14,33.91,15.6,49.92,3.08,0.0,94.06,21.28
1991-03-07,23.66,33.59,16.18,41.05,3.14,0.0,94.02,22.94
1991-03-08,24.79,36.26,15.61,38.74,2.85,0.0,94.02,23.42
1991-03-09,25.81,37.6,16.53,35.04,3.08,0.0,93.96,23.81
1991-03-10,25.94,36.67,18.0,35.87,3.65,0.0,94.01,23.5
1991-03-11,25.12,36.4,16.18,32.21,4.1,0.0,93.98,23.86
1991-03-12,24.95,36.36,15.74,34.67,3.92,0.0,93.96,22.95
1991-03-13,24.59,35.13,16.39,36.77,3.85,0.0,93.93,22.91
1991-03-14,25.03,36.61,15.73,40.75,3.1,0.0,93.93,24.23
1991-03-15,25.57,37.22,16.35,43.05,3.25,0.0,93.96,23.69
1991-03-16,26.22,37.72,17.09,31.96,2.93,0.0,93.97,24.36
1991-03-17,27.04,38.44,18.15,26.88,2.9,0.0,94.07,24.8
1991-03-18,27.3,38.41,17.92,32.2,2.89,0.0,94.08,24.8
1991-03-19,27.2,38.27,18.15,35.02,3.55,0.0,94.04,23.28
1991-03-20,26.45,36.03,18.96,32.85,4.12,0.0,93.91,24.05
1991-03-21,25.62,35.33,17.89,42.91,3.81,0.0,93.92,23.21
1991-03-22,24.09,33.96,16.06,46.8,4.47,0.0,93.93,23.84
1991-03-23,24.04,35.2,14.99,46.64,3.74,0.0,93.79,22.88
1991-03-24,25.11,36.98,14.32,44.8,3.44,0.0,93.78,25.2
1991-03-25,26.94,38.0,17.02,22.48,2.98,0.0,93.67,25.65
1991-03-26,28.35,39.49,18.31,20.07,3.21,0.0,93.58,25.59
1991-03-27,29.86,40.25,19.8,26.61,2.36,0.0,93.68,25.08
1991-03-28,30.63,40.56,21.78,34.86,2.16,0.0,93.87,25.37
1991-03-29,30.92,40.53,22.88,34.38,2.35,0.0,93.99,25.67
1991-03-30,30.9,40.65,24.13,36.57,2.48,0.0,93.87,23.48
1991-03-31,29.04,37.12,22.5,48.79,2.87,0.0,93.83,24.16
1991-04-01,28.13,37.37,20.96,54.57,2.99,0.0,93.91,21.66
1991-04-02,28.17,37.34,20.76,52.1,3.04,0.05,93.99,23.73
1991-04-03,27.22,34.17,21.74,57.0,2.8,0.01,94.1,23.03
1991-04-04,25.7,30.66,22.41,55.29,3.14,0.0,94.2,17.97
1991-04-05,25.83,32.66,19.86,50.42,1.85,0.0,94.02,20.66
1991-04-06,27.05,35.77,20.14,57.12,3.05,0.0,94.0,26.8
1991-04-07,26.65,35.36,19.31,52.91,3.3,0.08,94.01,24.31
1991-04-08,26.45,36.39,17.97,42.78,3.79,0.0,93.92,24.34
1991-04-09,26.29,35.56,18.09,52.49,4.33,0.0,93.87,24.06
1991-04-10,26.93,36.68,18.33,50.07,3.83,0.0,93.82,24.55
1991-04-11,27.26,36.99,19.37,42.97,3.76,0.0,93.77,25.88
1991-04-12,27.63,38.83,18.15,51.62,3.39,0.0,93.64,26.12
1991-04-13,28.29,38.49,20.3,53.84,3.82,0.0,93.73,26.48
1991-04-14,29.57,39.86,20.73,49.69,4.02,0.0,93.81,25.7
1991-04-15,29.67,39.18,21.87,37.62,3.25,0.0,93.81,26.33
1991-04-16,29.61,39.48,20.91,29.6,3.9,0.0,93.75,25.91
1991-04-17,31.27,42.15,21.12,19.34,3.18,0.0,93.7,24.79
1991-04-18,31.49,41.97,21.65,14.4,3.48,0.0,93.74,24.04
1991-04-19,29.74,41.35,21.22,38.75,3.14,0.0,93.81,23.73
1991-04-20,28.45,40.1,19.07,43.4,3.41,0.0,93.78,26.19
1991-04-21,28.12,39.88,18.99,47.86,3.45,0.0,93.8,27.54
1991-04-22,27.31,37.94,18.19,48.29,3.78,0.0,93.85,26.64
1991-04-23,27.91,39.5,17.61,49.21,3.75,0.0,93.88,25.58
1991-04-24,29.02,39.8,18.87,47.04,3.85,0.0,93.85,26.12
1991-04-25,29.55,38.58,21.43,45.01,3.96,0.01,93.75,25.36
1991-04-26,29.63,39.04,21.89,42.54,4.06,0.0,93.65,24.34
1991-04-27,29.91,40.44,20.85,48.34,3.99,0.0,93.58,23.95
1991-04-28,29.71,39.65,21.67,52.22,4.3,0.0,93.61,25.53
1991-04-29,29.71,39.99,22.18,52.57,4.88,0.0,93.67,25.19
1991-04-30,28.67,38.75,21.24,57.22,5.03,0.0,93.74,26.07
1991-05-01,27.96,36.73,21.1,58.52,5.19,0.0,93.78,26.21
1991-05-02,27.46,36.55,20.31,57.04,4.66,0.0,93.76,25.43
1991-05-03,28.34,38.18,20.65,56.83,4.53,0.0,93.84,25.91
1991-05-04,28.78,38.44,21.55,55.18,4.57,0.0,93.91,24.86
1991-05-05,28.64,38.05,21.81,56.98,4.57,0.0,93.87,23.69
1991-05-06,28.39,37.39,22.15,58.26,4.86,0.0,93.86,23.4
1991-05-07,28.36,37.89,21.58,57.98,5.23,0.0,93.88,24.68
1991-05-08,28.74,38.49,22.14,59.6,5.34,0.0,93.92,24.79
1991-05-09,28.41,37.55,22.0,59.85,4.91,0.0,93.83,25.63
1991-05-10,28.55,38.18,21.65,57.39,4.74,0.0,93.84,24.94
1991-05-11,29.72,39.91,21.22,51.19,4.41,0.0,93.86,25.83
1991-05-12,31.04,41.25,22.3,50.12,3.75,0.09,93.83,25.71
1991-05-13,29.81,37.92,24.27,52.98,2.53,0.0,93.83,24.18
1991-05-14,30.16,40.39,23.23,52.74,3.38,0.0,93.84,24.31
1991-05-15,30.97,40.48,23.1,44.04,3.5,0.0,93.81,23.06
1991-05-16,28.77,35.55,23.25,57.33,3.41,0.0,93.84,21.36
1991-05-17,28.36,35.36,23.17,58.97,4.09,0.0,93.9,25.13
1991-05-18,26.76,32.36,22.77,66.16,3.34,0.0,93.82,24.49
1991-05-19,28.0,36.43,21.16,60.45,4.16,0.0,93.77,24.78
1991-05-20,29.62,39.56,21.52,53.33,4.58,0.0,93.92,25.5
1991-05-21,29.59,38.94,22.33,54.86,4.86,0.0,93.93,24.67
1991-05-22,29.17,38.98,22.19,56.15,4.76,0.0,93.77,23.25
1991-05-23,29.17,38.74,22.5,55.46,4.65,0.0,93.63,23.19
1991-05-24,29.52,40.05,21.84,54.75,5.14,0.0,93.58,24.78
1991-05-25,28.29,36.86,22.41,61.15,4.78,0.0,93.65,23.92
1991-05-26,30.19,40.99,23.36,58.86,4.58,0.0,93.47,25.24
1991-05-27,28.15,33.78,24.15,63.42,4.32,2.25,93.43,25.29
1991-05-28,29.75,39.64,23.33,58.39,4.0,1.21,93.36,24.19
1991-05-29,29.63,37.38,23.22,55.72,3.94,0.04,93.41,12.4
1991-05-30,30.33,40.0,23.28,54.62,4.16,0.0,93.38,21.92
1991-05-31,29.42,38.86,23.67,63.34,4.62,0.02,93.34,22.1
1991-06-01,30.2,40.46,22.99,60.72,4.67,0.01,93.18,20.94
1991-06-02,29.84,40.68,23.11,61.17,4.13,0.08,93.12,18.87
1991-06-03,28.3,36.65,23.5,68.15,5.0,14.73,93.14,25.39
1991-06-04,27.73,33.93,23.66,73.5,4.62,17.63,93.18,22.33
1991-06-05,27.86,34.62,23.74,72.8,5.27,3.73,93.14,14.94
1991-06-06,26.36,31.37,23.38,81.73,5.16,26.05,93.08,14.07
1991-06-07,25.09,26.42,24.03,93.34,6.31,88.52,92.91,10.51
1991-06-08,24.91,26.28,23.84,93.5,7.91,121.5,92.87,2.22
1991-06-09,24.58,25.66,23.54,94.74,7.76,177.18,92.96,2.46
1991-06-10,24.72,26.34,23.64,93.28,7.11,126.15,93.06,4.92
1991-06-11,25.42,28.51,23.62,89.6,7.12,37.24,93.16,12.1
1991-06-12,25.46,28.87,23.49,87.1,6.21,4.62,93.26,19.36
1991-06-13,25.57,29.54,23.15,85.57,5.94,0.09,93.41,19.53
1991-06-14,25.02,28.51,22.89,86.03,5.06,0.05,93.53,21.8
1991-06-15,25.32,29.77,22.35,84.35,4.33,0.83,93.67,24.31
1991-06-16,24.85,29.28,22.33,84.68,5.3,0.72,93.72,22.09
1991-06-17,24.71,28.57,22.35,83.69,8.28,0.01,93.68,14.37
1991-06-18,24.36,28.12,22.03,83.4,9.64,0.37,93.59,12.07
1991-06-19,24.62,28.42,22.3,85.9,9.31,11.84,93.41,13.78
1991-06-20,24.72,28.11,22.47,86.67,7.54,12.21,93.48,13.11
1991-06-21,25.05,29.06,22.3,85.98,5.05,3.59,93.69,19.77
1991-06-22,25.23,29.71,22.2,84.74,3.83,0.64,93.71,21.54
1991-06-23,24.16,26.46,22.58,88.78,4.08,0.82,93.58,20.59
1991-06-24,24.7,28.55,22.24,84.76,4.83,2.52,93.51,19.72
1991-06-25,24.03,27.43,21.62,86.24,4.11,0.54,93.5,20.68
1991-06-26,24.55,29.38,20.75,83.23,3.92,0.61,93.45,20.41
1991-06-27,24.82,29.53,21.1,82.74,3.65,1.25,93.39,22.78
1991-06-28,24.27,27.52,21.65,85.14,3.35,0.56,93.35,13.94
1991-06-29,23.1,25.96,21.37,91.14,3.13,66.36,93.45,18.7
1991-06-30,22.9,26.19,20.98,89.91,4.22,44.49,93.53,10.03
1991-07-01,23.21,27.95,20.54,87.1,4.29,9.4,93.59,23.51
1991-07-02,23.59,27.98,20.96,87.2,4.65,8.75,93.55,14.9
1991-07-03,23.37,25.68,21.79,89.31,5.2,6.49,93.5,20.33
1991-07-04,22.91,24.96,21.76,91.37,6.63,8.77,93.54,8.83
1991-07-05,23.6,25.93,22.07,89.87,6.38,13.13,93.65,13.37
1991-07-06,23.65,26.18,22.17,88.51,6.41,13.28,93.6,17.52
1991-07-07,24.4,27.61,22.45,87.76,6.86,4.52,93.44,16.08
1991-07-08,24.57,27.54,22.91,88.13,6.17,6.39,93.29,11.14
1991-07-09,23.9,27.99,21.44,88.13,5.28,10.15,93.28,12.52
1991-07-10,23.03,25.44,20.96,89.87,4.82,4.5,93.32,12.42
1991-07-11,22.83,25.51,21.07,90.98,5.74,3.37,93.31,19.03
1991-07-12,21.69,23.31,20.76,91.34,6.08,4.67,93.24,11.42
1991-07-13,22.66,24.59,21.34,92.72,8.37,31.69,93.24,7.29
1991-07-14,23.46,25.57,22.2,91.13,9.24,24.11,93.21,5.5
1991-07-15,23.28,25.43,22.25,92.14,8.61,29.46,93.23,7.21
1991-07-16,23.41,26.08,21.91,91.51,7.73,20.32,93.27,7.82
1991-07-17,22.96,24.49,21.9,94.84,8.15,47.71,93.25,6.76
1991-07-18,23.16,25.14,22.08,93.53,8.47,42.92,93.34,8.8
1991-07-19,23.62,26.17,22.06,92.03,8.74,24.93,93.45,18.31
1991-07-20,23.17,26.1,21.54,91.57,7.01,8.62,93.46,14.41
1991-07-21,23.07,24.81,21.78,92.26,7.32,7.82,93.32,11.15
1991-07-22,23.04,25.21,21.67,91.76,8.48,6.32,93.37,11.09
1991-07-23,23.64,26.78,21.59,90.07,8.0,5.68,93.43,13.18
1991-07-24,22.93,24.25,22.1,93.64,7.75,7.03,93.43,10.53
1991-07-25,23.63,26.3,22.22,90.73,8.58,4.82,93.37,11.79
1991-07-26,23.59,26.51,21.84,90.56,9.15,12.78,93.29,10.22
1991-07-27,23.56,26.2,22.22,91.7,9.88,27.19,93.26,6.25
1991-07-28,23.44,26.0,21.96,92.24,8.53,55.56,93.2,11.2
1991-07-29,22.57,23.65,21.79,94.71,7.99,37.39,93.09,10.47
1991-07-30,22.81,24.35,21.81,93.36,8.05,3.87,93.15,9.56
1991-07-31,23.63,26.44,22.0,91.31,8.23,6.17,93.25,13.67
1991-08-01,23.61,26.79,21.73,91.06,6.91,4.13,93.35,11.23
1991-08-02,23.62,26.88,21.55,90.25,5.79,4.89,93.38,14.52
1991-08-03,23.3,26.55,21.43,90.69,5.48,4.57,93.52,15.29
1991-08-04,22.96,26.42,21.02,90.41,5.25,2.92,93.64,12.75
1991-08-05,22.57,25.4,21.08,91.44,5.2,2.99,93.68,12.59
1991-08-06,22.94,25.75,21.28,91.5,5.97,6.17,93.65,14.82
1991-08-07,22.73,24.42,21.32,92.76,5.84,8.88,93.64,10.64
1991-08-08,22.62,25.61,21.24,91.43,6.17,6.12,93.57,9.96
1991-08-09,22.79,25.71,21.23,90.76,6.5,5.18,93.54,14.4
1991-08-10,22.96,26.52,21.0,90.28,6.39,5.48,93.53,16.08
1991-08-11,23.09,26.14,21.36,90.54,6.9,3.84,93.57,16.17
1991-08-12,23.36,26.65,21.49,90.49,6.3,5.13,93.6,16.52
1991-08-13,23.09,25.72,21.63,90.54,7.26,9.02,93.58,13.71
1991-08-14,22.87,25.47,21.26,91.84,7.19,20.62,93.59,14.53
1991-08-15,22.7,25.4,21.06,91.06,6.65,10.33,93.56,14.9
1991-08-16,22.52,25.01,21.18,91.9,6.81,4.72,93.52,10.81
1991-08-17,22.24,24.03,21.05,94.34,6.05,9.26,93.54,9.91
1991-08-18,22.45,24.84,21.04,92.89,6.16,7.37,93.6,11.37
1991-08-19,22.94,25.93,21.26,91.16,6.79,5.97,93.59,11.13
1991-08-20,23.02,26.32,21.37,90.82,6.94,2.98,93.45,13.01
1991-08-21,22.74,26.05,21.2,90.82,6.68,5.91,93.46,13.71
1991-08-22,23.04,26.36,21.35,90.54,6.6,4.22,93.49,14.51
1991-08-23,22.27,23.86,21.39,94.36,6.41,3.44,93.5,14.43
1991-08-24,22.67,25.07,21.12,92.03,7.91,5.95,93.42,8.09
1991-08-25,22.63,26.12,20.84,89.89,7.54,4.46,93.47,11.12
1991-08-26,22.7,25.97,20.65,90.23,6.22,4.22,93.62,14.4
1991-08-27,22.62,26.06,20.79,90.61,5.68,2.02,93.71,10.18
1991-08-28,22.61,26.13,20.55,89.94,5.63,0.87,93.63,12.81
1991-08-29,22.33,25.58,20.54,90.53,5.46,1.64,93.63,15.87
1991-08-30,22.36,25.74,20.56,90.16,5.52,0.8,93.68,17.56
1991-08-31,22.64,26.29,20.43,89.38,5.39,1.45,93.71,19.25
1991-09-01,22.61,26.36,20.14,89.09,5.13,2.59,93.85,16.69
1991-09-02,22.32,25.8,20.18,89.85,4.45,3.54,93.89,12.36
1991-09-03,22.61,27.03,19.83,88.65,4.02,2.18,93.79,12.8
1991-09-04,22.42,26.39,19.67,89.15,3.38,1.38,93.88,15.27
1991-09-05,22.37,25.84,19.82,89.63,3.71,0.71,94.01,15.9
1991-09-06,22.09,25.7,20.01,90.11,4.33,0.59,94.0,16.19
1991-09-07,22.25,26.39,19.6,88.95,5.08,1.06,93.82,17.11
1991-09-08,22.22,26.57,19.37,88.85,4.21,0.91,93.83,21.12
1991-09-09,22.06,26.68,18.99,88.21,3.37,0.58,93.95,18.03
1991-09-10,21.61,26.05,18.33,87.83,2.88,0.39,93.96,21.81
1991-09-11,22.11,27.59,18.26,85.3,2.32,0.09,94.03,21.49
1991-09-12,22.81,28.53,18.47,86.86,2.6,0.01,94.02,19.62
1991-09-13,23.2,27.94,19.5,85.43,2.71,0.0,93.92,19.19
1991-09-14,23.67,28.19,20.17,86.36,2.69,0.09,93.85,18.32
1991-09-15,23.58,28.06,20.56,86.32,2.06,0.02,93.85,16.63
1991-09-16,23.28,28.25,20.35,87.66,2.9,0.21,93.85,20.39
1991-09-17,22.53,26.4,19.65,88.43,2.63,12.44,93.96,18.25
1991-09-18,21.86,24.91,20.05,90.07,2.89,3.44,93.85,14.52
1991-09-19,21.36,25.05,18.9,87.65,2.82,0.61,93.79,20.94
1991-09-20,21.9,25.74,19.23,86.29,1.73,0.5,93.81,18.49
1991-09-21,22.99,26.64,19.95,88.38,1.17,35.26,93.76,10.79
1991-09-22,23.6,27.38,21.18,90.43,2.84,28.15,93.71,16.44
1991-09-23,23.02,26.57,20.96,89.26,3.19,3.92,93.69,14.86
1991-09-24,23.31,27.24,21.14,89.26,3.22,0.13,93.7,16.65
1991-09-25,23.02,26.51,20.46,89.9,2.82,5.42,93.74,21.25
1991-09-26,23.94,28.98,20.61,86.63,1.76,0.51,93.86,19.69
1991-09-27,24.41,29.16,20.67,86.03,1.73,0.73,93.98,18.4
1991-09-28,23.96,27.88,21.17,88.56,2.45,8.36,94.04,13.63
1991-09-29,24.18,28.66,20.86,86.41,2.38,1.62,93.98,19.0
1991-09-30,23.91,28.67,20.05,86.96,2.32,11.57,93.89,16.78
1991-10-01,23.65,28.05,20.86,86.18,2.72,4.75,93.85,14.69
1991-10-02,23.59,29.06,19.09,80.42,2.67,1.35,93.83,20.43
1991-10-03,23.52,29.31,18.3,78.21,2.34,0.01,93.71,21.7
1991-10-04,23.01,29.45,17.69,71.81,2.6,0.23,93.65,23.48
1991-10-05,22.54,28.53,18.3,63.42,2.29,0.0,93.73,23.83
1991-10-06,22.21,28.81,17.46,65.03,2.29,0.0,93.79,21.65
1991-10-07,22.22,28.95,17.5,69.16,2.5,0.02,93.71,19.2
1991-10-08,22.17,29.23,16.73,74.72,2.62,0.0,93.68,21.15
1991-10-09,22.35,28.77,17.21,80.87,2.16,0.27,93.71,19.31
1991-10-10,22.89,29.38,18.72,82.04,2.35,0.0,93.8,21.25
1991-10-11,22.93,29.17,18.43,84.64,2.92,0.14,93.87,15.91
1991-10-12,23.11,28.9,19.29,83.88,2.78,0.0,93.8,15.53
1991-10-13,22.84,28.52,19.22,82.34,2.92,0.0,93.72,21.25
1991-10-14,21.89,27.57,17.87,82.86,2.4,0.0,93.81,20.97
1991-10-15,22.03,27.74,18.25,84.25,2.24,0.0,94.01,21.52
1991-10-16,23.74,29.77,17.91,78.26,1.93,0.0,94.11,14.87
1991-10-17,24.3,29.69,18.96,74.44,2.75,0.0,94.08,18.74
1991-10-18,23.95,29.88,18.77,74.31,3.06,0.0,94.1,21.01
1991-10-19,24.35,29.66,18.87,75.93,2.35,0.04,94.15,20.86
1991-10-20,24.58,29.6,20.3,75.8,2.37,0.02,94.03,21.03
1991-10-21,24.59,29.72,20.33,74.3,2.3,0.0,93.98,16.13
1991-10-22,24.08,29.72,19.5,74.04,2.99,0.0,94.06,17.85
1991-10-23,23.9,29.59,18.94,71.12,3.09,0.0,94.02,20.73
1991-10-24,22.85,29.51,17.46,66.36,3.27,0.0,93.94,21.08
1991-10-25,21.76,29.22,14.72,61.48,2.99,0.0,93.91,19.79
1991-10-26,21.18,28.7,14.34,63.77,2.62,0.0,93.94,19.47
1991-10-27,21.62,29.61,14.48,60.09,2.72,0.0,93.99,20.8
1991-10-28,20.67,29.52,14.43,59.17,4.66,0.0,93.82,20.94
1991-10-29,20.68,29.35,14.48,57.61,5.09,0.0,93.68,19.98
1991-10-30,20.72,28.96,15.3,62.21,4.9,0.0,93.68,20.47
1991-10-31,20.25,29.25,14.38,56.14,4.68,0.0,93.8,19.99
1991-11-01,19.92,28.62,12.79,51.66,4.36,0.0,93.89,20.62
1991-11-02,20.31,25.28,15.22,69.47,3.52,0.0,94.01,19.12
1991-11-03,21.3,28.87,14.77,64.41,2.62,0.0,93.98,20.5
1991-11-04,21.27,29.53,14.58,65.23,2.87,0.0,94.04,19.18
1991-11-05,20.99,29.49,14.09,63.31,2.39,0.0,94.09,19.03
1991-11-06,21.08,29.0,14.16,69.18,2.53,0.0,94.23,20.99
1991-11-07,20.66,28.39,14.63,66.73,2.33,0.0,94.29,20.48
1991-11-08,20.04,28.33,13.34,74.47,2.2,0.0,94.11,19.96
1991-11-09,20.41,27.93,14.64,78.59,2.22,0.0,94.14,18.5
1991-11-10,20.63,28.24,14.97,79.58,2.37,0.0,94.24,20.49
1991-11-11,20.84,28.34,15.19,74.43,2.43,0.0,94.28,18.37
1991-11-12,21.78,28.48,15.97,74.8,2.5,0.0,94.24,18.9
1991-11-13,22.62,28.81,17.23,69.82,2.33,0.0,94.32,17.16
1991-11-14,22.9,28.96,17.82,68.22,2.91,0.0,94.3,18.56
1991-11-15,21.81,29.02,15.92,62.71,4.41,0.0,94.11,19.28
1991-11-16,21.73,27.71,16.49,66.49,5.1,0.0,94.09,17.01
1991-11-17,22.45,28.63,17.37,73.55,4.89,0.0,94.17,14.1
1991-11-18,21.85,25.88,19.31,82.88,4.72,2.39,94.34,11.27
1991-11-19,22.34,28.2,18.1,80.13,2.35,0.79,94.3,12.35
1991-11-20,22.46,28.25,18.01,78.04,2.27,0.11,94.27,17.73
1991-11-21,22.53,28.65,18.01,75.99,2.53,0.76,94.21,17.03
1991-11-22,21.96,27.05,18.27,78.59,2.82,0.59,94.28,12.97
1991-11-23,21.96,26.58,19.13,81.86,3.4,2.08,94.37,17.4
1991-11-24,20.36,28.09,15.38,58.52,4.34,0.01,94.39,20.18
1991-11-25,20.69,27.19,14.95,59.16,3.53,0.0,94.37,19.62
1991-11-26,21.24,29.09,14.44,65.43,2.42,0.0,94.41,17.74
1991-11-27,21.35,29.08,15.55,65.46,2.19,0.0,94.37,18.56
1991-11-28,21.47,29.09,16.19,65.53,2.22,0.0,94.25,17.63
1991-11-29,21.6,28.99,17.16,60.26,2.26,0.0,94.2,18.33
1991-11-30,20.05,28.59,14.15,53.92,2.79,0.0,94.16,19.52
1991-12-01,19.29,28.35,12.44,53.19,2.52,0.0,94.13,19.1
1991-12-02,19.82,28.91,12.55,57.83,2.45,0.0,94.28,19.21
1991-12-03,21.5,29.22,14.49,63.72,2.41,0.0,94.4,18.73
1991-12-04,21.24,29.11,15.47,56.97,3.75,0.0,94.48,18.43
1991-12-05,19.93,28.87,13.78,42.62,3.9,0.0,94.53,16.64
1991-12-06,19.12,28.75,11.6,42.26,3.78,0.0,94.58,17.72
1991-12-07,19.52,29.28,11.42,42.02,3.49,0.0,94.59,16.91
1991-12-08,19.29,29.04,11.57,41.03,3.45,0.0,94.49,17.39
1991-12-09,19.19,28.68,11.66,43.18,3.29,0.0,94.43,18.52
1991-12-10,19.34,29.01,12.58,44.79,4.13,0.0,94.5,18.29
1991-12-11,18.71,27.54,11.98,44.14,4.39,0.0,94.53,18.71
1991-12-12,18.82,27.53,12.21,47.88,4.29,0.0,94.53,17.36
1991-12-13,18.7,27.55,12.43,45.45,4.66,0.0,94.45,15.95
1991-12-14,18.65,27.94,11.98,42.6,5.22,0.0,94.43,17.55
1991-12-15,19.0,28.48,11.92,39.3,5.27,0.0,94.39,16.53
1991-12-16,19.07,28.92,12.35,42.12,5.03,0.0,94.34,17.34
1991-12-17,19.84,29.29,12.3,43.89,3.52,0.0,94.19,17.21
1991-12-18,20.53,29.45,12.77,44.14,2.85,0.0,94.04,18.24
1991-12-19,20.12,29.69,12.33,57.24,2.68,0.0,93.96,18.39
1991-12-20,21.09,29.53,14.65,65.78,2.43,0.0,93.99,17.5
1991-12-21,20.5,29.1,14.9,68.37,2.44,0.0,94.02,18.25
1991-12-22,19.35,29.43,12.55,62.59,2.66,0.0,94.06,17.93
1991-12-23,19.08,29.36,11.93,57.3,3.02,0.0,94.02,17.92
1991-12-24,18.41,26.16,13.46,73.72,3.17,0.0,93.94,16.13
1991-12-25,17.17,23.15,12.12,77.39,3.17,1.42,93.91,11.03
1991-12-26,15.47,24.17,9.04,57.6,2.53,0.0,93.97,17.76
1991-12-27,15.84,26.35,8.13,47.44,2.78,0.05,93.98,18.25
1991-12-28,17.15,27.81,8.27,42.9,2.59,0.0,94.11,18.39
1991-12-29,18.4,27.44,12.71,53.82,2.39,0.0,94.3,17.04
1991-12-30,17.25,26.0,11.53,57.93,2.95,0.0,94.26,17.03
1991-12-31,16.02,25.87,7.98,39.86,2.26,0.0,94.22,17.24
1992-01-01,16.91,26.93,9.57,33.42,4.51,0.0,94.36,16.32
1992-01-02,18.0,28.23,10.05,33.41,4.46,0.0,94.51,16.75
1992-01-03,17.9,28.76,10.34,29.34,4.9,0.0,94.66,16.85
1992-01-04,18.46,29.3,10.67,28.74,4.38,0.0,94.72,18.29
1992-01-05,18.22,29.86,10.13,27.88,4.54,0.0,94.56,18.14
1992-01-06,19.06,30.27,10.1,27.21,3.32,0.0,94.38,19.14
1992-01-07,18.56,30.31,9.66,30.6,2.87,0.0,94.37,18.24
1992-01-08,19.19,30.61,9.01,30.87,2.53,0.0,94.32,17.27
1992-01-09,19.7,30.42,12.34,39.86,2.33,0.0,94.35,16.93
1992-01-10,18.61,29.51,11.2,56.88,2.7,0.0,94.39,16.72
1992-01-11,18.67,29.91,11.45,47.8,2.46,0.0,94.35,17.27
1992-01-12,19.65,30.46,10.66,34.32,3.16,0.0,94.31,17.31
1992-01-13,21.26,30.92,12.18,40.79,2.66,0.0,94.35,18.49
1992-01-14,20.29,26.76,15.3,46.82,2.93,0.0,94.42,15.87
1992-01-15,21.23,30.82,14.27,44.75,2.3,0.0,94.33,17.99
1992-01-16,20.89,30.9,13.05,39.19,3.11,0.0,94.33,18.58
1992-01-17,21.62,31.36,13.45,42.29,2.71,0.0,94.37,16.45
1992-01-18,22.0,31.22,13.76,41.94,2.56,0.0,94.42,16.78
1992-01-19,22.25,31.44,13.81,41.46,2.24,0.0,94.42,17.42
1992-01-20,21.97,31.57,14.28,40.69,2.84,0.0,94.39,17.47
1992-01-21,21.34,31.81,13.54,35.98,3.15,0.0,94.37,19.25
1992-01-22,20.75,31.07,12.93,40.22,2.88,0.0,94.43,18.88
1992-01-23,21.06,31.87,12.49,35.55,2.88,0.0,94.4,19.79
1992-01-24,22.55,31.93,12.77,29.08,2.75,0.0,94.35,18.55
1992-01-25,23.42,32.35,14.09,35.97,2.93,0.0,94.26,17.11
1992-01-26,22.96,32.05,14.32,37.37,3.29,0.0,94.29,18.26
1992-01-27,22.19,31.91,14.32,39.87,3.28,0.0,94.32,18.4
1992-01-28,21.83,31.32,14.18,48.2,2.14,0.0,94.27,18.63
1992-01-29,21.67,31.82,12.84,50.39,2.82,0.0,94.28,18.54
1992-01-30,21.46,30.42,15.61,67.2,3.16,0.0,94.32,20.16
1992-01-31,20.83,30.05,14.9,66.84,2.6,0.0,94.32,19.38
1992-02-01,20.07,29.67,13.36,55.81,3.08,0.0,94.17,19.98
1992-02-02,20.66,30.99,12.57,48.43,2.99,0.0,94.17,19.02
1992-02-03,21.64,31.59,14.02,49.88,3.09,0.0,94.21,18.68
1992-02-04,21.69,31.5,14.12,52.1,2.78,0.0,94.22,18.66
1992-02-05,22.33,32.63,14.29,43.86,2.94,0.0,94.15,18.35
1992-02-06,22.96,33.14,14.72,43.21,2.54,0.0,94.19,19.23
1992-02-07,21.57,31.19,15.22,61.56,3.36,0.0,94.28,18.74
1992-02-08,20.26,29.01,13.3,67.43,3.93,0.0,94.18,20.27
1992-02-09,18.72,29.74,10.86,57.34,3.56,0.0,94.13,20.98
1992-02-10,19.77,31.46,10.06,28.84,2.79,0.0,94.07,20.44
1992-02-11,21.39,32.45,11.33,23.85,2.91,0.0,94.07,18.98
1992-02-12,21.9,33.15,13.09,27.43,3.29,0.0,94.16,18.67
1992-02-13,21.79,32.38,13.01,45.29,3.46,0.0,94.23,18.47
1992-02-14,20.67,31.04,13.2,52.36,3.75,0.0,94.19,18.9
1992-02-15,19.96,31.81,11.8,27.92,3.33,0.0,94.06,21.33
1992-02-16,19.25,30.35,11.84,39.56,3.44,0.0,94.1,22.3
1992-02-17,18.84,28.21,12.83,65.83,4.01,0.0,94.08,21.16
1992-02-18,19.32,31.33,9.75,55.53,2.79,0.0,94.0,22.87
1992-02-19,18.77,28.97,11.97,65.21,3.39,0.0,94.14,20.94
1992-02-20,19.34,29.92,12.07,66.71,3.45,0.0,94.08,20.83
1992-02-21,20.2,31.28,11.33,52.02,3.09,0.0,94.07,19.22
1992-02-22,20.52,31.81,12.61,48.13,3.1,0.0,94.27,20.19
1992-02-23,21.23,33.05,11.24,26.13,2.77,0.0,94.31,22.16
1992-02-24,22.52,33.24,13.66,19.4,3.92,0.0,94.32,22.39
1992-02-25,23.47,33.75,14.78,16.33,3.85,0.0,94.33,23.82
1992-02-26,23.36,34.55,13.43,16.18,3.04,0.0,94.3,23.24
1992-02-27,23.87,34.94,15.08,22.45,2.89,0.0,94.16,22.46
1992-02-28,22.98,33.07,14.98,32.7,3.75,0.0,94.18,21.52
1992-02-29,22.99,35.2,13.57,40.02,3.33,0.0,94.19,22.47
1992-03-01,24.36,36.53,14.17,30.36,3.25,0.0,94.27,22.39
1992-03-02,24.29,35.45,14.9,23.08,3.9,0.0,94.29,22.06
1992-03-03,25.5,36.92,15.95,19.26,3.67,0.0,94.22,23.39
1992-03-04,25.88,36.75,16.79,22.39,3.43,0.0,94.22,24.67
1992-03-05,25.22,36.34,16.49,25.58,3.73,0.0,94.28,23.8
1992-03-06,24.52,35.3,16.2,24.62,3.67,0.0,94.33,24.42
1992-03-07,23.3,34.89,13.87,38.18,3.77,0.0,94.32,23.08
1992-03-08,23.56,35.62,14.09,37.0,3.49,0.0,94.28,23.57
1992-03-09,23.05,34.97,13.7,43.01,3.41,0.0,94.28,23.18
1992-03-10,22.95,34.7,13.16,44.69,3.29,0.0,94.23,23.4
1992-03-11,25.27,37.04,14.69,33.49,3.09,0.0,94.24,23.55
1992-03-12,27.48,37.64,18.63,22.73,3.39,0.0,94.27,23.72
1992-03-13,27.22,37.97,17.91,23.25,3.35,0.0,94.23,25.36
1992-03-14,27.68,37.46,19.79,24.04,2.92,0.0,94.17,23.65
1992-03-15,27.23,37.27,19.33,22.59,3.04,0.0,94.13,22.8
1992-03-16,26.57,37.33,18.42,19.24,3.33,0.0,94.07,23.69
1992-03-17,26.71,38.32,17.04,21.03,3.24,0.0,94.02,23.07
1992-03-18,27.0,38.9,17.58,22.53,3.62,0.0,93.95,23.31
1992-03-19,27.06,38.26,18.44,20.5,3.43,0.0,93.86,25.0
1992-03-20,27.55,39.57,17.54,17.98,2.8,0.0,93.95,24.79
1992-03-21,27.78,39.16,18.31,24.67,3.3,0.0,93.95,24.23
1992-03-22,28.13,39.75,19.08,34.07,3.75,0.0,94.0,24.95
1992-03-23,28.31,39.49,19.56,34.88,2.89,0.0,94.05,23.79
1992-03-24,28.74,39.87,19.22,25.84,3.28,0.0,93.87,23.01
1992-03-25,27.25,37.84,18.45,48.45,3.47,0.0,93.95,23.36
1992-03-26,28.72,39.75,18.34,33.63,3.25,0.0,93.95,23.07
1992-03-27,29.74,40.29,21.5,21.45,4.54,0.0,93.88,22.38
1992-03-28,28.24,37.61,20.22,40.72,3.96,0.0,93.88,24.56
1992-03-29,27.6,38.43,19.17,44.51,3.61,0.0,93.78,24.33
1992-03-30,25.35,35.29,18.67,48.45,4.13,0.0,93.83,24.76
1992-03-31,25.32,36.95,15.67,46.95,3.68,0.0,93.94,24.89
1992-04-01,26.79,38.15,17.86,34.53,3.11,0.0,93.95,24.64
1992-04-02,27.02,38.04,18.27,35.9,3.67,0.0,94.02,23.45
1992-04-03,27.31,38.14,19.76,36.29,3.96,0.0,94.1,25.7
1992-04-04,26.94,37.38,18.12,34.29,4.1,0.0,94.09,23.78
1992-04-05,26.27,36.42,17.44,43.43,4.35,0.0,93.99,24.73
1992-04-06,26.1,36.11,17.24,46.13,4.36,0.0,93.91,26.51
1992-04-07,28.04,38.84,18.74,33.69,4.16,0.0,93.81,26.71
1992-04-08,27.52,37.8,18.59,39.58,4.7,0.0,93.93,26.28
1992-04-09,27.37,37.86,18.76,50.51,4.38,0.0,93.78,24.22
1992-04-10,27.38,38.03,18.52,47.54,4.22,0.0,93.8,24.7
1992-04-11,27.47,37.32,19.41,41.34,4.09,0.02,93.92,23.61
1992-04-12,28.39,38.76,19.55,36.8,3.73,0.02,93.99,24.73
1992-04-13,30.09,40.52,21.66,27.62,3.35,0.0,93.87,24.38
1992-04-14,29.94,40.49,21.89,29.25,3.5,0.0,93.89,24.99
1992-04-15,29.73,40.09,20.97,26.79,3.67,0.0,93.93,26.45
1992-04-16,30.34,40.4,21.07,21.25,3.19,0.0,93.9,26.3
1992-04-17,29.78,40.17,21.16,22.62,3.65,0.0,93.86,25.95
1992-04-18,28.3,38.73,20.89,31.95,3.58,0.0,93.94,25.57
1992-04-19,28.21,39.27,18.76,43.66,3.27,0.03,94.04,26.53
1992-04-20,29.9,40.51,19.72,35.72,3.61,0.0,94.07,25.95
1992-04-21,30.07,39.18,23.88,30.74,4.49,0.0,94.09,23.45
1992-04-22,29.09,38.58,20.85,37.8,4.26,0.0,93.91,25.46
1992-04-23,27.9,37.15,20.76,31.11,3.84,0.09,93.76,25.67
1992-04-24,27.63,37.82,19.69,35.97,3.23,0.07,93.79,26.35
1992-04-25,29.64,39.19,21.53,34.65,2.6,0.05,93.98,25.51
1992-04-26,29.97,39.21,21.66,34.53,2.73,0.18,93.93,25.3
1992-04-27,30.29,39.62,22.51,35.97,2.55,0.95,93.76,25.43
1992-04-28,29.41,39.19,21.16,42.19,3.75,0.99,93.75,25.69
1992-04-29,30.32,39.93,21.4,42.98,3.03,0.02,93.8,22.58
1992-04-30,30.61,40.59,21.48,38.71,3.24,0.01,93.85,25.01
1992-05-01,30.12,40.02,22.25,42.53,3.56,0.0,93.77,23.81
1992-05-02,29.04,38.46,20.96,48.03,4.78,0.0,93.7,25.89
1992-05-03,27.88,37.17,20.44,52.62,4.83,0.0,93.65,25.4
1992-05-04,27.48,37.28,18.92,47.29,4.22,0.0,93.7,26.96
1992-05-05,28.6,38.49,19.68,43.19,4.07,0.0,93.88,24.83
1992-05-06,30.23,40.3,20.22,43.57,4.22,0.0,93.87,25.07
1992-05-07,30.84,39.82,23.66,30.16,3.15,0.0,93.69,22.56
1992-05-08,28.96,38.43,21.85,48.58,4.09,0.0,93.68,23.03
1992-05-09,28.92,39.16,20.05,47.79,4.24,0.0,93.75,25.35
1992-05-10,28.78,38.92,20.25,51.67,4.64,0.0,93.77,26.1
1992-05-11,29.99,39.94,22.13,48.24,4.67,0.0,93.63,24.59
1992-05-12,30.84,40.27,23.04,45.07,3.9,0.04,93.66,22.61
1992-05-13,32.06,41.47,23.36,41.46,2.89,0.1,93.78,22.68
1992-05-14,31.89,40.89,23.15,39.93,2.77,0.24,93.78,22.71
1992-05-15,29.57,38.29,23.67,52.39,4.31,0.17,93.67,25.95
1992-05-16,29.58,38.76,22.56,52.05,4.78,0.01,93.63,24.53
1992-05-17,28.7,38.35,21.72,53.11,5.09,0.03,93.6,24.55
1992-05-18,28.08,37.55,20.53,51.96,4.57,0.0,93.48,26.72
1992-05-19,27.23,35.6,21.2,58.64,5.07,0.0,93.61,26.51
1992-05-20,27.09,35.33,21.26,61.95,5.45,0.0,93.75,26.6
1992-05-21,27.38,35.62,21.08,60.68,5.29,0.0,93.82,25.07
1992-05-22,28.56,38.6,21.96,59.74,5.21,0.0,93.78,25.2
1992-05-23,28.43,38.76,21.75,59.6,5.33,0.0,93.71,25.67
1992-05-24,27.27,35.87,21.68,64.05,6.01,0.0,93.68,23.33
1992-05-25,27.32,35.66,21.88,62.42,6.04,0.0,93.64,23.36
1992-05-26,27.32,35.62,21.54,62.73,6.01,0.0,93.58,25.63
1992-05-27,27.61,35.93,21.89,62.91,5.79,0.0,93.68,25.77
1992-05-28,28.9,39.26,21.69,59.53,4.83,0.0,93.85,25.77
1992-05-29,30.14,39.82,22.46,52.85,5.63,0.0,93.78,24.96
1992-05-30,29.0,37.53,22.76,53.41,4.74,0.66,93.68,25.84
1992-05-31,28.05,35.97,21.14,55.51,4.5,0.01,93.62,24.92
1992-06-01,28.27,36.51,22.11,53.52,4.51,0.0,93.65,23.51
1992-06-02,29.08,38.02,22.05,52.6,4.9,0.0,93.67,23.5
1992-06-03,29.42,38.78,22.01,55.31,4.38,0.26,93.63,24.12
1992-06-04,29.68,39.38,22.91,52.9,4.91,0.77,93.61,22.96
1992-06-05,29.06,38.68,22.5,55.63,5.06,0.38,93.59,24.96
1992-06-06,29.07,39.21,22.4,56.12,4.78,0.1,93.58,25.96
1992-06-07,28.87,37.73,22.64,59.72,5.03,0.24,93.55,23.49
1992-06-08,29.28,38.14,22.84,56.6,4.45,0.16,93.45,25.97
1992-06-09,29.59,38.88,22.98,54.49,3.81,0.13,93.4,24.5
1992-06-10,29.3,37.58,22.79,55.66,3.66,0.47,93.48,20.96
1992-06-11,29.29,39.14,23.29,58.55,3.96,7.75,93.43,22.04
1992-06-12,28.43,36.78,22.46,60.26,3.95,4.01,93.27,20.44
1992-06-13,28.1,35.9,22.92,65.92,4.23,4.26,93.22,15.91
1992-06-14,28.0,34.88,23.23,64.81,5.11,0.28,93.29,19.59
1992-06-15,27.99,35.84,23.3,69.01,4.22,10.38,93.3,19.38
1992-06-16,26.9,33.8,22.38,74.26,5.43,5.57,93.25,19.27
1992-06-17,26.34,32.18,22.95,77.69,5.75,19.09,93.19,16.92
1992-06-18,25.8,30.81,23.06,80.58,5.77,10.54,93.11,10.36
1992-06-19,24.69,29.1,22.67,81.07,6.33,2.19,93.08,11.62
1992-06-20,23.45,25.85,21.55,87.14,8.75,37.19,92.94,8.66
1992-06-21,23.01,25.79,21.22,86.13,6.86,25.93,93.12,12.93
1992-06-22,22.44,25.24,20.3,84.46,7.78,9.61,93.22,8.47
1992-06-23,20.79,23.48,18.8,86.64,6.79,7.37,93.33,7.84
1992-06-24,21.46,24.43,18.46,86.42,5.75,13.43,93.45,13.45
1992-06-25,23.91,28.43,20.86,82.81,6.23,3.11,93.47,17.68
1992-06-26,24.61,29.22,21.52,82.27,7.15,0.58,93.46,18.26
1992-06-27,25.06,29.56,22.4,81.63,7.65,1.17,93.35,15.14
1992-06-28,25.29,30.22,22.26,79.93,7.3,2.19,93.45,14.63
1992-06-29,25.34,30.83,21.95,79.15,5.44,1.48,93.47,14.5
1992-06-30,25.33,30.38,22.14,80.08,4.71,1.12,93.41,15.35
1992-07-01,24.77,28.54,22.41,82.75,5.57,4.75,93.45,19.45
1992-07-02,25.06,29.2,22.57,83.1,5.77,3.95,93.51,21.15
1992-07-03,25.36,30.14,22.41,80.29,5.03,1.05,93.66,18.4
1992-07-04,25.47,30.34,22.29,78.47,5.27,0.14,93.67,18.96
1992-07-05,25.43,30.77,21.73,76.81,4.73,0.01,93.82,23.8
1992-07-06,25.23,30.66,21.1,77.53,4.57,0.0,93.79,23.61
1992-07-07,25.19,30.3,21.81,77.52,4.88,0.19,93.65,19.58
1992-07-08,24.86,29.49,21.64,78.54,4.8,1.65,93.6,19.29
1992-07-09,24.99,30.13,21.31,79.71,4.69,11.28,93.49,23.61
1992-07-10,24.8,29.44,21.82,80.63,4.65,4.83,93.44,22.44
1992-07-11,25.16,30.0,21.83,80.45,3.11,2.54,93.39,23.35
1992-07-12,24.63,27.87,22.68,87.79,3.66,15.48,93.38,19.95
1992-07-13,24.35,27.58,21.95,87.88,2.59,39.66,93.32,13.2
1992-07-14,24.74,29.71,21.4,85.85,3.61,8.62,93.15,18.06
1992-07-15,24.69,28.76,22.31,83.85,5.79,5.18,93.27,21.67
1992-07-16,24.58,29.34,22.14,85.43,5.73,6.04,93.4,16.69
1992-07-17,23.6,25.53,22.61,90.94,5.81,14.42,93.24,14.59
1992-07-18,23.93,26.08,22.83,91.29,8.4,21.72,92.94,6.81
1992-07-19,23.91,25.53,22.9,93.04,9.1,58.09,93.02,17.95
1992-07-20,24.13,27.3,22.28,87.58,8.96,25.28,93.26,8.0
1992-07-21,23.79,27.3,21.83,88.54,7.88,26.14,93.45,10.28
1992-07-22,23.29,26.07,21.47,88.59,7.55,10.72,93.52,13.94
1992-07-23,24.22,27.9,21.94,85.61,7.89,7.71,93.46,14.8
1992-07-24,24.06,27.69,21.99,86.1,8.64,8.72,93.43,12.54
1992-07-25,24.13,27.55,22.14,87.21,8.37,13.52,93.31,11.41
1992-07-26,23.59,26.37,22.15,89.48,8.39,6.4,93.21,9.21
1992-07-27,23.48,25.93,21.98,88.94,8.87,8.28,93.2,13.6
1992-07-28,23.09,25.45,21.86,90.45,8.69,9.09,93.17,11.99
1992-07-29,23.45,27.24,21.26,85.67,9.25,6.09,93.3,17.72
1992-07-30,23.39,27.29,21.21,86.85,7.46,4.72,93.53,16.05
1992-07-31,23.51,27.24,21.18,86.01,6.98,5.39,93.58,14.13
1992-08-01,23.03,26.3,20.68,87.74,5.54,4.24,93.57,19.7
1992-08-02,22.93,25.42,21.12,89.58,5.29,3.64,93.33,8.33
1992-08-03,23.36,26.26,21.66,90.33,5.68,8.78,93.19,15.44
1992-08-04,23.82,27.0,22.11,89.83,5.41,16.09,93.37,10.29
1992-08-05,23.93,27.91,21.64,88.14,4.66,16.47,93.57,14.68
1992-08-06,23.99,27.97,21.16,87.89,3.5,7.64,93.59,16.2
1992-08-07,23.34,26.85,21.36,90.03,3.31,1.25,93.59,16.55
1992-08-08,22.99,26.21,20.97,88.9,2.8,1.6,93.55,16.25
1992-08-09,22.68,25.57,20.37,90.43,3.7,1.39,93.63,10.89
1992-08-10,23.86,27.79,21.3,87.62,6.68,6.05,93.63,10.89
1992-08-11,23.6,26.13,22.45,89.69,7.55,10.77,93.57,9.11
1992-08-12,23.54,26.04,22.2,90.43,8.02,19.82,93.51,8.94
1992-08-13,22.85,25.39,21.45,91.34,7.79,49.88,93.54,5.51
1992-08-14,22.52,24.21,21.35,93.97,6.94,58.86,93.52,4.79
1992-08-15,22.44,24.33,21.29,93.57,7.08,31.33,93.61,9.87
1992-08-16,22.55,23.88,21.71,93.65,7.39,27.34,93.51,7.74
1992-08-17,23.25,25.67,21.98,92.43,8.59,47.84,93.29,5.53
1992-08-18,22.83,24.78,21.5,93.06,8.15,25.47,93.32,5.65
1992-08-19,22.71,25.38,21.31,90.96,7.84,21.01,93.52,17.39
1992-08-20,22.64,25.35,21.22,90.68,7.64,4.83,93.53,10.08
1992-08-21,22.18,23.94,21.07,93.56,6.0,4.55,93.52,8.5
1992-08-22,23.03,26.36,20.94,89.79,5.78,5.85,93.59,11.02
1992-08-23,23.28,27.37,20.66,88.83,4.61,1.26,93.62,16.98
1992-08-24,23.17,27.72,20.06,88.41,4.26,0.33,93.68,14.16
1992-08-25,23.3,27.49,20.87,87.9,4.74,0.2,93.7,16.54
1992-08-26,22.89,26.0,20.87,90.02,5.51,1.41,93.65,21.37
1992-08-27,22.7,25.72,21.12,90.45,6.73,3.44,93.6,8.26
1992-08-28,22.84,26.32,21.04,90.79,5.83,16.11,93.56,11.46
1992-08-29,23.05,27.28,20.4,89.03,4.78,5.99,93.45,16.26
1992-08-30,22.8,26.82,20.09,89.4,4.57,1.48,93.35,18.16
1992-08-31,23.16,26.49,20.97,90.36,4.66,3.94,93.36,18.82
1992-09-01,21.69,23.37,20.12,91.96,4.05,4.97,93.46,8.26
1992-09-02,21.0,22.46,20.04,94.44,7.44,35.91,93.27,8.78
1992-09-03,21.93,22.82,20.61,95.57,9.19,40.77,93.18,12.77
1992-09-04,22.76,25.74,21.26,91.7,7.31,19.44,93.34,12.86
1992-09-05,23.0,26.21,21.14,91.09,7.0,11.32,93.41,11.25
1992-09-06,23.02,26.18,21.3,90.78,7.1,8.6,93.43,12.93
1992-09-07,22.41,25.36,20.97,92.06,7.34,4.39,93.48,12.41
1992-09-08,22.25,25.04,20.34,91.57,6.07,5.51,93.47,12.4
1992-09-09,22.24,25.91,19.9,89.86,4.9,1.39,93.52,17.62
1992-09-10,21.65,24.85,19.59,91.83,3.4,0.51,93.62,20.1
1992-09-11,22.15,26.72,18.99,88.63,3.48,0.09,93.7,18.15
1992-09-12,21.7,26.07,18.38,89.42,3.45,0.23,93.69,19.11
1992-09-13,22.04,26.23,19.41,88.17,3.53,0.09,93.81,19.87
1992-09-14,22.09,26.17,19.21,89.32,3.14,0.34,93.97,17.97
1992-09-15,22.03,26.48,18.97,89.19,2.95,1.98,94.06,22.37
1992-09-16,21.56,26.77,17.75,86.94,2.78,0.67,94.07,23.21
1992-09-17,21.45,26.51,17.83,87.05,2.89,0.0,94.0,21.05
1992-09-18,22.06,26.78,18.37,86.8,2.43,1.96,93.96,21.69
1992-09-19,22.7,28.11,18.57,85.31,2.17,0.23,94.02,23.26
1992-09-20,22.98,28.43,18.94,84.71,2.52,0.01,94.04,18.18
1992-09-21,22.86,27.7,18.97,86.88,2.32,38.85,93.98,21.53
1992-09-22,23.49,29.4,18.63,82.32,2.89,1.02,93.8,23.27
1992-09-23,23.45,29.23,18.67,79.96,2.91,0.0,93.73,22.88
1992-09-24,22.96,29.24,17.62,77.47,2.99,0.0,93.76,23.27
1992-09-25,22.75,29.12,17.09,76.66,3.13,0.0,93.75,22.28
1992-09-26,23.31,29.09,18.05,76.14,2.91,0.0,93.7,18.12
1992-09-27,24.19,29.34,18.82,76.13,2.59,0.0,93.71,19.18
1992-09-28,24.34,28.61,21.29,85.93,1.89,0.31,93.76,18.23
1992-09-29,23.8,27.28,21.65,88.53,3.58,28.8,93.73,13.48
1992-09-30,23.55,27.16,20.86,88.35,5.07,48.31,93.67,16.57
1992-10-01,23.63,28.49,19.98,86.82,3.03,4.84,93.82,16.46
1992-10-02,24.25,28.26,20.92,86.83,1.94,4.87,93.96,21.58
1992-10-03,24.39,28.77,20.98,84.19,2.77,3.49,93.95,23.39
1992-10-04,23.87,28.9,19.33,78.89,2.77,4.77,93.82,22.39
1992-10-05,23.84,29.07,19.18,78.78,2.39,1.66,93.76,16.03
1992-10-06,23.78,29.45,18.76,78.44,2.85,0.27,93.82,17.41
1992-10-07,23.95,29.38,19.4,76.81,3.76,1.34,93.76,22.46
1992-10-08,23.69,29.44,19.32,77.94,4.07,0.02,93.7,21.24
1992-10-09,23.16,28.65,18.13,80.22,4.28,0.04,93.63,14.91
1992-10-10,23.6,28.14,19.51,88.83,2.98,2.92,93.31,11.17
1992-10-11,22.72,26.01,19.77,90.61,3.0,20.36,93.47,11.86
1992-10-12,21.96,26.8,18.67,86.63,2.21,4.55,93.68,21.07
1992-10-13,21.74,26.98,18.4,83.1,1.95,0.23,93.82,21.83
1992-10-14,21.33,26.56,17.53,85.68,2.4,0.01,93.82,20.23
1992-10-15,21.1,26.57,17.35,86.66,2.45,0.0,93.77,17.57
1992-10-16,20.1,25.44,16.3,86.3,2.59,0.0,93.79,19.61
1992-10-17,20.44,25.61,16.91,86.95,2.49,0.0,93.82,17.3
1992-10-18,20.5,24.58,17.71,89.98,2.57,0.49,93.92,16.68
1992-10-19,22.5,28.21,17.86,84.27,2.54,0.46,93.99,19.43
1992-10-20,23.3,28.46,19.33,85.49,2.13,0.63,94.03,11.86
1992-10-21,23.11,28.13,19.68,80.34,1.72,0.05,94.01,20.47
1992-10-22,22.58,28.38,18.41,85.6,2.27,0.02,93.98,19.04
1992-10-23,22.55,28.68,17.94,82.33,2.1,2.94,94.12,19.47
1992-10-24,22.05,28.74,17.49,83.48,2.33,0.73,94.2,20.52
1992-10-25,20.54,27.19,15.48,81.11,2.52,0.0,94.28,20.88
1992-10-26,19.3,26.95,12.95,79.18,2.58,0.02,94.32,20.53
1992-10-27,20.98,28.73,13.58,75.46,2.47,0.02,94.28,20.92
1992-10-28,22.6,28.95,17.76,71.44,3.88,0.0,94.25,20.56
1992-10-29,22.08,28.26,17.48,75.11,2.78,0.0,94.31,16.67
1992-10-30,20.36,27.89,14.34,65.33,3.28,0.01,94.22,20.9
1992-10-31,19.94,27.79,13.24,64.25,2.68,0.0,94.15,20.91
1992-11-01,20.03,28.01,13.41,66.88,3.28,0.0,94.15,20.95
1992-11-02,21.23,28.71,14.25,66.83,3.09,0.0,94.14,19.88
1992-11-03,22.48,29.21,17.24,70.95,3.3,0.0,94.09,18.17
1992-11-04,21.65,28.5,16.3,63.36,3.72,0.0,94.05,20.12
1992-11-05,21.56,28.63,16.43,65.69,3.26,0.0,94.03,21.12
1992-11-06,21.81,29.17,16.39,66.9,3.57,0.0,94.06,20.78
1992-11-07,20.98,27.54,16.36,68.81,3.96,0.0,94.12,20.79
1992-11-08,21.41,28.71,14.94,62.87,3.61,0.0,94.07,20.87
1992-11-09,23.68,29.39,18.78,76.25,3.24,0.0,94.15,19.87
1992-11-10,23.51,29.51,17.8,75.23,3.82,0.0,94.21,20.1
1992-11-11,20.67,29.1,14.51,59.14,3.63,0.0,94.21,18.83
1992-11-12,19.35,28.29,13.16,51.57,4.14,0.0,94.19,19.78
1992-11-13,20.35,28.08,13.94,66.57,4.19,0.0,94.12,20.95
1992-11-14,20.78,28.05,15.8,68.76,4.34,0.0,93.95,20.2
1992-11-15,20.79,28.36,14.75,64.57,5.01,0.0,93.86,20.35
1992-11-16,22.13,28.96,16.87,71.9,5.69,0.0,93.78,17.03
1992-11-17,21.52,25.96,17.92,81.86,6.21,0.19,93.7,13.31
1992-11-18,22.1,27.36,18.41,82.56,4.14,0.92,93.74,12.38
1992-11-19,22.42,27.94,17.83,82.19,2.66,0.67,93.84,17.92
1992-11-20,23.22,28.41,19.18,81.01,1.78,0.14,93.96,18.67
1992-11-21,22.86,27.41,19.08,80.11,2.22,1.15,93.96,14.05
1992-11-22,22.72,27.92,18.37,79.96,1.91,0.23,94.11,17.95
1992-11-23,22.2,26.24,18.14,78.29,2.33,0.03,94.33,17.76
1992-11-24,23.18,28.59,19.23,79.97,2.15,0.03,94.38,18.02
1992-11-25,22.46,28.22,18.57,79.54,2.29,0.01,94.31,18.04
1992-11-26,21.6,28.56,15.93,70.43,2.43,0.0,94.06,18.39
1992-11-27,19.97,28.05,14.13,60.56,3.51,0.0,94.16,18.93
1992-11-28,19.92,28.24,12.15,66.65,3.96,0.4,94.35,18.51
1992-11-29,20.45,28.02,15.25,65.81,3.94,0.0,94.46,19.1
1992-11-30,19.75,28.13,13.1,57.85,3.21,0.0,94.3,18.97
1992-12-01,20.16,28.4,13.81,61.84,3.41,0.0,94.27,19.42
1992-12-02,20.36,28.26,13.97,61.09,3.22,0.0,94.2,19.21
1992-12-03,19.82,27.83,12.6,62.64,2.67,0.0,94.23,19.37
1992-12-04,20.57,28.35,13.34,62.24,2.35,0.0,94.28,18.55
1992-12-05,20.66,28.13,14.15,63.7,3.14,0.0,94.41,18.7
1992-12-06,19.72,26.37,14.32,62.32,3.75,0.0,94.46,18.15
1992-12-07,20.05,26.72,14.64,58.88,3.8,0.0,94.46,17.95
1992-12-08,18.99,25.13,13.9,58.48,3.19,0.0,94.42,18.79
1992-12-09,19.69,25.84,14.93,55.99,3.34,0.0,94.36,18.28
1992-12-10,19.15,26.53,13.94,54.89,3.44,0.0,94.38,18.7
1992-12-11,18.53,26.71,11.82,60.67,2.94,0.0,94.41,17.4
1992-12-12,18.72,26.61,11.56,57.45,2.94,0.0,94.37,17.73
1992-12-13,18.85,26.94,12.62,56.62,3.5,0.0,94.29,17.36
1992-12-14,18.7,27.36,11.54,51.79,3.29,0.0,94.27,16.02
1992-12-15,19.47,28.31,13.04,52.76,3.99,0.0,94.32,18.51
1992-12-16,19.79,28.47,13.42,53.03,3.83,0.0,94.35,18.38
1992-12-17,19.71,28.58,13.65,64.23,3.26,0.0,94.29,18.15
1992-12-18,20.55,28.59,13.3,59.4,2.43,0.0,94.28,18.05
1992-12-19,20.6,28.01,13.59,54.26,3.27,0.0,94.29,17.42
1992-12-20,20.38,28.13,13.27,55.14,3.12,0.0,94.36,18.01
1992-12-21,20.36,28.15,13.97,57.74,3.34,0.0,94.44,16.57
1992-12-22,20.19,28.36,13.12,53.73,2.89,0.0,94.45,16.8
1992-12-23,19.23,28.17,13.04,50.35,4.1,0.0,94.42,17.21
1992-12-24,18.79,27.66,11.9,41.6,3.82,0.0,94.38,18.27
1992-12-25,18.18,27.4,9.98,39.61,3.1,0.0,94.35,18.24
1992-12-26,18.28,28.27,9.93,41.16,2.89,0.0,94.32,18.6
1992-12-27,18.58,28.42,9.71,40.8,2.68,0.0,94.33,19.05
1992-12-28,18.74,27.98,10.03,40.01,2.86,0.0,94.39,17.75
1992-12-29,19.38,28.63,11.61,42.43,3.26,0.0,94.48,18.19
1992-12-30,19.9,28.77,11.5,45.0,2.8,0.0,94.59,17.06
1992-12-31,20.09,29.12,12.16,45.85,3.11,0.0,94.64,17.09
1993-01-01,20.32,29.78,11.95,42.06,3.26,0.0,94.6,17.28
1993-01-02,20.3,29.94,11.99,42.07,3.06,0.0,94.52,17.26
1993-01-03,20.61,29.22,12.72,44.49,2.47,0.0,94.45,18.0
1993-01-04,20.71,30.31,12.76,45.87,2.53,0.0,94.41,17.6
1993-01-05,21.46,30.52,13.7,39.79,3.17,0.0,94.49,17.91
1993-01-06,20.95,30.74,13.76,45.85,2.81,0.0,94.35,17.32
1993-01-07,19.35,29.02,13.03,60.76,3.03,0.0,94.14,17.48
1993-01-08,19.63,28.9,14.26,70.64,2.56,0.0,94.15,16.93
1993-01-09,19.89,30.16,11.74,52.22,2.44,0.0,94.26,16.77
1993-01-10,21.06,31.42,12.9,44.81,2.83,0.0,94.21,17.16
1993-01-11,21.32,31.64,13.48,43.63,2.96,0.0,94.12,17.67
1993-01-12,21.22,31.84,13.52,43.66,3.02,0.0,94.06,18.4
1993-01-13,20.43,31.02,12.76,42.57,3.12,0.0,94.04,18.13
1993-01-14,20.36,30.79,12.24,43.1,2.81,0.0,94.04,17.97
1993-01-15,20.64,30.87,14.4,47.08,2.14,0.0,94.1,17.07
1993-01-16,19.61,30.09,11.99,64.65,3.1,3.71,94.24,17.91
1993-01-17,19.62,29.99,11.82,61.79,2.89,0.0,94.23,17.39
1993-01-18,19.95,30.6,12.18,52.14,2.99,0.0,94.22,17.39
1993-01-19,18.98,29.34,11.9,48.72,3.23,0.0,94.24,17.99
1993-01-20,17.97,28.6,10.21,43.07,3.0,0.0,94.23,18.88
1993-01-21,18.49,30.05,9.58,37.31,2.83,0.0,94.23,20.33
1993-01-22,19.27,30.88,10.15,37.26,2.72,0.0,94.34,18.42
1993-01-23,19.99,31.24,11.13,38.75,2.58,0.0,94.3,17.27
1993-01-24,20.9,31.55,12.19,31.83,2.98,0.0,94.28,17.5
1993-01-25,21.75,32.11,13.2,28.33,3.79,0.0,94.34,17.47
1993-01-26,22.19,32.72,13.98,29.92,4.11,0.0,94.48,18.6
1993-01-27,22.34,33.34,14.65,31.27,3.76,0.0,94.45,18.64
1993-01-28,22.22,33.04,13.48,32.47,2.94,0.0,94.35,19.53
1993-01-29,22.47,32.83,14.9,37.09,3.46,0.0,94.31,20.99
1993-01-30,21.12,32.16,12.64,30.5,3.19,0.0,94.26,20.04
1993-01-31,21.49,32.47,12.28,24.85,3.08,0.0,94.33,20.07
1993-02-01,20.91,31.59,12.91,21.67,4.35,0.0,94.5,20.09
1993-02-02,20.67,31.91,12.28,22.17,4.4,0.0,94.54,18.33
1993-02-03,20.44,31.58,12.3,21.99,5.28,0.0,94.54,18.99
1993-02-04,20.87,31.88,12.85,27.27,4.97,0.0,94.58,20.4
1993-02-05,20.95,31.98,12.41,21.78,4.69,0.0,94.57,20.47
1993-02-06,21.05,32.35,12.59,23.77,5.08,0.0,94.46,21.38
1993-02-07,22.4,33.1,13.41,25.7,3.44,0.0,94.4,20.73
1993-02-08,22.48,33.45,12.98,22.05,3.32,0.0,94.23,21.91
1993-02-09,22.97,34.35,14.3,21.51,4.53,0.0,94.14,21.71
1993-02-10,24.32,34.57,14.49,18.9,3.62,0.0,94.09,21.5
1993-02-11,23.56,34.03,13.52,23.41,3.09,0.0,94.11,20.39
1993-02-12,22.85,33.18,12.12,24.77,3.01,0.0,94.19,20.82
1993-02-13,23.51,33.15,13.41,25.47,3.2,0.0,94.2,20.25
1993-02-14,24.0,34.42,15.03,36.4,2.61,0.0,94.12,22.13
1993-02-15,24.71,34.57,18.48,41.96,2.13,0.0,94.05,21.43
1993-02-16,24.14,33.37,18.49,41.51,2.96,0.0,93.97,21.7
1993-02-17,22.84,32.01,16.05,45.27,3.47,0.0,93.93,21.15
1993-02-18,21.02,31.38,13.95,61.73,4.02,0.0,94.03,21.03
1993-02-19,20.31,30.27,13.77,55.62,4.02,0.0,94.08,21.84
1993-02-20,18.62,29.81,10.21,20.58,4.53,0.0,94.07,22.07
1993-02-21,19.2,31.13,9.24,17.67,3.67,0.0,94.09,23.02
1993-02-22,20.21,32.13,10.34,17.95,3.24,0.0,94.09,22.51
1993-02-23,21.77,33.04,13.07,26.6,3.33,0.0,94.06,23.08
1993-02-24,22.8,33.83,14.78,39.42,2.41,0.0,94.1,22.33
1993-02-25,23.13,33.45,14.5,58.25,2.66,0.0,94.21,22.09
1993-02-26,23.84,33.32,16.07,52.34,3.03,0.0,94.16,20.65
1993-02-27,22.85,33.02,15.01,45.31,3.19,0.13,94.02,22.11
1993-02-28,21.6,31.53,14.29,52.12,3.34,0.08,94.07,23.93
1993-03-01,21.21,31.5,12.78,41.55,3.24,0.02,94.17,22.81
1993-03-02,21.62,32.53,12.89,33.56,3.49,0.0,94.22,23.05
1993-03-03,22.86,33.03,15.72,38.94,2.8,0.0,94.29,23.19
1993-03-04,24.67,34.35,16.45,34.05,3.01,0.29,94.24,22.27
1993-03-05,25.69,34.27,19.06,31.72,3.04,0.26,94.15,23.46
1993-03-06,25.86,35.68,17.16,23.97,3.34,0.04,94.17,23.38
1993-03-07,27.27,36.02,18.93,33.41,3.62,0.0,94.2,22.98
1993-03-08,27.78,34.06,23.36,34.63,3.24,0.0,94.21,21.94
1993-03-09,28.1,35.37,22.71,35.12,2.49,0.49,94.08,11.56
1993-03-10,27.17,35.09,21.18,36.96,3.3,1.01,94.1,23.03
1993-03-11,25.94,32.85,20.31,42.67,2.14,0.37,94.14,22.51
1993-03-12,26.24,33.8,20.24,35.63,2.56,0.01,94.12,23.13
1993-03-13,25.22,35.3,17.19,45.35,3.62,0.0,94.13,23.21
1993-03-14,24.17,33.87,17.5,58.59,3.67,0.0,94.04,24.63
1993-03-15,24.01,34.72,16.45,53.49,3.55,0.0,94.01,23.8
1993-03-16,23.95,34.46,14.71,45.92,3.35,0.0,94.01,22.86
1993-03-17,26.44,37.14,17.3,27.65,2.91,0.0,93.94,23.69
1993-03-18,27.36,38.22,17.85,19.6,3.48,0.0,93.92,24.34
1993-03-19,26.84,37.71,17.7,19.93,3.78,0.0,93.97,26.11
1993-03-20,26.72,37.84,18.13,24.19,2.99,0.0,93.88,25.85
1993-03-21,25.95,36.61,17.75,30.73,3.31,0.0,93.91,24.35
1993-03-22,25.78,35.8,18.05,34.53,3.68,0.0,94.05,23.47
1993-03-23,25.4,36.51,17.01,54.34,3.84,0.0,94.17,24.21
1993-03-24,24.07,32.91,18.0,59.38,4.79,0.0,94.15,24.73
1993-03-25,22.86,30.51,17.69,69.57,5.89,0.0,94.06,24.77
1993-03-26,22.13,31.17,15.66,50.35,4.32,0.0,94.12,24.77
1993-03-27,22.71,33.87,13.33,40.31,2.89,0.0,94.14,24.35
1993-03-28,24.89,35.84,15.66,33.8,3.2,0.0,94.08,25.8
1993-03-29,26.63,37.54,16.3,17.5,3.7,0.0,94.12,25.85
1993-03-30,27.83,37.94,18.69,21.4,3.84,0.0,94.02,25.66
1993-03-31,26.24,36.95,17.99,29.76,4.07,0.0,94.05,23.38
1993-04-01,24.3,34.61,15.29,47.36,4.03,0.0,94.08,25.68
1993-04-02,25.61,36.34,16.07,30.36,3.49,0.0,93.95,27.1
1993-04-03,26.41,37.47,17.17,30.38,3.45,0.0,93.92,25.47
1993-04-04,26.03,36.78,16.96,47.94,3.26,0.0,93.96,25.99
1993-04-05,27.83,38.53,18.53,41.97,2.79,0.0,93.96,26.01
1993-04-06,28.42,39.01,19.04,33.66,3.1,0.0,93.99,26.33
1993-04-07,27.91,38.37,19.58,27.93,3.92,0.0,94.0,26.63
1993-04-08,25.81,36.75,16.87,40.14,4.08,0.0,93.96,27.31
1993-04-09,25.98,38.16,14.8,44.32,3.83,0.0,93.99,25.75
1993-04-10,26.5,38.4,16.38,43.69,3.69,0.0,94.05,26.42
1993-04-11,24.94,35.73,16.41,44.52,4.1,0.0,94.06,26.31
1993-04-12,24.98,35.36,16.77,59.01,4.17,0.0,93.97,26.03
1993-04-13,25.89,35.43,17.94,52.74,4.16,0.0,94.1,26.97
1993-04-14,27.15,38.23,18.03,50.76,3.27,0.0,94.18,26.54
1993-04-15,28.93,38.74,18.92,44.05,3.33,0.0,94.17,26.48
1993-04-16,29.73,37.24,23.81,39.88,2.98,0.14,94.11,24.36
1993-04-17,29.91,39.9,21.6,43.19,3.76,0.03,93.93,24.21
1993-04-18,30.66,39.96,21.88,33.85,4.12,0.0,93.83,24.27
1993-04-19,30.11,39.31,22.18,29.83,4.48,0.0,93.88,25.86
1993-04-20,28.56,38.81,19.84,40.92,3.94,0.01,93.89,25.78
1993-04-21,28.89,39.48,19.92,47.18,3.87,0.0,93.86,26.68
1993-04-22,29.8,40.32,21.18,44.18,3.99,0.0,93.8,26.67
1993-04-23,30.94,42.14,21.92,41.49,3.7,0.0,93.71,25.5
1993-04-24,29.98,40.52,20.6,47.16,3.6,0.09,93.78,25.51
1993-04-25,30.85,40.73,21.84,42.29,2.18,0.58,93.79,25.62
1993-04-26,31.09,39.79,24.63,29.24,3.02,0.19,93.8,22.84
1993-04-27,30.82,40.33,22.89,27.27,3.84,0.01,93.77,27.23
1993-04-28,30.16,39.61,22.05,32.63,5.03,0.0,93.75,26.11
1993-04-29,29.56,39.37,20.95,29.69,4.8,0.0,93.74,26.47
1993-04-30,28.91,38.45,20.72,34.29,4.31,0.0,93.71,27.28
1993-05-01,28.04,38.01,19.3,46.35,4.84,0.0,93.74,27.02
1993-05-02,27.98,37.62,20.36,54.58,4.76,0.0,93.73,26.13
1993-05-03,28.15,38.58,19.87,50.86,4.3,0.0,93.69,24.98
1993-05-04,28.81,39.19,19.68,49.4,4.5,0.0,93.69,26.0
1993-05-05,29.85,40.82,21.0,50.69,4.75,0.0,93.72,26.58
1993-05-06,30.83,41.99,21.26,46.34,4.55,0.02,93.71,26.09
1993-05-07,30.79,40.98,23.31,47.5,4.52,0.14,93.72,24.4
1993-05-08,29.7,39.42,21.91,52.74,4.77,0.07,93.83,26.34
1993-05-09,29.85,38.57,23.34,48.2,4.53,0.0,93.91,24.97
1993-05-10,29.84,39.01,21.75,42.15,4.85,0.0,93.87,25.67
1993-05-11,29.72,39.22,21.79,42.01,4.56,0.0,93.79,27.76
1993-05-12,28.59,38.78,19.75,48.13,4.25,0.0,93.81,25.51
1993-05-13,28.85,39.62,19.22,46.64,3.5,0.0,93.8,25.28
1993-05-14,29.59,40.31,20.74,51.32,4.31,0.0,93.82,25.53
1993-05-15,29.02,38.27,21.35,53.95,4.71,0.0,93.88,25.92
1993-05-16,28.9,37.54,21.71,52.29,4.9,0.02,93.72,26.11
1993-05-17,27.19,33.11,22.54,60.84,4.03,0.02,93.74,24.12
1993-05-18,27.21,34.58,21.92,61.72,4.82,0.0,93.84,25.51
1993-05-19,28.47,37.3,21.98,56.19,5.18,0.0,93.77,25.11
1993-05-20,28.8,37.59,22.43,54.52,4.96,0.0,93.78,24.65
1993-05-21,29.94,39.6,21.39,47.58,4.02,0.0,93.71,25.79
1993-05-22,30.11,38.76,22.85,43.69,3.92,0.22,93.72,17.21
1993-05-23,29.02,36.51,23.46,51.96,3.68,2.17,93.72,23.87
1993-05-24,28.09,35.32,22.49,57.59,4.22,0.47,93.65,12.44
1993-05-25,27.49,33.87,22.2,62.28,4.81,0.01,93.54,26.1
1993-05-26,27.48,33.86,22.32,64.4,4.87,0.43,93.64,24.6
1993-05-27,28.42,36.37,23.3,64.82,6.24,0.42,93.62,23.29
1993-05-28,27.66,35.22,23.23,65.64,6.56,0.51,93.54,23.72
1993-05-29,27.43,35.94,22.11,63.77,7.08,0.25,93.49,25.73
1993-05-30,27.21,34.79,22.1,65.62,7.06,0.0,93.47,24.09
1993-05-31,27.85,35.35,23.01,65.1,7.01,0.0,93.57,22.36
1993-06-01,29.1,38.03,22.18,56.07,5.14,0.0,93.71,24.53
1993-06-02,28.98,37.93,22.44,58.26,5.42,0.0,93.6,26.31
1993-06-03,28.99,38.07,22.53,57.44,5.06,0.0,93.47,26.39
1993-06-04,29.99,39.39,22.24,51.92,4.87,0.0,93.42,24.45
1993-06-05,29.58,38.21,23.17,56.15,5.23,0.06,93.43,24.65
1993-06-06,29.96,38.64,23.76,57.55,5.2,0.02,93.27,23.09
1993-06-07,28.81,35.67,24.14,65.31,3.39,7.82,93.26,26.01
1993-06-08,27.6,34.22,23.87,74.74,3.42,6.65,93.35,16.57
1993-06-09,28.09,34.04,23.93,70.32,2.39,9.93,93.42,23.53
1993-06-10,26.78,32.01,23.83,79.29,2.84,17.46,93.45,23.48
1993-06-11,26.35,31.41,23.18,80.87,6.92,7.81,93.35,16.36
1993-06-12,25.93,30.17,23.0,79.58,6.39,0.74,93.37,14.37
1993-06-13,24.93,27.88,23.05,85.71,6.11,7.46,93.45,11.7
1993-06-14,24.3,28.73,22.03,81.72,5.51,14.6,93.53,10.72
1993-06-15,23.15,25.97,20.96,84.58,6.82,23.26,93.59,20.1
1993-06-16,23.76,26.78,20.89,85.47,8.7,15.7,93.48,10.74
1993-06-17,23.71,25.63,22.48,89.19,9.75,12.4,93.35,12.09
1993-06-18,24.52,27.21,23.04,90.39,8.24,27.97,93.36,7.07
1993-06-19,24.41,27.5,22.39,88.35,7.54,61.39,93.49,20.97
1993-06-20,24.73,29.07,22.22,83.95,6.56,12.75,93.63,20.0
1993-06-21,24.98,29.85,21.98,82.42,6.37,0.27,93.71,21.87
1993-06-22,25.08,30.14,22.08,81.09,6.55,0.06,93.69,19.64
1993-06-23,24.75,29.43,21.62,81.51,6.91,0.58,93.59,13.23
1993-06-24,24.41,28.72,21.95,82.02,7.69,0.2,93.41,13.54
1993-06-25,24.88,29.02,22.15,82.76,8.82,7.35,93.25,9.56
1993-06-26,23.74,25.85,22.47,90.45,5.75,24.25,93.39,19.57
1993-06-27,24.72,28.62,22.16,85.5,4.06,5.32,93.46,21.16
1993-06-28,24.3,27.64,22.18,86.06,3.54,1.88,93.48,22.19
1993-06-29,25.23,30.18,21.48,80.83,4.0,0.6,93.44,21.8
1993-06-30,25.31,30.28,21.65,80.52,3.86,0.04,93.29,19.02
1993-07-01,25.1,29.79,21.92,81.26,3.49,0.16,93.1,18.71
1993-07-02,25.49,30.43,22.58,84.85,3.36,5.42,93.1,13.53
1993-07-03,23.89,25.83,22.29,91.18,6.81,24.08,93.08,8.42
1993-07-04,23.62,26.61,21.62,89.66,7.2,59.28,93.18,9.32
1993-07-05,24.31,28.21,21.55,85.6,6.93,20.4,93.41,13.79
1993-07-06,24.1,27.68,22.02,85.7,6.86,4.83,93.57,20.25
1993-07-07,23.5,26.47,22.05,87.48,6.11,3.01,93.46,19.19
1993-07-08,23.5,25.65,22.31,88.58,7.32,2.36,93.37,9.42
1993-07-09,24.47,27.77,22.68,88.05,8.81,3.74,93.25,14.55
1993-07-10,24.59,27.67,22.92,88.11,9.63,30.23,93.14,7.8
1993-07-11,24.4,27.32,22.66,87.84,8.72,23.89,93.12,10.86
1993-07-12,24.36,27.72,22.43,87.33,8.16,16.79,93.17,12.68
1993-07-13,24.1,27.44,22.55,88.46,7.57,2.68,93.11,7.91
1993-07-14,23.85,26.91,22.17,89.49,6.68,34.53,93.08,10.42
1993-07-15,23.19,25.38,22.07,91.47,7.78,17.83,93.13,7.26
1993-07-16,23.35,24.54,22.25,93.34,8.26,31.7,93.09,6.8
1993-07-17,23.26,26.48,21.37,88.71,8.0,27.5,93.34,10.29
1993-07-18,23.45,26.8,21.42,88.91,6.33,16.06,93.52,9.11
1993-07-19,23.83,27.72,21.19,88.34,4.78,9.97,93.56,15.74
1993-07-20,23.93,28.44,21.11,87.41,4.47,5.69,93.57,17.14
1993-07-21,23.56,27.34,20.93,87.89,4.65,1.27,93.55,14.17
1993-07-22,23.75,27.44,21.42,87.02,6.42,1.8,93.61,14.64
1993-07-23,23.49,26.71,21.66,88.42,5.95,2.95,93.67,13.9
1993-07-24,23.66,27.23,21.79,88.77,6.24,8.34,93.59,13.81
1993-07-25,23.89,27.56,21.86,88.16,6.44,8.41,93.55,13.31
1993-07-26,24.02,27.46,22.25,87.4,6.76,16.04,93.53,10.62
1993-07-27,23.47,26.44,21.84,89.61,6.2,9.86,93.56,7.39
1993-07-28,23.09,25.51,21.63,89.84,6.88,11.08,93.53,8.66
1993-07-29,23.2,25.8,21.94,91.19,7.7,8.52,93.4,6.76
1993-07-30,22.97,25.0,21.87,93.2,6.36,21.83,93.28,10.44
1993-07-31,23.34,25.59,22.01,92.2,6.49,35.35,93.27,11.8
1993-08-01,23.64,26.38,21.94,90.17,6.72,5.21,93.32,7.89
1993-08-02,23.2,25.91,21.71,90.84,5.64,9.79,93.38,9.63
1993-08-03,22.64,24.88,21.31,92.54,5.65,19.54,93.36,5.48
1993-08-04,22.83,25.8,21.24,91.7,6.06,6.36,93.42,10.99
1993-08-05,23.26,27.13,21.03,89.75,5.74,6.56,93.55,10.91
1993-08-06,23.23,27.23,20.84,89.15,4.55,2.48,93.82,10.82
1993-08-07,22.87,26.37,20.51,89.65,4.4,1.84,93.98,20.94
1993-08-08,22.97,25.98,20.81,89.92,6.24,2.06,93.84,21.11
1993-08-09,23.34,26.78,21.47,88.08,8.27,2.57,93.58,17.7
1993-08-10,23.36,27.09,21.45,88.54,8.47,2.93,93.54,15.63
1993-08-11,23.45,26.67,21.55,89.07,8.5,5.14,93.66,8.88
1993-08-12,23.31,26.45,21.41,89.46,7.3,15.75,93.59,14.78
1993-08-13,23.32,26.73,21.25,88.49,5.77,7.71,93.61,13.22
1993-08-14,23.73,27.55,21.22,88.09,5.77,2.76,93.61,10.66
1993-08-15,23.34,26.67,21.69,89.76,6.07,4.59,93.57,7.86
1993-08-16,23.35,26.37,21.69,90.25,5.16,12.1,93.55,11.0
1993-08-17,23.14,26.81,21.41,90.72,5.51,16.48,93.64,16.79
1993-08-18,23.64,27.4,21.38,89.29,6.1,4.84,93.75,16.48
1993-08-19,23.5,26.43,21.75,90.52,5.71,1.14,93.63,14.32
1993-08-20,22.65,24.66,20.88,93.05,6.47,12.93,93.64,8.33
1993-08-21,23.11,25.8,21.32,90.43,6.18,18.58,93.58,11.86
1993-08-22,22.91,26.69,21.16,90.39,5.75,6.88,93.57,20.99
1993-08-23,22.98,26.86,20.6,88.87,5.87,1.14,93.7,21.26
1993-08-24,22.88,26.82,20.32,88.14,6.27,0.79,93.75,20.89
1993-08-25,22.94,26.96,20.47,88.28,4.94,2.61,93.75,16.55
1993-08-26,23.27,27.7,20.09,88.47,3.81,7.31,93.74,21.02
1993-08-27,23.1,26.94,20.54,88.88,2.93,4.73,93.66,23.52
1993-08-28,23.46,27.67,20.24,87.1,2.9,0.59,93.66,18.58
1993-08-29,23.12,26.71,20.81,89.65,3.15,1.84,93.6,15.87
1993-08-30,22.83,25.73,20.8,90.7,3.3,0.56,93.64,19.46
1993-08-31,22.29,24.53,20.79,92.35,3.85,2.34,93.67,11.65
1993-09-01,22.19,25.04,19.94,90.84,4.66,9.84,93.68,11.57
1993-09-02,21.71,23.72,20.34,92.44,4.94,23.15,93.76,10.92
1993-09-03,22.72,26.16,20.29,90.31,4.65,19.71,93.71,12.84
1993-09-04,22.78,26.11,20.94,90.33,4.85,14.25,93.64,16.96
1993-09-05,22.76,26.65,20.45,89.06,5.49,5.58,93.65,13.95
1993-09-06,22.57,26.24,20.13,90.18,4.81,3.78,93.83,13.65
1993-09-07,22.9,27.09,20.4,89.49,4.67,7.24,93.78,18.14
1993-09-08,22.39,25.45,20.09,91.12,4.29,2.24,93.74,20.33
1993-09-09,21.83,24.32,19.86,92.05,3.84,3.22,93.76,20.6
1993-09-10,22.5,26.22,19.88,90.17,4.91,2.54,93.78,21.35
1993-09-11,22.71,26.84,20.05,88.67,4.83,3.75,93.83,18.14
1993-09-12,22.63,26.62,19.82,88.65,5.05,1.56,93.75,18.29
1993-09-13,22.93,27.41,20.41,89.05,4.71,6.93,93.71,16.46
1993-09-14,22.7,27.4,19.86,89.53,3.79,6.73,93.79,20.22
1993-09-15,22.78,27.12,19.78,89.2,3.41,1.05,93.86,21.71
1993-09-16,23.05,27.47,20.63,90.48,4.37,9.91,93.75,15.73
1993-09-17,22.76,25.73,21.04,91.71,3.43,5.47,93.78,10.72
1993-09-18,23.0,26.2,20.85,90.47,3.95,4.13,93.82,22.23
1993-09-19,22.9,27.11,20.15,88.34,3.82,0.38,93.83,21.03
1993-09-20,22.78,27.23,19.93,88.51,4.05,0.42,93.73,18.18
1993-09-21,23.29,27.56,20.4,88.43,3.92,0.18,93.63,13.01
1993-09-22,23.23,27.4,20.82,90.05,4.14,1.17,93.5,4.78
1993-09-23,23.32,25.8,21.45,93.69,3.91,2.02,93.37,12.2
1993-09-24,23.15,25.23,21.54,94.98,6.67,5.88,93.28,14.7
1993-09-25,23.21,25.78,21.86,91.46,6.21,16.23,93.38,11.2
1993-09-26,23.21,26.3,21.52,93.81,4.41,20.58,93.45,11.88
1993-09-27,23.06,26.48,21.25,91.09,3.98,23.16,93.55,11.2
1993-09-28,23.21,26.99,20.66,89.6,3.14,6.2,93.64,18.87
1993-09-29,22.98,27.22,19.54,87.81,2.72,0.31,93.79,21.64
1993-09-30,24.04,28.77,20.14,86.77,2.21,0.01,93.87,19.65
1993-10-01,24.75,30.03,20.66,84.73,2.09,0.08,93.8,17.07
1993-10-02,24.45,29.25,20.72,84.45,1.93,0.06,93.77,12.0
1993-10-03,24.59,29.56,20.71,84.7,2.1,4.33,93.8,18.88
1993-10-04,24.46,29.21,20.91,85.03,2.03,4.89,93.94,14.46
1993-10-05,24.24,29.67,20.43,82.08,2.08,1.1,93.92,18.46
1993-10-06,23.68,29.75,18.4,77.05,2.61,0.16,93.86,19.83
1993-10-07,23.49,29.71,18.1,75.23,3.06,0.0,93.83,23.01
1993-10-08,23.81,28.94,18.9,77.81,1.88,0.0,93.88,22.51
1993-10-09,24.07,28.43,21.4,83.2,2.48,0.97,93.93,18.59
1993-10-10,23.22,26.9,19.87,80.44,3.33,1.45,93.74,11.39
1993-10-11,23.55,28.11,20.01,85.46,3.82,3.95,93.57,11.26
1993-10-12,24.07,28.38,21.33,85.38,4.23,10.54,93.68,21.18
1993-10-13,23.99,28.75,20.06,85.23,3.36,1.57,93.79,21.87
1993-10-14,23.64,27.67,20.16,86.87,2.74,42.61,93.84,20.31
1993-10-15,24.12,28.57,20.23,85.77,2.34,3.42,93.88,19.16
1993-10-16,24.19,27.75,21.57,88.11,3.4,32.55,94.0,19.28
1993-10-17,23.98,27.32,21.67,87.97,2.76,15.93,94.04,8.93
1993-10-18,22.75,25.6,20.89,91.65,3.19,25.83,94.06,8.98
1993-10-19,23.07,26.75,20.38,86.85,1.54,11.06,94.06,17.7
1993-10-20,22.72,26.16,20.02,88.75,2.27,13.39,94.06,17.72
1993-10-21,22.56,26.14,20.06,88.68,3.21,15.5,94.09,18.92
1993-10-22,22.72,27.41,18.44,84.71,2.36,0.72,94.15,17.83
1993-10-23,22.19,24.73,20.41,92.66,1.96,14.18,94.15,17.56
1993-10-24,22.82,26.34,19.64,86.39,1.81,7.23,94.08,20.99
1993-10-25,22.47,26.34,19.15,79.63,2.28,17.09,94.18,19.81
1993-10-26,21.67,26.75,17.14,83.16,2.42,13.52,94.2,20.93
1993-10-27,22.4,26.91,18.2,85.15,2.27,0.0,94.19,19.44
1993-10-28,23.26,27.94,19.23,85.69,2.81,0.0,94.19,17.96
1993-10-29,23.12,27.93,19.97,85.61,4.29,0.0,94.23,21.3
1993-10-30,21.42,27.12,17.22,81.26,4.73,0.0,94.26,20.52
1993-10-31,19.68,26.86,14.91,74.22,5.15,0.0,94.24,20.67
1993-11-01,19.02,26.62,13.62,73.48,4.76,0.0,94.22,20.65
1993-11-02,19.15,26.76,13.62,73.63,4.04,0.0,94.19,21.58
1993-11-03,18.5,25.69,13.1,74.48,4.29,0.0,94.13,21.26
1993-11-04,19.2,26.49,13.28,73.3,3.16,0.0,94.05,21.0
1993-11-05,20.0,26.81,14.04,77.18,3.36,0.0,93.94,20.97
1993-11-06,20.58,26.98,15.8,79.42,4.26,0.0,93.95,20.33
1993-11-07,20.73,27.04,16.16,80.13,4.47,0.0,94.04,16.79
1993-11-08,20.77,27.04,15.71,80.24,4.94,0.0,94.03,21.11
1993-11-09,20.04,26.15,15.83,80.62,5.15,0.0,93.97,20.64
1993-11-10,19.71,25.58,16.01,79.42,5.92,0.0,93.94,20.34
1993-11-11,19.51,22.89,17.36,87.21,6.48,0.0,94.12,10.06
1993-11-12,21.87,27.49,17.1,83.32,5.82,0.0,94.1,10.53
1993-11-13,22.96,27.89,18.46,82.66,3.25,0.06,94.06,20.15
1993-11-14,22.29,27.6,17.7,85.03,2.31,0.04,94.08,19.44
1993-11-15,22.49,27.86,18.43,86.26,1.66,0.0,94.13,16.59
1993-11-16,22.57,27.47,18.84,86.79,1.71,0.75,94.12,21.23
1993-11-17,22.62,27.3,19.21,85.19,1.88,1.2,94.09,12.19
1993-11-18,22.34,26.39,19.47,85.28,1.62,0.18,94.09,18.77
1993-11-19,22.37,27.13,17.52,75.85,2.57,0.0,94.07,12.06
1993-11-20,22.04,26.58,18.41,79.54,2.87,0.01,94.1,16.63
1993-11-21,21.61,26.37,18.13,82.96,2.6,0.48,94.18,16.76
1993-11-22,21.91,26.96,18.06,82.52,2.61,0.35,94.17,18.83
1993-11-23,21.87,27.1,17.96,81.71,3.54,0.0,94.25,17.05
1993-11-24,19.39,26.29,13.87,71.06,4.39,0.0,94.33,20.78
1993-11-25,16.73,24.61,11.34,65.94,4.12,0.0,94.29,19.5
1993-11-26,17.02,25.31,11.56,64.59,4.36,0.0,94.24,19.54
1993-11-27,16.69,24.82,10.89,67.4,4.49,0.0,94.25,19.78
1993-11-28,17.01,25.98,10.69,66.25,4.76,0.0,94.25,19.48
1993-11-29,17.34,26.27,11.09,66.75,4.8,0.0,94.3,19.19
1993-11-30,17.78,26.5,11.61,66.26,4.72,0.0,94.25,18.88
1993-12-01,17.99,26.36,12.56,67.63,4.54,0.0,94.18,18.97
1993-12-02,18.12,26.78,12.01,64.77,4.22,0.0,94.07,19.18
1993-12-03,17.69,26.54,11.46,63.41,4.41,0.0,94.05,18.55
1993-12-04,17.34,26.45,10.8,61.34,4.81,0.0,94.01,18.7
1993-12-05,18.57,26.48,12.87,67.87,6.96,0.07,94.04,10.72
1993-12-06,19.57,25.86,14.46,85.04,6.71,12.89,94.12,7.26
1993-12-07,19.93,23.5,17.44,91.73,4.5,14.02,94.19,11.14
1993-12-08,21.34,26.31,17.75,86.13,3.04,0.46,94.15,10.93
1993-12-09,21.44,27.8,16.36,75.19,3.46,0.0,94.15,19.05
1993-12-10,19.64,27.34,14.08,64.69,3.59,0.0,94.18,18.11
1993-12-11,19.27,27.22,12.89,63.85,2.74,0.0,94.14,18.33
1993-12-12,19.0,26.62,11.66,61.72,2.14,0.0,94.12,17.94
1993-12-13,18.05,25.89,11.47,65.28,2.86,0.0,94.21,18.65
1993-12-14,17.48,25.65,10.75,62.63,3.08,0.0,94.3,19.14
1993-12-15,17.2,25.24,10.09,57.91,2.96,0.0,94.29,18.66
1993-12-16,16.56,25.43,10.13,62.12,3.81,0.0,94.35,19.16
1993-12-17,16.47,25.49,9.89,64.71,4.49,0.0,94.46,18.14
1993-12-18,17.1,25.84,10.63,64.24,3.86,0.0,94.48,19.14
1993-12-19,16.26,23.35,11.3,66.01,3.67,0.0,94.44,17.98
1993-12-20,17.86,25.94,11.67,58.84,2.29,0.0,94.28,17.0
1993-12-21,17.28,26.3,10.28,58.85,3.36,0.0,94.35,18.04
1993-12-22,16.83,25.8,10.27,59.65,4.06,0.0,94.47,18.43
1993-12-23,16.32,25.38,9.52,62.42,4.63,0.0,94.52,19.05
1993-12-24,16.8,25.71,10.07,63.83,4.35,0.0,94.49,18.12
1993-12-25,16.78,25.41,10.22,65.22,4.8,0.0,94.57,18.41
1993-12-26,17.42,25.86,10.6,63.73,3.57,0.0,94.53,18.38
1993-12-27,17.0,23.17,12.58,69.02,3.27,0.0,94.3,17.88
1993-12-28,19.0,26.67,13.47,68.59,2.39,0.0,94.18,17.91
1993-12-29,19.19,27.22,11.98,65.91,1.95,0.0,94.3,18.0
1993-12-30,19.58,27.79,12.68,67.43,2.39,0.0,94.36,18.29
1993-12-31,19.69,26.98,13.89,66.58,3.32,0.0,94.37,19.14
1994-01-01,19.93,27.47,13.55,69.09,2.78,0.0,94.31,17.65
1994-01-02,19.82,27.81,13.35,69.58,2.69,0.0,94.29,18.05
1994-01-03,19.87,27.73,13.43,67.27,2.77,0.0,94.35,15.9
1994-01-04,20.0,27.69,13.91,65.28,3.14,0.0,94.32,14.25
1994-01-05,19.87,27.29,12.8,59.11,2.81,0.0,94.16,17.35
1994-01-06,19.32,27.38,12.34,60.72,3.47,0.0,94.17,17.22
1994-01-07,18.73,27.06,12.57,64.6,4.1,0.0,94.28,17.66
1994-01-08,18.9,27.16,12.31,63.33,3.83,0.0,94.26,17.59
1994-01-09,19.81,26.51,13.29,63.06,2.73,0.0,94.17,16.03
1994-01-10,20.91,26.72,15.66,62.63,1.95,0.0,94.11,15.55
1994-01-11,20.13,27.29,13.96,76.39,3.14,0.03,94.02,11.18
1994-01-12,20.07,25.3,15.85,86.72,2.39,4.17,94.04,14.49
1994-01-13,18.46,25.51,13.65,81.47,2.39,0.32,94.1,17.47
1994-01-14,16.74,25.03,11.44,73.99,2.83,0.05,93.99,17.54
1994-01-15,14.44,23.36,8.48,61.53,3.28,0.0,93.89,18.78
1994-01-16,15.32,25.36,6.13,48.81,3.09,0.0,93.88,18.03
1994-01-17,17.1,27.81,8.9,55.83,3.71,0.0,93.99,18.79
1994-01-18,18.43,26.78,12.31,66.61,2.7,0.0,94.11,18.52
1994-01-19,17.43,25.49,12.29,64.57,2.26,0.0,94.11,18.55
1994-01-20,17.54,27.17,9.79,56.12,2.65,0.01,94.08,17.24
1994-01-21,20.73,28.38,13.05,70.46,3.07,0.67,94.12,17.66
1994-01-22,20.35,26.98,14.79,67.63,3.45,0.0,94.17,17.14
1994-01-23,21.33,29.33,14.26,62.9,3.12,0.0,94.24,18.6
1994-01-24,21.61,29.7,14.25,60.08,3.22,0.0,94.31,18.7
1994-01-25,22.72,30.32,15.3,57.82,2.86,0.0,94.26,18.66
1994-01-26,22.12,30.71,14.56,56.15,2.64,0.0,94.22,19.07
1994-01-27,22.44,31.32,14.33,53.74,2.9,0.0,94.32,19.9
1994-01-28,22.55,31.55,15.78,53.0,3.11,0.0,94.32,18.33
1994-01-29,21.09,30.21,14.76,57.97,2.84,0.0,94.09,18.63
1994-01-30,18.84,29.08,11.47,51.19,2.87,0.0,93.91,18.56
1994-01-31,18.36,28.54,11.12,45.95,2.91,0.0,93.85,19.45
1994-02-01,18.51,28.8,10.44,43.49,2.54,0.0,93.95,19.72
1994-02-02,19.61,29.5,11.51,33.1,4.48,0.0,94.1,19.62
1994-02-03,20.5,29.87,12.17,36.14,3.64,0.0,94.05,19.23
1994-02-04,20.6,30.31,11.96,46.58,3.01,0.0,94.08,19.58
1994-02-05,21.22,29.53,15.49,54.02,3.09,0.0,94.02,16.93
1994-02-06,21.26,30.25,13.91,58.58,2.71,0.0,94.02,19.16
1994-02-07,21.03,30.3,15.33,57.85,3.05,0.0,94.0,19.33
1994-02-08,18.45,27.06,13.05,64.84,3.35,0.0,93.99,19.8
1994-02-09,18.51,28.12,9.87,41.7,2.95,0.0,93.92,21.07
1994-02-10,18.99,29.85,10.23,50.83,3.74,0.0,93.9,20.89
1994-02-11,19.32,28.79,13.38,56.48,2.56,0.0,93.86,20.84
1994-02-12,19.51,30.24,10.86,49.49,2.79,0.0,93.84,20.6
1994-02-13,20.49,30.97,13.45,54.86,2.51,0.0,93.96,20.36
1994-02-14,20.22,30.53,12.66,54.12,3.16,0.0,94.09,20.81
1994-02-15,20.51,30.18,13.7,61.79,3.07,0.0,94.09,20.29
1994-02-16,21.01,30.26,14.53,57.22,2.63,0.0,94.12,20.09
1994-02-17,21.35,31.61,13.32,50.04,3.09,0.0,94.18,22.03
1994-02-18,21.65,30.89,15.34,44.25,3.04,0.0,94.14,21.63
1994-02-19,21.19,31.04,14.82,54.7,2.89,0.0,94.06,21.78
1994-02-20,19.67,28.87,13.05,73.93,3.71,0.0,94.12,21.49
1994-02-21,18.14,25.93,12.4,74.75,4.85,0.0,94.11,21.25
1994-02-22,17.26,26.65,10.07,66.34,3.43,0.0,93.96,22.01
1994-02-23,19.66,31.46,10.16,44.64,3.04,0.0,93.96,22.47
1994-02-24,21.46,33.15,11.68,36.17,2.92,0.0,94.11,22.5
1994-02-25,22.47,33.62,13.56,32.52,3.27,0.0,94.18,22.61
1994-02-26,22.94,34.04,13.65,31.2,3.07,0.0,94.13,23.59
1994-02-27,23.18,34.26,14.24,29.51,3.05,0.0,94.02,22.68
1994-02-28,23.05,34.39,14.25,35.69,3.35,0.0,94.05,23.73
1994-03-01,23.18,34.45,14.08,34.42,3.29,0.0,94.1,22.69
1994-03-02,24.01,34.82,14.95,35.48,2.51,0.0,94.1,22.52
1994-03-03,25.03,35.37,17.14,40.34,2.47,0.0,94.08,23.07
1994-03-04,24.81,35.18,16.29,42.43,2.86,0.0,94.14,22.62
1994-03-05,25.17,35.53,16.71,35.6,3.13,0.0,94.05,23.21
1994-03-06,25.64,35.74,17.71,33.99,3.29,0.0,94.0,22.94
1994-03-07,25.25,35.25,17.45,32.99,3.78,0.0,94.04,23.54
1994-03-08,25.1,35.69,16.46,26.89,3.88,0.0,94.0,23.8
1994-03-09,25.47,36.78,15.76,26.64,3.17,0.0,94.02,23.74
1994-03-10,26.09,37.13,17.06,25.36,3.48,0.0,94.11,23.75
1994-03-11,25.98,36.51,19.19,28.73,3.54,0.0,94.03,22.74
1994-03-12,26.22,37.48,18.48,33.95,2.66,0.0,93.99,24.19
1994-03-13,26.89,38.72,16.84,33.93,2.91,0.0,93.95,23.86
1994-03-14,27.53,38.63,19.0,27.82,3.28,0.0,93.93,24.57
1994-03-15,27.79,39.04,18.57,28.65,2.5,0.0,93.9,24.24
1994-03-16,28.64,39.24,18.37,33.31,2.13,0.0,93.98,23.5
1994-03-17,29.25,39.54,20.17,37.61,2.88,0.0,94.0,25.09
1994-03-18,28.89,39.72,19.76,43.31,2.11,0.0,94.0,20.97
1994-03-19,28.51,39.13,20.85,47.49,3.48,0.0,93.91,23.33
1994-03-20,27.17,35.54,21.2,60.31,3.43,0.0,93.83,23.24
1994-03-21,27.38,37.21,20.67,48.3,4.04,0.0,93.71,24.72
1994-03-22,26.61,36.55,18.62,30.52,3.9,0.0,93.88,25.65
1994-03-23,28.01,39.41,18.39,26.02,3.52,0.0,93.91,25.39
1994-03-24,27.34,38.05,18.77,25.22,3.94,0.0,94.01,25.47
1994-03-25,27.71,38.67,17.98,26.03,4.04,0.0,93.85,24.02
1994-03-26,28.43,39.27,19.16,26.66,3.88,0.0,93.98,25.67
1994-03-27,28.39,39.2,18.83,29.2,3.79,0.0,94.01,24.33
1994-03-28,29.32,39.81,21.16,29.85,2.6,0.0,94.0,25.06
1994-03-29,29.63,40.26,19.85,28.14,3.18,0.0,93.98,25.3
1994-03-30,29.37,40.25,20.2,43.8,2.95,0.0,94.08,22.9
1994-03-31,28.64,38.7,21.6,40.95,3.87,0.0,94.07,25.01
1994-04-01,26.69,36.25,18.75,52.19,3.9,0.0,93.96,25.36
1994-04-02,26.2,35.62,19.29,56.69,4.31,0.0,93.89,25.86
1994-04-03,26.05,36.18,18.05,50.6,3.67,0.0,93.85,25.55
1994-04-04,27.51,38.08,18.98,40.68,2.65,0.0,93.94,25.54
1994-04-05,27.85,37.7,20.18,39.95,3.23,0.05,94.05,25.73
1994-04-06,26.98,36.54,18.74,49.32,3.39,0.31,93.95,24.76
1994-04-07,27.04,36.07,20.45,48.16,2.93,0.34,93.78,24.48
1994-04-08,27.68,36.96,19.37,48.52,2.2,0.84,93.68,23.12
1994-04-09,27.37,33.31,22.65,48.75,1.68,5.07,93.82,22.58
1994-04-10,26.98,34.15,20.74,56.46,2.12,4.32,93.92,23.56
1994-04-11,26.52,35.15,20.12,53.46,2.52,0.84,93.84,24.22
1994-04-12,26.71,34.59,19.35,50.02,1.51,0.99,93.87,23.03
1994-04-13,27.85,36.05,20.47,49.21,2.38,0.08,94.02,25.62
1994-04-14,28.9,36.96,20.86,45.06,2.3,0.0,94.09,23.96
1994-04-15,29.83,37.33,22.83,43.86,2.39,0.37,94.06,22.35
1994-04-16,30.19,39.07,23.01,42.24,3.15,0.37,94.0,25.95
1994-04-17,27.87,36.83,21.0,49.01,3.87,0.07,94.0,26.27
1994-04-18,26.76,36.62,19.12,52.33,3.94,0.0,93.88,26.61
1994-04-19,26.19,36.38,17.38,51.46,3.96,0.0,93.84,25.91
1994-04-20,27.21,36.9,18.51,54.29,4.24,0.0,93.82,26.32
1994-04-21,27.23,36.17,19.14,51.08,4.48,0.0,93.78,25.53
1994-04-22,27.37,36.31,19.65,53.77,4.43,0.0,93.79,25.44
1994-04-23,27.26,36.87,19.19,53.72,3.98,0.0,93.8,26.47
1994-04-24,26.97,36.68,20.03,53.41,4.17,0.0,93.85,26.68
1994-04-25,26.97,36.33,18.7,52.61,4.21,0.0,93.84,26.33
1994-04-26,27.95,37.84,19.65,51.1,3.67,0.0,93.73,26.03
1994-04-27,28.7,39.58,18.71,42.29,3.73,0.0,93.78,26.26
1994-04-28,28.97,39.31,20.14,33.69,3.97,0.0,93.79,26.49
1994-04-29,28.13,38.28,19.48,47.85,3.86,0.01,93.74,26.65
1994-04-30,27.68,37.29,19.68,52.98,4.36,0.0,93.63,25.84
1994-05-01,27.63,35.51,21.51,56.12,3.09,0.04,93.73,19.61
1994-05-02,26.93,33.36,21.5,59.01,3.42,17.31,93.85,24.21
1994-05-03,26.93,34.22,20.16,64.16,2.93,0.0,93.93,24.4
1994-05-04,27.24,35.76,20.77,59.85,3.69,0.0,94.04,26.07
1994-05-05,26.68,35.92,19.07,56.37,4.0,0.0,93.99,25.06
1994-05-06,27.07,36.16,19.07,54.79,4.26,0.0,93.97,24.77
1994-05-07,27.53,36.59,21.09,59.0,4.67,0.0,94.0,24.83
1994-05-08,27.04,35.47,20.5,59.85,5.37,0.0,94.02,26.33
1994-05-09,26.85,34.99,21.32,62.3,5.86,0.0,93.88,25.68
1994-05-10,27.25,35.65,22.0,63.49,5.97,0.0,93.82,24.78
1994-05-11,27.87,36.49,22.04,60.59,5.46,0.0,93.77,26.09
1994-05-12,28.53,37.98,21.67,56.51,4.47,0.0,93.77,25.62
1994-05-13,29.96,40.17,20.57,50.02,4.07,0.0,93.84,25.52
1994-05-14,30.83,40.53,22.15,38.32,4.51,0.0,93.83,25.57
1994-05-15,30.44,40.62,21.17,45.58,4.38,0.0,93.71,24.53
1994-05-16,29.07,38.47,22.78,57.22,4.59,0.0,93.73,25.04
1994-05-17,28.83,38.81,21.67,55.36,4.84,0.0,93.78,26.47
1994-05-18,28.52,37.92,21.55,53.6,5.23,0.0,93.78,26.11
1994-05-19,29.08,38.75,20.81,53.03,4.66,0.0,93.72,26.38
1994-05-20,29.47,39.93,20.66,53.4,4.49,0.0,93.75,25.6
1994-05-21,29.56,39.89,21.16,55.36,4.61,0.0,93.75,25.99
1994-05-22,29.31,39.35,22.35,56.66,5.8,0.0,93.64,24.18
1994-05-23,28.25,36.66,22.67,60.8,6.03,0.0,93.56,23.59
1994-05-24,28.22,37.53,21.53,61.15,5.93,0.0,93.49,24.16
1994-05-25,28.85,38.27,22.21,57.04,5.62,0.0,93.51,25.48
1994-05-26,28.78,38.66,21.6,59.16,4.51,0.0,93.47,24.77
1994-05-27,29.17,38.66,22.71,60.61,2.99,10.62,93.4,14.73
1994-05-28,28.47,35.21,23.19,67.65,2.01,6.48,93.42,18.14
1994-05-29,27.67,34.11,23.44,71.05,2.7,5.68,93.46,20.9
1994-05-30,27.09,32.34,23.15,73.96,4.14,0.58,93.46,12.33
1994-05-31,27.29,32.7,23.53,73.9,3.83,0.27,93.4,24.52
1994-06-01,26.55,31.1,23.49,75.59,3.22,1.69,93.34,21.83
1994-06-02,27.26,33.38,23.23,71.26,2.91,0.96,93.3,13.64
1994-06-03,27.57,34.05,23.43,69.49,3.07,1.43,93.18,25.26
1994-06-04,27.77,32.91,23.47,66.65,4.48,2.49,93.04,16.19
1994-06-05,25.94,29.89,23.9,79.64,4.8,17.74,92.96,13.84
1994-06-06,24.98,28.41,22.83,85.44,5.3,37.7,92.92,14.79
1994-06-07,25.24,30.35,21.84,79.33,5.14,7.08,93.23,23.42
1994-06-08,25.79,31.1,21.99,77.16,5.56,0.12,93.37,23.48
1994-06-09,25.74,31.92,22.4,79.95,5.04,0.27,93.31,16.5
1994-06-10,24.27,29.44,21.81,82.37,5.43,32.29,93.28,9.88
1994-06-11,24.84,29.71,21.79,82.59,4.25,11.52,93.24,18.64
1994-06-12,24.44,28.62,21.78,87.65,5.93,21.23,93.29,14.86
1994-06-13,24.59,26.52,23.69,90.51,8.09,33.95,93.22,11.48
1994-06-14,24.48,26.42,22.85,91.86,7.79,26.26,93.17,12.05
1994-06-15,24.03,25.76,22.75,91.42,8.31,24.78,93.02,11.84
1994-06-16,23.81,26.42,22.15,91.67,7.97,78.59,93.13,8.53
1994-06-17,23.63,25.9,21.94,88.86,5.88,50.91,93.36,16.45
1994-06-18,23.43,25.64,22.02,89.52,5.41,11.79,93.4,9.92
1994-06-19,24.05,26.74,22.31,87.14,6.0,7.73,93.36,14.12
1994-06-20,24.11,27.51,21.71,86.24,6.68,6.74,93.44,15.32
1994-06-21,24.22,28.32,21.99,85.05,6.91,1.52,93.43,17.28
1994-06-22,23.87,27.95,21.8,86.04,7.09,0.8,93.37,11.4
1994-06-23,24.24,27.86,22.16,85.45,7.42,1.19,93.32,11.9
1994-06-24,24.01,27.79,22.16,87.18,6.94,1.0,93.29,17.25
1994-06-25,24.24,28.35,22.17,85.7,6.74,0.87,93.3,14.21
1994-06-26,23.97,27.13,21.75,86.11,7.25,1.43,93.26,10.32
1994-06-27,23.51,26.52,21.95,87.41,7.54,3.49,93.13,12.73
1994-06-28,23.16,25.09,21.66,88.59,7.07,19.59,93.11,6.76
1994-06-29,23.22,24.43,22.32,93.7,7.06,67.81,93.13,8.64
1994-06-30,23.44,25.89,21.94,90.2,7.4,22.04,93.2,10.93
1994-07-01,23.81,27.38,21.86,87.73,7.91,12.12,93.15,10.37
1994-07-02,23.9,27.58,21.72,87.45,6.9,11.94,93.35,14.53
1994-07-03,23.15,25.78,21.39,89.38,5.69,7.45,93.41,18.25
1994-07-04,22.85,25.6,20.96,90.08,5.84,22.43,93.33,10.22
1994-07-05,22.38,24.69,20.26,90.18,5.99,21.1,93.43,14.17
1994-07-06,23.97,27.3,21.58,87.61,6.96,20.24,93.57,14.79
1994-07-07,24.07,27.22,22.13,87.42,7.12,7.14,93.61,19.61
1994-07-08,23.87,27.12,22.06,87.92,7.75,4.68,93.5,20.09
1994-07-09,23.71,26.77,21.9,88.2,8.23,4.82,93.48,11.12
1994-07-10,23.04,25.75,21.46,90.15,8.55,11.32,93.43,10.36
1994-07-11,23.17,24.93,22.3,92.77,8.79,10.6,93.22,10.75
1994-07-12,22.72,24.6,21.15,93.11,9.14,48.39,93.12,9.46
1994-07-13,21.74,23.04,20.8,94.09,10.69,66.59,93.15,2.84
1994-07-14,22.85,24.96,20.63,93.22,10.29,87.76,93.08,10.25
1994-07-15,23.43,25.86,21.73,91.8,9.8,38.92,93.12,13.58
1994-07-16,23.3,25.79,21.74,91.5,8.99,24.87,93.23,14.31
1994-07-17,23.28,25.95,21.64,90.74,7.88,19.23,93.38,14.72
1994-07-18,22.92,25.17,21.58,92.55,7.72,9.94,93.42,10.36
1994-07-19,23.22,25.64,21.81,91.8,8.22,8.19,93.36,9.35
1994-07-20,22.68,24.46,21.51,92.97,7.78,33.55,93.34,5.44
1994-07-21,22.79,24.13,21.97,93.93,8.02,27.76,93.34,7.04
1994-07-22,22.95,24.91,21.92,92.89,7.81,23.83,93.43,11.85
1994-07-23,23.08,25.16,21.78,92.71,7.0,19.77,93.44,9.92
1994-07-24,23.36,25.88,21.95,92.25,7.47,21.51,93.41,11.56
1994-07-25,22.98,25.8,21.27,92.12,7.77,17.62,93.4,11.88
1994-07-26,23.07,25.63,21.52,91.53,7.02,11.72,93.29,13.22
1994-07-27,23.09,26.2,21.29,91.72,6.93,4.5,93.24,12.27
1994-07-28,23.25,26.18,21.59,91.15,7.62,3.57,93.31,12.39
1994-07-29,23.27,26.03,21.69,91.66,8.24,7.46,93.25,18.27
1994-07-30,22.72,24.6,21.72,93.36,8.12,5.26,93.17,14.6
1994-07-31,22.4,24.49,21.27,92.9,8.08,2.71,93.24,11.57
1994-08-01,22.27,24.26,21.24,92.79,7.76,2.89,93.23,10.52
1994-08-02,22.86,25.91,21.2,90.31,8.19,2.37,93.16,10.1
1994-08-03,23.0,26.16,21.15,89.8,6.77,0.93,93.35,12.23
1994-08-04,22.5,25.43,20.8,90.68,6.25,0.99,93.49,13.74
1994-08-05,22.95,26.44,20.93,89.05,6.46,0.48,93.5,17.76
1994-08-06,22.7,26.39,20.71,89.43,6.06,0.06,93.55,19.15
1994-08-07,22.2,25.48,20.49,90.11,6.09,0.04,93.69,20.32
1994-08-08,22.46,25.64,20.64,89.85,6.47,0.02,93.68,18.49
1994-08-09,22.19,24.75,20.9,90.94,6.56,0.04,93.51,18.78
1994-08-10,22.27,24.92,20.57,89.77,7.52,0.11,93.48,10.33
1994-08-11,22.53,25.61,20.54,91.53,6.42,1.82,93.5,9.46
1994-08-12,22.41,24.76,21.05,92.78,6.29,11.19,93.57,7.36
1994-08-13,22.69,25.91,20.88,91.64,5.31,13.94,93.65,10.95
1994-08-14,23.22,27.34,20.69,89.74,5.45,8.42,93.81,17.35
1994-08-15,22.73,26.06,20.72,90.03,6.31,2.69,93.75,17.85
1994-08-16,21.6,22.7,20.74,93.68,6.96,1.28,93.61,11.62
1994-08-17,22.83,25.87,20.7,90.23,7.79,4.32,93.57,13.93
1994-08-18,22.85,26.12,21.32,90.85,6.81,5.56,93.46,13.92
1994-08-19,22.32,24.74,20.92,92.34,6.09,7.02,93.26,16.89
1994-08-20,23.0,26.56,20.47,89.83,5.66,4.64,93.32,12.53
1994-08-21,23.55,28.03,20.3,88.67,4.2,4.45,93.52,12.57
1994-08-22,23.26,26.25,21.01,90.19,3.99,1.99,93.58,12.09
1994-08-23,23.51,26.83,21.45,91.35,5.22,23.22,93.56,13.44
1994-08-24,22.85,25.26,21.57,92.69,5.83,16.65,93.61,12.15
1994-08-25,22.88,25.54,21.6,91.14,6.59,8.84,93.6,9.78
1994-08-26,23.0,25.89,21.44,90.92,7.7,4.61,93.52,8.77
1994-08-27,22.21,23.79,21.01,93.89,8.4,26.81,93.47,8.79
1994-08-28,22.63,25.75,21.03,90.97,8.09,21.75,93.5,13.98
1994-08-29,22.48,25.63,20.74,90.76,7.24,7.02,93.44,12.55
1994-08-30,22.05,24.27,20.66,92.59,7.47,7.94,93.32,2.58
1994-08-31,21.98,24.1,20.73,93.84,7.83,32.61,93.12,10.12
1994-09-01,21.86,23.45,20.84,93.97,8.77,21.36,93.11,3.2
1994-09-02,22.43,25.16,20.73,92.75,8.43,39.35,93.23,3.75
1994-09-03,22.35,25.31,20.82,91.84,7.83,12.83,93.38,20.3
1994-09-04,22.05,24.29,20.72,91.95,7.03,7.3,93.5,15.36
1994-09-05,22.92,25.58,21.11,92.05,6.79,8.2,93.52,11.53
1994-09-06,22.18,24.07,21.11,93.35,7.32,15.76,93.47,9.91
1994-09-07,22.3,24.87,21.04,93.05,7.58,10.52,93.46,6.0
1994-09-08,22.26,25.52,20.33,91.33,6.94,6.21,93.68,18.46
1994-09-09,22.32,26.14,20.09,90.84,6.03,3.66,93.81,19.08
1994-09-10,22.36,26.39,20.05,90.32,5.02,5.61,93.76,11.48
1994-09-11,22.34,26.49,19.27,90.46,3.63,5.82,93.86,14.33
1994-09-12,22.05,26.41,18.98,89.69,3.37,2.08,93.92,19.33
1994-09-13,21.25,25.93,18.01,88.61,3.24,0.48,93.83,20.65
1994-09-14,21.24,26.21,17.25,88.75,3.32,0.15,93.79,21.88
1994-09-15,21.8,26.5,18.15,88.9,3.68,0.08,93.73,21.78
1994-09-16,21.73,25.58,19.71,90.14,4.73,2.4,93.79,18.3
1994-09-17,21.42,25.39,19.3,90.57,5.13,12.28,93.85,14.93
1994-09-18,21.33,25.69,18.67,89.15,4.49,4.36,93.82,18.63
1994-09-19,20.82,25.14,16.98,89.64,4.38,4.66,93.82,17.13
1994-09-20,19.69,24.49,15.91,84.77,3.24,0.93,93.99,23.23
1994-09-21,19.77,25.73,15.08,78.04,1.87,0.04,94.05,22.41
1994-09-22,20.21,27.03,14.05,83.12,2.12,0.0,94.06,21.74
1994-09-23,22.12,28.17,15.9,82.07,2.45,0.0,94.05,19.81
1994-09-24,23.07,28.42,19.04,85.14,2.47,0.0,94.05,22.55
1994-09-25,22.17,27.76,18.38,85.36,2.3,0.0,94.09,22.91
1994-09-26,21.42,27.16,17.36,83.61,2.1,0.0,94.1,22.37
1994-09-27,22.64,28.19,18.5,85.92,1.55,0.24,94.06,18.7
1994-09-28,23.67,27.89,20.6,84.59,2.44,0.19,94.01,19.81
1994-09-29,23.52,28.67,19.68,81.53,2.5,0.68,93.97,20.87
1994-09-30,23.01,29.03,18.48,77.77,3.24,0.03,93.95,23.0
1994-10-01,23.5,29.17,17.76,77.97,3.09,0.0,93.86,22.26
1994-10-02,24.13,28.59,20.82,83.57,2.56,0.16,93.77,18.4
1994-10-03,23.35,26.82,20.25,85.59,2.15,0.51,93.7,22.45
1994-10-04,22.87,25.6,20.83,87.94,1.94,6.58,93.74,9.59
1994-10-05,23.34,28.49,19.51,82.06,2.35,10.87,93.69,20.49
1994-10-06,23.0,28.3,19.48,80.33,2.04,0.59,93.67,19.91
1994-10-07,22.95,28.56,19.14,78.77,2.87,0.61,93.67,21.61
1994-10-08,23.31,28.96,18.9,76.12,2.13,0.07,93.76,21.65
1994-10-09,23.44,29.39,18.55,78.95,2.44,0.0,93.85,20.65
1994-10-10,22.81,29.35,17.99,78.12,2.35,0.02,94.0,21.28
1994-10-11,22.83,29.11,18.09,79.81,2.11,0.0,94.08,21.21
1994-10-12,22.57,27.86,19.36,84.63,1.95,4.37,94.06,20.73
1994-10-13,22.15,26.66,19.64,86.21,2.14,1.81,94.06,14.68
1994-10-14,21.91,26.23,18.76,89.04,2.45,11.63,94.09,18.96
1994-10-15,21.66,27.38,17.78,85.72,1.99,1.69,94.09,20.68
1994-10-16,22.6,28.65,16.76,84.16,1.66,0.49,93.96,21.32
1994-10-17,23.28,27.57,20.13,84.61,4.0,47.68,94.02,19.45
1994-10-18,23.33,28.9,19.76,81.99,4.3,4.79,94.13,19.51
1994-10-19,23.03,28.58,18.0,81.92,3.64,0.31,94.13,21.03
1994-10-20,23.05,27.3,19.86,87.89,2.72,1.23,94.05,17.16
1994-10-21,22.56,26.64,19.35,88.53,2.13,12.17,94.07,14.45
1994-10-22,22.87,26.99,20.51,87.62,2.25,4.68,94.14,19.44
1994-10-23,22.8,27.58,19.35,86.62,3.2,7.99,94.12,21.45
1994-10-24,19.79,24.23,16.85,77.78,4.26,0.16,94.1,20.49
1994-10-25,22.2,28.28,17.29,80.87,4.33,1.13,94.02,21.51
1994-10-26,22.22,27.56,18.55,81.47,3.56,2.61,94.04,21.05
1994-10-27,21.71,28.01,17.34,75.6,4.27,0.07,94.04,20.7
1994-10-28,21.79,28.11,16.08,77.99,4.3,0.04,94.03,20.5
1994-10-29,20.64,23.17,19.13,81.85,4.33,0.13,94.11,19.69
1994-10-30,21.59,26.63,18.67,81.1,3.71,2.18,94.15,11.2
1994-10-31,21.84,27.46,17.48,79.49,4.7,0.29,94.21,20.0
1994-11-01,21.96,27.64,18.0,76.58,5.13,0.0,94.3,21.13
1994-11-02,20.77,27.16,16.9,75.1,5.75,0.0,94.28,20.75
1994-11-03,19.95,24.5,15.95,83.34,5.48,0.0,94.21,20.94
1994-11-04,21.97,27.22,18.09,83.85,5.27,0.0,94.28,17.46
1994-11-05,23.06,28.34,19.07,81.51,3.91,0.3,94.28,20.19
1994-11-06,23.18,28.56,19.12,81.08,3.46,0.05,94.27,20.34
1994-11-07,23.12,28.36,18.73,79.16,3.47,0.0,94.26,20.16
1994-11-08,22.78,28.14,18.68,78.12,3.53,0.0,94.24,20.44
1994-11-09,22.24,27.88,17.95,79.16,4.02,0.0,94.29,20.34
1994-11-10,22.18,28.13,18.12,77.18,4.44,0.04,94.33,20.55
1994-11-11,22.3,28.32,17.81,79.19,3.13,0.09,94.22,20.15
1994-11-12,22.49,27.88,17.48,80.22,2.33,0.0,94.1,20.43
1994-11-13,23.18,28.59,17.78,75.99,1.67,1.23,94.09,20.37
1994-11-14,22.52,28.16,18.19,81.27,2.88,0.22,94.12,20.54
1994-11-15,21.91,27.1,17.98,82.39,2.85,6.19,94.2,12.31
1994-11-16,22.01,27.2,18.6,80.42,3.88,0.28,94.28,18.83
1994-11-17,21.77,27.61,17.18,77.64,3.87,0.02,94.32,20.35
1994-11-18,21.93,27.69,17.49,76.72,3.97,0.03,94.32,20.32
1994-11-19,21.68,27.23,17.21,76.24,3.14,0.0,94.29,19.7
1994-11-20,20.78,27.38,14.62,70.75,2.39,0.0,94.21,19.35
1994-11-21,20.08,27.06,14.1,68.28,2.79,0.0,94.25,19.67
1994-11-22,19.11,26.52,14.03,67.26,3.93,0.0,94.33,19.68
1994-11-23,17.88,26.13,12.0,57.36,4.41,0.0,94.37,19.28
1994-11-24,17.91,25.83,12.17,65.33,5.2,0.0,94.35,19.64
1994-11-25,18.07,26.63,11.86,65.49,4.68,0.0,94.22,19.02
1994-11-26,18.68,26.81,12.19,62.78,3.89,0.0,94.12,19.54
1994-11-27,19.1,27.57,12.69,63.74,3.48,0.0,94.14,19.21
1994-11-28,19.66,27.99,12.59,62.37,2.87,0.0,94.11,19.3
1994-11-29,19.44,28.33,12.59,60.08,2.4,0.0,94.11,19.33
1994-11-30,18.36,27.42,11.62,58.45,2.46,0.0,94.18,19.16
1994-12-01,18.29,27.9,11.18,63.87,2.41,0.0,94.29,18.99
1994-12-02,18.6,28.18,10.72,60.92,2.8,0.0,94.3,18.97
1994-12-03,19.05,27.53,11.49,62.59,2.57,0.0,94.22,19.07
1994-12-04,19.77,27.35,11.9,60.09,2.41,0.0,94.32,18.83
1994-12-05,19.44,27.43,12.88,66.14,3.19,0.0,94.54,18.84
1994-12-06,18.79,26.75,13.03,66.53,3.48,0.0,94.44,18.77
1994-12-07,18.2,26.6,11.34,58.42,3.53,0.0,94.31,18.73
1994-12-08,18.49,26.7,10.64,55.54,2.53,0.0,94.29,18.7
1994-12-09,18.39,27.26,10.46,61.23,2.15,0.0,94.31,18.76
1994-12-10,17.44,26.75,10.34,74.47,2.4,0.0,94.28,18.49
1994-12-11,16.98,26.66,10.01,63.23,2.42,0.0,94.2,18.59
1994-12-12,17.29,27.16,9.59,56.61,2.58,0.0,94.18,18.24
1994-12-13,18.82,27.34,10.72,56.95,2.68,0.0,94.3,18.48
1994-12-14,18.21,27.13,11.26,63.42,2.82,0.0,94.37,18.39
1994-12-15,18.0,27.04,10.6,58.26,2.67,0.0,94.39,18.6
1994-12-16,18.79,27.16,11.42,54.79,3.3,0.0,94.25,18.36
1994-12-17,17.93,26.64,10.57,63.91,2.81,0.0,94.26,18.08
1994-12-18,19.04,27.21,11.23,58.71,2.7,0.0,94.43,18.07
1994-12-19,18.66,27.26,12.45,59.48,4.26,0.0,94.58,18.26
1994-12-20,18.28,26.96,12.08,54.6,4.36,0.0,94.6,18.0
1994-12-21,17.82,26.83,11.36,50.81,4.96,0.0,94.63,18.23
1994-12-22,16.94,26.21,10.6,45.15,5.0,0.0,94.61,18.02
1994-12-23,16.1,26.17,8.99,39.36,5.08,0.0,94.59,18.02
1994-12-24,16.51,26.71,9.21,40.67,4.74,0.0,94.46,18.42
1994-12-25,16.96,26.15,10.05,43.2,4.88,0.0,94.41,18.14
1994-12-26,17.75,26.72,10.8,44.09,4.85,0.0,94.3,17.97
1994-12-27,18.89,27.07,12.24,55.68,3.3,0.0,94.25,17.87
1994-12-28,18.33,23.37,14.24,64.46,1.82,0.0,94.3,17.8
1994-12-29,19.27,27.53,12.07,58.92,2.53,0.0,94.29,18.01
1994-12-30,19.27,27.74,12.87,55.98,3.11,0.0,94.34,18.4
1994-12-31,18.5,27.62,10.88,45.31,3.22,0.0,94.3,17.78
1995-01-01,18.18,28.01,9.72,46.38,2.66,0.0,94.28,17.01
1995-01-02,18.2,28.41,10.23,48.46,2.73,0.0,94.22,16.82
1995-01-03,18.0,27.41,11.53,50.96,2.49,0.0,94.14,17.24
1995-01-04,17.52,27.26,10.32,52.74,2.22,0.0,94.16,16.99
1995-01-05,18.45,27.56,10.58,56.39,2.73,0.0,94.22,17.79
1995-01-06,20.2,27.85,14.19,65.12,2.67,0.03,94.22,17.29
1995-01-07,20.02,26.63,15.18,76.18,2.88,1.61,94.24,17.82
1995-01-08,17.64,23.14,13.03,82.29,4.07,12.48,94.13,16.95
1995-01-09,15.73,23.5,9.98,69.21,2.01,0.0,94.26,17.2
1995-01-10,15.53,26.23,7.45,56.32,3.43,0.0,94.21,17.21
1995-01-11,15.86,25.07,9.83,55.88,2.91,0.0,94.24,17.35
1995-01-12,16.54,25.64,10.19,62.29,3.4,0.0,94.29,17.24
1995-01-13,16.59,25.8,9.06,49.28,3.52,0.0,94.22,17.13
1995-01-14,17.83,27.59,10.69,56.51,3.72,0.0,94.14,17.15
1995-01-15,19.11,27.99,12.05,67.29,2.97,0.0,94.18,17.26
1995-01-16,18.87,27.36,13.05,65.92,2.67,0.66,94.21,17.37
1995-01-17,18.64,26.12,13.01,72.61,4.69,1.01,94.42,17.49
1995-01-18,17.77,26.67,11.93,63.79,5.05,0.0,94.57,17.42
1995-01-19,18.4,27.57,10.23,46.88,3.5,0.0,94.5,17.67
1995-01-20,19.02,29.47,10.79,45.48,2.6,0.0,94.26,17.61
1995-01-21,19.27,30.29,11.0,43.29,2.77,0.0,94.21,17.79
1995-01-22,18.9,29.46,10.77,47.27,3.67,0.0,94.24,17.73
1995-01-23,17.92,28.48,9.96,40.98,3.78,0.0,94.33,18.44
1995-01-24,18.52,28.76,9.4,33.67,3.45,0.0,94.34,18.49
1995-01-25,18.37,28.85,9.57,44.31,2.7,0.0,94.39,18.34
1995-01-26,19.81,29.35,10.12,40.34,2.54,0.0,94.37,18.61
1995-01-27,20.24,29.09,11.93,42.76,2.79,0.0,94.35,18.26
1995-01-28,19.93,29.05,12.01,43.59,3.43,0.0,94.35,18.3
1995-01-29,19.57,29.05,12.22,42.43,3.83,0.0,94.35,18.42
1995-01-30,20.49,29.57,12.19,39.92,3.1,0.0,94.34,19.12
1995-01-31,21.55,30.19,12.71,43.77,2.85,0.0,94.31,18.77
1995-02-01,22.58,31.12,15.97,52.1,2.88,0.0,94.33,18.59
1995-02-02,23.21,32.06,16.53,54.1,2.89,0.0,94.28,18.44
1995-02-03,22.49,31.22,16.7,53.79,2.55,0.12,94.22,19.93
1995-02-04,21.57,31.05,14.96,48.57,2.65,0.28,94.2,19.98
1995-02-05,21.76,31.76,13.23,37.81,2.7,0.0,94.37,19.26
1995-02-06,24.8,33.05,17.93,48.0,3.17,0.0,94.37,18.19
1995-02-07,24.81,32.47,18.2,50.98,3.49,0.0,94.37,18.16
1995-02-08,24.01,32.75,16.92,50.92,2.53,0.0,94.26,18.99
1995-02-09,23.67,33.65,16.06,42.98,2.83,0.0,94.16,19.08
1995-02-10,23.68,34.29,15.32,35.7,2.81,0.0,94.11,20.53
1995-02-11,23.65,34.3,14.99,40.44,2.96,0.0,94.07,19.92
1995-02-12,23.39,32.68,17.67,47.69,2.91,0.0,94.1,20.79
1995-02-13,22.15,31.69,15.43,53.85,3.22,0.0,94.14,20.56
1995-02-14,20.85,29.69,14.85,68.21,3.42,0.0,94.13,20.39
1995-02-15,19.45,29.71,11.81,57.18,3.45,0.0,94.12,20.26
1995-02-16,20.7,32.73,11.12,40.09,3.13,0.0,94.0,19.7
1995-02-17,20.72,31.89,13.73,42.83,3.09,0.0,93.99,20.36
1995-02-18,20.57,31.52,13.06,50.42,2.48,0.0,94.01,22.23
1995-02-19,20.84,31.7,13.18,53.05,2.77,0.0,94.08,22.13
1995-02-20,21.98,33.27,12.85,49.79,2.88,0.0,94.08,22.38
1995-02-21,22.75,34.2,13.41,33.15,3.02,0.0,94.06,22.64
1995-02-22,22.36,32.91,14.46,38.31,3.66,0.0,93.98,22.71
1995-02-23,20.73,31.52,12.88,39.2,3.62,0.0,94.01,23.41
1995-02-24,21.15,33.45,11.54,30.97,2.63,0.0,94.0,22.42
1995-02-25,22.35,34.62,13.14,37.31,3.43,0.0,94.01,21.7
1995-02-26,21.41,31.94,14.2,55.76,3.33,0.0,94.0,21.9
1995-02-27,20.43,30.13,13.48,69.95,4.03,0.0,94.05,21.71
1995-02-28,22.09,32.27,15.12,61.11,3.11,0.0,94.03,22.23
1995-03-01,22.85,34.14,14.3,46.06,3.41,0.0,94.08,22.85
1995-03-02,23.63,35.5,14.15,38.68,2.72,0.0,94.16,22.89
1995-03-03,24.75,35.93,15.38,34.63,3.35,0.0,94.12,22.81
1995-03-04,25.6,36.74,16.36,29.97,3.35,0.0,94.06,24.45
1995-03-05,24.39,34.53,17.09,35.56,3.51,0.0,94.07,23.07
1995-03-06,23.15,33.8,14.6,47.96,3.73,0.0,94.03,22.57
1995-03-07,23.47,33.93,14.65,42.24,3.15,0.0,94.06,19.16
1995-03-08,24.59,35.06,15.7,42.57,3.15,0.0,94.0,22.4
1995-03-09,23.8,33.63,16.4,40.55,3.5,0.0,94.02,22.76
1995-03-10,23.47,34.04,15.21,23.27,3.28,0.0,94.01,23.18
1995-03-11,24.29,35.18,14.49,22.52,3.37,0.0,94.04,23.03
1995-03-12,25.45,36.07,15.88,27.48,3.26,0.0,94.01,23.31
1995-03-13,26.42,35.97,18.62,35.91,2.87,0.0,93.96,25.31
1995-03-14,27.43,36.76,19.12,42.57,2.83,0.62,94.04,23.55
1995-03-15,26.26,33.26,21.39,49.96,3.25,0.34,94.26,23.56
1995-03-16,27.09,35.84,20.28,47.42,3.3,0.01,94.23,22.36
1995-03-17,27.14,35.87,19.58,40.92,3.15,0.0,94.17,21.64
1995-03-18,27.2,36.69,18.67,36.36,3.21,0.0,94.21,23.06
1995-03-19,29.2,38.07,21.4,29.04,2.61,0.01,94.26,23.02
1995-03-20,29.91,38.0,22.74,27.81,2.39,0.01,94.16,22.93
1995-03-21,29.75,38.63,21.61,24.26,3.25,0.0,94.05,22.64
1995-03-22,29.51,37.72,22.01,23.02,3.02,0.0,93.96,23.26
1995-03-23,30.11,38.56,23.33,24.49,2.71,0.0,93.81,23.05
1995-03-24,30.14,39.06,23.39,28.63,3.92,0.04,93.79,22.75
1995-03-25,27.87,36.45,20.47,38.1,4.33,0.14,93.85,19.83
1995-03-26,24.79,34.12,17.41,52.89,3.56,0.0,93.84,23.55
1995-03-27,24.62,35.43,15.55,52.8,2.85,0.02,93.79,24.1
1995-03-28,25.22,36.46,16.01,55.68,3.48,0.0,93.79,23.34
1995-03-29,25.37,36.1,17.76,57.21,3.77,0.0,93.81,23.31
1995-03-30,24.99,34.83,18.36,56.99,4.14,0.0,93.82,24.16
1995-03-31,24.89,35.43,15.82,54.93,3.51,0.0,93.87,24.23
1995-04-01,24.91,35.79,16.11,50.36,3.6,0.0,93.83,25.11
1995-04-02,24.98,35.94,15.03,48.02,3.33,0.0,93.87,25.67
1995-04-03,28.41,38.83,18.59,29.04,2.9,0.0,93.89,23.44
1995-04-04,29.05,38.97,21.25,15.7,3.8,0.09,93.89,23.17
1995-04-05,28.48,38.79,20.27,18.35,3.15,0.01,93.84,25.08
1995-04-06,28.6,39.08,21.21,20.97,2.77,0.0,93.97,23.66
1995-04-07,27.39,38.42,17.73,26.49,3.43,0.0,93.88,24.34
1995-04-08,25.78,36.88,16.32,39.65,4.02,0.0,93.73,24.37
1995-04-09,26.04,36.41,16.77,52.51,3.88,0.0,93.83,25.46
1995-04-10,28.9,38.98,19.34,48.01,3.47,0.0,94.01,24.3
1995-04-11,30.7,39.22,23.62,32.4,3.44,0.0,94.0,24.09
1995-04-12,30.53,40.2,23.0,28.88,2.81,0.0,93.96,24.39
1995-04-13,29.48,39.2,22.23,27.74,3.76,0.0,93.88,24.11
1995-04-14,27.06,36.91,19.28,35.9,4.08,0.0,93.86,22.97
1995-04-15,26.47,36.7,18.03,38.02,3.9,0.0,93.91,24.82
1995-04-16,26.02,36.58,17.12,48.15,3.54,0.0,93.91,24.74
1995-04-17,27.09,35.94,18.49,39.49,2.98,0.0,93.89,24.6
1995-04-18,29.99,38.89,20.44,28.32,2.91,0.04,93.86,25.56
1995-04-19,28.72,34.02,23.73,42.16,3.51,0.01,93.94,27.33
1995-04-20,28.23,35.71,22.4,45.27,3.39,4.11,93.82,26.42
1995-04-21,29.13,38.03,21.77,45.17,2.94,3.06,93.74,26.27
1995-04-22,29.12,38.48,21.15,33.46,3.59,0.54,93.79,24.33
1995-04-23,29.69,39.56,20.49,27.4,3.55,0.0,93.84,24.48
1995-04-24,30.52,39.24,24.18,24.6,3.01,0.0,93.75,25.23
1995-04-25,30.46,39.9,21.49,29.44,3.84,0.0,93.72,24.21
1995-04-26,31.55,40.51,23.01,25.77,3.0,0.0,93.67,24.38
1995-04-27,32.13,40.83,24.51,31.48,2.86,0.0,93.68,21.55
1995-04-28,32.33,38.15,27.49,32.81,2.56,0.02,93.8,21.6
1995-04-29,30.66,36.18,25.83,38.27,2.8,0.17,93.84,20.78
1995-04-30,29.48,36.63,23.79,49.96,1.94,9.88,93.74,27.26
1995-05-01,28.67,36.29,21.83,54.47,2.44,5.15,93.55,21.9
1995-05-02,28.65,35.02,23.58,49.68,1.8,0.67,93.73,21.65
1995-05-03,30.14,38.41,22.34,43.42,2.61,0.06,93.66,23.1
1995-05-04,30.0,36.89,24.83,44.3,2.48,2.08,93.6,23.29
1995-05-05,30.16,38.99,22.58,38.55,3.17,0.64,93.39,24.8
1995-05-06,31.25,39.7,22.93,34.35,1.84,0.0,93.45,23.93
1995-05-07,30.48,37.65,24.9,45.66,2.9,0.1,93.61,23.3
1995-05-08,30.26,37.94,24.8,43.64,4.27,0.1,93.57,25.72
1995-05-09,29.67,38.44,23.76,47.17,3.8,1.83,93.35,25.87
1995-05-10,28.57,37.23,22.32,58.67,4.38,0.88,93.25,21.14
1995-05-11,27.55,35.46,22.35,62.29,5.66,1.15,93.41,11.75
1995-05-12,27.26,35.74,21.74,61.83,5.93,0.12,93.51,11.3
1995-05-13,27.63,37.11,21.22,62.77,5.28,0.25,93.36,20.26
1995-05-14,27.14,34.93,21.27,61.7,5.8,0.04,93.2,19.34
1995-05-15,26.63,34.36,21.67,67.25,7.38,0.1,93.28,24.08
1995-05-16,26.05,32.89,21.99,67.46,6.74,0.0,93.54,24.41
1995-05-17,26.29,33.87,21.42,62.26,6.38,0.0,93.68,25.91
1995-05-18,25.99,33.95,20.91,59.67,6.03,0.0,93.72,25.29
1995-05-19,25.73,33.73,20.19,60.19,4.78,0.0,93.81,25.47
1995-05-20,26.13,34.96,20.1,58.06,4.6,0.0,93.89,23.36
1995-05-21,26.2,34.4,20.29,59.17,4.75,0.0,93.81,23.28
1995-05-22,25.39,32.79,20.3,59.65,4.64,0.0,93.76,24.3
1995-05-23,26.69,35.27,19.96,55.83,3.85,0.0,93.76,25.39
1995-05-24,27.5,35.43,20.29,52.68,3.46,0.0,93.77,24.42
1995-05-25,29.2,36.92,21.59,51.32,3.25,0.0,93.78,19.1
1995-05-26,28.87,36.57,23.09,59.0,2.7,8.7,93.81,16.95
1995-05-27,27.27,33.26,22.57,66.25,2.89,1.5,93.79,26.28
1995-05-28,28.88,37.88,21.88,58.45,3.09,0.03,93.67,24.87
1995-05-29,28.81,35.89,24.22,53.71,3.23,0.39,93.67,14.17
1995-05-30,28.07,34.7,22.55,60.89,4.19,0.09,93.67,22.33
1995-05-31,28.5,36.41,22.66,60.08,5.27,0.17,93.69,24.54
1995-06-01,29.38,37.8,22.2,55.81,5.04,0.03,93.64,25.58
1995-06-02,29.91,38.68,22.54,53.68,5.1,0.0,93.47,22.21
1995-06-03,29.75,38.03,23.51,56.25,5.34,0.0,93.44,20.97
1995-06-04,28.47,36.37,23.04,61.2,5.67,0.0,93.48,25.25
1995-06-05,28.34,35.85,22.93,62.27,5.85,0.0,93.46,25.53
1995-06-06,28.24,35.63,23.24,62.98,6.12,0.0,93.52,25.55
1995-06-07,28.3,35.87,23.29,63.76,6.52,0.0,93.52,24.15
1995-06-08,28.25,35.32,23.46,64.07,6.35,0.0,93.51,21.55
1995-06-09,28.13,35.42,22.88,61.23,5.99,0.0,93.4,23.56
1995-06-10,26.85,31.89,23.1,65.59,6.29,0.0,93.34,22.57
1995-06-11,27.57,34.44,22.79,63.55,5.92,0.0,93.29,23.94
1995-06-12,28.26,34.89,23.22,64.98,5.43,0.44,93.24,22.46
1995-06-13,28.26,34.46,23.21,64.23,2.89,0.09,93.16,15.38
1995-06-14,25.29,27.77,22.29,79.08,4.49,8.78,93.24,21.43
1995-06-15,25.13,30.67,21.46,76.6,4.1,11.81,93.4,23.62
1995-06-16,25.8,29.46,22.76,80.14,5.13,3.32,93.49,18.14
1995-06-17,25.75,29.43,23.74,80.96,6.05,5.05,93.39,10.32
1995-06-18,25.14,28.77,22.5,80.79,6.3,5.07,93.46,19.02
1995-06-19,25.56,31.07,22.09,75.7,6.16,1.07,93.5,19.58
1995-06-20,25.83,31.09,21.86,74.8,5.69,0.78,93.51,13.02
1995-06-21,26.34,31.03,23.18,75.66,6.22,2.91,93.52,10.58
1995-06-22,25.74,30.51,22.75,78.32,5.8,10.65,93.45,15.52
1995-06-23,26.11,31.78,22.06,75.72,5.44,2.46,93.43,20.22
1995-06-24,25.9,31.94,22.23,76.75,5.15,3.39,93.4,21.33
1995-06-25,26.18,32.36,22.53,75.68,4.88,1.28,93.48,19.48
1995-06-26,25.22,29.13,22.81,81.68,4.61,3.84,93.47,11.9
1995-06-27,25.67,30.84,22.9,80.39,5.05,4.61,93.34,8.31
1995-06-28,25.72,30.7,22.68,78.08,4.93,0.5,93.2,11.84
1995-06-29,24.52,28.19,22.72,85.61,5.42,44.35,93.18,9.77
1995-06-30,23.36,25.2,21.95,86.76,6.71,10.69,93.28,11.06
1995-07-01,24.42,27.65,22.17,84.98,7.61,0.71,93.22,11.44
1995-07-02,25.36,29.81,22.68,80.97,7.62,0.69,93.22,12.93
1995-07-03,25.55,30.29,22.47,79.71,7.03,1.68,93.4,19.19
1995-07-04,25.74,30.59,21.99,78.94,5.58,1.01,93.42,22.46
1995-07-05,26.04,31.34,22.58,77.29,4.83,2.31,93.24,18.78
1995-07-06,25.79,31.02,22.28,77.57,4.73,0.48,93.22,15.37
1995-07-07,24.37,28.23,22.21,82.33,4.28,0.44,93.29,19.38
1995-07-08,24.59,28.66,21.91,85.1,4.3,6.89,93.23,13.77
1995-07-09,25.82,30.8,23.0,81.62,4.81,5.74,93.11,17.18
1995-07-10,25.34,29.6,22.85,83.29,6.78,3.76,92.9,10.29
1995-07-11,24.98,28.41,23.1,85.49,6.71,10.85,92.92,11.26
1995-07-12,24.82,28.15,22.99,84.98,8.54,11.54,93.08,9.67
1995-07-13,24.61,27.46,22.98,87.22,7.92,39.15,93.29,8.29
1995-07-14,24.43,28.33,22.38,86.64,7.25,16.38,93.33,10.74
1995-07-15,23.84,25.93,22.58,88.51,7.21,13.75,93.21,8.09
1995-07-16,23.68,26.74,21.87,88.03,8.29,14.56,93.19,8.85
1995-07-17,23.76,26.23,22.37,88.64,9.11,20.2,93.22,9.16
1995-07-18,23.4,25.69,22.01,88.59,9.01,19.62,93.24,9.0
1995-07-19,23.37,25.04,22.16,90.79,8.75,42.5,93.17,5.46
1995-07-20,23.63,26.36,21.8,88.97,10.07,51.14,93.19,6.92
1995-07-21,23.24,25.26,22.29,92.49,8.61,49.39,93.34,8.41
1995-07-22,23.56,26.42,22.26,90.2,6.7,19.03,93.5,11.9
1995-07-23,23.03,25.43,21.62,91.19,6.08,17.98,93.56,9.45
1995-07-24,22.88,25.79,20.64,90.19,6.67,7.97,93.45,8.92
1995-07-25,23.67,27.31,21.78,87.26,7.44,5.25,93.46,9.99
1995-07-26,23.89,27.4,21.58,87.46,6.82,19.73,93.53,9.4
1995-07-27,23.92,27.85,21.44,87.8,5.88,13.87,93.54,11.63
1995-07-28,23.91,27.92,21.78,88.54,5.0,2.59,93.45,13.99
1995-07-29,23.72,27.36,21.68,90.31,4.22,3.79,93.17,11.11
1995-07-30,23.39,26.07,21.97,91.42,5.66,7.89,93.05,11.45
1995-07-31,24.11,27.25,22.26,88.56,6.23,11.51,93.26,15.38
1995-08-01,23.42,25.96,22.05,90.32,6.56,2.48,93.4,11.24
1995-08-02,23.66,26.75,22.22,89.02,7.66,3.67,93.32,8.94
1995-08-03,23.14,25.17,21.7,90.31,7.51,7.26,93.18,12.07
1995-08-04,23.29,26.49,21.29,89.61,6.39,10.1,93.42,12.75
1995-08-05,23.85,27.71,21.38,88.29,6.11,3.85,93.57,12.61
1995-08-06,23.8,27.79,21.67,87.46,6.29,1.53,93.5,11.03
1995-08-07,23.04,26.24,21.39,89.05,7.51,2.19,93.42,11.99
1995-08-08,23.49,27.06,21.49,87.44,7.61,0.74,93.33,12.06
1995-08-09,23.8,27.82,21.44,86.99,6.35,0.87,93.43,16.37
1995-08-10,23.9,27.87,21.15,87.03,4.03,1.41,93.54,18.33
1995-08-11,24.02,28.63,20.71,86.89,3.3,0.78,93.75,16.18
1995-08-12,23.71,27.66,21.57,87.56,4.09,3.98,93.74,16.79
1995-08-13,23.74,27.85,21.24,85.84,6.25,1.42,93.53,16.91
1995-08-14,23.5,26.95,21.37,86.97,6.87,0.65,93.53,15.15
1995-08-15,23.71,27.66,21.42,86.17,5.99,2.43,93.71,11.99
1995-08-16,23.56,27.73,20.75,86.58,4.57,1.55,93.71,12.24
1995-08-17,23.55,28.17,19.94,85.36,3.51,0.86,93.66,20.81
1995-08-18,23.84,28.55,20.72,85.8,4.0,1.81,93.72,22.72
1995-08-19,23.51,27.48,20.79,86.37,4.18,0.63,93.77,22.87
1995-08-20,23.2,27.05,20.5,86.29,4.3,0.57,93.78,19.26
1995-08-21,23.7,28.28,20.38,86.64,4.18,1.06,93.67,19.74
1995-08-22,23.93,28.52,20.48,86.24,4.16,0.91,93.58,21.45
1995-08-23,23.5,27.06,20.84,87.15,3.51,0.33,93.56,22.32
1995-08-24,23.86,28.05,20.49,84.29,3.21,0.23,93.55,23.86
1995-08-25,24.11,28.81,20.41,84.4,3.48,0.77,93.53,17.36
1995-08-26,23.91,27.89,21.06,85.09,4.32,1.37,93.47,13.51
1995-08-27,24.08,27.87,21.45,86.4,5.73,3.97,93.4,17.24
1995-08-28,23.97,27.44,22.25,88.09,5.97,7.17,93.31,13.94
1995-08-29,23.57,25.69,22.25,88.62,6.42,7.83,93.18,11.89
1995-08-30,24.12,27.95,21.85,88.4,5.89,11.1,93.07,11.64
1995-08-31,23.76,25.56,22.62,92.86,6.72,32.54,92.94,12.68
1995-09-01,22.38,23.46,21.23,93.36,7.58,35.32,93.02,8.54
1995-09-02,23.63,26.15,22.52,93.29,7.54,32.88,93.0,3.72
1995-09-03,22.58,24.56,20.74,92.3,7.63,90.81,93.2,13.29
1995-09-04,22.51,26.14,20.31,89.38,5.69,15.87,93.44,17.15
1995-09-05,22.53,26.37,19.86,88.24,4.72,2.45,93.61,21.77
1995-09-06,23.34,27.3,20.84,88.22,4.88,4.54,93.65,13.34
1995-09-07,21.66,25.6,17.63,88.47,3.5,12.74,93.75,21.61
1995-09-08,21.67,26.54,17.35,87.86,2.89,2.07,93.84,17.55
1995-09-09,22.52,27.27,18.96,86.55,2.57,0.77,93.89,20.0
1995-09-10,22.34,27.15,18.43,84.59,2.63,0.13,93.89,22.16
1995-09-11,22.5,26.55,19.92,83.51,1.94,1.45,93.86,14.05
1995-09-12,23.84,28.99,19.37,85.67,2.25,6.28,93.83,11.05
1995-09-13,24.31,28.39,21.87,89.28,1.69,33.4,93.75,7.66
1995-09-14,23.68,25.99,22.14,92.17,2.38,39.77,93.67,15.74
1995-09-15,23.79,27.1,21.72,91.13,3.9,14.11,93.69,19.9
1995-09-16,23.92,27.89,21.0,89.25,4.25,0.65,93.65,18.06
1995-09-17,23.9,27.96,20.97,88.09,3.57,0.37,93.69,19.55
1995-09-18,23.29,26.73,20.9,90.23,3.55,2.92,93.77,11.53
1995-09-19,22.94,26.76,20.45,90.26,3.14,0.47,93.77,16.68
1995-09-20,23.46,27.77,20.52,89.17,3.78,0.05,93.82,20.86
1995-09-21,23.27,27.61,20.26,87.97,3.35,0.01,93.87,20.2
1995-09-22,22.83,27.47,19.66,87.67,3.45,0.07,93.84,20.08
1995-09-23,22.74,27.2,19.67,89.0,3.46,3.95,93.78,14.81
1995-09-24,22.82,27.35,19.6,88.59,2.91,2.84,93.82,19.39
1995-09-25,23.0,27.15,19.91,88.49,3.11,0.63,93.77,21.72
1995-09-26,22.59,24.75,21.17,92.38,3.2,0.44,93.75,11.12
1995-09-27,23.63,28.26,20.81,87.87,2.27,1.28,93.81,10.32
1995-09-28,23.82,28.08,20.72,88.69,2.29,17.77,93.84,16.84
1995-09-29,24.01,28.45,20.93,87.47,2.41,1.73,93.8,18.56
1995-09-30,24.57,29.0,21.16,86.65,2.13,1.86,93.75,16.33
1995-10-01,24.85,29.23,20.65,81.96,2.69,7.6,93.76,17.27
1995-10-02,25.0,29.93,20.24,79.51,2.56,4.28,93.9,21.81
1995-10-03,23.88,28.2,20.71,86.97,1.74,1.56,93.95,19.74
1995-10-04,23.67,27.17,21.12,89.49,2.14,4.69,93.86,20.53
1995-10-05,24.28,28.43,20.89,86.37,2.39,15.4,93.83,20.25
1995-10-06,24.79,30.74,19.83,78.55,2.68,0.7,93.81,20.31
1995-10-07,24.68,29.68,20.17,80.05,2.75,4.05,93.8,16.58
1995-10-08,24.77,30.03,20.91,77.84,2.42,3.88,93.74,21.43
1995-10-09,23.52,29.65,18.69,73.93,3.25,0.15,93.7,21.76
1995-10-10,23.22,27.98,18.82,84.92,2.42,9.18,93.51,16.98
1995-10-11,23.98,27.26,20.76,88.85,2.33,7.89,93.41,15.6
1995-10-12,23.4,26.07,21.54,93.31,3.22,12.71,93.46,13.66
1995-10-13,23.4,27.71,20.56,88.77,2.83,3.14,93.67,17.67
1995-10-14,22.97,27.05,20.41,89.24,3.27,0.51,93.81,19.55
1995-10-15,22.98,27.16,20.08,90.04,2.18,5.53,93.76,16.39
1995-10-16,22.68,26.33,20.48,90.66,2.31,1.2,93.85,17.51
1995-10-17,23.67,28.35,20.31,88.47,2.91,1.11,93.87,17.57
1995-10-18,23.99,28.34,20.67,88.87,3.21,2.84,93.84,14.93
1995-10-19,23.21,27.36,19.71,86.78,2.38,7.6,93.79,18.79
1995-10-20,22.08,28.12,17.75,82.12,3.16,0.49,93.79,22.36
1995-10-21,21.08,28.21,15.39,70.24,4.19,0.0,93.88,22.11
1995-10-22,21.96,28.47,16.1,76.0,4.96,0.0,93.93,21.25
1995-10-23,23.11,27.55,20.07,84.02,4.49,0.99,94.02,19.81
1995-10-24,23.2,28.54,19.44,83.38,4.92,3.66,94.1,19.71
1995-10-25,23.3,28.43,19.21,80.7,4.12,0.2,94.08,19.79
1995-10-26,22.99,28.77,18.1,74.17,3.76,0.02,94.07,20.36
1995-10-27,21.34,27.86,17.36,72.02,3.93,0.0,93.98,20.39
1995-10-28,21.41,28.82,15.75,67.91,3.83,0.0,93.9,19.95
1995-10-29,21.72,28.94,16.02,69.51,3.44,0.0,93.87,20.83
1995-10-30,21.64,29.15,15.81,71.19,2.74,0.0,93.78,21.01
1995-10-31,21.48,29.16,14.91,67.41,2.67,0.0,93.76,21.11
1995-11-01,21.23,28.87,15.72,70.61,3.42,0.0,93.85,20.63
1995-11-02,20.44,27.97,14.79,68.58,3.79,0.0,93.98,20.92
1995-11-03,19.94,27.63,14.09,65.89,3.59,0.0,94.04,20.58
1995-11-04,19.0,27.42,12.0,64.64,2.85,0.0,93.94,20.02
1995-11-05,19.48,27.3,12.08,66.37,2.52,0.0,93.91,20.63
1995-11-06,19.75,27.22,12.88,65.21,2.86,0.0,93.91,20.58
1995-11-07,19.47,27.64,12.48,65.17,2.97,0.0,93.94,20.99
1995-11-08,19.09,27.71,12.58,68.9,3.42,0.0,93.85,21.32
1995-11-09,18.97,27.2,11.95,66.52,2.89,0.0,93.72,20.98
1995-11-10,19.83,26.05,15.75,73.44,1.88,0.0,93.86,20.22
1995-11-11,20.11,27.92,13.89,79.55,1.75,0.0,94.05,20.31
1995-11-12,21.3,28.92,14.92,74.27,2.06,0.0,94.08,19.91
1995-11-13,21.75,29.57,15.54,70.67,2.55,0.0,94.2,18.92
1995-11-14,20.36,28.79,14.03,66.83,3.29,0.0,94.27,20.18
1995-11-15,19.67,28.5,12.83,61.79,3.27,0.0,94.05,20.5
1995-11-16,19.37,27.75,11.74,58.52,2.85,0.0,93.92,21.01
1995-11-17,19.05,27.4,11.13,59.9,2.39,0.0,93.99,20.95
1995-11-18,19.55,28.11,12.84,70.92,2.78,0.0,93.99,20.1
1995-11-19,19.26,27.97,12.52,59.72,3.64,0.0,93.96,20.22
1995-11-20,19.27,27.72,12.24,64.04,3.16,0.01,94.03,19.45
1995-11-21,20.65,28.13,14.14,76.06,2.85,0.0,94.07,17.83
1995-11-22,20.45,24.46,17.74,83.62,2.22,0.27,94.13,11.19
1995-11-23,20.45,25.46,17.0,80.35,4.46,0.64,94.12,15.41
1995-11-24,19.58,24.25,16.08,81.0,3.56,0.61,94.04,18.37
1995-11-25,20.98,27.48,16.8,74.17,2.26,0.02,93.97,18.53
1995-11-26,20.04,27.6,14.28,73.2,2.13,0.0,94.09,18.53
1995-11-27,20.45,26.79,15.3,73.87,1.98,0.1,94.21,17.15
1995-11-28,20.35,25.14,17.01,75.32,1.23,0.01,94.23,15.85
1995-11-29,20.19,26.35,15.79,80.12,1.9,0.0,94.32,18.23
1995-11-30,20.31,28.23,14.39,76.67,2.29,0.0,94.31,17.64
1995-12-01,20.29,27.92,14.58,71.51,2.64,0.0,94.23,17.71
1995-12-02,20.01,27.32,14.82,72.02,2.22,0.0,94.33,18.3
1995-12-03,19.67,26.95,15.09,74.87,2.3,0.0,94.38,18.48
1995-12-04,19.07,27.03,13.78,69.56,2.37,0.0,94.3,18.92
1995-12-05,19.26,28.25,12.36,57.97,2.66,0.0,94.27,19.3
1995-12-06,19.72,28.29,12.39,63.28,2.69,0.0,94.34,19.49
1995-12-07,20.32,28.18,14.28,69.54,2.66,0.0,94.39,18.73
1995-12-08,19.44,27.37,13.06,56.99,3.6,0.0,94.42,18.97
1995-12-09,19.01,26.61,12.21,59.37,2.91,0.0,94.34,18.59
1995-12-10,18.78,26.62,11.75,61.92,2.49,0.0,94.3,17.87
1995-12-11,19.33,27.67,11.69,55.04,2.88,0.0,94.4,17.86
1995-12-12,19.03,27.76,12.8,62.16,4.25,0.0,94.46,18.1
1995-12-13,19.97,28.27,12.39,56.92,2.49,0.0,94.48,18.28
1995-12-14,19.94,28.32,11.97,58.41,1.76,0.0,94.4,18.84
1995-12-15,20.04,28.55,13.62,56.92,1.93,0.0,94.37,18.71
1995-12-16,20.19,28.44,12.22,57.23,2.52,0.0,94.47,18.53
1995-12-17,20.24,28.78,12.83,57.22,2.94,0.0,94.51,18.59
1995-12-18,20.22,28.72,13.15,58.2,3.29,0.0,94.54,18.07
1995-12-19,20.46,28.69,13.62,58.83,3.58,0.0,94.51,17.27
1995-12-20,20.27,28.48,13.11,55.3,2.88,0.0,94.46,16.87
1995-12-21,19.92,27.83,12.74,54.48,2.63,0.0,94.38,17.13
1995-12-22,19.84,28.65,13.08,59.81,2.55,0.0,94.42,17.93
1995-12-23,19.25,28.4,12.39,62.44,2.69,0.0,94.37,18.01
1995-12-24,19.04,26.51,13.72,62.24,2.31,0.0,94.24,18.5
1995-12-25,18.09,26.62,10.51,58.99,2.36,0.0,94.29,17.87
1995-12-26,19.63,27.6,13.16,67.61,3.52,0.0,94.37,17.97
1995-12-27,20.61,28.3,13.92,64.1,2.78,0.0,94.45,16.83
1995-12-28,20.41,28.0,13.91,63.21,2.73,0.0,94.5,17.05
1995-12-29,20.18,27.57,14.66,71.09,3.34,0.0,94.41,15.93
1995-12-30,20.09,26.69,15.49,76.45,1.86,0.0,94.27,15.38
1995-12-31,20.08,26.53,15.76,76.78,1.99,0.0,94.23,14.59
1996-01-01,19.94,27.29,14.78,77.58,1.98,0.0,94.26,13.82
1996-01-02,19.22,25.66,14.88,79.13,1.87,0.0,94.33,14.83
1996-01-03,19.54,27.76,13.43,72.84,2.5,0.01,94.31,16.44
1996-01-04,20.08,28.91,13.79,70.13,2.83,0.0,94.15,16.68
1996-01-05,20.05,28.5,13.75,75.89,2.61,0.0,94.08,16.77
1996-01-06,19.62,28.41,14.23,73.95,2.85,0.0,94.14,16.83
1996-01-07,19.47,28.54,12.82,66.93,2.35,0.0,94.19,16.57
1996-01-08,20.05,29.03,13.48,66.19,2.64,0.0,94.27,15.77
1996-01-09,20.11,28.98,13.51,70.23,2.88,0.0,94.26,16.63
1996-01-10,19.82,27.9,14.18,72.6,2.54,0.0,94.18,16.77
1996-01-11,20.37,28.74,14.02,63.48,2.23,0.0,94.01,16.87
1996-01-12,20.28,29.41,13.87,55.15,2.52,0.0,94.04,18.06
1996-01-13,19.74,29.4,13.03,57.07,2.4,0.0,94.11,18.43
1996-01-14,19.64,28.84,13.82,70.47,2.89,0.0,93.92,17.89
1996-01-15,19.11,26.14,15.1,78.44,3.91,0.0,93.93,17.43
1996-01-16,19.49,27.28,14.63,78.84,2.89,0.52,94.04,15.89
1996-01-17,18.38,28.54,11.49,63.87,2.78,0.0,94.18,17.41
1996-01-18,18.28,29.75,10.9,45.54,3.03,0.0,94.2,17.47
1996-01-19,18.13,29.85,9.65,41.63,2.65,0.0,94.09,19.3
1996-01-20,18.43,29.98,9.78,39.69,2.98,0.0,94.04,19.96
1996-01-21,19.21,30.39,10.14,36.19,2.88,0.0,94.01,19.88
1996-01-22,19.84,30.31,11.14,41.57,3.01,0.0,94.15,18.81
1996-01-23,21.59,30.7,13.24,44.31,2.67,0.0,94.24,18.72
1996-01-24,21.4,30.85,13.4,40.55,3.3,0.0,94.21,18.21
1996-01-25,21.24,31.13,13.26,45.07,2.43,0.0,94.17,17.85
1996-01-26,21.48,31.18,14.21,48.66,3.0,0.0,94.01,17.5
1996-01-27,21.93,31.86,13.93,47.34,2.35,0.0,94.06,17.38
1996-01-28,22.44,32.02,14.9,43.82,2.82,0.0,94.13,18.3
1996-01-29,23.18,32.42,15.14,44.31,2.69,0.0,94.15,18.62
1996-01-30,22.91,32.81,15.25,43.56,2.72,0.0,94.07,19.64
1996-01-31,22.54,33.08,14.71,38.53,2.84,0.0,94.06,20.13
1996-02-01,21.7,31.78,14.01,44.7,2.99,6.07,94.02,19.56
1996-02-02,21.91,32.02,14.08,38.36,2.63,0.0,94.04,19.42
1996-02-03,21.81,31.93,13.26,37.89,2.77,0.0,94.04,18.28
1996-02-04,23.24,32.3,16.46,46.09,2.8,0.0,94.07,18.66
1996-02-05,23.86,32.31,15.94,43.5,2.24,0.0,94.04,18.14
1996-02-06,23.94,32.66,16.4,45.57,2.59,0.0,94.05,17.17
1996-02-07,23.78,32.64,16.48,44.02,3.13,0.0,94.08,15.0
1996-02-08,23.08,30.86,16.14,42.7,3.1,0.0,94.02,17.96
1996-02-09,21.2,29.7,14.78,47.07,3.19,0.18,94.0,21.34
1996-02-10,19.23,29.26,11.6,45.33,2.84,0.02,94.14,21.57
1996-02-11,19.13,30.04,10.59,32.71,3.19,0.0,94.24,21.23
1996-02-12,20.68,30.96,11.2,36.77,3.16,0.0,94.15,19.87
1996-02-13,21.91,30.67,13.98,44.58,3.11,0.0,94.03,17.9
1996-02-14,23.1,32.26,16.75,40.09,3.13,0.01,93.93,18.71
1996-02-15,22.4,31.47,15.53,42.95,3.07,0.0,93.87,19.81
1996-02-16,24.19,32.61,14.39,41.61,3.13,0.0,93.85,19.91
1996-02-17,26.74,34.41,19.91,46.05,2.44,0.0,93.96,19.83
1996-02-18,26.29,34.85,18.0,39.27,2.65,0.0,94.1,21.19
1996-02-19,24.87,35.06,16.42,36.94,3.37,0.0,94.11,22.02
1996-02-20,24.7,34.49,17.9,39.1,3.35,0.0,93.96,21.53
1996-02-21,22.97,33.64,15.96,46.45,3.39,0.0,93.94,22.08
1996-02-22,22.94,33.96,15.67,54.32,2.62,0.0,93.98,20.35
1996-02-23,23.11,35.04,15.03,59.58,3.04,0.0,94.08,21.67
1996-02-24,22.02,33.01,13.75,56.13,2.91,0.0,94.1,21.55
1996-02-25,21.56,30.68,14.74,65.57,3.51,0.0,94.08,21.87
1996-02-26,21.67,30.48,16.09,62.09,4.18,0.0,94.14,22.18
1996-02-27,22.78,33.28,14.84,43.73,2.68,0.0,94.18,22.65
1996-02-28,24.46,35.25,15.52,40.4,2.54,0.0,94.1,23.0
1996-02-29,25.41,36.0,16.37,36.35,2.93,0.0,94.12,22.86
1996-03-01,25.68,36.26,16.78,31.83,2.75,0.0,94.2,22.48
1996-03-02,25.22,35.28,18.01,35.43,3.18,0.0,94.14,21.62
1996-03-03,24.41,34.52,15.86,31.8,3.01,0.0,94.04,22.42
1996-03-04,24.36,34.73,15.54,22.72,3.09,0.0,94.15,23.11
1996-03-05,24.37,35.13,15.5,23.16,3.0,0.0,94.15,23.02
1996-03-06,24.88,35.76,15.49,25.51,2.69,0.0,94.05,22.32
1996-03-07,25.52,36.19,16.13,27.38,2.66,0.0,94.06,24.14
1996-03-08,26.62,37.11,17.08,22.9,2.96,0.0,94.05,23.6
1996-03-09,27.19,37.53,17.49,23.82,2.96,0.0,94.05,23.16
1996-03-10,27.86,37.65,18.64,25.01,3.08,0.0,93.97,23.33
1996-03-11,27.7,38.24,20.05,42.98,1.89,0.0,93.97,22.71
1996-03-12,27.76,36.74,19.73,42.41,1.55,0.0,94.04,22.55
1996-03-13,28.69,37.73,21.87,36.11,2.0,0.0,93.9,22.78
1996-03-14,28.23,37.8,20.68,49.26,2.57,0.0,93.78,22.42
1996-03-15,27.98,37.72,20.67,51.0,3.2,0.0,93.75,22.91
1996-03-16,26.74,36.17,19.82,60.84,4.13,0.0,93.79,23.32
1996-03-17,25.91,34.87,20.19,60.56,3.89,0.0,93.81,22.95
1996-03-18,25.73,35.5,18.22,56.51,3.55,0.0,93.84,24.37
1996-03-19,26.55,36.3,19.44,44.17,3.76,0.0,93.77,24.99
1996-03-20,26.5,36.79,17.74,43.19,3.51,0.0,93.69,23.44
1996-03-21,27.46,37.59,19.29,35.1,3.42,0.0,93.8,22.92
1996-03-22,28.01,38.19,18.53,41.43,3.64,0.0,93.89,23.08
1996-03-23,29.68,38.91,21.43,27.21,3.67,0.0,93.84,23.02
1996-03-24,30.16,39.85,21.85,24.84,3.29,0.0,93.8,23.79
1996-03-25,29.92,40.34,20.76,30.61,3.48,0.0,93.75,24.51
1996-03-26,28.15,38.45,19.9,39.54,4.15,0.0,93.69,24.58
1996-03-27,26.53,37.68,17.34,51.12,4.17,0.0,93.7,25.95
1996-03-28,27.86,39.64,17.94,50.94,4.14,0.0,93.73,25.71
1996-03-29,28.1,39.6,19.11,43.57,4.52,0.0,93.6,24.79
1996-03-30,26.6,37.91,18.15,48.84,3.78,0.0,93.6,23.02
1996-03-31,26.03,36.71,16.74,43.64,3.87,0.0,93.69,23.51
1996-04-01,27.37,38.76,17.32,14.59,3.55,0.0,93.63,23.58
1996-04-02,27.76,39.86,17.17,18.17,3.26,0.0,93.64,24.23
1996-04-03,27.94,39.91,17.87,26.53,3.29,0.0,93.67,25.16
1996-04-04,26.55,38.5,17.05,43.04,3.15,0.0,93.7,25.86
1996-04-05,26.44,38.01,17.59,45.16,3.18,0.0,93.77,24.3
1996-04-06,27.67,38.21,17.43,35.14,2.99,0.0,93.84,24.5
1996-04-07,29.68,38.77,20.57,22.12,3.64,0.0,93.98,25.67
1996-04-08,30.82,38.4,24.69,20.01,3.31,0.0,93.97,20.04
1996-04-09,28.96,38.66,21.47,20.47,4.34,0.04,93.83,23.37
1996-04-10,27.22,37.59,18.3,32.75,4.05,0.02,93.75,23.53
1996-04-11,26.19,36.58,17.2,45.81,3.66,0.0,93.74,24.22
1996-04-12,28.01,38.55,18.28,38.72,2.9,0.0,93.76,24.31
1996-04-13,28.3,36.91,20.33,42.22,2.1,1.08,93.93,24.94
1996-04-14,28.86,35.57,22.42,45.62,2.38,1.37,94.01,25.98
1996-04-15,28.44,34.28,22.91,44.69,1.83,0.0,94.01,22.95
1996-04-16,27.94,36.26,21.28,47.81,3.47,0.27,93.84,27.5
1996-04-17,27.5,36.92,20.58,55.09,3.94,0.25,93.79,25.52
1996-04-18,27.72,37.84,19.73,54.98,3.63,0.0,93.83,23.3
1996-04-19,27.37,36.05,20.8,52.63,4.48,0.0,93.91,24.68
1996-04-20,27.41,37.09,20.63,49.24,4.24,0.0,93.87,24.01
1996-04-21,26.38,36.46,18.45,53.89,4.34,0.0,93.84,26.72
1996-04-22,26.86,37.23,18.12,52.59,3.56,0.0,93.85,26.7
1996-04-23,28.19,39.11,18.21,46.37,3.37,0.0,93.82,26.82
1996-04-24,28.64,38.87,19.98,41.93,4.37,0.0,93.81,27.28
1996-04-25,28.64,39.42,18.84,50.56,4.09,0.0,93.68,25.65
1996-04-26,28.58,39.18,20.65,54.15,4.31,0.0,93.62,26.45
1996-04-27,28.3,38.29,20.94,56.75,4.63,0.0,93.64,23.97
1996-04-28,28.95,39.85,20.91,55.64,4.77,0.0,93.66,25.01
1996-04-29,28.85,39.27,20.78,55.51,5.27,0.0,93.65,24.27
1996-04-30,29.45,40.1,21.27,54.73,4.96,0.0,93.58,25.57
1996-05-01,28.85,38.83,20.93,52.93,5.12,0.0,93.61,26.68
1996-05-02,28.51,38.41,20.7,53.49,4.89,0.0,93.72,25.62
1996-05-03,28.69,38.01,19.82,45.14,4.59,0.0,93.78,25.62
1996-05-04,28.72,38.52,19.35,34.83,4.53,0.0,93.78,25.83
1996-05-05,28.37,38.09,19.43,39.48,4.16,0.0,93.64,26.3
1996-05-06,28.3,38.13,20.01,52.54,4.02,0.0,93.62,24.91
1996-05-07,28.9,39.18,20.61,51.02,3.96,0.0,93.71,24.9
1996-05-08,28.73,38.73,20.72,53.34,4.36,0.0,93.76,23.54
1996-05-09,27.34,36.54,21.11,57.71,5.32,0.0,93.82,23.38
1996-05-10,26.49,35.7,19.03,53.93,4.73,0.0,93.9,26.81
1996-05-11,26.57,36.48,17.86,46.82,4.12,0.0,94.07,26.95
1996-05-12,26.54,36.89,17.38,52.82,4.08,0.0,94.09,26.41
1996-05-13,26.23,35.67,18.56,58.27,4.83,0.0,94.06,25.59
1996-05-14,26.09,34.85,19.84,61.19,5.36,0.0,93.93,25.16
1996-05-15,26.71,36.39,18.98,57.74,4.55,0.0,93.94,24.08
1996-05-16,27.97,37.39,21.04,57.02,4.57,0.0,94.02,24.53
1996-05-17,28.8,38.53,21.06,53.23,4.38,0.0,93.95,24.22
1996-05-18,28.62,37.61,21.27,56.9,4.95,0.0,93.82,23.32
1996-05-19,28.05,36.53,21.95,55.51,4.97,0.0,93.82,24.43
1996-05-20,27.76,36.98,20.66,56.28,4.29,0.0,93.9,26.38
1996-05-21,29.01,39.36,21.32,55.65,4.82,0.0,93.83,25.72
1996-05-22,30.0,40.16,21.62,53.5,4.47,0.0,93.71,25.65
1996-05-23,29.83,38.16,23.52,51.42,4.79,0.02,93.69,25.22
1996-05-24,27.84,34.93,23.57,59.83,4.48,2.91,93.77,12.37
1996-05-25,30.08,38.77,23.28,56.15,4.71,0.94,93.72,23.37
1996-05-26,30.54,39.6,23.75,54.74,4.35,0.0,93.64,24.4
1996-05-27,28.02,34.8,23.24,62.28,5.18,0.03,93.61,22.62
1996-05-28,27.62,35.32,22.39,60.28,5.65,0.06,93.44,24.87
1996-05-29,27.89,36.37,22.04,59.12,5.16,0.0,93.32,24.89
1996-05-30,29.2,38.07,22.47,58.22,4.84,0.0,93.48,25.76
1996-05-31,29.53,36.91,23.97,58.09,3.77,0.0,93.65,24.78
1996-06-01,27.63,33.06,24.29,61.92,4.11,0.05,93.71,14.0
1996-06-02,28.2,35.86,23.09,62.71,5.35,0.06,93.59,23.44
1996-06-03,28.56,36.35,23.03,62.06,4.78,0.13,93.56,24.2
1996-06-04,29.22,37.71,23.62,58.58,5.11,0.0,93.55,23.34
1996-06-05,28.49,35.93,23.65,60.38,5.27,0.68,93.55,21.79
1996-06-06,28.48,36.29,23.32,59.96,4.44,0.63,93.57,24.19
1996-06-07,28.41,35.75,23.61,63.1,3.29,6.27,93.63,22.72
1996-06-08,26.17,30.35,23.44,78.32,2.6,7.38,93.54,21.28
1996-06-09,26.33,30.54,23.76,78.92,2.53,5.66,93.5,23.53
1996-06-10,26.14,30.66,23.23,78.45,3.06,8.22,93.56,22.43
1996-06-11,26.89,32.11,22.27,72.27,2.35,3.37,93.59,14.11
1996-06-12,26.67,31.94,23.08,75.54,2.49,3.01,93.4,16.65
1996-06-13,26.15,29.63,23.55,83.19,1.61,67.63,93.17,15.09
1996-06-14,26.31,30.54,23.19,82.49,2.14,24.27,92.93,19.36
1996-06-15,25.64,29.24,23.49,87.41,3.43,48.92,92.88,17.03
1996-06-16,25.07,29.12,22.72,85.89,6.08,20.08,92.74,23.46
1996-06-17,24.76,27.39,22.43,85.36,8.4,6.08,92.71,14.59
1996-06-18,25.62,28.96,23.43,83.35,11.85,19.21,92.6,7.65
1996-06-19,24.01,26.61,22.47,86.96,11.96,51.43,92.87,11.97
1996-06-20,24.25,27.81,22.15,84.79,8.36,21.11,93.23,15.46
1996-06-21,24.35,28.33,21.73,84.06,7.05,4.33,93.39,17.9
1996-06-22,24.36,28.68,21.39,83.53,6.15,1.19,93.42,17.25
1996-06-23,24.68,28.76,22.18,83.02,6.31,0.52,93.41,14.95
1996-06-24,23.52,25.73,22.14,87.99,5.47,3.79,93.53,12.81
1996-06-25,24.35,28.6,21.7,83.9,5.67,3.01,93.53,20.25
1996-06-26,24.13,28.75,21.19,81.73,5.27,0.36,93.63,20.97
1996-06-27,23.96,28.62,21.2,81.93,5.31,0.0,93.76,22.31
1996-06-28,23.94,28.05,21.0,81.87,5.4,0.0,93.82,21.63
1996-06-29,24.06,28.1,21.53,82.63,6.99,1.24,93.8,17.48
1996-06-30,23.91,28.23,21.19,81.78,7.0,1.42,93.82,17.69
1996-07-01,24.13,28.71,21.32,82.6,6.77,1.51,93.69,11.71
1996-07-02,24.43,28.96,21.53,83.25,4.61,1.6,93.73,14.1
1996-07-03,24.03,27.94,22.12,86.67,4.35,3.81,93.82,12.52
1996-07-04,24.31,28.21,21.6,85.98,4.1,13.52,93.72,14.85
1996-07-05,24.43,28.34,21.88,84.41,5.0,5.75,93.53,17.7
1996-07-06,24.66,29.59,21.31,82.53,5.01,0.44,93.42,19.45
1996-07-07,23.9,26.36,22.08,87.52,3.04,1.22,93.41,14.83
1996-07-08,24.31,28.27,21.03,83.72,2.19,4.34,93.4,11.76
1996-07-09,24.13,27.74,21.54,87.74,2.89,45.0,93.45,19.44
1996-07-10,24.12,27.48,21.31,87.17,2.99,7.63,93.39,20.76
1996-07-11,24.05,28.1,21.72,87.84,4.23,9.02,93.17,14.03
1996-07-12,24.26,28.35,21.5,87.33,4.45,16.4,93.14,13.04
1996-07-13,23.61,25.48,22.19,91.5,5.59,13.31,93.25,11.26
1996-07-14,24.16,27.12,22.72,90.21,5.31,7.76,93.21,11.17
1996-07-15,24.2,27.3,22.25,88.87,4.98,11.14,93.14,11.84
1996-07-16,24.21,27.31,22.38,88.74,6.86,9.16,93.05,13.42
1996-07-17,24.11,27.59,22.05,87.26,8.13,9.64,93.12,14.5
1996-07-18,23.98,26.86,21.59,88.57,7.48,12.0,93.19,11.75
1996-07-19,23.81,26.72,21.57,88.93,7.28,17.18,93.17,10.76
1996-07-20,24.01,27.43,21.93,87.47,8.32,21.24,93.23,9.97
1996-07-21,22.83,24.62,21.5,90.36,6.88,11.07,93.3,7.87
1996-07-22,22.68,25.01,21.29,91.97,7.54,49.39,93.19,8.22
1996-07-23,23.21,25.68,21.37,91.07,9.3,76.86,93.19,9.11
1996-07-24,23.22,25.64,21.8,90.45,9.09,39.51,93.23,7.28
1996-07-25,23.17,25.82,21.83,91.37,8.39,11.22,93.23,10.97
1996-07-26,22.94,24.45,21.95,91.78,8.63,5.01,93.33,10.58
1996-07-27,22.93,24.29,22.35,93.18,9.34,6.28,93.38,10.2
1996-07-28,23.26,25.45,21.81,90.49,9.39,21.75,93.38,9.75
1996-07-29,23.1,25.74,21.55,90.42,8.88,47.59,93.45,9.91
1996-07-30,22.95,25.53,21.57,90.55,8.45,29.36,93.5,11.27
1996-07-31,22.94,25.95,21.38,89.74,8.36,13.0,93.5,8.49
1996-08-01,22.44,24.73,21.2,92.87,7.92,13.93,93.52,13.68
1996-08-02,22.35,23.65,21.63,93.85,8.57,15.21,93.5,12.57
1996-08-03,23.17,26.03,21.5,91.28,8.35,10.61,93.41,13.49
1996-08-04,23.36,26.95,21.66,90.52,6.59,4.54,93.37,16.95
1996-08-05,22.79,24.9,21.54,91.75,6.66,3.4,93.47,12.58
1996-08-06,23.25,26.77,21.34,89.08,7.57,3.42,93.56,16.34
1996-08-07,22.96,26.16,20.94,89.53,8.19,4.2,93.65,11.18
1996-08-08,22.75,25.96,20.92,89.71,8.51,5.13,93.68,10.51
1996-08-09,22.45,25.21,20.87,90.82,7.64,6.63,93.56,7.14
1996-08-10,22.8,26.15,21.13,90.51,6.09,4.56,93.53,9.89
1996-08-11,23.32,26.83,21.08,89.72,5.08,5.98,93.53,16.34
1996-08-12,23.1,26.74,20.72,89.6,5.02,4.59,93.51,16.54
1996-08-13,23.03,26.72,20.95,89.54,5.52,2.8,93.35,13.95
1996-08-14,23.13,26.73,21.06,89.99,5.21,3.09,93.27,14.85
1996-08-15,23.01,26.38,20.92,90.04,4.68,5.62,93.45,11.45
1996-08-16,22.96,26.35,20.6,89.79,3.75,2.3,93.53,14.69
1996-08-17,22.8,25.43,20.98,91.09,3.71,5.5,93.54,12.92
1996-08-18,23.18,27.2,20.63,89.68,3.96,5.6,93.52,12.73
1996-08-19,22.98,26.37,20.89,89.62,4.44,3.12,93.41,12.79
1996-08-20,22.56,25.25,20.83,91.75,4.21,3.64,93.45,13.74
1996-08-21,22.73,25.62,20.74,91.17,4.19,7.34,93.55,16.66
1996-08-22,22.93,26.75,20.4,89.07,4.06,3.03,93.67,13.76
1996-08-23,23.11,27.15,20.27,88.69,3.45,1.08,93.67,18.11
1996-08-24,22.65,25.89,20.26,90.08,3.06,2.33,93.59,19.12
1996-08-25,22.76,26.89,20.12,89.44,3.83,9.63,93.57,12.74
1996-08-26,22.9,27.11,20.26,89.9,4.77,11.61,93.56,12.05
1996-08-27,22.1,24.45,20.97,93.6,5.58,17.31,93.49,11.64
1996-08-28,21.99,24.54,20.57,92.73,5.83,5.77,93.42,10.59
1996-08-29,21.53,23.43,20.53,94.1,6.52,3.62,93.44,8.16
1996-08-30,22.01,25.04,20.33,91.9,5.42,27.85,93.61,11.46
1996-08-31,22.31,26.41,19.8,90.96,4.58,10.43,93.73,20.71
1996-09-01,22.7,26.63,19.81,89.92,3.91,1.17,93.79,16.87
1996-09-02,22.63,25.92,20.62,90.55,3.33,0.05,93.69,17.58
1996-09-03,22.04,24.64,20.26,91.51,2.76,4.54,93.64,17.64
1996-09-04,22.9,27.25,19.91,90.04,3.93,1.42,93.58,18.36
1996-09-05,23.42,27.02,20.99,89.53,2.39,1.0,93.45,11.86
1996-09-06,22.48,25.36,20.57,92.4,2.64,16.78,93.44,12.35
1996-09-07,22.28,25.32,20.04,92.99,3.95,4.88,93.47,10.42
1996-09-08,22.28,25.41,20.51,91.44,4.41,11.34,93.46,17.82
1996-09-09,22.44,26.5,19.51,91.18,3.72,8.31,93.41,19.07
1996-09-10,23.26,27.97,20.07,90.32,3.01,3.68,93.43,19.99
1996-09-11,23.1,26.71,20.96,91.55,3.46,1.75,93.42,19.27
1996-09-12,22.68,25.38,21.0,93.13,3.34,4.72,93.47,13.76
1996-09-13,22.67,24.85,21.05,94.54,3.73,5.58,93.43,17.95
1996-09-14,22.91,25.33,21.78,94.74,5.15,15.61,93.32,11.81
1996-09-15,22.68,25.99,20.64,91.56,4.77,4.88,93.42,12.49
1996-09-16,22.43,25.76,20.32,90.76,4.42,3.27,93.6,16.29
1996-09-17,22.73,26.68,19.94,89.63,3.8,1.84,93.56,18.78
1996-09-18,22.49,27.03,19.31,89.37,3.47,3.78,93.56,19.43
1996-09-19,21.79,25.76,18.82,90.37,3.4,11.36,93.7,23.3
1996-09-20,21.9,26.96,18.13,88.02,2.87,3.29,93.76,22.84
1996-09-21,22.61,27.59,18.64,83.93,1.64,4.6,93.75,15.81
1996-09-22,22.35,25.62,20.05,89.96,1.98,4.05,93.81,16.88
1996-09-23,23.13,27.85,19.49,87.39,2.22,17.15,93.7,11.76
1996-09-24,23.8,29.45,18.76,82.93,1.74,9.13,93.74,20.46
1996-09-25,24.04,29.0,19.6,86.06,2.12,9.86,93.81,10.26
1996-09-26,24.07,28.19,21.02,88.15,2.6,3.77,93.65,14.58
1996-09-27,23.71,27.87,20.84,88.11,2.96,5.5,93.6,21.34
1996-09-28,23.44,27.48,20.71,87.64,2.66,25.57,93.64,13.33
1996-09-29,23.58,28.26,20.99,88.16,2.27,5.16,93.65,16.69
1996-09-30,23.55,27.65,20.82,87.75,3.09,0.08,93.65,16.92
1996-10-01,23.15,26.72,20.55,89.41,3.44,0.31,93.62,18.87
1996-10-02,23.17,26.4,21.19,90.48,2.54,10.42,93.42,12.37
1996-10-03,23.26,26.66,20.7,92.9,3.06,84.18,93.18,7.97
1996-10-04,22.15,24.45,19.79,93.11,5.87,51.09,93.54,9.03
1996-10-05,21.54,25.41,19.02,90.49,2.91,6.33,93.8,20.19
1996-10-06,21.42,25.86,17.8,89.42,2.31,1.7,93.88,20.23
1996-10-07,22.36,27.46,18.54,86.04,1.49,0.38,93.99,21.19
1996-10-08,23.34,28.44,19.65,85.93,1.71,0.0,94.11,20.15
1996-10-09,23.64,28.31,20.33,82.41,3.37,0.0,94.05,20.03
1996-10-10,22.37,28.07,17.93,78.75,3.1,0.0,93.97,20.05
1996-10-11,21.14,27.22,16.12,75.88,3.97,0.0,93.96,21.64
1996-10-12,21.52,28.02,16.59,77.42,4.24,0.0,94.07,21.71
1996-10-13,20.83,27.37,15.79,77.68,4.43,0.0,94.17,22.19
1996-10-14,20.43,27.11,15.23,77.8,4.45,0.0,94.08,22.42
1996-10-15,20.5,27.31,14.75,75.88,4.0,0.0,93.95,22.44
1996-10-16,20.42,27.41,14.92,76.72,4.22,0.0,93.93,22.28
1996-10-17,20.25,27.36,14.48,75.41,4.12,0.0,93.97,21.52
1996-10-18,21.31,27.96,14.22,79.51,3.46,0.0,93.91,20.81
1996-10-19,21.94,24.9,19.06,88.64,3.79,0.46,93.83,17.07
1996-10-20,22.8,26.62,20.0,89.21,4.06,3.12,93.72,8.16
1996-10-21,23.39,27.25,20.81,87.98,3.37,10.16,93.69,13.5
1996-10-22,23.31,27.7,20.06,89.3,2.34,15.24,93.63,16.03
1996-10-23,22.55,25.39,20.67,89.97,2.29,7.75,93.66,20.02
1996-10-24,22.33,26.91,19.19,88.94,4.57,3.08,93.73,15.14
1996-10-25,21.58,25.84,18.97,89.11,5.02,2.08,93.83,16.16
1996-10-26,20.9,26.13,17.14,87.65,3.39,2.04,93.79,21.01
1996-10-27,21.47,26.58,17.67,87.07,2.18,2.38,93.64,18.34
1996-10-28,21.95,26.75,18.4,89.03,1.74,1.51,93.84,15.74
1996-10-29,22.25,26.96,19.31,87.78,2.03,0.95,93.95,18.56
1996-10-30,21.19,26.63,16.93,75.17,2.1,0.02,94.0,20.38
1996-10-31,19.87,26.83,13.64,71.56,2.59,0.0,93.96,20.39
1996-11-01,20.04,27.14,13.32,68.18,2.75,0.0,93.99,21.48
1996-11-02,19.99,27.31,13.67,66.31,2.79,0.0,93.97,21.94
1996-11-03,19.36,26.72,13.03,65.85,2.79,0.0,93.96,21.61
1996-11-04,18.95,26.38,12.41,68.99,2.66,0.0,93.93,21.14
1996-11-05,18.64,26.17,12.3,69.48,2.83,0.0,93.9,20.82
1996-11-06,18.37,25.77,11.92,69.8,3.2,0.0,93.87,20.01
1996-11-07,18.96,26.99,12.82,69.25,3.51,0.0,93.92,20.16
1996-11-08,19.95,27.3,12.24,74.49,2.66,0.44,94.0,13.46
1996-11-09,21.72,26.85,19.0,89.85,3.1,3.51,94.07,19.04
1996-11-10,20.65,26.21,16.93,84.67,2.19,0.09,94.15,20.61
1996-11-11,20.24,26.1,16.24,85.13,2.34,0.01,94.17,20.39
1996-11-12,20.1,26.87,15.21,84.55,2.46,0.01,94.14,20.2
1996-11-13,20.43,27.04,15.03,81.48,2.46,0.0,94.1,19.74
1996-11-14,20.84,27.27,14.92,75.51,3.02,0.0,94.25,19.4
1996-11-15,20.37,26.95,16.05,74.31,3.89,0.0,94.43,19.42
1996-11-16,18.26,24.59,13.99,70.77,3.93,0.0,94.39,19.45
1996-11-17,18.79,26.13,13.1,72.15,3.55,0.0,94.34,19.66
1996-11-18,18.83,26.62,12.85,68.25,4.02,0.0,94.36,20.21
1996-11-19,18.68,26.28,12.25,66.36,3.03,0.0,94.32,20.33
1996-11-20,18.82,26.79,12.44,67.51,3.24,0.0,94.27,20.53
1996-11-21,19.04,26.53,12.92,63.75,3.46,0.0,94.19,20.45
1996-11-22,19.98,26.93,12.25,75.0,2.95,0.0,94.1,20.47
1996-11-23,21.85,27.78,17.12,78.02,2.88,0.0,94.12,18.7
1996-11-24,20.14,26.49,15.49,70.79,3.19,0.0,94.08,18.74
1996-11-25,19.64,27.06,13.25,66.54,3.0,0.0,94.05,18.27
1996-11-26,19.88,27.48,13.68,67.95,2.92,0.0,94.1,18.72
1996-11-27,20.01,27.53,13.61,66.29,2.67,0.0,94.01,19.01
1996-11-28,19.76,27.49,13.29,67.86,2.7,0.0,93.92,19.03
1996-11-29,19.56,27.36,13.38,71.61,2.5,0.0,93.97,19.16
1996-11-30,19.48,26.67,13.04,65.64,2.18,0.0,94.04,19.19
1996-12-01,18.36,26.58,11.71,69.32,2.35,0.0,94.11,19.13
1996-12-02,18.53,26.44,11.75,67.35,2.04,0.0,94.06,18.74
1996-12-03,17.81,26.02,11.12,66.02,2.93,0.0,94.07,18.17
1996-12-04,17.4,26.05,10.37,62.7,2.53,0.0,94.11,17.93
1996-12-05,17.78,25.92,12.58,62.45,2.15,0.0,94.01,18.48
1996-12-06,18.0,26.89,10.04,59.2,2.69,0.0,94.1,18.36
1996-12-07,18.57,27.07,11.68,66.53,3.51,0.0,94.29,18.41
1996-12-08,19.35,27.41,13.77,68.26,4.03,0.0,94.29,18.79
1996-12-09,18.32,26.72,11.95,59.21,3.82,0.0,94.19,19.3
1996-12-10,16.53,24.74,10.82,56.96,3.99,0.0,94.19,18.74
1996-12-11,17.0,25.81,10.44,47.76,4.14,0.0,94.16,18.51
1996-12-12,16.56,26.35,9.69,48.65,4.49,0.0,94.14,17.88
1996-12-13,18.44,27.59,10.73,57.74,4.18,0.0,94.12,16.57
1996-12-14,21.33,28.57,15.39,72.26,3.97,0.0,94.1,14.43
1996-12-15,21.75,28.23,16.54,76.09,3.62,0.0,94.0,14.76
1996-12-16,21.83,28.07,17.25,74.63,3.99,0.0,94.03,16.13
1996-12-17,20.7,24.38,18.32,85.58,4.37,0.0,94.18,5.17
1996-12-18,20.55,25.3,17.72,75.27,4.13,0.02,94.27,11.23
1996-12-19,18.8,24.16,14.73,60.49,3.61,0.0,94.33,18.2
1996-12-20,18.46,26.51,13.45,56.47,3.51,0.0,94.38,18.02
1996-12-21,19.12,27.23,12.5,51.37,3.08,0.0,94.4,16.91
1996-12-22,19.17,27.51,12.05,57.81,2.67,0.0,94.47,16.75
1996-12-23,19.41,27.79,12.83,62.11,2.51,0.0,94.46,17.0
1996-12-24,19.49,27.76,11.5,52.07,2.33,0.0,94.38,16.92
1996-12-25,19.56,27.86,12.04,55.53,2.11,0.0,94.37,17.67
1996-12-26,19.51,27.16,11.96,55.73,2.49,0.0,94.3,17.97
1996-12-27,19.37,26.8,13.5,59.18,3.2,0.0,94.32,18.99
1996-12-28,18.74,26.88,12.94,56.47,3.63,0.0,94.39,18.33
1996-12-29,18.6,26.57,11.48,55.18,3.25,0.0,94.38,17.63
1996-12-30,18.4,26.54,11.78,61.9,3.28,0.0,94.37,16.91
1996-12-31,17.51,26.22,10.49,55.95,3.91,0.0,94.39,17.06
1997-01-01,17.34,25.66,11.0,57.92,4.21,0.0,94.43,16.68
1997-01-02,17.77,26.32,10.29,54.98,2.73,0.0,94.37,14.92
1997-01-03,17.98,27.03,10.68,58.43,2.54,0.0,94.25,17.34
1997-01-04,17.68,26.43,11.51,58.42,2.33,0.0,94.24,17.39
1997-01-05,18.23,26.3,11.72,63.59,1.55,0.0,94.18,16.92
1997-01-06,19.66,26.51,12.63,64.13,3.06,0.0,94.2,16.1
1997-01-07,19.32,26.33,13.22,62.11,3.56,0.0,94.27,15.39
1997-01-08,18.05,25.65,11.85,57.22,4.58,0.0,94.31,16.24
1997-01-09,18.74,26.96,11.87,48.55,4.53,0.0,94.31,16.73
1997-01-10,19.46,27.59,12.5,56.96,3.31,0.0,94.35,15.62
1997-01-11,19.77,27.64,12.94,65.48,2.36,0.0,94.39,15.59
1997-01-12,20.57,27.39,14.35,68.88,2.19,0.0,94.32,15.58
1997-01-13,20.31,27.18,15.24,68.81,2.64,0.0,94.23,17.28
1997-01-14,19.1,26.88,13.58,54.18,2.72,0.14,94.23,16.31
1997-01-15,17.65,26.46,11.49,55.1,2.98,0.32,94.26,18.13
1997-01-16,17.41,26.99,9.17,45.27,2.56,0.0,94.25,18.32
1997-01-17,19.56,28.09,12.15,61.69,3.58,0.0,94.19,17.33
1997-01-18,19.53,28.06,13.49,65.95,3.76,0.0,94.32,16.44
1997-01-19,18.34,25.32,13.74,78.23,3.27,0.0,94.24,16.84
1997-01-20,17.84,24.11,11.89,80.55,3.97,1.75,94.06,15.78
1997-01-21,15.43,24.67,9.0,59.92,2.5,0.16,94.1,18.17
1997-01-22,16.23,26.24,6.85,40.46,2.8,0.0,94.23,18.3
1997-01-23,17.35,29.03,8.88,39.3,3.29,0.0,94.21,18.46
1997-01-24,18.4,29.3,10.36,42.86,3.1,0.0,94.08,18.53
1997-01-25,19.1,29.76,11.19,47.39,3.21,0.0,94.0,18.73
1997-01-26,19.54,30.07,11.17,48.41,2.92,0.0,94.12,18.66
1997-01-27,19.58,30.21,11.78,50.15,3.26,0.0,94.23,18.25
1997-01-28,19.42,30.22,11.11,47.97,3.21,0.0,94.14,18.14
1997-01-29,19.92,30.38,11.56,50.75,2.71,0.0,94.07,18.18
1997-01-30,20.06,29.19,13.46,50.57,2.97,0.0,94.09,18.22
1997-01-31,18.04,27.18,11.55,61.82,3.16,0.0,94.04,18.64
1997-02-01,17.94,28.4,10.72,59.52,2.89,0.0,94.06,20.11
1997-02-02,18.07,27.49,11.83,67.92,3.15,0.0,93.96,20.03
1997-02-03,18.48,26.74,13.35,71.83,3.28,0.0,93.88,19.96
1997-02-04,18.8,29.28,11.13,53.97,2.62,0.0,93.94,19.53
1997-02-05,19.53,30.05,11.74,43.38,2.46,0.0,94.02,18.2
1997-02-06,20.07,29.88,14.17,42.28,2.92,0.0,94.18,18.15
1997-02-07,19.37,30.77,10.73,40.83,2.86,0.0,94.12,19.24
1997-02-08,19.26,29.76,11.37,41.16,3.78,0.0,94.04,19.18
1997-02-09,18.71,28.17,12.56,64.42,3.64,0.0,93.88,20.74
1997-02-10,18.42,29.68,10.01,48.11,2.67,0.0,93.93,21.92
1997-02-11,20.2,31.44,10.63,29.07,3.28,0.0,94.1,22.07
1997-02-12,20.96,31.89,11.45,24.36,3.31,0.0,94.22,22.26
1997-02-13,20.43,31.84,10.48,24.61,3.35,0.0,94.21,21.3
1997-02-14,20.96,32.63,10.83,27.5,2.84,0.0,94.12,19.93
1997-02-15,20.86,32.63,11.49,32.64,3.55,0.0,94.08,20.7
1997-02-16,20.17,30.43,12.67,45.73,4.04,0.0,94.14,20.61
1997-02-17,20.11,31.59,11.6,58.82,3.46,0.0,94.09,20.92
1997-02-18,18.82,28.63,12.78,68.98,3.42,0.0,94.06,20.42
1997-02-19,19.52,29.92,12.15,59.94,2.79,0.0,94.12,22.36
1997-02-20,20.69,31.84,13.09,40.35,2.21,0.0,94.22,22.99
1997-02-21,21.29,33.25,11.81,41.86,2.32,0.0,94.25,22.65
1997-02-22,21.83,33.43,12.2,34.2,3.3,0.0,94.22,22.6
1997-02-23,22.88,33.46,13.46,27.29,3.38,0.0,94.24,22.48
1997-02-24,23.56,33.99,13.82,26.71,2.35,0.0,94.31,22.01
1997-02-25,23.87,34.58,14.35,25.88,2.49,0.0,94.3,21.93
1997-02-26,24.04,35.13,15.08,31.4,2.96,0.0,94.18,22.32
1997-02-27,25.28,35.88,17.34,30.62,3.13,0.0,94.16,23.09
1997-02-28,25.55,36.49,16.49,23.1,4.37,0.0,94.19,23.69
1997-03-01,24.94,35.79,15.65,21.66,3.43,0.0,94.15,23.44
1997-03-02,24.68,35.78,13.99,27.1,3.1,0.0,94.15,23.76
1997-03-03,24.61,35.4,15.18,31.26,3.01,0.0,94.22,22.76
1997-03-04,24.84,33.23,18.72,33.98,2.41,0.0,94.27,22.2
1997-03-05,25.44,35.18,18.25,31.61,2.0,0.0,94.21,21.97
1997-03-06,24.98,34.16,17.38,32.6,2.51,0.0,94.25,22.22
1997-03-07,26.07,35.64,16.22,28.55,2.48,0.0,94.31,22.61
1997-03-08,26.47,36.59,17.69,28.96,3.02,0.0,94.28,22.73
1997-03-09,27.01,36.63,19.21,32.77,2.09,0.0,94.22,23.47
1997-03-10,27.39,37.81,17.89,28.62,3.05,0.0,94.2,23.52
1997-03-11,27.7,37.91,18.63,25.24,3.27,0.0,94.24,23.42
1997-03-12,27.11,37.36,19.33,38.67,3.55,0.0,94.18,23.26
1997-03-13,26.04,35.53,19.82,50.94,3.8,0.0,94.09,23.04
1997-03-14,26.36,37.44,16.59,33.9,3.36,0.0,93.97,22.84
1997-03-15,26.77,36.17,18.21,29.69,2.89,0.0,94.06,23.06
1997-03-16,28.18,38.54,18.61,27.93,3.06,0.0,94.11,23.16
1997-03-17,28.98,38.61,20.79,28.17,3.3,0.0,94.07,23.15
1997-03-18,27.99,37.98,20.15,28.06,3.08,0.0,94.13,24.0
1997-03-19,28.07,37.92,20.29,26.25,3.91,0.0,94.07,25.59
1997-03-20,26.92,36.79,18.71,36.77,4.45,0.01,94.03,24.2
1997-03-21,25.65,34.05,17.93,47.46,4.96,0.0,94.1,24.91
1997-03-22,23.94,31.52,17.86,49.73,4.01,0.0,94.02,24.3
1997-03-23,24.23,35.8,14.53,33.75,3.23,0.0,93.86,23.45
1997-03-24,24.62,34.16,17.78,54.87,3.26,0.0,93.87,23.35
1997-03-25,25.18,36.59,16.83,52.2,3.38,0.0,93.87,24.18
1997-03-26,26.59,37.42,16.69,46.72,2.6,0.0,93.86,22.54
1997-03-27,28.37,37.92,20.28,42.59,4.18,0.0,93.93,22.52
1997-03-28,28.42,34.96,22.31,47.11,2.07,0.68,93.87,24.13
1997-03-29,28.59,37.87,20.25,32.9,3.37,0.14,93.81,24.39
1997-03-30,27.28,37.71,18.86,23.26,3.68,0.0,93.86,25.81
1997-03-31,26.29,37.21,18.04,26.52,3.7,0.05,93.92,25.55
1997-04-01,24.86,34.91,16.95,43.18,3.7,0.09,93.83,25.5
1997-04-02,24.04,32.39,17.38,60.62,3.64,0.03,93.73,22.7
1997-04-03,24.06,31.77,17.36,57.8,3.7,0.02,93.83,23.93
1997-04-04,24.44,34.74,15.67,45.21,3.1,0.01,93.91,24.27
1997-04-05,25.77,36.19,15.8,44.67,3.3,0.01,93.91,24.74
1997-04-06,26.77,36.53,17.78,27.16,3.29,0.0,93.96,25.68
1997-04-07,27.78,37.77,18.59,27.33,2.49,0.0,93.88,25.67
1997-04-08,27.82,37.44,20.61,34.25,3.52,0.0,93.93,26.18
1997-04-09,24.9,34.7,18.02,53.82,4.31,0.0,94.04,26.58
1997-04-10,24.8,36.05,15.91,53.44,3.62,0.0,94.05,26.22
1997-04-11,26.15,36.67,17.99,57.47,4.07,0.0,94.09,23.67
1997-04-12,26.63,36.34,18.82,53.04,4.16,0.01,94.07,23.99
1997-04-13,26.25,36.16,17.74,51.34,4.19,0.06,94.0,24.75
1997-04-14,25.87,35.55,18.07,52.71,4.1,0.0,93.98,25.89
1997-04-15,25.59,35.09,18.49,57.02,4.01,0.0,94.01,25.8
1997-04-16,25.48,35.97,17.4,53.67,3.94,0.0,93.99,25.86
1997-04-17,25.79,36.25,17.29,46.33,3.18,0.0,93.99,26.27
1997-04-18,26.4,36.44,18.42,49.09,3.35,0.0,94.06,26.55
1997-04-19,27.14,36.72,18.69,45.55,3.48,0.0,94.09,25.5
1997-04-20,27.47,36.99,20.06,42.29,2.88,0.0,94.02,22.64
1997-04-21,28.97,37.44,20.27,39.31,2.44,0.0,93.87,22.71
1997-04-22,29.17,35.9,24.44,40.56,3.13,0.02,93.93,20.87
1997-04-23,30.66,38.2,23.36,35.46,2.14,0.0,93.96,18.11
1997-04-24,30.76,39.05,23.92,33.33,2.7,0.0,93.88,23.29
1997-04-25,29.16,37.3,22.96,45.24,2.51,0.0,93.79,24.59
1997-04-26,28.93,36.55,22.29,42.02,2.83,0.0,93.86,23.52
1997-04-27,28.71,33.87,23.59,33.5,2.86,0.05,93.93,24.13
1997-04-28,26.14,27.73,23.37,51.39,3.69,2.85,94.06,23.47
1997-04-29,27.65,33.32,21.77,51.68,2.94,0.11,93.96,23.0
1997-04-30,28.33,35.35,22.32,49.39,1.33,1.4,94.04,20.9
1997-05-01,28.32,34.85,21.88,53.33,1.74,3.06,94.02,22.73
1997-05-02,29.11,36.96,22.93,44.16,2.42,0.06,93.93,21.24
1997-05-03,27.89,37.22,19.51,39.27,3.64,0.0,93.85,25.83
1997-05-04,27.0,35.77,19.01,48.95,3.75,0.0,93.8,25.54
1997-05-05,27.44,36.51,20.28,51.89,3.68,0.0,93.73,25.94
1997-05-06,28.17,37.82,19.03,50.59,3.77,0.02,93.72,24.06
1997-05-07,29.08,38.4,21.06,50.23,2.9,0.0,93.72,25.41
1997-05-08,29.06,37.0,22.02,50.84,3.41,0.0,93.75,24.06
1997-05-09,29.36,38.13,22.19,52.18,3.94,0.01,93.7,24.63
1997-05-10,29.39,38.2,22.59,45.35,3.81,0.01,93.62,23.42
1997-05-11,29.07,38.98,20.25,42.1,4.04,0.0,93.66,25.39
1997-05-12,28.76,38.76,20.27,48.02,4.23,0.0,93.69,24.84
1997-05-13,28.9,38.96,19.87,46.69,4.43,0.0,93.64,25.77
1997-05-14,28.62,38.42,19.98,41.8,3.78,0.0,93.72,25.28
1997-05-15,28.69,39.32,20.07,44.98,4.3,0.0,93.75,26.08
1997-05-16,28.99,38.82,21.14,53.79,4.38,0.0,93.74,25.95
1997-05-17,29.06,38.29,21.04,51.61,4.53,0.0,93.62,24.56
1997-05-18,28.99,38.87,21.55,52.95,5.04,0.0,93.66,24.06
1997-05-19,27.55,35.87,22.02,61.31,5.92,0.0,93.72,23.24
1997-05-20,27.12,35.74,21.61,62.88,6.09,0.0,93.76,24.69
1997-05-21,27.08,35.14,21.2,60.24,5.66,0.0,93.84,25.55
1997-05-22,27.88,36.98,21.61,58.35,4.9,0.0,93.88,26.44
1997-05-23,27.85,37.16,21.0,58.14,4.83,0.0,93.87,25.32
1997-05-24,28.02,38.11,19.56,54.89,4.56,0.0,93.85,26.48
1997-05-25,28.21,37.86,20.42,53.89,4.59,0.0,93.86,26.45
1997-05-26,28.19,37.92,21.0,55.1,5.08,0.0,93.83,24.77
1997-05-27,28.12,37.2,21.6,55.06,5.28,0.0,93.91,24.66
1997-05-28,27.35,36.33,21.1,59.38,5.15,0.0,93.97,23.97
1997-05-29,27.32,35.54,22.07,62.17,6.2,0.0,93.95,25.44
1997-05-30,27.54,35.69,21.76,60.07,5.72,0.0,93.87,25.82
1997-05-31,27.24,35.12,21.63,60.24,5.69,0.0,93.99,25.72
1997-06-01,25.96,30.29,22.88,67.81,5.29,0.0,94.04,13.74
1997-06-02,25.99,32.75,21.84,69.23,4.8,22.68,94.0,24.16
1997-06-03,24.86,29.01,21.75,79.44,3.58,4.67,94.03,22.21
1997-06-04,25.64,31.63,21.79,72.87,3.89,0.82,94.11,24.22
1997-06-05,26.41,33.16,21.98,67.48,3.5,1.61,93.98,22.18
1997-06-06,27.1,33.97,22.4,67.84,4.05,1.94,93.86,23.98
1997-06-07,25.98,30.28,23.3,73.44,4.24,1.0,93.94,23.5
1997-06-08,26.84,33.13,22.73,70.65,4.42,0.49,93.96,22.88
1997-06-09,25.78,30.3,22.69,72.53,4.39,0.03,93.92,22.55
1997-06-10,24.32,27.31,21.84,79.38,3.62,4.88,93.82,17.44
1997-06-11,24.83,29.15,21.96,76.39,3.45,1.31,93.69,19.83
1997-06-12,24.89,28.79,21.7,81.06,2.78,59.33,93.54,22.53
1997-06-13,25.3,28.92,22.19,83.29,2.36,24.81,93.57,9.69
1997-06-14,25.88,30.71,22.74,81.9,1.79,7.7,93.47,16.47
1997-06-15,25.56,29.32,22.89,84.05,2.91,35.34,93.46,21.19
1997-06-16,25.11,29.73,22.19,82.84,6.28,6.65,93.65,15.45
1997-06-17,24.82,28.64,21.88,84.82,7.49,20.12,93.63,14.89
1997-06-18,24.44,26.0,23.57,90.67,6.85,14.6,93.56,9.8
1997-06-19,24.2,26.2,23.0,89.56,7.93,26.93,93.39,8.34
1997-06-20,24.03,25.7,23.01,89.76,7.58,19.57,93.47,7.58
1997-06-21,24.26,26.28,23.1,90.17,8.2,28.66,93.68,11.75
1997-06-22,23.59,26.54,21.93,86.61,7.58,13.64,93.7,9.6
1997-06-23,24.39,27.88,22.19,85.34,9.39,9.36,93.48,11.46
1997-06-24,24.09,27.01,22.0,87.63,8.78,38.51,93.32,15.02
1997-06-25,24.51,27.86,22.38,85.64,8.87,13.58,93.24,15.09
1997-06-26,24.81,28.54,22.44,85.1,8.41,3.47,93.16,18.25
1997-06-27,24.89,28.53,22.82,84.61,8.85,1.11,93.13,15.29
1997-06-28,24.31,27.11,22.41,87.76,8.01,2.47,93.05,12.55
1997-06-29,24.63,27.44,23.11,88.44,7.88,15.02,92.95,8.05
1997-06-30,24.83,27.8,22.99,87.2,6.79,5.53,93.05,13.92
1997-07-01,24.86,28.2,22.8,85.99,5.95,7.67,93.13,15.8
1997-07-02,24.68,28.3,22.57,85.92,5.57,6.66,93.12,13.14
1997-07-03,24.06,26.37,22.37,88.13,6.15,10.24,93.19,10.85
1997-07-04,23.58,26.91,21.16,85.34,6.26,9.46,93.33,11.03
1997-07-05,23.0,26.04,21.05,86.57,6.74,15.97,93.38,10.82
1997-07-06,23.55,26.66,21.69,88.94,7.93,23.13,93.34,10.67
1997-07-07,23.49,24.75,22.41,93.63,8.88,35.37,93.17,10.06
1997-07-08,23.81,26.41,22.47,90.4,7.57,25.41,93.28,9.39
1997-07-09,24.4,27.92,22.22,88.56,7.41,17.13,93.38,17.57
1997-07-10,24.29,27.33,22.53,88.47,8.98,5.59,93.31,17.8
1997-07-11,23.9,26.65,22.42,89.05,9.19,1.8,93.34,10.63
1997-07-12,24.41,27.67,22.45,87.53,8.19,0.71,93.45,18.47
1997-07-13,24.66,28.49,22.53,86.38,7.84,1.14,93.56,17.17
1997-07-14,24.29,28.03,22.09,86.3,7.61,0.54,93.66,20.7
1997-07-15,23.68,26.67,21.75,87.1,7.66,0.21,93.48,18.58
1997-07-16,24.11,27.96,21.88,86.2,7.59,0.97,93.33,14.4
1997-07-17,23.22,25.45,21.76,90.01,6.93,0.87,93.36,18.87
1997-07-18,23.92,27.33,21.82,86.68,7.06,2.51,93.43,18.32
1997-07-19,23.9,27.9,21.54,86.08,5.74,0.92,93.49,17.75
1997-07-20,23.57,26.92,21.39,86.53,5.77,0.77,93.56,20.81
1997-07-21,23.9,27.77,21.01,86.14,4.71,0.53,93.64,21.34
1997-07-22,24.1,28.32,21.18,84.8,4.21,0.13,93.62,19.43
1997-07-23,24.32,28.29,21.41,84.67,4.34,0.1,93.58,17.26
1997-07-24,24.14,27.89,21.99,85.78,5.3,0.18,93.47,14.58
1997-07-25,24.02,27.34,22.24,87.79,7.07,1.66,93.41,9.42
1997-07-26,23.39,25.3,22.44,91.05,8.32,6.58,93.43,5.62
1997-07-27,23.69,26.64,22.05,89.0,9.2,36.68,93.53,9.47
1997-07-28,23.76,26.61,21.52,88.88,9.12,35.52,93.67,14.4
1997-07-29,23.05,25.86,21.03,90.66,8.86,19.1,93.51,11.99
1997-07-30,23.12,25.1,21.86,91.99,9.66,18.46,93.26,6.59
1997-07-31,22.63,23.62,21.85,94.44,9.86,63.67,93.08,8.3
1997-08-01,23.1,25.47,21.85,92.29,9.43,36.13,93.24,10.49
1997-08-02,23.41,26.59,21.61,89.76,9.31,9.37,93.53,11.23
1997-08-03,22.98,26.12,21.38,89.91,8.57,5.89,93.61,19.63
1997-08-04,22.53,25.24,20.96,90.24,9.05,4.07,93.56,12.11
1997-08-05,22.92,25.94,21.29,89.5,8.2,10.71,93.57,15.19
1997-08-06,23.12,26.28,21.32,89.05,8.14,9.4,93.53,11.21
1997-08-07,22.61,24.95,21.11,91.5,7.36,14.89,93.54,10.32
1997-08-08,23.07,26.44,20.84,89.28,6.43,9.85,93.72,20.68
1997-08-09,23.64,27.62,20.99,88.33,5.18,4.09,93.86,18.25
1997-08-10,23.3,26.83,21.18,88.98,4.57,2.08,93.88,16.45
1997-08-11,22.82,25.27,21.34,91.63,4.67,1.2,93.83,14.4
1997-08-12,23.74,27.27,21.51,88.35,6.57,3.63,93.81,12.94
1997-08-13,23.95,27.2,22.13,88.49,7.65,11.35,93.8,14.83
1997-08-14,23.71,26.9,21.69,89.07,6.8,8.33,93.83,16.45
1997-08-15,23.36,27.28,21.13,88.7,5.97,5.38,93.9,21.98
1997-08-16,23.06,27.11,20.74,89.66,4.85,2.35,93.87,16.51
1997-08-17,23.08,26.76,20.82,89.28,5.35,2.33,93.75,20.52
1997-08-18,22.93,26.48,20.95,89.3,5.8,2.74,93.62,16.29
1997-08-19,23.29,26.95,20.95,88.82,5.8,2.26,93.57,14.15
1997-08-20,23.2,26.47,21.31,90.7,5.7,2.2,93.5,10.77
1997-08-21,22.92,25.8,21.51,90.69,5.88,7.55,93.44,12.51
1997-08-22,22.89,25.04,21.66,92.22,7.27,11.86,93.28,5.44
1997-08-23,22.6,24.23,21.3,94.59,9.72,109.36,93.26,8.82
1997-08-24,23.14,25.25,21.83,92.98,9.75,103.6,93.38,8.45
1997-08-25,23.53,26.32,22.07,92.35,9.32,32.72,93.39,10.13
1997-08-26,23.43,26.34,21.68,91.53,7.41,24.22,93.4,8.55
1997-08-27,23.16,26.14,21.63,92.26,5.38,11.0,93.48,17.61
1997-08-28,22.65,25.84,20.96,91.47,4.63,2.2,93.46,17.78
1997-08-29,22.29,25.34,20.78,91.54,4.58,0.45,93.49,17.9
1997-08-30,22.5,25.96,20.07,90.88,4.34,2.63,93.66,23.07
1997-08-31,22.79,26.71,19.69,89.98,3.76,2.52,93.79,17.73
1997-09-01,22.16,25.9,19.75,89.59,3.55,0.73,93.82,17.63
1997-09-02,22.55,27.24,19.31,89.34,3.96,1.52,93.77,11.64
1997-09-03,22.12,26.48,19.19,89.49,3.82,6.83,93.82,11.71
1997-09-04,22.2,27.0,18.1,89.1,3.1,3.36,93.85,22.11
1997-09-05,22.94,27.74,19.35,88.55,3.0,1.24,93.83,19.73
1997-09-06,22.76,27.04,19.65,88.67,2.63,0.13,93.87,17.86
1997-09-07,22.94,27.5,19.57,87.03,2.35,0.0,93.85,18.21
1997-09-08,23.14,27.67,19.97,87.34,2.29,1.15,93.72,17.74
1997-09-09,22.16,25.12,20.25,91.55,2.41,3.08,93.7,21.55
1997-09-10,22.79,26.65,20.13,90.27,3.59,0.46,93.77,22.16
1997-09-11,23.17,27.13,20.65,89.33,4.16,1.94,93.82,19.41
1997-09-12,22.72,26.52,20.22,89.07,4.8,1.26,93.83,21.43
1997-09-13,22.49,26.69,19.29,89.2,3.53,0.26,93.95,20.89
1997-09-14,22.97,27.7,19.56,88.76,3.8,0.53,93.98,17.94
1997-09-15,23.07,27.5,19.5,88.86,3.13,2.79,93.84,13.91
1997-09-16,23.02,27.42,20.02,87.92,2.99,0.11,93.86,17.68
1997-09-17,22.76,27.29,19.32,87.79,2.98,0.01,94.01,21.98
1997-09-18,22.89,26.67,20.19,88.75,3.15,0.01,94.09,22.04
1997-09-19,22.13,25.49,20.1,90.84,2.98,0.02,94.03,23.31
1997-09-20,22.35,26.67,19.17,87.7,3.08,0.01,93.97,22.15
1997-09-21,22.68,26.6,19.52,88.58,2.32,1.99,93.83,19.32
1997-09-22,22.54,24.87,21.13,92.86,3.9,1.35,93.76,14.7
1997-09-23,22.39,25.12,20.84,92.29,4.37,21.61,93.81,11.2
1997-09-24,22.44,26.4,20.36,91.17,3.33,4.65,93.79,17.32
1997-09-25,22.29,25.7,20.52,91.48,4.03,2.55,93.86,13.28
1997-09-26,22.27,25.81,20.22,90.62,5.05,14.5,93.87,10.22
1997-09-27,22.76,26.96,20.53,89.65,4.0,6.22,93.86,19.13
1997-09-28,22.59,27.18,19.07,87.22,3.04,0.44,94.0,21.8
1997-09-29,22.18,28.22,17.95,82.35,1.98,0.0,94.12,23.23
1997-09-30,22.56,28.44,18.1,83.65,1.94,0.58,94.12,21.88
1997-10-01,22.75,29.32,17.88,81.91,2.02,0.3,94.18,20.96
1997-10-02,22.86,29.65,17.11,80.05,1.89,0.01,94.25,21.61
1997-10-03,23.54,29.42,19.26,82.89,1.93,0.0,94.34,21.87
1997-10-04,23.43,29.6,19.33,82.64,2.2,0.0,94.31,22.37
1997-10-05,21.95,27.7,17.62,84.64,2.57,0.03,94.19,23.08
1997-10-06,22.41,28.46,18.49,83.51,2.26,0.06,94.11,23.23
1997-10-07,22.83,29.69,17.85,81.03,2.65,0.01,94.19,23.04
1997-10-08,23.14,29.97,17.57,77.99,2.68,0.06,94.25,22.87
1997-10-09,23.72,30.73,18.63,74.04,2.86,0.0,94.27,21.72
1997-10-10,23.23,30.53,17.32,72.93,2.91,0.0,94.17,20.88
1997-10-11,23.74,30.78,17.59,71.17,2.77,0.0,94.15,20.56
1997-10-12,24.34,30.99,18.72,72.68,2.83,0.0,94.24,21.42
1997-10-13,24.28,30.59,18.77,74.86,2.88,0.09,94.19,19.41
1997-10-14,22.31,25.48,19.11,84.77,1.96,0.63,94.18,15.6
1997-10-15,23.18,29.42,17.54,77.6,2.13,0.0,94.13,21.92
1997-10-16,23.7,29.1,18.56,75.82,2.22,0.0,94.15,21.61
1997-10-17,23.78,28.4,19.98,77.47,2.75,5.25,94.26,20.68
1997-10-18,23.87,29.47,19.75,79.75,2.67,0.52,94.32,20.4
1997-10-19,23.8,29.51,19.52,80.07,2.12,0.11,94.21,17.82
1997-10-20,23.05,29.53,18.25,78.58,2.26,0.14,94.17,19.08
1997-10-21,22.7,29.62,16.97,76.84,2.39,0.1,94.18,19.45
1997-10-22,22.35,29.19,16.48,75.04,2.6,0.88,94.1,19.56
1997-10-23,21.66,28.76,17.32,68.84,1.99,0.03,94.05,19.74
1997-10-24,21.74,29.26,15.84,73.05,2.19,0.01,94.16,20.92
1997-10-25,22.45,29.82,16.15,76.23,2.56,0.09,94.18,19.86
1997-10-26,23.46,29.11,19.03,82.91,1.94,6.93,94.16,19.09
1997-10-27,23.54,28.89,19.69,81.77,2.39,1.91,94.16,19.78
1997-10-28,22.88,28.98,18.45,82.4,2.03,4.19,94.13,18.23
1997-10-29,22.54,28.84,17.84,78.41,2.0,1.04,94.12,19.71
1997-10-30,22.99,28.77,18.65,77.81,1.94,0.17,94.18,16.03
1997-10-31,23.27,29.15,18.72,81.61,2.0,1.52,94.29,16.48
1997-11-01,23.48,28.34,19.5,82.37,2.37,0.47,94.29,18.62
1997-11-02,24.27,29.72,19.6,78.39,2.2,0.77,94.27,18.53
1997-11-03,24.69,30.37,19.74,76.13,3.11,0.01,94.31,20.94
1997-11-04,24.73,30.29,20.08,75.28,3.04,0.0,94.43,20.69
1997-11-05,24.22,29.92,19.09,71.92,3.05,0.0,94.36,20.0
1997-11-06,23.77,29.81,18.71,74.22,2.59,0.0,94.39,19.6
1997-11-07,23.79,29.53,18.92,73.72,2.34,0.0,94.42,20.24
1997-11-08,23.67,29.96,18.51,70.24,2.68,0.0,94.32,19.64
1997-11-09,23.32,29.83,17.49,73.75,2.46,0.02,94.12,19.27
1997-11-10,23.59,28.84,19.57,79.35,1.82,5.54,94.12,16.16
1997-11-11,23.17,26.86,20.46,86.68,1.19,21.11,94.13,14.29
1997-11-12,21.85,24.69,19.56,88.92,1.01,33.44,94.14,7.13
1997-11-13,22.11,26.55,17.78,79.47,1.08,8.54,94.12,20.42
1997-11-14,22.1,25.85,19.51,86.09,1.32,0.27,94.07,19.0
1997-11-15,22.06,26.05,18.91,86.67,1.58,11.75,94.02,18.05
1997-11-16,22.03,25.96,18.39,84.93,2.18,0.43,94.03,19.59
1997-11-17,23.24,27.89,18.46,79.86,1.76,0.03,94.03,18.23
1997-11-18,23.03,28.63,18.35,74.99,1.8,2.53,94.01,15.46
1997-11-19,21.02,27.98,15.61,69.87,2.27,0.12,93.97,18.52
1997-11-20,20.92,28.26,15.06,64.75,1.92,0.01,94.1,19.74
1997-11-21,21.57,28.24,15.4,76.87,2.55,0.95,94.2,19.41
1997-11-22,22.21,27.95,17.53,81.76,2.41,0.57,94.24,18.92
1997-11-23,22.3,28.61,17.29,79.23,2.31,0.03,94.09,18.05
1997-11-24,22.08,28.56,17.54,79.85,2.12,0.15,93.94,18.06
1997-11-25,21.5,27.85,17.68,83.36,2.13,0.11,94.0,18.89
1997-11-26,21.62,27.43,17.08,81.76,1.96,0.0,94.15,17.95
1997-11-27,21.52,25.54,17.51,86.43,2.16,25.5,94.09,11.1
1997-11-28,22.78,27.45,19.21,87.65,1.93,10.53,94.07,15.06
1997-11-29,23.17,28.0,19.4,86.54,2.08,1.21,94.13,15.01
1997-11-30,22.66,27.84,19.03,86.56,2.16,2.48,94.19,17.56
1997-12-01,22.41,28.61,17.45,81.95,2.18,0.14,94.26,17.45
1997-12-02,22.86,28.19,19.17,84.47,2.95,15.84,94.25,17.45
1997-12-03,21.5,27.44,16.81,81.2,2.41,0.63,94.14,18.05
1997-12-04,21.13,27.54,15.91,81.42,2.22,0.0,94.14,18.24
1997-12-05,21.4,27.28,15.85,80.35,2.73,0.0,94.17,16.84
1997-12-06,22.67,27.97,17.58,80.37,3.07,0.0,94.23,15.14
1997-12-07,22.08,26.35,18.06,84.34,2.32,25.05,94.08,9.2
1997-12-08,20.95,24.18,19.06,92.39,3.78,11.29,93.79,11.19
1997-12-09,18.92,24.04,13.32,83.46,2.82,0.97,93.93,17.91
1997-12-10,15.98,23.39,9.84,68.36,2.98,0.0,94.19,18.58
1997-12-11,17.22,25.29,10.49,68.0,4.02,0.0,94.18,18.17
1997-12-12,18.22,26.17,11.77,77.86,3.58,0.0,94.17,16.73
1997-12-13,19.18,25.63,14.74,84.78,2.16,0.0,94.22,16.79
1997-12-14,19.1,26.25,12.58,74.01,2.3,0.0,94.2,17.01
1997-12-15,19.67,27.2,14.25,82.44,3.75,0.0,94.21,16.97
1997-12-16,19.62,26.41,15.03,87.24,2.61,0.56,94.27,15.48
1997-12-17,19.29,26.62,13.81,79.73,2.26,0.02,94.25,18.5
1997-12-18,18.29,25.1,13.2,82.67,2.39,0.0,94.24,8.69
1997-12-19,18.18,26.01,12.58,82.18,2.09,0.0,94.26,18.55
1997-12-20,19.53,27.35,14.44,75.5,2.25,0.0,94.27,18.16
1997-12-21,19.74,27.68,14.1,80.19,2.81,0.0,94.28,17.21
1997-12-22,18.47,25.44,13.99,85.13,2.13,0.0,94.38,16.96
1997-12-23,16.99,24.1,12.22,78.55,2.3,0.0,94.37,17.01
1997-12-24,17.07,26.19,10.06,71.8,2.24,0.0,94.21,17.7
1997-12-25,17.55,24.91,12.42,79.5,2.04,0.0,94.23,17.84
1997-12-26,18.07,25.51,12.99,84.52,2.33,0.0,94.26,18.28
1997-12-27,18.54,25.57,14.19,83.74,1.97,0.0,94.24,17.96
1997-12-28,19.28,26.65,13.53,82.86,1.79,0.0,94.28,17.51
1997-12-29,20.1,27.35,14.93,82.49,2.22,0.0,94.38,16.9
1997-12-30,20.39,27.49,14.27,76.74,2.33,0.0,94.36,16.49
1997-12-31,20.89,27.3,15.17,74.93,2.76,0.0,94.26,16.48
1998-01-01,20.66,27.52,15.96,76.26,3.37,0.0,94.18,16.34
1998-01-02,20.4,27.77,13.75,69.55,2.86,0.0,94.27,17.01
1998-01-03,20.48,27.84,14.69,72.99,4.08,0.0,94.47,17.59
1998-01-04,20.79,27.88,16.11,72.64,4.2,0.0,94.53,18.04
1998-01-05,20.29,27.82,13.9,67.45,2.5,0.0,94.38,17.9
1998-01-06,20.96,27.94,14.07,63.4,2.01,0.0,94.26,17.65
1998-01-07,20.12,27.44,13.41,59.57,2.66,0.0,94.29,17.62
1998-01-08,19.82,27.55,12.53,60.71,2.72,0.0,94.25,17.34
1998-01-09,20.54,27.83,13.24,59.23,2.37,0.0,94.17,16.79
1998-01-10,20.56,28.32,13.27,56.78,2.88,0.0,94.15,16.84
1998-01-11,20.04,28.45,12.92,59.54,2.62,0.0,94.2,17.08
1998-01-12,20.35,29.05,12.95,61.54,2.45,0.0,94.07,17.34
1998-01-13,21.32,29.78,14.01,61.86,2.23,0.0,94.03,18.16
1998-01-14,21.42,29.84,15.12,63.71,2.78,0.0,94.14,17.07
1998-01-15,20.32,29.0,14.64,69.17,2.62,0.0,94.13,18.09
1998-01-16,18.61,26.68,13.66,69.15,2.75,0.0,94.03,18.06
1998-01-17,17.03,24.61,12.2,68.72,2.79,0.0,94.11,16.99
1998-01-18,15.8,24.34,10.4,57.8,2.22,0.0,94.15,17.04
1998-01-19,16.21,25.75,9.69,55.78,2.89,0.0,94.12,17.13
1998-01-20,16.16,23.69,11.17,76.18,2.52,0.0,94.21,17.1
1998-01-21,16.78,25.99,9.39,60.07,2.13,0.0,94.22,17.81
1998-01-22,17.48,26.65,10.86,68.35,2.6,0.0,94.18,18.4
1998-01-23,17.52,26.42,10.72,68.93,2.2,0.0,94.11,18.49
1998-01-24,18.14,27.54,11.84,51.81,2.81,0.0,94.14,19.04
1998-01-25,18.57,28.04,11.05,63.03,3.49,0.0,94.27,18.56
1998-01-26,18.77,26.77,12.61,73.92,2.72,0.0,94.23,18.51
1998-01-27,18.29,26.48,12.85,72.87,2.65,0.0,94.23,18.13
1998-01-28,18.28,28.57,10.84,65.57,2.94,0.0,94.41,18.43
1998-01-29,19.37,29.54,10.72,53.36,2.74,0.0,94.43,18.24
1998-01-30,20.99,31.0,13.23,54.89,3.7,0.0,94.45,18.65
1998-01-31,22.16,31.57,14.46,52.32,2.97,0.0,94.49,19.58
1998-02-01,22.77,31.94,15.5,52.66,2.83,0.0,94.41,18.72
1998-02-02,22.95,32.14,15.75,50.18,2.88,0.0,94.42,18.53
1998-02-03,22.39,31.2,16.88,47.66,3.12,0.0,94.47,18.95
1998-02-04,21.19,31.09,13.98,41.61,3.18,0.0,94.47,19.59
1998-02-05,20.02,30.86,11.98,45.7,3.21,0.0,94.34,18.44
1998-02-06,19.21,28.71,13.25,43.04,3.2,0.0,94.18,18.35
1998-02-07,18.91,29.42,10.48,41.06,2.77,0.0,94.19,18.04
1998-02-08,21.01,30.38,11.93,54.36,3.16,0.0,94.3,19.17
1998-02-09,22.43,31.11,14.57,51.39,3.63,0.0,94.41,19.69
1998-02-10,22.82,31.36,16.01,43.54,3.93,0.0,94.4,20.42
1998-02-11,21.95,31.51,14.06,36.19,3.99,0.0,94.38,20.87
1998-02-12,21.85,31.36,13.47,33.73,3.77,0.0,94.3,20.78
1998-02-13,22.17,31.82,13.34,38.72,3.4,0.0,94.27,20.42
1998-02-14,22.18,30.81,16.99,54.85,2.56,0.0,94.32,18.86
1998-02-15,21.14,29.33,15.52,71.75,3.24,0.0,94.22,18.83
1998-02-16,20.49,27.94,15.02,73.53,3.86,0.0,94.23,17.94
1998-02-17,19.14,28.2,13.68,66.18,3.12,0.0,94.25,20.28
1998-02-18,17.82,26.93,10.58,63.58,3.76,0.0,94.22,20.28
1998-02-19,18.71,28.38,12.14,71.46,3.38,0.0,94.2,21.66
1998-02-20,18.87,29.56,10.54,63.22,3.58,0.0,94.2,21.99
1998-02-21,18.59,28.36,11.52,59.78,3.46,0.0,94.22,22.08
1998-02-22,19.91,30.79,10.66,39.03,2.65,0.0,94.07,22.0
1998-02-23,22.13,34.0,12.57,41.47,3.61,0.1,94.02,21.28
1998-02-24,21.51,29.97,15.49,69.55,4.15,0.0,94.15,21.38
1998-02-25,20.58,28.16,14.0,70.45,4.33,0.0,94.24,21.45
1998-02-26,18.61,29.28,10.15,52.5,3.39,0.0,94.18,21.85
1998-02-27,19.44,30.56,11.92,45.79,3.16,0.0,94.18,22.37
1998-02-28,20.63,33.12,10.89,35.01,3.44,0.0,94.2,22.7
1998-03-01,22.46,33.82,11.74,30.09,3.11,0.0,94.14,22.94
1998-03-02,24.19,34.98,15.47,37.65,4.05,0.0,94.1,22.41
1998-03-03,26.41,35.93,18.42,43.96,2.57,0.0,94.17,22.23
1998-03-04,25.09,34.58,18.35,60.92,2.64,0.09,94.2,17.68
1998-03-05,24.02,33.09,17.68,57.2,3.58,0.02,94.11,21.89
1998-03-06,21.96,31.32,15.38,58.67,4.01,0.0,94.11,21.77
1998-03-07,21.64,32.57,12.85,52.0,3.12,0.0,93.98,21.99
1998-03-08,22.44,33.67,14.2,46.31,3.43,0.0,93.97,22.86
1998-03-09,22.93,35.4,13.65,54.88,2.83,0.0,93.98,24.58
1998-03-10,24.13,36.07,14.88,44.48,2.8,0.0,93.94,23.9
1998-03-11,23.5,33.96,16.48,62.23,3.42,0.0,94.09,23.39
1998-03-12,22.23,31.06,15.87,68.86,4.0,0.0,94.22,23.58
1998-03-13,21.47,30.44,15.61,60.81,3.51,0.0,94.22,23.51
1998-03-14,21.85,33.11,13.04,52.5,3.02,0.0,94.06,23.03
1998-03-15,21.76,32.59,13.89,59.33,3.14,0.0,93.99,22.86
1998-03-16,22.79,33.2,15.38,63.44,3.14,0.0,94.16,21.77
1998-03-17,23.2,33.06,17.09,59.6,3.4,0.03,94.28,24.28
1998-03-18,23.88,35.36,13.7,41.02,3.17,0.0,94.23,24.96
1998-03-19,25.7,37.03,15.93,31.16,3.45,0.0,94.15,24.61
1998-03-20,27.03,38.01,17.18,22.44,3.16,0.0,94.06,24.3
1998-03-21,28.36,39.24,19.17,23.09,3.12,0.0,94.12,23.49
1998-03-22,29.05,39.92,20.21,32.98,3.28,0.0,94.03,23.73
1998-03-23,28.27,38.33,20.41,36.61,4.02,0.0,93.96,23.48
1998-03-24,27.17,37.96,19.18,40.75,3.93,0.0,93.93,23.05
1998-03-25,27.16,37.92,18.1,21.89,3.56,0.0,93.93,24.36
1998-03-26,27.49,38.95,17.28,12.99,3.53,0.0,94.0,24.75
1998-03-27,28.21,39.41,18.12,13.44,3.47,0.0,94.02,25.87
1998-03-28,27.9,38.86,19.26,27.75,3.56,0.0,93.96,24.33
1998-03-29,27.02,36.77,20.05,44.53,3.31,0.0,93.98,24.62
1998-03-30,27.33,37.42,19.28,49.47,3.23,0.0,94.1,24.76
1998-03-31,29.15,39.36,19.82,37.99,3.17,0.0,94.12,24.31
1998-04-01,30.16,40.46,20.33,20.33,3.49,0.0,94.1,24.27
1998-04-02,30.52,40.82,20.91,20.78,3.0,0.0,94.03,25.35
1998-04-03,31.03,40.72,23.18,29.44,2.61,0.0,93.92,24.31
1998-04-04,30.84,41.09,21.71,31.01,3.32,0.0,93.93,23.53
1998-04-05,31.56,41.52,22.28,28.32,3.41,0.0,94.05,25.93
1998-04-06,31.64,41.58,24.14,37.74,2.53,0.0,94.06,25.48
1998-04-07,30.4,39.83,22.34,41.9,3.9,0.0,93.96,25.74
1998-04-08,28.69,37.53,21.51,43.94,4.3,0.0,93.82,26.29
1998-04-09,27.42,37.28,19.36,47.42,4.13,0.0,93.78,25.55
1998-04-10,27.13,37.14,18.53,36.92,4.01,0.0,93.88,24.6
1998-04-11,28.77,40.05,18.62,30.18,2.88,0.0,93.96,24.57
1998-04-12,29.92,40.16,21.84,36.42,2.47,0.0,93.83,24.44
1998-04-13,29.02,38.68,21.57,47.93,3.83,0.0,93.67,24.73
1998-04-14,27.57,37.44,19.76,54.56,3.88,0.0,93.84,25.71
1998-04-15,28.71,38.53,21.11,47.48,3.37,0.0,93.99,24.94
1998-04-16,29.45,38.86,21.79,36.59,3.4,0.0,93.94,25.63
1998-04-17,29.99,39.63,21.9,36.73,3.94,0.0,93.92,27.05
1998-04-18,30.02,39.72,21.3,32.47,4.3,0.0,93.97,25.67
1998-04-19,29.19,39.1,21.53,44.73,3.98,0.0,93.96,24.05
1998-04-20,28.34,38.47,19.63,48.18,4.25,0.0,93.82,24.8
1998-04-21,28.64,38.91,20.35,44.44,4.24,0.0,93.82,24.79
1998-04-22,29.09,39.15,20.4,50.89,4.2,0.0,93.88,25.32
1998-04-23,28.36,37.79,21.31,56.69,4.33,0.0,93.97,26.53
1998-04-24,28.39,37.95,20.34,54.55,4.12,0.0,93.93,26.24
1998-04-25,28.59,38.54,20.38,48.83,3.66,0.0,93.89,27.08
1998-04-26,27.63,37.2,20.42,56.78,3.72,0.0,93.95,26.37
1998-04-27,28.63,38.02,21.55,56.65,3.95,0.0,93.98,25.69
1998-04-28,29.73,39.64,21.76,55.77,3.77,0.05,93.94,17.31
1998-04-29,30.46,39.74,22.94,50.91,4.04,0.01,93.86,23.05
1998-04-30,29.68,38.0,23.11,51.95,3.92,0.01,93.82,24.69
1998-05-01,29.64,39.51,21.8,51.49,4.09,0.0,93.86,25.51
1998-05-02,31.29,40.98,22.86,48.46,3.15,0.25,93.86,25.45
1998-05-03,32.86,41.07,25.78,40.39,2.71,0.38,93.84,25.62
1998-05-04,32.79,39.71,26.9,39.6,2.93,0.17,93.66,25.85
1998-05-05,32.5,40.35,25.58,36.6,3.63,0.0,93.56,25.51
1998-05-06,32.82,41.94,24.26,34.41,3.48,0.01,93.63,25.75
1998-05-07,34.51,43.12,26.67,27.01,3.56,0.1,93.72,25.73
1998-05-08,32.79,41.42,25.19,44.87,3.37,0.03,93.77,25.72
1998-05-09,31.24,39.79,24.45,42.3,4.08,0.01,93.65,25.66
1998-05-10,29.0,38.12,21.0,44.05,3.92,0.0,93.63,25.38
1998-05-11,29.98,40.49,20.41,38.05,3.35,0.0,93.61,24.92
1998-05-12,31.05,40.94,21.39,35.75,3.19,0.0,93.6,25.17
1998-05-13,31.79,40.7,23.01,35.31,2.34,4.9,93.61,25.23
1998-05-14,30.83,37.32,24.83,50.45,1.57,1.69,93.67,25.54
1998-05-15,30.88,38.66,24.41,46.27,2.98,0.08,93.57,25.14
1998-05-16,31.12,39.78,24.62,45.86,4.2,0.11,93.53,25.27
1998-05-17,29.92,38.71,23.07,55.08,5.22,0.01,93.65,25.41
1998-05-18,30.2,40.63,22.73,55.18,5.64,0.0,93.61,25.23
1998-05-19,29.22,38.4,22.9,59.15,5.59,0.04,93.5,25.27
1998-05-20,28.67,36.46,23.23,64.01,6.22,0.06,93.56,25.61
1998-05-21,29.05,37.43,23.57,63.44,4.68,6.73,93.66,25.36
1998-05-22,28.43,35.05,23.9,70.55,4.53,0.95,93.73,24.34
1998-05-23,29.35,37.02,23.93,62.69,4.88,0.0,93.71,24.27
1998-05-24,30.01,38.68,23.68,58.87,5.46,0.0,93.68,24.7
1998-05-25,29.98,38.52,23.68,57.54,5.29,0.0,93.66,24.52
1998-05-26,29.54,38.41,23.8,58.71,5.59,0.0,93.65,24.81
1998-05-27,28.46,36.53,22.82,60.82,5.55,0.0,93.78,24.51
1998-05-28,28.7,37.17,22.97,59.04,5.52,0.0,93.78,24.53
1998-05-29,28.46,36.39,22.86,60.29,5.87,0.0,93.68,24.36
1998-05-30,28.76,36.76,23.39,59.98,6.15,0.0,93.64,24.54
1998-05-31,29.76,38.76,23.24,55.58,5.28,0.0,93.72,24.39
1998-06-01,30.51,40.38,22.87,52.39,5.53,0.0,93.69,24.81
1998-06-02,30.5,40.67,23.07,54.4,5.64,0.0,93.57,21.92
1998-06-03,29.77,37.96,23.78,55.57,5.63,0.0,93.62,22.66
1998-06-04,29.53,37.35,23.97,59.37,4.97,0.49,93.64,21.5
1998-06-05,26.93,31.49,24.07,72.16,3.34,30.07,93.62,23.37
1998-06-06,25.59,28.37,23.55,80.31,2.52,11.64,93.59,23.51
1998-06-07,27.37,33.65,23.05,71.47,4.57,0.17,93.48,21.01
1998-06-08,26.86,32.9,23.03,71.04,6.79,2.19,93.51,19.68
1998-06-09,25.91,31.58,22.03,74.14,9.14,5.46,93.51,17.6
1998-06-10,26.0,31.08,22.69,76.23,7.41,4.09,93.51,19.66
1998-06-11,26.61,32.15,22.92,73.9,5.77,1.22,93.61,15.4
1998-06-12,26.52,32.18,22.64,71.53,5.31,0.38,93.59,14.69
1998-06-13,26.63,32.39,22.3,69.83,5.28,0.03,93.48,20.72
1998-06-14,26.52,33.44,22.04,72.21,4.55,2.5,93.42,19.04
1998-06-15,24.64,28.85,21.84,84.66,4.93,22.44,93.39,8.75
1998-06-16,24.94,28.21,23.0,86.71,6.96,17.19,93.33,9.3
1998-06-17,26.28,30.97,23.05,79.41,4.96,1.12,93.35,24.04
1998-06-18,26.5,31.61,22.91,75.86,4.24,0.41,93.32,24.22
1998-06-19,26.56,32.84,22.23,76.43,3.39,2.28,93.43,18.51
1998-06-20,26.05,30.76,23.39,80.46,4.0,3.15,93.46,14.57
1998-06-21,25.48,28.97,23.28,83.43,4.71,10.07,93.34,10.07
1998-06-22,25.42,29.06,22.73,83.53,3.19,16.8,93.3,11.97
1998-06-23,25.2,30.1,21.47,80.98,5.22,2.74,93.28,11.98
1998-06-24,25.43,30.57,22.3,81.3,4.74,7.43,93.2,12.65
1998-06-25,25.36,29.16,22.67,83.11,4.87,2.49,93.07,20.69
1998-06-26,25.23,29.34,22.49,84.38,6.9,11.95,92.97,14.68
1998-06-27,25.63,29.57,22.78,84.55,5.85,15.92,92.97,12.63
1998-06-28,24.74,26.85,23.69,89.14,6.6,43.61,93.0,11.3
1998-06-29,24.48,25.79,23.49,90.85,8.62,21.42,92.77,11.03
1998-06-30,24.41,25.78,23.51,93.21,10.77,16.87,92.6,9.71
1998-07-01,24.53,26.95,22.95,90.68,10.11,41.49,92.72,8.7
1998-07-02,24.42,27.78,22.1,87.04,9.69,19.92,92.91,8.2
1998-07-03,24.14,27.05,22.27,86.46,7.97,15.83,93.19,11.53
1998-07-04,24.05,26.65,22.5,88.37,7.45,13.82,93.38,11.48
1998-07-05,23.89,26.42,22.51,89.35,7.69,8.82,93.53,10.97
1998-07-06,24.14,27.08,22.39,87.99,8.28,4.47,93.54,12.14
1998-07-07,24.15,26.48,22.83,89.61,9.58,44.45,93.47,7.42
1998-07-08,23.29,24.51,21.8,92.86,8.74,40.02,93.36,5.53
1998-07-09,24.03,27.15,21.92,88.5,7.46,12.43,93.36,11.55
1998-07-10,24.03,26.79,22.46,88.97,7.68,0.98,93.3,12.83
1998-07-11,24.55,28.09,22.43,86.13,7.98,0.34,93.16,14.34
1998-07-12,24.5,28.16,22.26,86.53,7.72,0.37,93.21,15.29
1998-07-13,24.39,28.23,22.09,85.96,6.61,0.88,93.44,14.95
1998-07-14,24.37,27.77,22.09,85.79,5.68,1.24,93.6,14.3
1998-07-15,24.22,27.92,21.83,86.02,5.95,1.34,93.64,13.63
1998-07-16,24.16,28.34,21.97,87.02,5.45,1.28,93.57,12.7
1998-07-17,24.05,27.54,22.13,87.61,5.41,3.27,93.52,11.03
1998-07-18,24.21,27.58,21.99,85.95,4.07,1.42,93.58,14.33
1998-07-19,23.97,27.46,21.5,87.18,2.66,16.8,93.62,14.06
1998-07-20,24.9,29.83,21.35,85.65,2.5,13.39,93.46,19.78
1998-07-21,24.96,29.53,22.25,87.19,3.38,3.72,93.43,18.92
1998-07-22,24.58,27.87,22.73,89.18,3.49,16.94,93.47,20.6
1998-07-23,24.49,27.74,22.09,88.23,3.1,4.25,93.53,20.19
1998-07-24,24.6,27.96,22.34,88.09,3.49,1.23,93.48,17.13
1998-07-25,24.5,28.4,21.9,85.56,3.52,4.46,93.4,16.04
1998-07-26,24.6,29.09,22.18,88.37,4.66,24.91,93.33,13.54
1998-07-27,23.8,26.47,22.16,92.45,5.48,90.83,93.29,9.06
1998-07-28,22.06,23.92,20.83,92.25,5.45,47.22,93.31,6.71
1998-07-29,22.07,24.86,20.07,92.83,5.14,15.78,93.2,5.42
1998-07-30,23.36,24.73,21.5,94.33,7.51,15.33,92.99,11.74
1998-07-31,23.72,26.31,21.96,91.6,8.1,5.16,93.15,11.57
1998-08-01,23.95,26.92,22.29,89.84,5.98,3.98,93.43,10.86
1998-08-02,24.24,27.51,22.23,89.44,5.63,4.19,93.53,13.7
1998-08-03,24.07,27.04,22.47,90.51,5.46,1.82,93.59,12.53
1998-08-04,24.08,27.15,22.25,88.8,5.93,4.34,93.6,10.88
1998-08-05,23.87,26.98,21.83,88.61,5.93,1.98,93.55,11.12
1998-08-06,24.23,27.18,22.28,89.54,6.54,3.5,93.45,12.21
1998-08-07,24.17,27.04,22.68,89.19,6.33,2.01,93.43,13.52
1998-08-08,24.21,26.86,22.64,89.34,6.52,5.74,93.43,12.51
1998-08-09,24.74,28.2,22.68,88.28,7.1,4.9,93.26,9.64
1998-08-10,23.8,26.15,22.51,93.08,6.64,16.92,93.17,9.04
1998-08-11,23.92,26.44,22.38,91.8,7.03,15.77,93.24,8.33
1998-08-12,23.94,26.53,22.23,90.39,7.01,12.44,93.36,11.72
1998-08-13,23.74,25.85,22.09,92.32,6.13,11.33,93.38,11.12
1998-08-14,24.23,27.5,22.4,89.88,6.01,5.28,93.54,10.56
1998-08-15,24.08,28.18,21.67,89.73,4.75,6.03,93.66,12.4
1998-08-16,23.13,25.46,21.43,91.98,3.58,2.82,93.8,13.05
1998-08-17,22.68,25.87,20.32,89.99,3.32,1.86,93.74,15.19
1998-08-18,23.86,28.18,20.0,88.06,3.33,0.28,93.65,17.94
1998-08-19,23.99,27.86,21.34,88.73,2.68,0.59,93.62,19.55
1998-08-20,23.91,27.51,21.13,88.02,2.75,6.01,93.5,18.69
1998-08-21,24.3,28.2,21.56,89.76,3.04,2.81,93.37,15.2
1998-08-22,25.01,28.77,22.66,89.41,2.49,19.12,93.31,15.44
1998-08-23,25.38,29.04,22.35,86.62,2.02,24.28,93.35,18.11
1998-08-24,25.19,28.32,22.51,88.84,1.94,29.02,93.32,20.02
1998-08-25,25.53,29.67,22.08,86.8,2.19,15.83,93.22,15.58
1998-08-26,24.61,27.09,23.37,93.13,4.87,38.38,93.17,11.6
1998-08-27,24.27,26.16,23.3,95.17,6.61,42.25,93.5,9.46
1998-08-28,24.17,26.52,22.63,93.66,6.94,28.06,93.68,8.4
1998-08-29,23.88,26.47,22.57,92.44,5.86,8.06,93.72,11.28
1998-08-30,23.71,26.3,22.25,91.75,5.58,2.59,93.64,13.77
1998-08-31,23.95,27.36,21.9,90.56,5.5,3.15,93.66,13.17
1998-09-01,23.59,26.5,21.66,90.84,4.47,1.71,93.74,15.66
1998-09-02,23.52,26.59,21.61,90.91,3.54,2.1,93.77,17.68
1998-09-03,23.6,26.9,20.97,89.29,3.13,0.81,93.78,17.02
1998-09-04,23.35,27.12,20.56,88.53,2.55,1.46,93.77,17.69
1998-09-05,23.5,25.98,21.27,93.32,1.9,13.2,93.63,13.14
1998-09-06,24.36,28.0,21.25,91.69,2.69,16.85,93.5,12.17
1998-09-07,24.46,26.39,23.15,94.53,3.48,27.18,93.41,9.94
1998-09-08,24.2,26.55,22.66,93.03,4.17,10.06,93.48,13.94
1998-09-09,23.12,25.15,21.98,93.46,6.12,5.6,93.5,13.03
1998-09-10,23.36,25.81,21.86,94.31,5.22,6.61,93.43,8.64
1998-09-11,24.22,27.04,21.87,92.7,3.23,22.51,93.36,6.19
1998-09-12,23.4,25.72,20.93,92.51,3.61,4.6,93.52,17.45
1998-09-13,22.97,25.74,20.62,93.12,4.59,1.45,93.54,16.79
1998-09-14,23.17,26.13,21.56,92.68,6.23,31.22,93.43,7.84
1998-09-15,23.06,26.17,21.52,92.06,6.8,17.13,93.36,8.82
1998-09-16,22.9,25.68,21.36,92.53,6.73,13.76,93.32,10.94
1998-09-17,22.45,24.73,21.11,92.66,6.01,29.64,93.47,4.57
1998-09-18,22.75,25.59,20.86,91.67,4.3,5.09,93.59,13.34
1998-09-19,22.73,26.1,20.14,91.47,4.14,8.53,93.58,16.19
1998-09-20,23.33,27.51,20.57,91.93,3.49,4.76,93.5,15.57
1998-09-21,22.86,25.39,21.55,94.03,3.38,4.49,93.49,11.71
1998-09-22,22.87,25.79,20.81,91.69,3.46,0.69,93.63,18.49
1998-09-23,22.89,26.48,20.41,90.72,3.76,0.34,93.71,16.9
1998-09-24,23.48,27.6,20.16,89.55,2.45,0.03,93.82,21.73
1998-09-25,23.35,25.58,21.08,93.2,2.71,0.07,93.83,16.78
1998-09-26,24.52,28.33,21.64,87.28,1.81,12.84,93.73,12.75
1998-09-27,24.1,28.2,20.77,88.93,3.2,10.07,93.59,17.0
1998-09-28,24.16,28.44,21.16,87.6,4.94,8.2,93.58,14.63
1998-09-29,24.2,28.27,21.8,87.17,5.68,10.13,93.5,14.44
1998-09-30,24.58,29.19,21.03,85.67,3.97,1.29,93.54,18.51
1998-10-01,24.62,28.78,21.41,89.17,2.79,1.56,93.63,17.62
1998-10-02,24.25,27.75,22.09,92.38,2.93,31.51,93.69,16.82
1998-10-03,23.7,26.26,22.39,92.86,2.79,19.11,93.68,14.2
1998-10-04,23.89,27.59,21.58,89.55,2.57,7.29,93.7,15.3
1998-10-05,24.33,28.28,21.15,88.08,2.99,4.45,93.66,17.36
1998-10-06,24.87,29.27,21.22,85.14,3.12,3.83,93.62,21.07
1998-10-07,24.9,28.75,22.22,88.7,2.02,8.11,93.6,15.52
1998-10-08,24.84,29.1,21.18,87.25,2.26,2.13,93.63,18.95
1998-10-09,24.54,28.62,21.29,87.51,3.46,19.43,93.56,19.25
1998-10-10,24.32,28.43,21.54,89.22,3.68,2.97,93.51,17.5
1998-10-11,24.28,27.85,22.21,90.46,3.92,22.17,93.49,14.94
1998-10-12,24.32,27.95,22.0,89.63,3.43,14.99,93.53,14.04
1998-10-13,24.14,28.15,21.26,89.18,2.51,11.37,93.71,18.72
1998-10-14,23.96,27.9,21.23,91.19,2.17,5.48,93.66,17.02
1998-10-15,23.25,25.59,22.03,94.0,4.69,2.56,93.47,14.97
1998-10-16,22.71,25.28,21.09,91.89,6.33,9.45,93.6,15.37
1998-10-17,22.7,26.33,20.77,91.58,7.2,4.92,93.82,9.34
1998-10-18,21.02,24.62,17.82,89.29,4.36,2.13,93.93,17.01
1998-10-19,19.76,24.25,16.37,89.29,3.44,0.65,93.92,18.39
1998-10-20,19.6,25.0,15.76,85.58,2.39,0.02,93.96,20.36
1998-10-21,19.95,25.59,15.5,82.23,1.55,0.0,93.99,19.63
1998-10-22,20.6,26.45,15.86,83.42,1.71,0.03,93.97,12.29
1998-10-23,21.28,25.72,17.73,89.49,1.79,13.7,93.93,12.23
1998-10-24,21.62,26.01,19.4,89.84,1.84,0.13,94.05,20.72
1998-10-25,22.3,27.31,18.86,84.98,1.82,0.02,94.15,21.45
1998-10-26,22.37,27.95,18.16,85.48,2.22,0.01,94.14,19.22
1998-10-27,22.81,28.67,17.57,83.11,2.61,0.08,94.06,21.72
1998-10-28,23.37,28.54,19.27,83.52,3.56,0.82,94.11,19.2
1998-10-29,22.4,27.55,18.53,81.2,2.57,0.13,94.04,19.06
1998-10-30,20.84,26.63,16.77,80.3,3.26,0.0,93.9,20.44
1998-10-31,18.7,22.26,14.08,83.7,3.26,2.43,93.92,17.57
1998-11-01,21.28,27.03,17.17,89.0,1.87,2.97,93.88,16.84
1998-11-02,22.95,28.1,17.93,86.43,1.74,0.04,94.04,16.95
1998-11-03,23.74,28.27,20.04,85.46,2.89,0.0,94.06,18.02
1998-11-04,23.91,28.35,20.4,86.58,2.62,3.48,94.02,16.67
1998-11-05,23.53,28.11,20.48,82.86,3.03,0.24,94.0,20.18
1998-11-06,22.77,28.19,18.88,81.63,3.29,0.0,93.97,19.88
1998-11-07,22.56,27.78,17.2,84.26,3.29,1.41,93.88,17.12
1998-11-08,22.68,25.55,20.54,90.62,2.4,13.66,93.88,12.4
1998-11-09,22.81,25.94,20.88,90.38,2.9,5.11,93.93,12.19
1998-11-10,23.13,27.05,20.3,89.54,2.85,1.83,94.03,16.91
1998-11-11,23.48,28.01,20.1,87.76,2.63,0.28,94.09,17.59
1998-11-12,21.51,27.34,16.03,81.85,3.73,0.0,94.13,18.34
1998-11-13,18.97,25.61,13.51,75.61,3.01,0.0,93.93,20.89
1998-11-14,19.08,25.41,13.16,76.38,2.16,0.0,93.81,19.29
1998-11-15,19.68,25.68,13.23,79.91,1.69,0.0,93.82,17.87
1998-11-16,20.65,25.94,15.82,81.12,1.75,0.0,93.85,19.07
1998-11-17,20.58,25.77,15.45,85.62,1.78,9.05,93.82,16.91
1998-11-18,20.41,24.36,17.35,86.7,2.01,2.24,93.86,17.55
1998-11-19,20.37,25.57,15.88,84.66,1.87,0.12,93.99,17.92
1998-11-20,20.63,26.12,16.63,81.55,2.73,0.0,94.06,18.62
1998-11-21,19.23,25.64,14.53,74.37,3.4,0.0,94.08,20.32
1998-11-22,18.32,25.17,12.53,67.71,2.8,0.0,94.07,19.97
1998-11-23,18.21,25.1,11.75,68.17,2.51,0.0,94.13,19.66
1998-11-24,18.6,25.28,12.65,73.03,2.73,0.0,94.22,19.89
1998-11-25,18.6,25.89,12.89,72.83,2.82,0.0,94.25,19.88
1998-11-26,17.77,25.17,11.7,68.61,2.72,0.0,94.27,19.78
1998-11-27,17.01,24.84,11.03,69.21,3.5,0.0,94.22,19.2
1998-11-28,16.39,24.14,10.58,70.06,3.85,0.0,94.14,19.05
1998-11-29,17.28,24.52,10.65,70.59,2.95,0.0,94.13,19.16
1998-11-30,18.78,25.86,11.92,74.59,2.28,0.0,94.26,18.41
1998-12-01,19.6,26.43,13.61,77.38,2.82,0.0,94.28,17.64
1998-12-02,19.44,26.33,14.37,77.68,3.24,0.0,94.24,18.91
1998-12-03,18.95,26.14,13.51,73.98,3.22,0.0,94.35,19.17
1998-12-04,18.59,25.67,13.04,72.64,3.5,0.0,94.42,19.37
1998-12-05,18.17,25.89,12.26,71.89,3.44,0.0,94.36,19.22
1998-12-06,18.04,26.63,11.76,69.8,3.44,0.0,94.36,18.39
1998-12-07,18.09,26.31,12.63,67.32,4.71,0.0,94.28,17.4
1998-12-08,18.25,26.18,12.38,65.06,4.49,0.0,94.22,17.94
1998-12-09,16.41,21.62,12.49,75.8,4.31,0.0,94.26,18.07
1998-12-10,17.4,24.49,13.02,68.55,4.99,0.0,94.23,17.7
1998-12-11,17.95,25.78,12.94,69.86,5.36,0.0,94.19,18.28
1998-12-12,17.53,23.74,12.87,72.15,5.52,0.0,94.23,17.0
1998-12-13,16.86,22.67,13.42,73.21,5.84,0.0,94.3,15.46
1998-12-14,17.34,24.13,12.44,74.99,5.5,0.02,94.31,9.59
1998-12-15,17.51,22.85,13.25,73.19,4.38,0.04,94.25,8.18
1998-12-16,18.52,25.11,14.2,73.04,3.38,0.0,94.25,17.78
1998-12-17,18.07,26.35,12.34,70.63,3.5,0.0,94.32,18.47
1998-12-18,17.71,26.02,11.44,67.82,3.48,0.0,94.25,18.21
1998-12-19,17.41,25.53,10.86,63.61,3.13,0.0,94.25,18.04
1998-12-20,17.15,25.56,9.93,58.34,2.88,0.0,94.13,18.0
1998-12-21,17.4,25.93,9.92,55.66,2.59,0.0,94.05,18.19
1998-12-22,17.41,25.57,9.81,57.84,2.66,0.0,94.14,18.1
1998-12-23,17.41,25.64,10.19,60.72,2.8,0.0,94.18,18.31
1998-12-24,17.84,26.33,9.86,61.37,2.51,0.0,94.3,18.04
1998-12-25,16.99,25.62,10.85,65.11,3.93,0.0,94.4,17.97
1998-12-26,16.24,24.66,10.23,60.88,3.99,0.0,94.35,17.78
1998-12-27,16.75,25.52,9.23,59.46,3.35,0.0,94.35,17.76
1998-12-28,17.06,26.1,9.57,59.37,3.14,0.0,94.41,17.84
1998-12-29,16.85,25.75,9.6,55.85,3.54,0.0,94.4,17.77
1998-12-30,17.29,25.14,10.45,52.79,2.58,0.0,94.25,17.48
1998-12-31,17.45,26.2,9.64,53.26,2.87,0.0,94.2,18.0
1999-01-01,17.13,26.14,10.76,62.55,4.18,0.0,94.35,18.7
1999-01-02,17.54,25.89,10.64,62.56,3.76,0.0,94.29,18.6
1999-01-03,17.42,25.64,10.07,58.77,2.88,0.0,94.1,18.39
1999-01-04,17.43,25.73,9.81,58.56,2.74,0.0,93.95,17.82
1999-01-05,17.26,25.16,11.05,70.11,2.33,0.0,93.89,18.71
1999-01-06,16.2,22.25,12.65,85.15,2.83,0.0,93.88,16.9
1999-01-07,15.26,22.22,10.08,78.52,2.51,0.0,94.01,18.26
1999-01-08,15.73,24.77,7.79,58.68,2.97,0.0,94.08,19.01
1999-01-09,16.99,26.41,9.46,59.68,3.18,0.0,94.06,19.94
1999-01-10,17.6,26.3,10.22,57.35,2.96,0.0,94.18,19.08
1999-01-11,17.89,26.77,10.09,57.7,3.4,0.0,94.15,17.79
1999-01-12,18.06,26.34,11.16,63.29,2.1,0.0,94.15,19.07
1999-01-13,18.5,26.82,10.24,54.61,2.39,0.0,94.12,18.85
1999-01-14,18.77,26.9,12.16,63.35,3.82,0.0,94.24,18.8
1999-01-15,18.95,26.99,11.84,53.97,3.64,0.0,94.35,19.06
1999-01-16,19.07,27.54,10.83,52.74,2.61,0.0,94.41,20.27
1999-01-17,19.37,27.62,11.3,52.43,2.63,0.0,94.31,20.5
1999-01-18,19.12,27.75,11.51,52.45,3.32,0.0,94.2,20.56
1999-01-19,18.93,27.69,11.09,49.74,3.29,0.0,94.15,20.41
1999-01-20,19.15,27.78,10.6,47.43,2.79,0.0,94.22,20.08
1999-01-21,18.81,28.01,10.67,56.65,2.53,0.0,94.26,20.04
1999-01-22,18.79,28.21,11.32,60.9,2.51,0.0,94.18,19.94
1999-01-23,18.33,27.45,11.91,62.17,2.37,0.0,94.1,19.95
1999-01-24,17.92,28.02,11.07,62.02,2.54,0.0,94.22,19.91
1999-01-25,18.55,28.85,10.39,59.89,2.5,0.0,94.22,18.42
1999-01-26,18.8,28.85,11.54,60.93,2.53,0.0,94.09,20.31
1999-01-27,18.09,28.39,10.15,55.66,2.85,0.0,93.91,20.29
1999-01-28,17.22,25.67,10.74,63.95,3.36,0.0,94.01,20.19
1999-01-29,17.41,27.81,9.06,54.64,2.57,0.0,94.07,20.55
1999-01-30,18.32,27.99,12.57,49.55,2.64,0.0,93.94,20.42
1999-01-31,17.24,27.42,9.96,45.88,2.68,0.0,93.86,20.86
1999-02-01,17.49,26.78,11.4,44.38,2.48,0.0,93.93,21.05
1999-02-02,17.79,28.09,9.95,47.62,2.91,0.0,94.06,20.18
1999-02-03,20.07,29.71,11.59,57.09,3.59,0.0,94.08,19.59
1999-02-04,21.79,29.13,16.87,64.0,3.5,0.0,94.14,18.19
1999-02-05,21.41,30.4,14.41,62.2,3.35,0.0,94.28,21.46
1999-02-06,22.69,30.96,15.39,61.61,2.81,0.0,94.33,19.98
1999-02-07,23.62,31.28,17.93,64.19,2.67,0.01,94.29,18.85
1999-02-08,22.3,29.69,16.82,61.08,2.63,1.52,94.22,19.6
1999-02-09,20.23,29.07,13.96,62.43,2.85,0.0,94.1,22.01
1999-02-10,20.25,29.33,12.51,56.77,2.39,0.0,94.03,21.79
1999-02-11,22.18,31.47,13.47,52.8,1.96,0.0,94.15,22.07
1999-02-12,24.03,32.27,15.86,54.4,2.62,0.0,94.39,19.95
1999-02-13,24.19,31.8,17.04,50.48,3.84,0.0,94.32,21.57
1999-02-14,24.28,31.83,16.78,47.8,3.23,0.0,94.18,19.78
1999-02-15,24.8,32.57,16.73,48.02,3.05,0.0,94.13,20.16
1999-02-16,25.21,32.16,19.35,52.14,2.39,0.15,94.26,18.89
1999-02-17,24.97,32.39,18.59,54.47,2.53,0.01,94.31,20.87
1999-02-18,24.93,33.17,18.49,45.99,2.9,0.0,94.24,21.41
1999-02-19,25.09,33.99,16.24,39.79,2.61,0.0,94.18,22.38
1999-02-20,24.66,33.9,16.43,43.58,2.71,0.0,94.12,22.73
1999-02-21,24.03,33.81,15.47,41.46,2.57,0.0,94.18,23.61
1999-02-22,25.05,33.99,16.09,38.43,2.79,0.0,94.33,23.81
1999-02-23,24.97,34.18,16.09,38.8,2.4,0.0,94.3,23.77
1999-02-24,25.01,34.55,16.89,37.38,2.73,0.0,94.17,23.86
1999-02-25,25.01,35.39,17.09,35.37,2.77,0.0,94.1,23.91
1999-02-26,25.4,35.21,17.33,40.19,3.0,0.0,94.05,23.2
1999-02-27,25.89,35.97,17.42,33.65,3.6,0.0,94.05,22.97
1999-02-28,25.57,35.29,17.45,33.84,3.32,0.0,94.08,23.14
1999-03-01,25.8,35.34,17.58,34.15,2.97,0.0,94.04,23.05
1999-03-02,26.48,35.41,18.5,31.06,4.25,0.0,93.94,22.6
1999-03-03,26.07,35.4,17.57,35.36,3.57,0.0,93.92,22.62
1999-03-04,26.61,35.84,20.19,37.43,2.14,0.0,93.82,22.95
1999-03-05,26.57,36.11,17.78,33.63,2.45,0.0,93.67,22.78
1999-03-06,26.71,36.71,17.97,36.42,2.71,0.0,93.58,24.01
1999-03-07,26.53,36.61,17.96,40.03,2.54,0.0,93.63,24.51
1999-03-08,26.36,36.83,17.64,39.35,3.35,0.0,93.57,24.37
1999-03-09,25.48,35.65,17.89,47.48,3.71,0.0,93.65,25.23
1999-03-10,24.69,35.41,16.42,50.14,3.48,0.0,93.73,25.34
1999-03-11,24.4,35.0,16.32,45.67,3.65,0.0,93.69,25.4
1999-03-12,24.35,34.33,16.14,42.54,3.43,0.0,93.68,25.47
1999-03-13,25.47,36.11,16.71,32.93,2.97,0.0,93.67,25.54
1999-03-14,26.39,37.18,17.19,27.39,3.06,0.0,93.71,24.77
1999-03-15,26.98,37.68,18.03,31.48,3.44,0.0,93.73,25.14
1999-03-16,27.44,37.7,19.94,32.11,3.07,0.0,93.61,25.47
1999-03-17,26.32,36.41,19.2,38.93,3.84,0.0,93.67,25.04
1999-03-18,25.4,35.14,17.51,43.16,3.9,0.0,93.76,25.63
1999-03-19,25.09,35.6,16.98,44.1,3.73,0.0,93.8,25.7
1999-03-20,26.03,37.28,16.2,33.36,3.7,0.0,93.73,26.17
1999-03-21,26.75,38.21,17.74,18.3,3.69,0.0,93.66,25.52
1999-03-22,26.64,38.53,16.31,20.36,3.28,0.0,93.74,26.45
1999-03-23,27.02,38.66,17.44,20.98,3.42,0.0,93.84,26.95
1999-03-24,26.47,38.05,17.95,23.38,3.66,0.0,93.91,27.0
1999-03-25,26.15,37.66,16.18,30.36,3.92,0.0,93.94,26.17
1999-03-26,26.82,37.65,18.09,28.0,4.14,0.0,93.91,25.88
1999-03-27,28.15,39.7,18.05,27.26,2.82,0.0,93.82,25.88
1999-03-28,29.2,40.16,19.63,20.93,2.71,0.0,93.83,27.07
1999-03-29,29.82,40.68,18.34,15.12,3.18,0.0,93.85,27.11
1999-03-30,30.43,41.57,18.93,13.96,3.34,0.0,93.78,27.67
1999-03-31,29.68,41.14,21.51,36.15,2.22,0.0,93.75,27.33
1999-04-01,28.56,39.23,20.2,51.88,2.89,0.0,93.77,25.47
1999-04-02,28.91,39.54,19.68,40.24,2.64,0.0,93.78,25.61
1999-04-03,29.56,39.74,19.53,25.65,3.06,0.0,93.83,24.76
1999-04-04,30.6,40.36,21.21,23.18,2.6,0.0,93.82,24.9
1999-04-05,30.26,40.31,20.86,28.02,2.77,0.0,93.83,25.58
1999-04-06,30.34,41.26,21.2,40.13,3.01,0.0,93.8,26.26
1999-04-07,29.53,40.93,20.78,51.3,3.41,0.0,93.67,26.63
1999-04-08,29.01,39.57,21.3,38.93,3.91,0.0,93.71,25.94
1999-04-09,28.8,40.43,19.73,45.45,3.85,0.0,93.76,26.45
1999-04-10,30.42,42.15,20.79,45.1,3.53,0.0,93.75,25.81
1999-04-11,29.75,41.34,20.21,40.85,4.47,0.0,93.76,26.67
1999-04-12,29.13,40.44,19.47,46.19,4.38,0.0,93.75,25.97
1999-04-13,27.67,37.17,20.51,50.67,4.61,0.0,93.78,25.96
1999-04-14,27.07,37.24,19.06,48.91,4.42,0.0,93.8,26.59
1999-04-15,27.54,38.34,18.72,49.12,4.13,0.0,93.8,27.19
1999-04-16,28.77,40.0,18.81,27.68,3.86,0.0,93.77,27.59
1999-04-17,28.91,40.27,19.17,21.6,4.09,0.0,93.7,27.3
1999-04-18,28.72,40.03,19.24,33.16,3.61,0.0,93.65,27.59
1999-04-19,28.24,39.57,18.5,46.35,3.82,0.0,93.64,27.25
1999-04-20,28.25,39.2,20.49,48.83,3.65,0.0,93.71,27.38
1999-04-21,28.93,40.88,18.89,49.76,2.86,0.0,93.74,27.32
1999-04-22,28.79,39.81,20.91,55.77,4.33,0.0,93.71,26.75
1999-04-23,28.89,40.4,21.51,56.05,4.23,0.0,93.5,27.4
1999-04-24,28.9,39.93,21.04,55.0,4.08,0.0,93.44,27.12
1999-04-25,28.37,38.48,21.45,58.44,4.78,0.0,93.58,27.42
1999-04-26,27.57,36.57,21.47,59.3,5.07,0.0,93.62,26.76
1999-04-27,27.79,35.97,21.98,57.06,4.97,0.0,93.65,27.2
1999-04-28,28.02,37.43,21.4,56.15,4.68,0.0,93.75,27.29
1999-04-29,28.51,38.2,20.86,55.07,4.41,0.0,93.73,27.76
1999-04-30,29.07,39.97,19.94,50.85,4.32,0.0,93.68,28.08
1999-05-01,28.92,39.74,20.14,50.58,4.5,0.0,93.74,27.7
1999-05-02,29.3,40.07,20.48,50.1,3.97,0.0,93.69,26.77
1999-05-03,28.55,38.26,20.89,48.15,3.82,0.0,93.62,28.5
1999-05-04,29.02,39.74,20.73,54.41,3.82,0.0,93.65,28.05
1999-05-05,29.52,40.16,20.79,52.28,4.02,0.02,93.62,26.92
1999-05-06,29.46,39.42,23.22,55.77,4.42,0.04,93.62,25.55
1999-05-07,28.31,36.3,22.93,57.53,4.35,0.01,93.6,17.04
1999-05-08,27.63,34.65,23.17,58.86,4.02,0.04,93.66,15.15
1999-05-09,28.59,38.27,22.31,55.92,4.08,0.0,93.7,26.45
1999-05-10,28.48,38.04,21.31,52.69,4.44,0.0,93.61,27.44
1999-05-11,28.62,38.7,21.1,51.72,4.16,0.0,93.58,27.46
1999-05-12,28.7,38.99,21.08,54.35,3.52,0.11,93.6,24.51
1999-05-13,28.53,38.63,22.22,58.22,4.02,0.24,93.57,26.9
1999-05-14,28.58,38.01,21.75,54.19,4.81,0.0,93.4,27.52
1999-05-15,29.04,38.57,22.77,55.98,4.11,0.54,93.36,25.68
1999-05-16,25.63,29.72,23.11,77.48,2.63,30.8,93.47,21.17
1999-05-17,26.91,33.08,23.16,71.56,3.02,2.74,93.52,17.18
1999-05-18,25.01,27.95,22.79,79.89,2.67,1.96,93.68,17.44
1999-05-19,24.4,27.19,22.77,84.65,3.8,1.04,93.66,16.54
1999-05-20,23.96,27.07,22.04,83.96,3.84,4.72,93.64,19.49
1999-05-21,24.29,27.56,22.05,83.63,3.87,9.57,93.54,23.1
1999-05-22,24.95,29.39,22.25,81.36,5.14,5.3,93.51,20.38
1999-05-23,24.78,28.19,22.48,80.01,4.17,2.07,93.5,21.16
1999-05-24,25.43,30.76,22.14,75.86,5.02,0.61,93.4,23.17
1999-05-25,25.27,30.37,22.06,75.13,5.92,0.48,93.31,19.35
1999-05-26,24.67,29.24,21.46,75.54,4.77,0.31,93.39,20.24
1999-05-27,25.36,30.92,21.66,71.17,4.94,0.04,93.62,15.89
1999-05-28,25.94,32.41,22.0,70.57,5.41,0.01,93.61,22.42
1999-05-29,26.06,32.71,21.62,69.43,5.65,0.0,93.44,24.75
1999-05-30,25.72,31.39,21.8,73.78,6.03,0.74,93.49,20.99
1999-05-31,25.59,30.74,22.17,73.75,5.88,0.78,93.64,19.08
1999-06-01,25.5,30.92,21.79,73.64,5.41,2.34,93.76,18.83
1999-06-02,25.15,30.15,21.73,75.64,5.2,9.54,93.8,22.03
1999-06-03,25.73,32.17,20.92,71.46,4.81,2.24,93.69,24.13
1999-06-04,26.68,34.08,21.61,68.86,4.79,0.16,93.7,26.28
1999-06-05,26.92,34.55,21.68,66.22,4.92,0.05,93.75,25.27
1999-06-06,26.59,34.29,20.77,66.08,5.12,0.0,93.7,26.1
1999-06-07,26.73,34.25,21.44,67.24,5.58,0.03,93.62,21.08
1999-06-08,26.62,33.71,21.94,69.29,6.41,0.46,93.56,22.49
1999-06-09,26.23,31.95,22.56,73.37,6.71,0.49,93.42,19.42
1999-06-10,26.48,32.81,22.58,73.77,6.19,2.21,93.33,16.79
1999-06-11,25.01,28.83,23.15,86.02,5.55,51.0,93.31,15.44
1999-06-12,24.01,26.75,22.1,87.83,5.82,21.17,93.27,9.82
1999-06-13,23.91,26.56,21.83,85.72,4.74,7.29,93.41,11.64
1999-06-14,24.3,27.35,22.14,85.74,3.88,4.6,93.51,21.19
1999-06-15,24.06,27.59,21.69,82.65,4.91,4.76,93.59,17.26
1999-06-16,23.14,27.5,19.82,80.92,5.75,10.48,93.51,12.0
1999-06-17,21.91,24.18,19.62,87.38,5.76,18.03,93.39,15.33
1999-06-18,23.05,26.27,20.76,89.78,4.9,10.6,93.25,10.19
1999-06-19,23.64,26.8,21.73,89.17,7.59,15.31,93.07,9.51
1999-06-20,24.21,27.36,22.44,87.33,8.26,8.99,93.27,11.44
1999-06-21,24.35,27.82,22.24,86.3,10.15,15.12,93.38,12.33
1999-06-22,24.56,27.37,22.67,88.81,10.66,40.62,93.38,6.26
1999-06-23,23.9,25.79,22.74,91.54,7.55,36.28,93.51,4.75
1999-06-24,24.32,27.66,22.77,86.95,7.79,19.35,93.59,13.26
1999-06-25,24.4,27.51,22.66,86.05,7.63,11.09,93.55,11.55
1999-06-26,23.99,27.57,22.02,86.49,6.02,3.9,93.5,11.69
1999-06-27,24.22,28.67,21.53,86.62,6.35,6.12,93.5,10.75
1999-06-28,24.52,28.45,22.22,86.8,5.41,23.02,93.6,10.49
1999-06-29,23.96,26.87,22.09,88.17,4.64,7.99,93.68,12.05
1999-06-30,24.12,27.78,21.85,85.42,5.12,1.79,93.66,17.55
1999-07-01,23.34,26.72,21.52,86.64,5.59,0.61,93.57,20.72
1999-07-02,23.78,27.13,21.47,84.51,6.61,1.05,93.42,16.61
1999-07-03,23.89,26.95,21.64,85.54,6.3,0.44,93.39,15.25
1999-07-04,24.59,28.91,21.75,83.62,4.85,0.48,93.42,14.77
1999-07-05,24.89,29.34,21.25,82.69,3.07,0.17,93.39,23.62
1999-07-06,24.41,27.89,21.98,84.72,2.13,7.04,93.34,20.69
1999-07-07,23.27,25.02,21.99,92.79,4.08,26.17,93.33,13.11
1999-07-08,23.29,26.83,20.65,89.59,3.94,25.98,93.38,13.13
1999-07-09,23.83,27.34,21.61,88.94,4.33,5.73,93.39,17.64
1999-07-10,23.66,26.82,21.68,88.04,6.27,7.29,93.37,11.7
1999-07-11,23.83,26.68,22.1,87.5,7.33,2.9,93.36,11.1
1999-07-12,23.97,27.39,21.98,86.38,7.81,4.48,93.42,12.94
1999-07-13,23.78,26.36,22.35,88.3,7.06,3.19,93.55,9.72
1999-07-14,23.68,25.71,22.38,89.87,7.85,17.73,93.52,9.01
1999-07-15,23.73,25.57,22.6,92.07,7.87,18.98,93.31,6.17
1999-07-16,23.78,25.62,22.69,92.64,7.55,39.44,93.11,8.2
1999-07-17,24.03,26.55,22.61,90.84,6.76,19.26,93.08,11.44
1999-07-18,24.3,27.22,22.53,89.51,7.81,15.89,93.22,10.72
1999-07-19,23.6,25.52,22.41,92.57,7.7,10.2,93.21,8.19
1999-07-20,24.08,27.0,22.3,88.34,8.84,19.2,93.32,10.59
1999-07-21,23.87,26.44,22.68,89.72,8.14,19.82,93.39,9.45
1999-07-22,24.02,26.79,22.52,89.21,8.47,10.06,93.39,9.41
1999-07-23,23.63,26.4,22.29,90.55,8.84,8.1,93.38,10.51
1999-07-24,23.88,26.85,22.18,88.54,8.42,2.83,93.36,10.21
1999-07-25,23.93,26.63,22.31,87.87,7.7,4.79,93.34,12.01
1999-07-26,23.96,27.41,22.01,87.58,8.15,6.86,93.31,11.32
1999-07-27,23.22,25.22,21.98,90.66,7.9,2.38,93.39,8.36
1999-07-28,23.08,25.66,21.46,90.06,7.15,3.08,93.4,10.07
1999-07-29,23.18,26.06,21.72,89.31,8.76,1.28,93.26,8.83
1999-07-30,23.65,27.47,21.48,87.86,8.22,3.81,93.19,11.31
1999-07-31,23.51,26.7,21.66,88.02,7.0,2.07,93.33,11.78
1999-08-01,23.62,26.61,21.8,88.38,6.82,1.65,93.37,11.3
1999-08-02,23.35,26.63,21.64,88.22,6.94,1.75,93.35,8.84
1999-08-03,22.86,25.63,21.38,90.08,6.42,3.24,93.33,10.04
1999-08-04,23.17,26.74,21.24,88.09,6.73,4.42,93.38,8.97
1999-08-05,22.77,25.33,21.57,90.57,7.53,9.93,93.46,8.15
1999-08-06,23.04,25.48,21.4,89.96,9.05,18.33,93.36,7.99
1999-08-07,23.31,25.75,21.93,89.96,8.97,7.61,93.34,10.96
1999-08-08,23.13,25.15,22.01,89.48,8.2,6.56,93.34,5.62
1999-08-09,23.09,25.36,22.0,91.38,7.41,4.35,93.3,5.56
1999-08-10,23.37,26.59,21.6,89.58,6.55,1.02,93.55,10.19
1999-08-11,23.5,27.31,21.34,87.72,6.79,0.44,93.63,11.76
1999-08-12,23.27,27.48,20.93,87.59,6.55,0.17,93.55,12.1
1999-08-13,22.93,26.22,20.83,88.39,7.15,1.38,93.5,11.4
1999-08-14,22.59,25.47,21.1,90.39,5.93,1.2,93.62,11.51
1999-08-15,23.15,26.83,20.89,88.71,5.22,0.63,93.77,11.73
1999-08-16,23.43,27.66,20.25,87.45,4.68,0.24,93.72,15.63
1999-08-17,23.55,27.94,20.6,86.68,4.31,0.09,93.64,20.69
1999-08-18,23.36,28.12,20.28,86.06,3.99,0.63,93.77,21.09
1999-08-19,23.32,28.35,19.8,86.56,3.41,0.83,93.79,16.91
1999-08-20,23.35,28.44,19.94,85.92,4.11,0.22,93.71,19.41
1999-08-21,22.75,26.42,20.52,87.32,4.11,1.05,93.57,11.4
1999-08-22,22.95,26.83,20.39,87.22,3.63,0.69,93.62,15.65
1999-08-23,23.12,26.74,20.16,87.7,3.34,1.29,93.76,17.66
1999-08-24,23.28,27.42,20.6,87.12,3.54,0.68,93.72,19.1
1999-08-25,22.55,25.54,20.45,89.08,3.9,0.91,93.59,12.98
1999-08-26,22.93,26.03,20.98,89.1,5.26,8.24,93.59,11.58
1999-08-27,23.24,26.64,21.36,89.22,5.4,5.84,93.77,12.08
1999-08-28,23.29,27.51,20.64,86.84,4.79,2.17,93.73,16.97
1999-08-29,23.1,27.6,20.09,86.15,4.22,0.66,93.74,14.67
1999-08-30,22.43,25.32,20.5,88.85,3.67,0.59,93.75,17.36
1999-08-31,22.8,27.3,20.09,87.91,4.15,0.45,93.74,11.65
1999-09-01,23.31,28.04,20.46,86.16,4.99,0.79,93.68,13.1
1999-09-02,23.05,27.44,20.43,86.38,5.39,2.78,93.77,13.71
1999-09-03,22.41,25.2,20.66,89.37,5.46,4.4,93.79,14.49
1999-09-04,23.02,27.32,20.52,87.31,5.98,8.21,93.74,11.74
1999-09-05,22.91,26.76,20.82,87.29,5.43,5.67,93.64,10.29
1999-09-06,23.11,27.55,20.59,86.71,5.17,2.79,93.61,12.91
1999-09-07,23.04,27.1,20.39,86.36,4.97,0.65,93.62,12.93
1999-09-08,22.69,25.58,20.97,89.81,5.04,6.44,93.62,10.02
1999-09-09,22.7,26.04,20.82,91.72,4.44,11.55,93.46,11.59
1999-09-10,22.55,25.47,21.0,93.13,4.4,16.49,93.34,8.34
1999-09-11,21.84,24.72,20.3,91.53,4.79,7.14,93.49,12.28
1999-09-12,21.36,23.02,20.03,93.36,4.15,11.98,93.54,11.9
1999-09-13,22.43,24.81,21.12,92.99,4.59,5.37,93.62,11.66
1999-09-14,22.87,26.4,20.88,89.36,4.72,1.82,93.66,13.2
1999-09-15,22.67,26.49,20.35,88.31,4.9,0.46,93.72,17.66
1999-09-16,22.92,27.13,20.22,88.56,4.77,2.43,93.68,17.81
1999-09-17,22.49,26.66,19.53,88.34,4.55,0.88,93.68,17.28
1999-09-18,21.91,26.25,18.94,88.85,3.76,0.21,93.71,18.72
1999-09-19,22.47,27.34,18.8,86.65,3.42,0.03,93.86,19.56
1999-09-20,22.94,27.95,18.97,85.95,3.33,0.0,93.93,21.3
1999-09-21,22.31,26.58,19.15,87.09,3.35,1.68,93.89,18.44
1999-09-22,22.51,26.82,19.44,87.94,3.49,1.16,93.82,10.64
1999-09-23,23.48,28.26,20.52,89.58,3.17,22.15,93.75,15.58
1999-09-24,24.13,28.57,21.18,88.28,2.22,3.46,93.83,12.05
1999-09-25,23.4,26.33,21.41,91.03,2.62,0.02,93.79,20.23
1999-09-26,23.23,25.87,21.36,90.71,2.62,6.82,93.68,18.79
1999-09-27,23.09,24.92,21.57,94.61,1.79,30.7,93.54,3.15
1999-09-28,24.28,27.84,21.46,89.05,0.9,26.18,93.57,14.06
1999-09-29,23.88,27.17,20.97,87.98,2.15,17.85,93.55,18.77
1999-09-30,23.96,27.84,20.76,86.36,3.6,13.21,93.66,13.36
1999-10-01,24.48,28.75,21.32,86.39,2.55,14.19,93.68,17.06
1999-10-02,24.0,27.93,21.59,89.93,2.33,23.17,93.74,10.89
1999-10-03,23.52,26.64,21.33,91.74,1.81,8.78,93.64,18.75
1999-10-04,23.03,25.77,21.32,91.42,2.69,0.84,93.69,16.58
1999-10-05,23.91,28.21,20.33,87.86,2.22,4.39,93.68,19.15
1999-10-06,24.51,29.14,21.36,85.63,2.69,3.62,93.68,18.5
1999-10-07,24.73,29.15,21.55,85.2,3.31,27.55,93.57,14.67
1999-10-08,24.17,27.71,21.67,89.08,3.11,10.33,93.51,14.7
1999-10-09,24.6,29.36,20.93,84.19,3.51,7.53,93.66,17.87
1999-10-10,24.34,28.65,21.11,87.89,2.87,8.74,93.86,14.76
1999-10-11,24.82,29.07,21.75,85.92,1.31,2.36,93.94,10.73
1999-10-12,23.62,26.67,21.35,91.11,1.97,2.27,93.9,17.47
1999-10-13,23.22,27.12,20.03,88.38,2.11,19.4,93.88,19.36
1999-10-14,23.4,27.79,20.4,88.08,2.18,27.72,93.82,17.59
1999-10-15,22.85,27.92,19.21,84.39,4.08,1.15,93.77,19.24
1999-10-16,23.29,28.54,19.23,84.01,3.54,0.14,93.73,20.48
1999-10-17,22.79,28.82,17.86,80.1,3.57,0.01,93.57,23.0
1999-10-18,20.48,27.62,14.96,69.83,3.49,0.0,93.56,22.4
1999-10-19,20.45,28.24,14.16,73.74,3.66,0.0,93.7,22.34
1999-10-20,20.98,28.45,14.71,75.71,3.8,0.0,93.85,22.1
1999-10-21,20.99,28.26,16.24,74.14,4.76,0.0,93.88,22.15
1999-10-22,20.18,27.72,14.68,71.95,4.3,0.0,94.01,22.86
1999-10-23,19.62,27.01,14.03,71.5,4.27,0.0,94.06,22.3
1999-10-24,19.58,26.88,13.87,74.45,4.08,0.0,93.95,20.99
1999-10-25,21.95,28.4,15.7,77.44,2.96,0.0,93.82,21.44
1999-10-26,23.54,28.33,19.71,85.33,2.66,10.26,93.83,13.78
1999-10-27,23.78,28.76,20.52,87.45,2.76,1.46,93.82,17.4
1999-10-28,22.05,28.96,16.08,68.09,3.27,0.01,93.79,21.24
1999-10-29,20.78,28.45,14.7,64.23,2.77,0.0,93.85,20.94
1999-10-30,20.67,26.74,16.53,67.63,2.44,0.0,93.83,20.94
1999-10-31,20.13,27.41,15.34,80.17,2.23,0.0,93.85,20.96
1999-11-01,20.16,27.96,13.96,72.68,2.77,0.0,93.94,21.25
1999-11-02,20.14,28.26,13.77,70.09,3.68,0.0,94.01,21.51
1999-11-03,20.67,28.26,14.19,62.9,3.09,0.0,94.01,20.97
1999-11-04,20.36,28.44,12.97,64.29,2.56,0.0,93.94,21.34
1999-11-05,21.04,28.76,14.1,68.64,2.47,0.0,94.01,20.9
1999-11-06,21.63,29.26,15.37,76.15,3.2,0.03,94.07,18.83
1999-11-07,22.49,28.73,16.92,78.56,2.98,0.0,94.06,18.97
1999-11-08,22.91,28.52,17.86,79.3,2.0,0.0,94.06,17.0
1999-11-09,22.55,28.09,18.6,78.94,2.27,0.0,94.12,18.9
1999-11-10,21.58,29.3,15.92,71.8,2.42,0.0,94.11,20.34
1999-11-11,20.38,28.38,14.2,70.54,2.58,0.0,94.23,20.1
1999-11-12,20.6,28.3,14.27,69.25,2.55,0.0,94.28,20.4
1999-11-13,20.3,27.93,13.94,67.77,2.83,0.0,94.35,20.63
1999-11-14,19.94,27.84,13.69,67.04,3.32,0.0,94.37,20.49
1999-11-15,19.42,27.68,13.53,62.61,4.19,0.0,94.31,20.64
1999-11-16,19.36,28.06,12.62,59.14,4.21,0.0,94.33,20.49
1999-11-17,19.34,27.75,13.08,59.21,4.33,0.0,94.41,20.15
1999-11-18,18.97,27.32,12.99,60.9,4.89,0.0,94.39,20.08
1999-11-19,18.52,27.08,11.86,57.83,4.53,0.0,94.22,20.08
1999-11-20,18.11,27.02,11.39,55.64,4.64,0.0,94.16,19.91
1999-11-21,18.21,26.96,11.42,55.35,4.55,0.0,94.15,19.2
1999-11-22,17.97,26.25,11.98,57.48,4.8,0.0,94.15,18.61
1999-11-23,18.98,26.17,12.91,62.04,4.39,0.0,94.07,18.02
1999-11-24,20.27,26.21,15.16,71.57,3.08,0.0,94.03,16.88
1999-11-25,21.27,28.0,16.56,77.32,2.84,0.0,94.0,17.7
1999-11-26,21.75,28.8,16.44,73.08,3.02,0.0,93.94,19.07
1999-11-27,20.72,28.67,14.99,66.42,4.18,0.0,94.1,19.13
1999-11-28,19.28,28.23,12.62,53.48,4.18,0.0,94.16,19.0
1999-11-29,18.87,28.04,11.99,55.48,4.09,0.0,94.13,19.01
1999-11-30,19.38,28.31,12.49,55.67,4.03,0.0,94.1,18.87
1999-12-01,19.13,28.05,12.19,53.6,4.29,0.0,94.19,18.65
1999-12-02,18.81,27.74,11.68,51.53,4.04,0.0,94.32,18.93
1999-12-03,18.22,27.05,10.98,51.48,3.59,0.0,94.32,18.42
1999-12-04,18.13,26.72,10.42,50.68,3.44,0.0,94.31,18.86
1999-12-05,18.13,26.99,10.56,55.55,2.91,0.0,94.26,18.76
1999-12-06,17.97,26.77,10.4,59.82,2.62,0.0,94.17,19.08
1999-12-07,18.01,26.31,11.73,69.83,2.43,0.0,94.19,18.97
1999-12-08,17.82,26.44,11.35,74.66,2.12,0.0,94.24,18.48
1999-12-09,19.0,27.36,11.77,66.28,3.26,0.0,94.2,18.34
1999-12-10,18.84,27.05,12.69,67.46,3.09,0.0,94.21,16.97
1999-12-11,17.04,25.67,10.89,47.48,4.52,0.0,94.32,18.33
1999-12-12,16.21,25.56,8.67,44.62,3.91,0.0,94.26,18.37
1999-12-13,17.46,26.82,9.66,50.3,3.47,0.0,94.22,18.34
1999-12-14,18.13,27.65,9.97,51.07,2.62,0.0,94.13,18.19
1999-12-15,18.73,27.93,10.27,45.86,3.24,0.0,94.09,18.16
1999-12-16,18.51,28.0,10.73,48.39,3.5,0.0,94.19,18.02
1999-12-17,18.58,27.95,10.78,47.49,3.39,0.0,94.22,18.17
1999-12-18,18.48,27.85,10.47,44.26,3.36,0.0,94.17,18.11
1999-12-19,18.15,27.92,10.87,41.42,4.16,0.0,94.11,18.03
1999-12-20,17.46,27.11,10.51,42.31,4.62,0.0,94.13,18.04
1999-12-21,17.37,26.91,10.58,44.72,4.64,0.0,94.22,18.02
1999-12-22,18.45,27.85,10.78,48.48,4.18,0.0,94.27,17.95
1999-12-23,20.43,28.23,13.4,51.14,4.02,0.0,94.29,17.72
1999-12-24,20.39,28.58,13.47,52.65,3.32,0.0,94.33,18.34
1999-12-25,20.12,28.41,14.7,53.37,3.09,0.0,94.26,16.75
1999-12-26,20.77,27.97,14.64,55.08,2.44,0.0,94.14,10.22
1999-12-27,20.78,27.82,14.98,60.32,2.5,0.0,94.22,18.99
1999-12-28,20.95,29.01,14.78,54.93,3.6,0.0,94.3,18.58
1999-12-29,20.25,28.38,13.25,53.06,3.03,0.0,94.25,18.51
1999-12-30,19.99,28.55,12.35,53.8,2.49,0.0,94.03,18.4
1999-12-31,20.19,28.47,11.98,49.89,2.78,0.0,93.97,18.3
2000-01-01,19.53,27.73,12.34,53.23,3.46,0.0,94.06,17.73
2000-01-02,19.22,27.52,12.59,46.2,3.66,0.0,94.14,17.72
2000-01-03,18.52,27.75,11.24,41.78,3.54,0.0,94.06,17.37
2000-01-04,18.61,27.88,10.49,40.09,3.06,0.0,94.03,17.93
2000-01-05,18.19,27.9,10.28,40.77,3.28,0.0,94.05,18.21
2000-01-06,17.96,27.91,10.74,36.38,4.08,0.0,94.12,17.9
2000-01-07,17.89,27.88,10.42,33.05,4.45,0.0,94.13,17.98
2000-01-08,19.01,29.17,10.58,29.2,3.89,0.0,94.07,18.07
2000-01-09,20.13,30.26,10.89,35.73,3.56,0.0,94.02,18.07
2000-01-10,21.09,30.79,11.64,38.67,2.66,0.0,93.95,18.48
2000-01-11,21.35,31.17,13.15,49.45,2.66,0.0,93.92,18.23
2000-01-12,20.81,29.59,14.21,60.41,2.62,0.0,93.96,17.04
2000-01-13,20.04,30.05,12.71,62.3,2.67,0.0,94.01,18.49
2000-01-14,20.07,30.62,13.28,56.54,2.65,0.0,93.91,18.81
2000-01-15,18.17,26.84,12.57,47.36,3.02,0.0,94.0,18.67
2000-01-16,20.04,30.71,10.58,47.43,2.77,0.0,94.01,18.09
2000-01-17,23.33,32.26,16.01,51.39,2.98,0.0,94.13,17.87
2000-01-18,23.27,32.23,16.35,45.79,3.45,0.0,94.33,20.11
2000-01-19,22.73,32.34,15.28,49.53,3.17,0.0,94.31,18.67
2000-01-20,21.61,31.28,15.52,44.21,3.02,0.0,94.11,18.46
2000-01-21,20.64,29.2,15.22,47.1,2.72,0.0,94.15,18.74
2000-01-22,19.69,29.74,12.7,54.18,3.29,0.0,94.18,18.63
2000-01-23,19.36,29.7,11.47,54.62,3.16,0.0,94.16,18.87
2000-01-24,20.48,30.76,11.99,45.47,2.75,0.0,94.2,19.73
2000-01-25,20.99,31.46,11.81,36.75,2.95,0.0,94.23,19.35
2000-01-26,21.0,30.95,12.96,42.12,2.65,0.0,94.25,19.71
2000-01-27,21.09,30.93,12.63,47.14,2.59,0.0,94.19,19.24
2000-01-28,22.01,31.27,14.3,43.77,3.47,0.0,94.23,19.71
2000-01-29,21.71,31.03,14.16,38.64,3.55,0.0,94.36,19.75
2000-01-30,21.63,32.24,12.83,33.61,3.0,0.0,94.38,20.07
2000-01-31,21.3,32.22,12.45,36.76,2.7,0.0,94.3,20.5
2000-02-01,20.09,29.24,13.96,59.23,3.06,0.0,94.12,20.21
2000-02-02,19.58,29.32,13.84,70.85,2.87,0.0,94.13,21.05
2000-02-03,19.87,29.03,14.33,71.04,3.04,0.0,94.29,21.15
2000-02-04,20.28,32.03,12.28,63.56,3.0,0.0,94.14,21.72
2000-02-05,18.82,26.82,14.07,74.87,3.93,0.0,94.05,19.95
2000-02-06,18.83,27.99,13.18,68.98,2.7,0.0,94.03,20.34
2000-02-07,19.55,29.55,13.5,61.57,2.79,0.0,93.98,20.95
2000-02-08,18.46,28.28,11.79,47.06,3.01,0.0,93.94,21.52
2000-02-09,19.86,31.52,10.45,42.04,2.73,0.0,93.99,21.74
2000-02-10,20.48,31.31,13.43,45.57,3.43,0.0,94.01,22.01
2000-02-11,18.83,28.06,12.22,67.99,3.51,0.0,94.01,21.17
2000-02-12,18.46,28.01,11.84,65.66,2.66,0.0,93.97,21.65
2000-02-13,19.02,30.05,10.58,41.99,3.11,0.0,93.9,20.96
2000-02-14,22.1,32.66,12.88,42.05,3.02,0.0,93.91,21.87
2000-02-15,23.99,32.43,17.13,53.89,3.2,0.0,94.0,19.61
2000-02-16,23.72,32.82,17.19,45.77,3.55,0.0,94.06,21.22
2000-02-17,21.08,31.26,14.01,31.85,3.71,0.0,93.94,22.0
2000-02-18,19.87,31.44,10.57,27.97,3.34,0.0,93.88,22.89
2000-02-19,19.99,31.26,12.05,36.66,3.11,0.0,93.82,22.57
2000-02-20,18.44,27.49,12.29,67.56,3.32,0.0,93.76,22.04
2000-02-21,19.81,28.92,13.84,65.53,2.44,0.0,93.84,22.73
2000-02-22,21.09,31.55,13.32,59.67,2.68,0.0,93.86,22.88
2000-02-23,22.09,32.35,14.06,58.97,3.22,0.08,93.9,22.03
2000-02-24,22.66,31.62,15.69,67.36,2.57,1.06,94.0,21.7
2000-02-25,22.99,31.53,16.26,66.09,2.72,0.0,93.96,20.46
2000-02-26,23.52,32.98,16.18,50.45,2.65,0.0,93.81,23.9
2000-02-27,24.39,33.68,16.4,45.55,3.22,0.0,93.85,24.1
2000-02-28,24.37,34.14,17.07,37.55,4.61,0.0,94.09,24.28
2000-02-29,24.59,34.68,16.0,24.82,3.95,0.0,94.14,24.32
2000-03-01,24.91,35.95,15.16,23.91,2.87,0.0,94.01,23.38
2000-03-02,24.92,35.14,18.0,26.93,3.06,0.0,94.02,23.68
2000-03-03,24.39,34.73,16.95,31.79,3.42,0.0,94.05,23.39
2000-03-04,23.03,33.62,14.84,39.52,3.5,0.0,94.03,23.97
2000-03-05,22.05,32.76,13.75,45.34,3.12,0.0,93.96,23.8
2000-03-06,21.64,32.38,14.05,43.53,3.38,0.0,93.91,23.5
2000-03-07,20.89,30.06,15.23,64.19,4.18,0.0,94.03,23.22
2000-03-08,21.68,33.18,12.11,42.49,3.11,0.0,94.03,23.82
2000-03-09,23.53,34.99,14.58,23.89,2.75,0.0,93.94,24.24
2000-03-10,24.59,35.74,16.67,31.55,2.73,0.0,93.93,24.51
2000-03-11,24.86,35.92,17.53,35.33,3.02,0.0,93.94,24.57
2000-03-12,23.62,34.15,15.86,48.28,3.82,0.0,93.86,24.25
2000-03-13,22.01,31.31,15.58,65.87,4.54,0.0,93.81,24.14
2000-03-14,22.94,33.48,15.79,58.52,3.16,0.0,93.95,24.76
2000-03-15,23.06,35.04,13.17,50.06,3.26,0.0,94.01,25.61
2000-03-16,23.1,33.97,14.68,46.02,3.13,0.0,93.92,25.78
2000-03-17,23.6,36.37,14.11,51.46,3.04,0.0,93.76,25.61
2000-03-18,24.64,36.73,14.27,47.58,3.11,0.0,93.83,25.81
2000-03-19,25.63,36.97,15.98,30.31,3.58,0.0,93.9,25.36
2000-03-20,26.33,37.77,15.99,14.07,3.16,0.0,93.78,23.21
2000-03-21,26.6,38.15,16.93,17.94,3.28,0.0,93.81,23.99
2000-03-22,25.2,36.05,16.04,35.71,3.47,0.0,93.89,25.65
2000-03-23,25.83,36.8,15.46,25.85,2.96,0.0,93.94,25.69
2000-03-24,27.24,37.29,18.21,14.84,4.34,0.0,93.96,25.72
2000-03-25,28.03,37.77,19.82,20.43,4.21,0.08,93.99,24.35
2000-03-26,28.27,37.53,19.83,25.44,2.46,0.01,93.98,23.16
2000-03-27,28.55,37.26,20.71,22.91,2.52,0.0,93.91,24.75
2000-03-28,29.18,37.35,21.5,26.82,2.54,0.0,93.87,24.65
2000-03-29,29.37,38.14,20.84,26.44,3.21,0.0,93.88,23.91
2000-03-30,29.19,39.24,21.05,28.09,2.32,0.0,93.84,26.21
2000-03-31,29.13,40.04,19.2,22.26,2.58,0.0,93.72,27.69
2000-04-01,30.01,40.58,18.56,13.17,3.55,0.0,93.64,26.39
2000-04-02,29.86,40.25,19.55,19.52,2.37,0.0,93.64,26.37
2000-04-03,30.52,40.52,21.01,29.36,2.57,0.0,93.64,25.55
2000-04-04,29.76,39.52,23.31,47.67,3.13,0.06,93.7,25.0
2000-04-05,28.59,38.19,21.66,50.68,2.69,0.08,93.7,25.64
2000-04-06,29.49,40.16,20.22,42.87,3.01,0.03,93.66,25.56
2000-04-07,29.85,39.9,20.96,46.36,2.52,0.06,93.81,22.84
2000-04-08,29.28,38.4,23.34,47.72,2.71,0.01,93.94,25.87
2000-04-09,29.37,40.06,20.68,47.8,3.77,0.0,93.83,26.35
2000-04-10,28.66,38.77,20.61,42.02,4.26,0.0,93.81,27.29
2000-04-11,29.04,40.69,19.22,28.87,3.52,0.0,93.65,27.33
2000-04-12,29.11,40.99,19.21,42.49,3.37,0.0,93.62,27.12
2000-04-13,28.3,40.49,19.7,55.68,3.42,0.0,93.56,26.92
2000-04-14,27.03,36.91,20.47,58.36,4.78,0.0,93.58,26.96
2000-04-15,27.23,37.43,20.45,55.91,4.65,0.0,93.68,26.67
2000-04-16,27.94,39.15,18.77,53.49,3.81,0.0,93.74,26.47
2000-04-17,28.9,40.13,19.38,51.91,4.3,0.03,93.68,26.55
2000-04-18,30.35,40.3,21.5,39.11,3.22,0.01,93.72,24.76
2000-04-19,31.35,39.85,23.69,35.94,1.86,0.01,93.82,25.8
2000-04-20,31.57,41.15,22.85,33.62,2.88,0.0,93.68,26.68
2000-04-21,29.26,39.57,21.21,48.86,3.74,0.0,93.7,25.97
2000-04-22,28.69,37.25,21.74,50.13,4.16,0.0,93.8,22.66
2000-04-23,29.47,38.94,22.46,45.75,4.39,0.0,93.78,27.46
2000-04-24,28.4,38.14,19.98,47.53,5.06,0.0,93.79,28.09
2000-04-25,27.38,36.72,20.53,57.22,5.46,0.0,93.72,27.82
2000-04-26,27.82,37.53,20.94,58.47,5.76,0.0,93.68,28.32
2000-04-27,29.17,40.26,21.07,53.18,5.84,0.0,93.62,28.74
2000-04-28,28.9,39.47,19.36,50.47,4.99,0.0,93.67,29.08
2000-04-29,28.57,39.35,19.87,49.65,5.05,0.0,93.78,28.9
2000-04-30,29.54,40.74,18.96,43.84,4.96,0.0,93.81,28.94
2000-05-01,30.18,41.64,20.09,35.89,4.61,0.0,93.75,27.02
2000-05-02,29.49,41.5,19.07,42.41,4.09,0.0,93.73,27.27
2000-05-03,29.17,40.02,21.3,57.11,4.73,0.0,93.8,26.71
2000-05-04,29.2,38.88,21.04,53.61,5.25,0.0,93.74,26.3
2000-05-05,30.21,41.11,22.41,52.9,4.85,0.13,93.69,26.87
2000-05-06,29.39,39.77,22.67,57.35,3.6,0.27,93.72,22.67
2000-05-07,29.08,38.53,22.64,54.3,4.12,0.15,93.78,26.92
2000-05-08,27.68,36.69,20.91,54.32,3.86,0.15,93.75,25.31
2000-05-09,28.24,36.85,21.53,54.37,3.56,0.45,93.77,22.83
2000-05-10,28.53,37.24,22.02,52.81,3.81,0.02,93.71,24.89
2000-05-11,27.81,36.59,21.49,56.21,4.64,0.0,93.71,27.19
2000-05-12,27.08,35.48,20.59,57.22,4.45,0.0,93.75,25.56
2000-05-13,26.98,35.29,20.99,62.2,4.52,0.0,93.81,26.3
2000-05-14,27.49,35.61,21.68,58.49,4.88,0.0,93.81,25.94
2000-05-15,26.69,33.13,22.61,65.59,5.93,1.32,93.78,20.7
2000-05-16,25.24,28.82,22.59,72.61,6.19,4.57,93.76,23.0
2000-05-17,25.52,30.78,21.8,78.77,7.31,10.27,93.61,14.18
2000-05-18,23.71,25.48,22.01,89.15,7.1,89.85,93.47,2.75
2000-05-19,24.45,29.07,21.55,81.82,6.45,8.7,93.49,19.38
2000-05-20,24.87,30.43,21.17,78.99,5.05,0.3,93.58,23.29
2000-05-21,25.51,31.27,21.34,78.09,4.27,0.58,93.6,23.15
2000-05-22,25.81,32.03,21.63,74.3,3.89,0.56,93.6,23.34
2000-05-23,26.22,32.78,21.46,73.74,3.64,0.46,93.54,23.41
2000-05-24,26.54,32.28,22.34,75.78,4.36,0.26,93.51,23.19
2000-05-25,26.8,32.6,22.88,75.53,4.67,0.85,93.51,22.36
2000-05-26,26.61,31.89,22.98,75.96,4.5,0.12,93.37,21.83
2000-05-27,26.11,31.49,22.83,78.4,3.89,9.01,93.4,16.64
2000-05-28,26.18,31.74,22.56,78.32,3.33,2.38,93.44,20.24
2000-05-29,25.39,30.35,22.57,82.53,3.68,5.32,93.57,19.23
2000-05-30,24.95,29.0,22.44,82.95,4.59,2.55,93.64,19.12
2000-05-31,25.21,29.73,22.51,81.31,4.46,6.75,93.62,21.18
2000-06-01,25.92,31.83,21.95,79.1,4.48,2.69,93.42,15.76
2000-06-02,26.17,30.79,23.18,80.25,2.66,1.79,93.33,16.55
2000-06-03,25.94,30.02,23.63,84.13,1.41,32.89,93.25,21.86
2000-06-04,25.16,28.1,23.34,89.26,3.45,35.81,93.12,16.74
2000-06-05,25.84,29.89,22.81,85.25,3.93,30.0,92.88,14.36
2000-06-06,25.28,28.28,22.77,88.53,2.53,9.62,92.62,14.04
2000-06-07,26.0,30.59,23.1,85.38,3.65,13.27,92.5,16.66
2000-06-08,24.53,26.4,23.32,91.54,7.2,34.3,92.97,4.52
2000-06-09,24.92,27.19,23.42,89.95,3.86,10.08,93.29,14.93
2000-06-10,25.54,29.37,23.31,85.94,5.27,1.27,93.38,10.01
2000-06-11,25.0,29.31,22.34,83.59,5.68,1.37,93.51,20.76
2000-06-12,24.37,28.36,21.91,83.01,6.42,1.04,93.59,18.41
2000-06-13,24.4,28.36,21.71,83.4,7.36,3.9,93.62,16.14
2000-06-14,24.68,29.04,22.05,82.84,7.58,2.27,93.68,15.77
2000-06-15,24.75,29.45,22.0,82.29,7.4,0.18,93.66,15.76
2000-06-16,24.83,29.21,22.22,81.74,6.84,0.0,93.6,19.72
2000-06-17,24.45,28.8,21.72,81.77,6.5,0.0,93.58,20.6
2000-06-18,24.96,29.12,22.15,81.88,5.12,0.01,93.41,21.08
2000-06-19,24.5,28.39,21.85,83.33,4.41,0.07,93.35,15.13
2000-06-20,24.41,28.68,22.13,82.92,5.01,0.03,93.37,14.54
2000-06-21,24.74,29.42,21.58,81.74,5.29,0.0,93.49,15.17
2000-06-22,24.76,28.78,22.36,82.57,5.13,0.87,93.54,20.23
2000-06-23,24.51,28.34,21.89,82.25,5.47,1.58,93.6,14.37
2000-06-24,24.25,28.57,21.75,82.04,6.28,1.62,93.57,13.31
2000-06-25,24.27,28.6,21.32,81.87,6.26,3.62,93.55,14.75
2000-06-26,24.57,28.76,21.47,82.54,5.85,2.6,93.56,15.12
2000-06-27,24.97,28.97,22.37,82.07,6.23,2.67,93.51,14.11
2000-06-28,24.16,27.76,22.13,86.41,5.02,3.65,93.46,14.47
2000-06-29,23.15,25.74,21.56,89.16,4.24,10.81,93.26,7.68
2000-06-30,23.35,27.05,20.93,86.51,5.53,11.39,93.12,11.11
2000-07-01,23.76,27.62,21.44,86.73,6.85,6.76,93.14,13.4
2000-07-02,23.92,26.96,22.14,86.61,7.18,5.29,93.29,13.88
2000-07-03,23.57,26.05,22.17,90.99,6.8,103.32,93.3,13.72
2000-07-04,24.15,28.14,21.69,87.82,6.05,42.11,93.27,13.62
2000-07-05,23.65,25.95,22.35,91.72,6.32,12.43,93.31,12.73
2000-07-06,23.91,27.17,22.16,89.56,6.79,17.3,93.33,11.44
2000-07-07,23.49,25.56,22.19,91.47,6.35,10.78,93.24,13.48
2000-07-08,23.33,25.36,22.13,92.01,7.14,14.82,93.17,10.84
2000-07-09,23.53,26.5,21.99,88.68,8.0,5.7,93.08,9.72
2000-07-10,23.71,26.84,22.14,89.04,8.2,7.46,93.08,10.47
2000-07-11,23.2,25.52,22.15,91.44,8.32,20.34,93.08,8.73
2000-07-12,22.97,24.99,21.87,93.4,8.6,92.19,93.05,6.99
2000-07-13,22.63,24.84,20.45,90.51,9.42,41.69,93.11,7.85
2000-07-14,23.35,26.16,21.49,88.08,9.7,4.35,93.27,12.76
2000-07-15,22.81,25.8,21.2,88.98,9.36,4.45,93.33,12.42
2000-07-16,22.8,25.84,21.27,89.08,8.34,1.11,93.36,10.41
2000-07-17,23.19,26.68,21.51,88.65,8.87,5.04,93.36,10.45
2000-07-18,22.85,25.35,21.42,89.42,8.77,5.61,93.32,8.57
2000-07-19,23.17,26.4,21.43,88.37,8.12,2.34,93.28,12.05
2000-07-20,23.01,26.67,20.93,87.81,7.67,2.64,93.39,14.2
2000-07-21,23.04,26.98,20.64,86.43,6.69,1.07,93.54,16.28
2000-07-22,22.78,26.61,20.06,86.6,5.74,0.44,93.75,15.71
2000-07-23,22.9,26.95,20.18,86.65,5.38,0.43,93.71,19.12
2000-07-24,22.97,27.31,20.11,86.06,5.12,0.05,93.64,13.05
2000-07-25,22.84,26.99,19.81,85.63,4.49,0.0,93.72,19.18
2000-07-26,23.04,26.78,20.46,85.99,4.4,0.0,93.68,22.86
2000-07-27,22.78,26.16,20.14,87.21,4.12,0.42,93.52,22.04
2000-07-28,23.63,28.68,20.24,84.79,4.27,0.1,93.47,19.83
2000-07-29,23.63,28.75,20.45,84.31,4.65,0.0,93.53,21.92
2000-07-30,23.5,28.66,19.97,83.86,4.73,0.0,93.67,19.89
2000-07-31,23.24,28.34,20.52,85.1,4.64,0.0,93.6,21.16
2000-08-01,23.06,27.51,20.32,86.63,4.62,0.0,93.55,18.79
2000-08-02,23.15,27.58,20.03,85.66,4.37,0.04,93.66,18.22
2000-08-03,23.55,28.62,19.84,84.19,4.1,0.65,93.67,22.05
2000-08-04,23.93,29.0,19.84,83.88,3.6,0.33,93.68,19.17
2000-08-05,24.19,28.53,20.7,84.36,3.47,0.62,93.63,22.61
2000-08-06,24.28,28.71,20.9,84.41,3.58,0.79,93.51,20.57
2000-08-07,23.49,27.08,21.18,86.51,3.69,1.17,93.52,17.03
2000-08-08,23.6,27.54,21.04,86.8,4.32,3.36,93.56,11.03
2000-08-09,22.78,25.46,21.2,87.87,4.95,6.22,93.5,11.65
2000-08-10,22.17,24.19,20.4,92.2,7.07,6.66,93.24,5.5
2000-08-11,22.02,24.35,20.37,92.76,7.24,16.06,93.13,7.38
2000-08-12,23.71,27.83,20.64,87.09,7.11,9.97,93.39,11.0
2000-08-13,23.73,27.77,21.23,86.89,5.51,1.64,93.77,12.84
2000-08-14,23.64,27.77,20.68,86.34,4.83,0.45,93.82,15.84
2000-08-15,23.35,27.64,20.67,86.16,4.98,2.46,93.75,11.78
2000-08-16,23.13,27.22,20.53,87.39,4.78,1.31,93.74,18.59
2000-08-17,23.19,26.54,21.0,88.44,6.09,1.27,93.6,15.2
2000-08-18,23.41,26.58,21.74,88.58,6.56,1.64,93.51,12.16
2000-08-19,23.55,26.97,21.39,86.69,6.77,1.36,93.54,11.11
2000-08-20,23.26,26.69,21.09,87.43,6.85,3.83,93.53,7.17
2000-08-21,23.36,26.38,21.47,89.04,7.55,6.78,93.34,8.68
2000-08-22,23.37,26.39,21.49,90.15,5.88,18.8,93.16,8.67
2000-08-23,23.32,26.15,21.77,91.17,5.55,16.52,93.13,9.85
2000-08-24,23.68,26.93,21.06,91.71,5.83,47.61,92.92,3.9
2000-08-25,23.35,24.75,22.39,93.04,6.54,17.59,92.77,16.82
2000-08-26,23.66,27.12,21.45,88.58,7.93,5.35,93.11,11.65
2000-08-27,22.84,25.51,21.3,91.69,6.17,21.87,93.44,8.06
2000-08-28,22.9,25.19,21.6,92.55,6.85,19.52,93.47,9.97
2000-08-29,22.88,25.77,21.22,90.71,6.74,5.13,93.49,9.87
2000-08-30,22.92,26.31,20.68,88.31,7.32,2.94,93.56,12.66
2000-08-31,23.19,26.42,21.54,89.13,7.96,5.21,93.55,13.65
2000-09-01,23.24,26.25,21.56,89.61,7.94,10.82,93.55,11.47
2000-09-02,23.38,27.1,21.36,88.7,6.79,3.4,93.52,10.57
2000-09-03,23.29,27.39,20.85,88.39,6.17,0.8,93.54,9.55
2000-09-04,23.11,27.35,20.6,87.7,5.41,0.59,93.69,11.5
2000-09-05,22.98,27.32,20.33,87.65,5.47,0.63,93.7,12.37
2000-09-06,22.83,26.75,20.63,88.36,5.6,0.52,93.58,11.89
2000-09-07,22.55,25.9,20.21,88.17,4.21,0.06,93.63,15.47
2000-09-08,22.82,27.21,19.95,87.66,3.91,0.16,93.81,16.34
2000-09-09,22.92,27.04,19.98,88.19,4.17,0.19,93.88,11.68
2000-09-10,23.07,27.93,20.13,86.45,4.83,0.47,93.82,16.13
2000-09-11,22.65,27.39,19.58,86.62,4.35,0.63,93.75,17.44
2000-09-12,22.72,28.15,18.87,86.39,3.46,0.16,93.76,18.85
2000-09-13,23.29,28.55,19.32,84.97,2.75,0.0,93.81,20.72
2000-09-14,23.83,29.36,19.81,83.92,2.98,0.01,93.74,21.85
2000-09-15,23.56,28.78,19.59,84.12,2.77,0.0,93.66,22.12
2000-09-16,23.53,28.68,19.68,85.67,3.15,0.0,93.72,22.28
2000-09-17,24.14,30.1,19.92,84.32,3.1,0.06,93.82,23.21
2000-09-18,23.56,28.61,20.17,85.28,3.19,0.01,93.74,20.43
2000-09-19,23.28,28.43,19.76,83.97,2.7,0.11,93.71,22.15
2000-09-20,24.04,29.63,19.48,82.96,2.06,0.02,93.72,18.38
2000-09-21,25.1,30.19,20.71,81.36,1.84,2.07,93.69,18.42
2000-09-22,25.09,29.36,20.91,80.32,2.0,3.72,93.76,19.66
2000-09-23,25.07,29.48,21.79,84.39,2.33,4.22,93.73,21.12
2000-09-24,25.22,29.14,21.49,82.31,1.77,3.89,93.74,21.61
2000-09-25,24.71,28.96,21.04,85.83,2.27,35.78,93.7,17.79
2000-09-26,25.05,29.86,21.26,81.65,2.31,4.17,93.71,20.66
2000-09-27,23.86,27.63,21.4,86.58,3.54,8.51,93.76,19.83
2000-09-28,23.24,27.05,20.67,90.59,1.85,1.62,93.68,18.78
2000-09-29,23.9,27.19,21.67,84.07,1.82,0.19,93.75,18.47
2000-09-30,24.22,29.92,19.91,77.93,1.49,0.01,93.74,18.79
2000-10-01,24.64,30.66,19.3,78.24,1.53,5.68,93.8,19.94
2000-10-02,25.11,30.1,21.12,75.82,1.41,0.77,93.85,20.44
2000-10-03,24.8,31.26,18.84,74.72,1.61,1.54,93.8,21.94
2000-10-04,24.51,30.83,18.64,75.91,1.78,1.12,93.77,19.57
2000-10-05,24.61,30.66,19.29,78.49,2.01,0.41,93.81,14.75
2000-10-06,25.14,30.77,20.71,79.54,1.57,2.55,93.84,18.35
2000-10-07,24.8,30.15,20.45,83.76,2.25,3.62,93.84,18.44
2000-10-08,23.66,26.46,21.57,88.55,1.77,1.57,93.82,18.15
2000-10-09,23.87,28.02,21.23,86.53,2.74,8.28,93.69,18.79
2000-10-10,22.9,25.76,20.79,89.98,2.13,3.19,93.78,15.5
2000-10-11,23.6,28.04,20.24,83.73,1.88,14.38,93.89,17.78
2000-10-12,23.9,29.04,20.86,85.05,1.58,3.95,93.91,12.93
2000-10-13,24.14,29.55,20.51,84.39,1.99,0.28,93.82,17.65
2000-10-14,23.46,27.47,21.04,87.97,2.07,4.49,93.79,18.75
2000-10-15,24.21,30.6,19.75,79.62,2.93,0.7,93.86,20.91
2000-10-16,23.87,31.34,18.0,64.79,2.85,0.0,93.88,21.03
2000-10-17,21.74,30.1,15.78,56.83,3.72,0.0,93.77,21.03
2000-10-18,22.4,30.93,14.28,58.76,2.47,0.01,93.63,21.49
2000-10-19,23.98,31.27,17.85,71.22,2.06,0.3,93.64,21.51
2000-10-20,24.15,29.47,20.51,81.12,1.39,1.64,93.78,20.41
2000-10-21,24.76,31.31,20.21,76.77,1.75,0.1,93.84,21.07
2000-10-22,23.98,31.39,17.98,74.65,1.79,3.13,93.79,20.73
2000-10-23,23.64,30.42,19.03,80.39,1.68,2.37,93.79,19.74
2000-10-24,23.68,30.31,18.43,78.22,1.66,0.0,93.91,19.69
2000-10-25,24.21,30.97,18.92,71.75,2.59,0.0,94.03,21.09
2000-10-26,23.06,30.77,17.13,65.65,2.72,0.0,94.0,20.93
2000-10-27,22.76,31.07,16.12,61.47,2.55,0.0,93.89,21.54
2000-10-28,22.14,30.61,15.95,58.83,2.51,0.0,94.03,21.45
2000-10-29,21.71,29.56,16.78,62.76,2.38,0.0,94.1,20.94
2000-10-30,21.59,30.49,14.92,60.09,2.39,0.0,94.04,20.81
2000-10-31,22.26,30.36,15.12,55.44,2.42,0.0,93.9,21.38
2000-11-01,22.56,29.91,14.89,61.98,2.52,0.0,93.92,20.16
2000-11-02,22.41,29.18,15.83,65.1,3.42,0.0,94.01,19.45
2000-11-03,23.29,29.57,17.34,68.98,3.25,0.97,94.15,12.41
2000-11-04,23.77,29.33,18.41,74.93,2.18,0.03,94.28,15.71
2000-11-05,23.63,29.28,19.54,74.55,1.72,7.79,94.16,16.47
2000-11-06,23.16,29.89,18.68,68.47,2.32,0.03,93.92,18.69
2000-11-07,23.41,29.57,17.95,66.06,2.02,0.0,93.96,17.62
2000-11-08,22.47,28.11,18.04,64.41,2.45,0.0,94.08,20.01
2000-11-09,20.01,25.81,15.81,63.5,3.6,0.0,94.07,20.01
2000-11-10,21.17,29.6,14.69,56.56,3.84,0.0,94.1,20.34
2000-11-11,21.46,29.36,14.63,60.37,3.67,0.0,94.2,20.28
2000-11-12,21.93,29.26,14.78,57.85,2.28,0.0,94.01,20.13
2000-11-13,21.93,29.67,14.51,58.35,2.21,0.0,93.83,19.57
2000-11-14,21.9,29.45,14.81,59.34,2.76,0.0,93.92,20.08
2000-11-15,21.31,29.16,14.74,62.1,3.39,0.0,94.0,19.57
2000-11-16,20.9,29.09,14.47,59.51,3.78,0.0,94.09,19.55
2000-11-17,20.37,28.57,13.92,56.05,3.75,0.0,94.04,19.53
2000-11-18,20.87,28.56,12.96,52.06,2.76,0.0,93.98,19.05
2000-11-19,20.56,29.13,13.36,53.5,2.11,0.0,93.99,18.78
2000-11-20,20.63,29.38,14.72,66.93,2.18,0.0,93.95,18.92
2000-11-21,20.45,29.75,14.33,62.56,2.1,0.0,93.95,19.19
2000-11-22,21.0,29.95,13.07,56.43,2.5,0.0,94.07,19.14
2000-11-23,22.06,30.36,14.66,59.22,2.83,0.0,94.28,19.4
2000-11-24,21.79,29.4,15.38,61.57,2.77,0.0,94.29,18.79
2000-11-25,21.65,30.46,15.47,51.96,2.85,0.0,94.16,19.0
2000-11-26,21.46,30.27,14.8,52.41,2.5,0.0,94.14,19.04
2000-11-27,20.6,30.43,13.39,55.96,2.93,0.0,94.1,19.04
2000-11-28,20.42,29.08,14.01,65.22,2.82,0.0,94.0,18.88
2000-11-29,21.12,29.87,13.65,52.39,2.7,0.0,93.93,18.9
2000-11-30,20.37,29.49,13.83,50.91,3.67,0.0,94.09,18.2
2000-12-01,20.96,29.89,14.56,47.5,4.78,0.0,94.09,19.39
2000-12-02,21.1,29.94,14.55,40.06,4.74,0.0,94.2,19.38
2000-12-03,21.67,30.68,14.56,37.44,3.79,0.0,94.32,19.57
2000-12-04,21.38,30.93,14.32,40.33,3.3,0.0,94.24,19.14
2000-12-05,20.52,30.55,11.8,32.59,2.98,0.0,94.18,18.88
2000-12-06,20.59,30.76,11.75,30.83,3.15,0.0,94.19,18.97
2000-12-07,19.42,30.08,11.47,33.41,4.08,0.0,94.21,18.81
2000-12-08,19.35,30.18,11.53,34.29,4.42,0.0,94.19,18.5
2000-12-09,19.96,29.81,11.2,31.95,3.63,0.0,94.15,18.43
2000-12-10,19.36,29.68,11.75,40.71,3.2,0.0,94.2,18.52
2000-12-11,19.98,29.7,11.0,37.97,2.33,0.0,94.27,18.63
2000-12-12,20.79,29.92,11.48,35.26,2.25,0.0,94.26,18.24
2000-12-13,20.16,30.06,11.03,34.01,2.9,0.0,94.18,18.36
2000-12-14,20.1,30.06,11.13,31.43,2.97,0.0,94.13,18.17
2000-12-15,19.39,29.79,11.13,31.82,3.67,0.0,94.22,17.87
2000-12-16,19.72,30.02,12.11,36.73,3.47,0.0,94.35,18.07
2000-12-17,19.47,30.08,11.0,32.53,3.68,0.0,94.35,17.92
2000-12-18,19.79,30.23,10.92,32.27,3.26,0.0,94.25,17.56
2000-12-19,19.93,30.19,10.9,31.72,3.06,0.0,94.09,18.05
2000-12-20,19.92,31.08,11.51,30.14,4.11,0.0,94.13,18.01
2000-12-21,20.91,31.27,12.8,34.14,3.89,0.0,94.2,18.09
2000-12-22,20.59,30.86,12.47,32.99,3.53,0.0,94.23,17.97
2000-12-23,20.75,31.45,11.83,29.4,3.36,0.0,94.15,17.72
2000-12-24,20.26,31.55,11.58,29.77,3.2,0.0,94.14,17.71
2000-12-25,20.28,31.79,11.32,31.51,2.87,0.0,94.12,17.66
2000-12-26,20.45,31.3,11.59,26.48,3.14,0.0,94.13,17.49
2000-12-27,20.04,31.05,12.21,33.92,3.4,0.0,94.11,17.53
2000-12-28,20.05,30.43,11.25,35.11,2.92,0.0,94.09,17.52
2000-12-29,20.82,29.66,12.89,31.73,3.99,0.0,94.05,18.0
2000-12-30,21.87,29.84,15.26,47.16,3.46,2.86,93.96,16.79
2000-12-31,20.16,25.27,16.69,84.36,2.46,11.61,93.96,4.98
2001-01-01,18.11,26.74,11.92,69.15,2.69,0.01,93.91,17.64
2001-01-02,17.45,27.48,9.4,61.85,2.81,0.04,94.02,18.8
2001-01-03,20.25,28.67,13.18,65.45,3.29,0.0,94.08,17.81
2001-01-04,21.15,29.26,14.57,59.93,3.2,0.0,94.13,17.85
2001-01-05,21.01,29.85,14.06,55.65,2.75,0.0,94.15,17.33
2001-01-06,20.58,29.67,13.29,51.36,2.55,0.0,94.17,17.1
2001-01-07,20.03,28.7,13.79,57.54,2.82,0.0,94.08,16.96
2001-01-08,18.66,27.44,12.65,56.07,2.86,0.0,94.04,19.28
2001-01-09,18.94,29.72,10.71,45.74,2.87,0.0,94.05,18.65
2001-01-10,19.66,30.24,11.85,56.22,2.86,0.0,94.09,18.09
2001-01-11,20.6,30.76,13.47,60.72,2.94,0.0,93.98,18.19
2001-01-12,20.92,30.73,13.4,68.27,2.78,0.0,94.03,15.86
2001-01-13,21.88,31.31,14.48,56.7,2.68,0.0,94.05,16.49
2001-01-14,22.56,31.84,15.19,53.71,2.49,0.0,94.05,17.41
2001-01-15,22.3,30.75,17.28,58.78,2.56,0.0,94.12,17.32
2001-01-16,22.23,31.16,15.71,59.47,2.1,0.0,94.14,16.12
2001-01-17,23.01,31.27,16.24,55.71,2.38,0.0,94.19,15.96
2001-01-18,23.78,30.98,17.85,48.89,1.9,0.0,94.2,16.59
2001-01-19,23.76,31.49,16.06,42.94,1.76,0.0,94.19,17.49
2001-01-20,23.11,31.2,15.33,41.28,2.78,0.0,94.17,14.78
2001-01-21,22.36,31.54,15.39,45.63,2.69,0.0,94.02,17.99
2001-01-22,20.93,30.78,13.92,46.96,3.18,0.0,93.98,18.37
2001-01-23,19.91,30.75,11.77,44.27,2.85,0.0,93.98,19.28
2001-01-24,21.51,31.71,12.78,28.55,3.35,0.0,94.01,19.68
2001-01-25,21.11,31.82,12.03,30.48,2.83,0.0,94.02,20.2
2001-01-26,22.33,32.36,13.16,29.53,2.25,0.0,93.97,19.14
2001-01-27,21.09,31.86,11.97,27.7,2.55,0.0,94.02,18.98
2001-01-28,21.78,32.29,11.64,26.75,2.33,0.0,94.05,16.81
2001-01-29,22.63,33.35,14.01,33.22,3.04,0.0,94.01,17.27
2001-01-30,22.74,33.42,14.87,45.75,2.26,0.0,94.01,19.45
2001-01-31,22.27,33.28,13.74,40.51,2.71,0.0,93.88,19.87
2001-02-01,22.91,33.86,14.65,36.67,3.29,0.0,93.85,18.11
2001-02-02,24.05,34.09,15.82,35.69,2.66,0.0,93.8,15.92
2001-02-03,24.16,33.78,17.95,35.97,3.1,0.0,93.82,20.08
2001-02-04,22.71,33.0,15.54,33.84,3.44,0.0,93.88,21.33
2001-02-05,21.51,31.24,15.27,32.27,3.3,0.0,94.0,22.38
2001-02-06,22.39,34.14,13.99,27.62,2.58,0.0,94.05,22.46
2001-02-07,22.83,34.59,12.78,20.7,2.71,0.0,94.06,22.02
2001-02-08,23.99,34.94,14.23,16.77,3.17,0.0,94.1,22.29
2001-02-09,23.09,34.87,12.98,18.05,2.78,0.0,94.13,22.38
2001-02-10,23.0,34.39,14.65,21.6,3.32,0.0,94.09,22.73
2001-02-11,22.87,33.52,15.77,25.69,2.95,0.0,93.96,22.93
2001-02-12,24.06,35.46,13.87,25.09,2.01,0.0,93.95,22.53
2001-02-13,23.78,36.2,14.25,28.07,3.77,0.0,93.94,21.83
2001-02-14,22.05,33.24,14.23,49.33,3.08,0.0,93.97,21.86
2001-02-15,20.66,32.54,11.36,46.35,3.25,0.0,94.07,22.83
2001-02-16,21.97,33.81,12.23,30.01,2.83,0.0,94.08,22.26
2001-02-17,23.19,34.26,15.41,33.73,2.05,0.0,94.13,21.73
2001-02-18,23.76,35.07,14.96,35.59,2.61,0.0,94.1,21.87
2001-02-19,24.53,34.87,16.84,31.37,2.72,0.0,94.13,21.94
2001-02-20,25.02,35.24,18.02,32.44,2.88,0.0,94.12,21.61
2001-02-21,24.64,35.21,17.11,36.15,3.05,0.0,93.94,22.27
2001-02-22,24.94,35.95,16.76,28.05,2.93,0.0,93.99,23.25
2001-02-23,25.12,36.72,15.9,22.29,2.75,0.0,94.04,23.52
2001-02-24,25.61,37.34,17.16,28.06,3.07,0.0,94.02,23.24
2001-02-25,22.54,33.64,13.94,49.57,3.76,0.0,93.94,23.9
2001-02-26,22.27,33.57,13.49,58.24,3.23,0.0,93.93,23.52
2001-02-27,23.47,34.62,15.98,59.05,2.9,0.0,94.01,22.85
2001-02-28,23.23,34.55,14.21,48.44,3.02,0.0,94.14,23.54
2001-03-01,24.62,36.2,16.0,26.52,2.87,0.0,94.15,23.82
2001-03-02,25.24,36.05,16.23,30.81,3.08,0.0,94.11,23.02
2001-03-03,26.08,36.45,17.53,41.5,3.34,0.04,94.1,22.68
2001-03-04,25.54,35.15,18.9,46.59,3.1,0.02,94.17,22.81
2001-03-05,24.71,34.91,17.13,48.38,2.78,0.0,94.14,23.33
2001-03-06,24.52,34.72,17.06,36.71,3.33,0.0,94.11,24.54
2001-03-07,23.33,33.29,16.31,33.13,3.35,0.0,94.09,24.45
2001-03-08,23.66,34.73,15.73,34.65,2.98,0.0,93.94,25.43
2001-03-09,23.87,35.09,16.22,43.78,2.77,0.0,93.93,25.07
2001-03-10,22.99,32.91,16.39,60.48,3.58,0.0,94.02,25.08
2001-03-11,22.96,33.34,14.52,57.6,3.29,0.0,94.11,25.46
2001-03-12,23.4,33.39,16.48,59.73,3.37,0.0,94.04,25.5
2001-03-13,22.94,33.47,15.68,56.33,3.24,0.0,94.0,25.71
2001-03-14,23.6,34.27,15.04,56.89,2.86,0.0,93.99,26.05
2001-03-15,25.34,35.5,17.08,47.67,3.15,0.0,94.1,24.9
2001-03-16,25.96,35.25,17.98,43.7,3.19,0.0,94.05,24.18
2001-03-17,25.97,36.1,17.33,44.32,3.57,0.0,93.91,25.71
2001-03-18,27.38,37.86,17.81,36.37,2.71,0.0,93.87,24.91
2001-03-19,27.98,37.81,19.86,38.56,2.92,0.0,93.97,23.86
2001-03-20,27.22,36.45,20.79,46.61,2.97,0.0,93.93,23.58
2001-03-21,25.52,34.61,18.4,54.87,3.96,0.0,93.83,24.81
2001-03-22,24.83,35.11,16.47,53.4,4.0,0.0,93.76,26.15
2001-03-23,25.37,36.25,17.12,56.23,3.44,0.0,93.79,26.59
2001-03-24,24.97,35.94,17.25,55.63,3.75,0.0,93.8,26.84
2001-03-25,24.92,35.16,17.32,56.04,3.86,0.0,93.76,26.1
2001-03-26,25.64,36.4,17.06,53.1,4.02,0.0,93.74,26.18
2001-03-27,25.81,36.15,17.45,52.02,4.31,0.0,93.75,26.36
2001-03-28,25.64,35.22,18.07,59.03,4.15,0.0,93.78,26.49
2001-03-29,25.18,35.37,18.48,53.52,4.52,0.0,93.67,26.84
2001-03-30,23.38,33.69,14.57,45.6,4.2,0.0,93.79,26.27
2001-03-31,24.29,35.98,13.77,39.74,3.22,0.0,93.96,27.24
2001-04-01,26.49,37.79,16.03,31.19,3.34,0.0,93.91,27.15
2001-04-02,28.18,39.08,18.78,23.95,3.17,0.0,93.73,26.49
2001-04-03,28.9,39.16,21.7,26.57,2.25,0.0,93.76,26.48
2001-04-04,28.47,38.04,21.46,38.59,1.86,0.11,93.92,23.74
2001-04-05,29.57,38.85,21.62,41.11,2.6,0.21,93.87,21.71
2001-04-06,30.5,39.06,23.27,24.45,1.79,0.09,93.93,25.4
2001-04-07,29.21,35.96,22.97,22.66,2.76,0.2,94.08,21.71
2001-04-08,30.93,39.14,24.16,17.83,2.8,0.01,93.84,23.58
2001-04-09,28.92,39.59,19.36,42.78,3.14,0.0,93.78,22.11
2001-04-10,29.08,38.38,21.19,36.31,2.47,0.96,93.91,23.86
2001-04-11,30.05,38.34,21.99,22.63,3.46,0.0,93.94,23.25
2001-04-12,30.37,37.45,23.42,25.86,2.53,0.0,93.79,17.03
2001-04-13,29.22,37.41,22.93,36.52,2.88,0.2,93.79,20.99
2001-04-14,27.99,36.13,21.62,39.29,2.42,0.01,94.01,25.62
2001-04-15,27.65,35.74,20.01,48.67,3.01,0.0,94.11,25.69
2001-04-16,27.36,36.17,20.4,53.29,3.63,0.0,93.99,26.6
2001-04-17,26.22,35.19,19.15,54.7,4.26,0.0,93.9,27.82
2001-04-18,27.03,37.15,19.75,54.43,3.67,0.0,93.81,27.33
2001-04-19,26.87,36.82,18.86,57.24,3.76,0.0,93.82,27.65
2001-04-20,28.59,38.92,19.7,51.34,3.73,0.8,93.71,27.36
2001-04-21,30.57,39.94,22.8,36.12,3.38,0.56,93.62,25.72
2001-04-22,30.96,40.44,21.12,26.35,3.18,0.02,93.62,25.47
2001-04-23,31.42,41.42,21.84,26.74,3.03,0.08,93.61,25.83
2001-04-24,30.54,41.42,21.26,43.31,3.84,0.0,93.73,26.29
2001-04-25,30.56,40.42,23.51,48.19,3.61,0.0,93.68,26.1
2001-04-26,29.59,40.49,22.44,53.54,3.81,0.0,93.71,26.13
2001-04-27,30.71,41.2,21.69,46.73,3.56,0.0,93.69,25.69
2001-04-28,30.38,40.93,22.0,42.91,4.5,0.0,93.61,26.38
2001-04-29,30.21,40.5,21.08,41.26,4.43,0.0,93.63,26.48
2001-04-30,30.12,40.91,21.31,45.8,4.43,0.0,93.73,26.84
2001-05-01,31.11,42.37,21.21,48.6,3.61,0.0,93.69,26.05
2001-05-02,30.17,39.48,23.4,53.81,4.35,0.0,93.56,26.47
2001-05-03,29.04,38.21,22.49,56.35,4.33,0.0,93.53,27.16
2001-05-04,29.43,39.78,21.69,52.51,4.57,0.0,93.65,27.85
2001-05-05,29.51,39.75,21.24,53.55,4.65,0.0,93.72,28.14
2001-05-06,29.81,39.67,21.92,52.27,4.62,0.0,93.69,28.08
2001-05-07,29.47,39.01,21.88,53.59,4.82,0.0,93.71,27.79
2001-05-08,28.87,38.22,21.32,51.65,5.04,0.0,93.73,27.99
2001-05-09,28.39,37.78,20.98,54.15,5.12,0.0,93.72,28.05
2001-05-10,28.23,37.22,22.55,59.41,5.79,0.0,93.77,27.95
2001-05-11,28.71,37.74,22.0,57.78,5.06,0.0,93.79,28.21
2001-05-12,28.37,37.77,21.88,58.92,5.16,0.0,93.73,28.54
2001-05-13,28.42,37.58,21.88,55.58,5.4,0.0,93.67,28.53
2001-05-14,28.54,37.19,22.56,57.43,5.13,0.0,93.69,27.68
2001-05-15,28.54,37.6,22.38,60.95,5.03,0.0,93.76,26.75
2001-05-16,28.37,36.99,22.14,58.75,4.56,0.0,93.85,27.76
2001-05-17,28.15,36.31,22.73,58.97,5.43,0.0,93.85,27.44
2001-05-18,28.06,35.98,22.32,58.01,5.57,0.0,93.8,25.81
2001-05-19,27.06,32.78,22.86,63.5,4.66,1.59,93.8,25.73
2001-05-20,26.7,32.79,22.88,66.41,4.45,0.45,93.68,25.12
2001-05-21,28.29,36.57,22.15,59.5,3.38,0.57,93.54,24.78
2001-05-22,27.72,32.58,23.76,63.23,1.39,1.92,93.51,16.64
2001-05-23,29.01,36.24,24.02,58.02,3.79,1.53,93.39,23.14
2001-05-24,26.71,31.61,22.62,68.41,6.62,1.77,93.38,23.0
2001-05-25,26.34,31.62,22.87,71.67,7.13,1.97,93.33,16.51
2001-05-26,26.42,33.39,21.65,65.02,7.3,1.77,93.44,20.96
2001-05-27,26.12,33.0,21.33,67.88,6.08,5.09,93.52,19.4
2001-05-28,25.81,32.34,21.62,70.07,6.81,3.88,93.47,13.51
2001-05-29,25.49,31.56,21.8,75.45,6.97,2.99,93.52,20.28
2001-05-30,25.62,31.72,22.0,73.32,6.31,1.51,93.59,24.1
2001-05-31,25.96,32.0,21.74,71.37,6.0,0.02,93.54,23.05
2001-06-01,26.17,32.58,21.92,68.97,5.39,0.0,93.55,24.04
2001-06-02,26.17,32.85,21.69,67.66,5.68,0.1,93.64,24.23
2001-06-03,26.63,33.68,21.67,67.98,5.44,0.08,93.62,23.79
2001-06-04,26.31,31.59,22.53,70.9,5.29,0.73,93.54,21.79
2001-06-05,26.6,32.4,22.1,70.6,5.74,0.1,93.42,21.26
2001-06-06,26.55,31.54,23.17,71.65,4.83,1.15,93.26,19.18
2001-06-07,25.21,29.14,22.56,80.45,3.1,23.37,93.16,18.81
2001-06-08,25.41,29.05,23.22,85.47,2.38,25.35,92.98,17.84
2001-06-09,25.61,30.29,23.05,84.73,4.27,11.27,92.97,12.97
2001-06-10,24.87,28.29,22.93,84.64,6.34,4.77,93.05,15.83
2001-06-11,25.53,30.18,22.27,82.28,5.48,17.99,92.94,17.65
2001-06-12,24.18,27.7,21.79,83.79,8.63,8.54,93.13,11.16
2001-06-13,23.44,25.9,21.79,83.69,7.66,5.66,93.41,12.71
2001-06-14,21.86,23.35,20.72,88.08,8.78,28.63,93.32,5.66
2001-06-15,23.31,26.13,21.98,87.42,10.17,24.54,93.37,9.99
2001-06-16,24.02,27.5,21.95,86.26,10.51,13.57,93.32,12.24
2001-06-17,23.99,26.97,22.21,86.45,9.84,30.62,93.26,4.55
2001-06-18,24.19,27.43,22.27,85.27,7.25,9.09,93.42,11.58
2001-06-19,24.47,27.77,22.44,86.13,6.28,0.78,93.58,15.56
2001-06-20,24.01,26.79,22.19,86.52,6.21,1.52,93.6,13.95
2001-06-21,24.83,28.93,22.26,83.54,7.79,1.07,93.54,15.63
2001-06-22,24.93,29.28,22.5,82.48,8.0,0.03,93.46,18.68
2001-06-23,24.71,28.86,22.3,82.99,8.29,0.06,93.41,18.0
2001-06-24,24.9,28.95,22.46,82.73,7.82,0.16,93.49,15.31
2001-06-25,24.64,28.5,22.4,83.64,7.83,2.12,93.59,18.13
2001-06-26,24.32,27.96,22.12,84.74,7.69,1.22,93.55,15.11
2001-06-27,23.8,26.68,21.79,86.29,7.6,14.92,93.56,15.1
2001-06-28,24.33,28.14,22.21,85.31,7.24,9.74,93.49,15.45
2001-06-29,24.64,28.92,22.17,82.7,6.93,2.34,93.43,16.33
2001-06-30,24.63,29.06,21.74,81.97,6.74,3.26,93.45,17.41
2001-07-01,24.67,29.04,22.02,82.97,6.9,9.59,93.54,11.72
2001-07-02,24.25,28.48,21.82,84.3,7.6,8.0,93.51,11.16
2001-07-03,23.85,27.18,22.07,86.31,8.64,26.11,93.32,12.63
2001-07-04,24.63,28.82,22.04,84.56,9.01,13.6,93.18,10.27
2001-07-05,24.42,28.65,22.08,83.37,7.84,3.75,93.22,13.63
2001-07-06,24.4,28.47,22.02,83.98,7.46,4.82,93.25,8.4
2001-07-07,23.79,27.01,21.97,87.3,7.26,25.97,93.2,9.8
2001-07-08,23.52,25.34,22.41,92.23,7.26,34.41,93.01,9.25
2001-07-09,23.0,24.53,21.99,93.45,8.36,76.9,93.02,5.4
2001-07-10,23.89,27.17,22.01,88.23,8.79,18.01,93.23,11.46
2001-07-11,23.59,26.8,21.74,87.36,8.7,5.77,93.33,13.44
2001-07-12,24.06,27.67,21.75,85.57,7.82,4.53,93.41,14.78
2001-07-13,23.73,27.19,21.34,85.04,7.13,4.27,93.62,9.65
2001-07-14,22.64,25.99,20.2,85.21,6.42,5.38,93.83,13.99
2001-07-15,23.53,27.46,20.81,85.39,6.92,8.21,93.76,12.7
2001-07-16,22.92,25.39,21.41,88.64,7.87,8.07,93.67,13.3
2001-07-17,23.45,26.67,21.28,86.66,9.16,5.33,93.63,13.12
2001-07-18,23.59,26.72,21.75,86.6,8.77,2.85,93.56,9.23
2001-07-19,23.21,25.57,21.66,89.33,7.5,2.97,93.46,8.75
2001-07-20,23.79,26.93,21.84,86.22,7.28,2.04,93.44,9.83
2001-07-21,23.51,26.67,21.54,86.91,6.53,0.84,93.41,12.94
2001-07-22,23.06,25.89,21.31,89.05,6.26,4.98,93.43,9.79
2001-07-23,23.65,27.16,21.64,88.45,6.62,6.32,93.37,11.09
2001-07-24,24.03,27.96,21.76,86.65,6.7,5.83,93.38,11.68
2001-07-25,23.82,27.75,21.4,86.58,6.02,2.51,93.46,13.35
2001-07-26,23.71,27.79,21.02,86.25,5.75,3.15,93.6,13.01
2001-07-27,23.81,27.94,21.25,87.18,5.26,6.4,93.52,14.05
2001-07-28,23.76,27.3,21.82,88.05,5.37,5.66,93.5,10.92
2001-07-29,23.5,26.63,21.52,86.95,6.19,3.43,93.54,15.65
2001-07-30,23.8,28.21,21.32,86.08,5.56,2.97,93.52,13.81
2001-07-31,23.94,28.05,21.54,86.91,4.89,1.95,93.6,13.27
2001-08-01,23.02,25.48,21.48,90.24,4.42,5.53,93.6,14.06
2001-08-02,22.79,26.07,21.1,89.48,4.04,1.96,93.4,13.04
2001-08-03,23.31,27.18,20.98,88.7,5.12,17.12,93.29,9.28
2001-08-04,22.89,26.24,21.01,89.47,5.22,13.17,93.47,8.27
2001-08-05,22.36,24.71,20.89,90.28,6.27,5.49,93.59,8.62
2001-08-06,22.29,24.35,21.05,91.92,5.63,11.1,93.49,11.53
2001-08-07,22.89,25.73,21.2,89.55,5.36,19.66,93.37,4.87
2001-08-08,23.24,26.24,21.49,91.98,6.17,28.73,93.45,11.04
2001-08-09,23.14,25.74,21.91,92.65,5.22,10.06,93.68,7.31
2001-08-10,23.16,25.27,21.99,92.37,4.96,11.09,93.57,10.9
2001-08-11,23.13,25.72,21.7,92.3,5.34,5.96,93.43,10.66
2001-08-12,22.95,25.89,21.47,90.6,6.04,8.79,93.48,11.95
2001-08-13,23.5,26.71,21.5,90.01,6.39,7.04,93.54,12.13
2001-08-14,23.11,25.39,21.95,91.93,6.77,18.59,93.66,10.45
2001-08-15,22.87,24.71,21.83,93.41,7.67,26.49,93.72,8.66
2001-08-16,23.07,25.59,21.92,91.98,8.15,14.47,93.66,9.06
2001-08-17,23.18,26.17,21.56,90.25,7.58,7.75,93.6,9.72
2001-08-18,23.53,27.24,21.54,89.39,7.0,4.33,93.55,12.11
2001-08-19,22.43,25.43,20.93,90.09,5.92,0.78,93.58,17.03
2001-08-20,22.37,24.61,20.99,92.63,5.58,1.74,93.6,11.11
2001-08-21,22.61,24.88,21.44,91.38,4.77,1.74,93.64,13.26
2001-08-22,23.25,26.22,21.39,89.94,5.39,3.25,93.51,14.55
2001-08-23,23.69,27.36,21.57,89.08,6.27,2.33,93.42,13.47
2001-08-24,23.52,26.85,21.65,89.33,5.44,2.18,93.53,10.48
2001-08-25,23.64,27.23,21.7,88.77,4.62,0.88,93.7,14.11
2001-08-26,23.26,26.76,21.29,88.61,4.53,0.76,93.77,15.95
2001-08-27,23.07,26.47,20.95,88.75,5.82,1.97,93.65,15.82
2001-08-28,22.69,26.6,20.5,88.42,6.38,1.66,93.6,16.22
2001-08-29,22.88,26.61,20.6,88.15,6.41,1.34,93.55,12.86
2001-08-30,22.94,27.22,20.6,86.63,6.0,0.46,93.56,20.03
2001-08-31,22.73,26.65,20.68,87.25,5.61,0.38,93.52,16.57
2001-09-01,22.57,26.21,20.4,88.43,4.67,1.07,93.57,14.88
2001-09-02,22.97,27.3,19.76,87.9,4.15,0.73,93.63,10.83
2001-09-03,23.14,27.85,20.22,87.93,3.75,1.32,93.75,15.15
2001-09-04,23.09,27.76,20.02,86.13,3.74,1.3,93.78,14.74
2001-09-05,22.56,27.09,19.61,86.96,4.22,0.89,93.77,16.63
2001-09-06,22.77,27.92,19.15,86.84,3.96,0.93,93.78,19.51
2001-09-07,23.1,28.02,19.58,86.5,3.21,0.36,93.88,16.38
2001-09-08,23.58,28.8,20.05,84.92,2.82,0.33,93.94,19.84
2001-09-09,23.05,28.01,19.51,85.67,3.04,0.02,93.87,21.63
2001-09-10,22.79,27.63,19.27,86.23,3.31,0.03,93.72,21.53
2001-09-11,22.57,27.24,19.26,87.08,3.76,1.69,93.74,17.94
2001-09-12,22.7,27.25,19.58,86.61,3.31,0.56,93.76,19.33
2001-09-13,23.42,28.9,19.32,83.09,2.45,0.02,93.68,22.09
2001-09-14,23.19,28.08,19.77,84.72,2.45,7.38,93.74,22.74
2001-09-15,23.31,27.64,19.65,87.99,2.32,5.6,93.84,10.98
2001-09-16,24.27,28.7,21.25,87.96,1.97,8.56,93.79,18.8
2001-09-17,24.57,28.71,21.94,87.87,2.36,8.24,93.78,11.36
2001-09-18,24.48,28.68,21.76,88.53,2.25,16.54,93.65,8.49
2001-09-19,23.5,26.0,22.09,92.05,2.61,2.9,93.65,11.06
2001-09-20,23.45,26.33,21.95,90.97,2.38,16.66,93.65,13.9
2001-09-21,23.77,26.97,21.5,89.67,2.96,17.1,93.67,16.46
2001-09-22,24.63,29.4,21.32,83.62,3.83,2.85,93.67,18.46
2001-09-23,23.92,27.89,21.16,87.95,3.19,0.26,93.69,17.57
2001-09-24,24.54,30.4,20.34,83.83,1.93,0.41,93.71,18.49
2001-09-25,24.44,29.27,20.32,86.15,1.82,28.71,93.67,18.03
2001-09-26,23.79,26.89,21.95,91.47,2.22,10.1,93.62,16.19
2001-09-27,24.69,28.9,21.8,88.06,2.48,15.49,93.62,18.63
2001-09-28,24.88,29.8,20.98,84.59,2.43,5.35,93.57,15.72
2001-09-29,24.88,29.92,21.5,85.24,2.8,0.08,93.47,20.74
2001-09-30,24.58,29.38,21.37,86.06,2.69,0.24,93.43,19.74
2001-10-01,23.61,26.64,22.07,90.34,4.13,1.83,93.55,11.87
2001-10-02,23.49,26.3,21.4,90.42,4.77,0.77,93.62,12.21
2001-10-03,23.32,27.06,21.18,88.84,4.31,0.45,93.66,17.04
2001-10-04,23.31,27.69,20.45,89.73,3.53,3.7,93.7,18.79
2001-10-05,23.34,26.96,21.2,91.95,2.91,21.86,93.6,15.58
2001-10-06,23.46,26.27,21.61,92.64,2.04,23.96,93.61,13.08
2001-10-07,23.52,26.42,21.25,91.72,2.95,28.56,93.59,6.31
2001-10-08,24.04,26.78,22.29,91.0,3.31,16.45,93.5,9.65
2001-10-09,24.04,27.67,20.91,90.16,2.52,6.21,93.72,16.43
2001-10-10,23.84,27.16,21.73,91.46,2.71,3.38,93.78,17.8
2001-10-11,23.58,27.16,21.53,91.9,2.71,3.2,93.9,17.53
2001-10-12,23.52,27.18,20.83,90.01,1.83,6.67,93.93,18.29
2001-10-13,23.8,27.91,21.31,90.07,2.04,2.97,93.88,17.41
2001-10-14,23.9,29.03,19.3,84.51,2.22,0.24,93.86,19.88
2001-10-15,24.4,29.05,20.18,86.01,2.62,8.52,93.88,16.61
2001-10-16,23.65,28.66,19.83,82.66,3.65,2.08,93.92,19.94
2001-10-17,22.04,28.15,17.79,76.34,4.12,0.04,93.82,16.25
2001-10-18,22.41,28.45,17.04,77.14,4.72,0.02,93.77,17.43
2001-10-19,24.05,28.85,19.85,84.36,3.93,0.0,94.01,16.26
2001-10-20,23.36,29.53,18.64,79.78,3.09,0.0,94.16,19.07
2001-10-21,21.02,28.69,15.31,69.48,4.0,0.0,94.03,21.75
2001-10-22,21.03,28.66,15.39,72.68,4.02,0.0,94.06,22.62
2001-10-23,20.89,28.41,15.27,73.52,4.11,0.0,94.09,21.53
2001-10-24,20.55,28.13,15.29,74.6,4.34,0.0,94.01,21.62
2001-10-25,20.5,28.57,14.21,71.99,3.99,0.0,93.88,22.47
2001-10-26,20.72,28.76,14.34,70.64,3.66,0.0,93.85,22.17
2001-10-27,20.95,28.7,14.71,69.56,3.76,0.0,93.96,21.65
2001-10-28,21.52,29.22,15.55,69.08,2.85,0.0,94.02,21.02
2001-10-29,21.47,29.1,16.26,69.35,2.51,0.0,93.92,21.32
2001-10-30,20.81,28.62,14.69,72.68,3.4,0.0,93.94,21.24
2001-10-31,21.68,28.74,15.62,72.16,3.66,0.0,94.04,21.0
2001-11-01,22.47,29.36,16.83,75.94,3.22,0.0,94.14,19.28
2001-11-02,21.95,29.38,16.23,70.51,3.36,0.0,94.22,20.68
2001-11-03,21.32,29.51,14.85,62.59,3.38,0.0,94.15,21.42
2001-11-04,21.11,29.05,14.69,61.6,2.91,0.0,94.09,21.27
2001-11-05,21.33,28.87,14.67,65.71,2.77,0.0,94.09,20.66
2001-11-06,21.88,29.24,15.58,69.17,3.39,0.0,94.05,20.57
2001-11-07,22.33,28.91,17.64,76.16,3.32,0.0,93.99,19.69
2001-11-08,21.56,28.64,16.05,73.48,3.58,0.0,93.96,19.97
2001-11-09,21.04,28.14,15.65,71.77,3.97,0.0,94.0,19.55
2001-11-10,20.4,27.64,15.21,70.21,3.87,0.0,93.93,19.46
2001-11-11,20.16,27.88,13.92,71.49,3.72,0.0,93.89,19.71
2001-11-12,20.22,27.89,14.82,71.4,4.05,0.0,93.97,20.34
2001-11-13,18.85,27.58,12.69,61.92,4.19,0.0,94.12,20.93
2001-11-14,20.07,28.1,12.58,63.66,3.02,0.0,94.16,20.13
2001-11-15,21.83,29.2,16.13,77.59,2.71,0.0,94.12,18.79
2001-11-16,22.83,28.68,17.94,82.42,2.45,11.34,94.1,17.13
2001-11-17,22.66,27.04,19.82,83.3,2.43,0.45,94.18,17.26
2001-11-18,23.55,29.35,18.26,78.53,2.63,0.02,94.25,18.56
2001-11-19,24.16,29.98,18.85,74.83,2.19,0.0,94.25,17.91
2001-11-20,22.79,29.74,17.98,72.96,3.51,0.0,94.3,18.01
2001-11-21,20.54,28.42,15.1,64.37,3.78,0.0,94.35,18.98
2001-11-22,19.66,27.77,13.23,58.49,3.06,0.0,94.29,18.68
2001-11-23,19.31,27.63,13.34,60.96,2.98,0.0,94.25,18.19
2001-11-24,19.08,27.21,12.07,56.69,2.97,0.0,94.23,18.1
2001-11-25,19.27,27.15,12.27,60.81,2.73,0.0,94.24,17.39
2001-11-26,19.5,27.15,12.89,63.04,2.48,0.0,94.13,17.7
2001-11-27,19.32,27.06,12.94,68.58,2.63,0.0,94.2,17.38
2001-11-28,19.95,26.96,13.62,73.05,2.53,0.0,94.09,16.52
2001-11-29,19.91,27.07,14.45,69.71,3.13,0.0,94.11,16.47
2001-11-30,18.09,26.57,12.45,57.18,4.4,0.0,94.28,18.79
2001-12-01,19.62,27.8,12.61,60.75,3.33,0.0,94.22,17.73
2001-12-02,20.44,28.24,14.29,65.51,2.84,0.0,94.17,17.87
2001-12-03,20.04,28.2,12.85,57.67,2.62,0.0,94.2,18.59
2001-12-04,20.28,28.45,12.73,56.04,2.13,0.0,94.15,18.89
2001-12-05,20.26,28.79,12.68,58.03,2.31,0.0,94.11,18.76
2001-12-06,20.45,28.72,13.19,57.53,2.21,0.0,94.19,18.67
2001-12-07,21.01,28.93,13.12,52.96,2.22,0.0,94.16,18.34
2001-12-08,20.21,28.56,12.39,52.25,2.52,0.0,94.21,18.21
2001-12-09,20.37,28.64,12.51,50.69,2.74,0.0,94.3,18.52
2001-12-10,20.23,28.6,12.75,54.38,1.93,0.0,94.32,18.55
2001-12-11,19.77,28.33,12.91,59.0,2.11,0.0,94.36,18.49
2001-12-12,19.83,28.54,13.21,62.69,2.46,0.0,94.43,18.3
2001-12-13,19.81,28.66,12.9,60.05,2.55,0.0,94.47,17.99
2001-12-14,20.48,28.73,12.64,54.52,2.17,0.0,94.44,17.36
2001-12-15,19.81,27.9,13.17,61.74,2.25,0.0,94.46,16.83
2001-12-16,19.58,27.93,13.19,61.22,2.2,0.0,94.4,16.85
2001-12-17,20.06,28.24,13.17,58.1,3.26,0.0,94.41,17.36
2001-12-18,19.54,27.62,13.63,58.25,4.03,0.0,94.53,16.95
2001-12-19,19.19,27.86,13.59,51.05,4.34,0.0,94.52,17.88
2001-12-20,18.76,27.75,11.83,47.15,4.59,0.0,94.49,18.42
2001-12-21,18.5,27.56,12.35,48.2,5.04,0.0,94.53,17.88
2001-12-22,18.33,27.6,12.03,45.17,4.6,0.0,94.54,18.13
2001-12-23,18.7,27.72,10.88,45.65,3.32,0.0,94.48,18.24
2001-12-24,19.2,27.99,12.17,49.04,3.27,0.0,94.41,17.8
2001-12-25,20.14,28.27,12.69,57.14,2.75,0.0,94.35,16.65
2001-12-26,21.73,28.24,15.16,61.46,2.32,0.0,94.41,15.84
2001-12-27,22.48,28.51,17.53,62.6,1.97,0.0,94.55,14.0
2001-12-28,22.06,28.31,16.52,63.25,1.97,0.0,94.58,14.41
2001-12-29,21.09,28.16,14.52,59.88,2.34,0.0,94.47,14.52
2001-12-30,20.46,27.48,14.11,60.72,2.2,0.0,94.43,14.88
2001-12-31,20.33,27.66,13.76,58.69,2.2,0.0,94.42,15.91
2002-01-01,18.77,27.43,12.89,51.96,4.28,0.0,94.49,17.43
2002-01-02,18.02,27.38,11.41,45.16,4.67,0.0,94.56,17.93
2002-01-03,17.16,26.92,10.13,38.36,4.63,0.0,94.48,18.13
2002-01-04,17.56,26.78,9.73,42.74,4.21,0.0,94.34,16.98
2002-01-05,19.21,27.34,12.48,57.55,3.46,0.03,94.21,15.72
2002-01-06,19.69,27.81,13.47,70.37,2.76,0.01,94.19,16.74
2002-01-07,19.49,27.84,13.3,71.99,2.62,0.26,94.26,16.95
2002-01-08,20.78,28.17,15.07,65.71,3.71,0.09,94.28,15.86
2002-01-09,20.95,28.09,14.92,60.93,4.26,0.0,94.37,15.97
2002-01-10,20.51,28.43,14.19,53.74,3.79,0.0,94.43,17.04
2002-01-11,20.32,29.15,12.58,42.52,3.11,0.0,94.36,18.43
2002-01-12,20.24,30.14,11.55,39.83,3.12,0.0,94.28,19.12
2002-01-13,21.02,30.62,12.07,34.47,2.53,0.0,94.11,19.33
2002-01-14,21.08,31.49,12.5,41.45,2.24,0.0,93.98,18.96
2002-01-15,20.67,30.27,14.37,55.82,2.58,0.0,94.04,18.57
2002-01-16,19.58,28.55,14.27,74.56,2.82,0.0,94.08,19.29
2002-01-17,18.31,27.12,12.8,78.1,2.99,0.0,93.98,18.38
2002-01-18,17.67,25.61,12.96,77.6,2.69,0.0,93.89,16.69
2002-01-19,16.82,25.0,10.99,70.25,3.09,0.0,94.0,18.46
2002-01-20,15.92,24.25,10.24,67.59,2.91,0.0,94.15,19.71
2002-01-21,16.86,25.04,10.81,53.73,2.92,0.0,94.07,19.87
2002-01-22,17.43,26.93,11.3,67.23,2.59,0.0,94.04,19.65
2002-01-23,17.55,28.22,10.48,47.96,2.61,0.0,94.11,20.24
2002-01-24,18.18,29.15,11.67,33.74,3.14,0.0,94.18,20.75
2002-01-25,18.22,28.68,10.87,40.58,3.79,0.0,94.2,20.75
2002-01-26,17.65,27.2,11.19,66.15,3.48,0.0,94.12,20.31
2002-01-27,16.6,24.67,10.17,67.66,3.91,0.0,94.03,19.08
2002-01-28,15.38,26.35,6.61,42.53,2.58,0.0,94.12,20.77
2002-01-29,17.12,28.34,9.45,44.65,2.44,0.0,94.19,20.78
2002-01-30,18.74,29.57,9.0,35.99,3.71,0.0,94.22,19.59
2002-01-31,21.04,29.98,13.59,43.12,3.71,0.0,94.27,17.26
2002-02-01,22.15,30.89,14.84,51.16,2.78,0.0,94.39,16.64
2002-02-02,22.51,31.65,15.18,44.94,2.75,0.0,94.36,16.29
2002-02-03,23.7,32.13,16.57,51.52,2.27,0.0,94.16,18.85
2002-02-04,23.33,32.25,16.39,53.09,3.25,0.0,94.09,18.64
2002-02-05,23.38,31.91,17.48,53.99,2.49,0.0,94.14,17.79
2002-02-06,21.58,30.71,15.1,50.9,3.41,0.01,94.1,18.53
2002-02-07,19.44,28.53,13.51,56.6,3.39,0.03,94.09,21.28
2002-02-08,17.58,27.57,10.84,46.09,3.0,0.0,94.12,22.17
2002-02-09,19.97,31.43,10.81,44.2,3.36,0.0,94.08,21.44
2002-02-10,21.26,30.25,14.74,59.64,3.47,0.12,94.02,17.8
2002-02-11,19.7,28.22,14.08,60.97,3.48,0.0,94.14,20.98
2002-02-12,20.43,31.79,10.34,42.77,2.68,0.0,94.23,22.51
2002-02-13,23.98,33.24,15.6,46.33,3.11,0.0,94.23,19.94
2002-02-14,24.51,33.66,16.51,43.03,2.58,0.0,94.3,21.54
2002-02-15,24.41,33.48,16.82,45.7,2.34,0.0,94.33,20.91
2002-02-16,24.75,34.06,17.28,43.74,2.76,0.0,94.22,20.39
2002-02-17,25.01,33.69,18.16,46.16,2.47,0.0,94.26,19.63
2002-02-18,25.64,33.85,19.69,44.18,2.21,0.0,94.39,18.92
2002-02-19,25.36,33.98,18.7,42.44,2.38,0.0,94.5,17.84
2002-02-20,24.85,34.43,17.2,34.16,3.11,0.0,94.39,21.11
2002-02-21,25.18,34.91,16.27,31.15,2.27,0.0,94.37,22.07
2002-02-22,25.73,35.31,19.17,36.34,2.71,0.0,94.45,22.26
2002-02-23,24.89,34.69,17.03,42.3,2.43,0.0,94.49,22.37
2002-02-24,24.66,34.36,16.64,43.22,2.57,0.0,94.3,22.01
2002-02-25,24.67,34.72,16.45,38.09,2.64,0.0,94.19,23.1
2002-02-26,24.69,35.02,15.92,33.02,2.73,0.0,94.21,23.09
2002-02-27,25.48,35.92,17.23,28.99,2.57,0.0,94.12,22.87
2002-02-28,25.82,36.26,17.21,26.06,3.12,0.0,94.03,23.24
2002-03-01,26.32,36.51,17.87,29.84,2.69,0.0,93.99,23.12
2002-03-02,26.1,35.94,18.1,31.58,3.58,0.0,94.0,23.16
2002-03-03,25.56,35.44,17.78,29.59,3.64,0.0,93.98,24.0
2002-03-04,26.31,36.75,17.1,25.91,2.98,0.0,93.93,24.27
2002-03-05,26.94,37.25,18.06,21.98,3.48,0.0,93.99,23.29
2002-03-06,26.42,37.05,17.99,22.56,3.36,0.0,94.04,23.71
2002-03-07,24.79,35.15,17.17,35.93,3.54,0.0,94.01,23.54
2002-03-08,23.03,32.83,15.5,55.88,3.4,0.0,94.0,22.3
2002-03-09,25.46,36.12,16.06,41.29,2.84,0.0,94.07,24.05
2002-03-10,27.32,35.99,18.21,27.94,3.47,0.0,94.18,24.25
2002-03-11,28.72,36.8,21.63,24.51,3.29,0.0,94.15,22.22
2002-03-12,27.41,33.94,22.04,23.84,4.09,0.0,94.07,15.57
2002-03-13,27.54,36.93,19.84,31.03,4.24,0.04,94.13,16.28
2002-03-14,28.19,36.2,21.53,31.99,2.96,0.24,94.06,14.64
2002-03-15,27.88,36.48,21.77,31.62,3.67,0.0,94.01,23.1
2002-03-16,27.57,36.9,19.38,31.02,3.24,0.0,93.96,22.89
2002-03-17,28.49,37.55,19.51,27.45,2.7,0.0,93.93,23.01
2002-03-18,30.15,38.36,22.87,25.15,3.19,0.0,94.08,22.73
2002-03-19,28.63,38.54,19.0,24.17,3.33,0.0,94.15,23.61
2002-03-20,28.36,37.94,19.46,35.72,3.1,0.0,94.05,21.85
2002-03-21,28.15,37.74,21.12,42.72,3.06,0.03,93.91,22.2
2002-03-22,26.8,36.71,18.5,46.13,3.52,0.01,93.87,24.35
2002-03-23,25.96,36.08,17.71,42.24,3.87,0.0,93.83,25.2
2002-03-24,25.97,36.88,17.51,54.05,3.54,0.0,93.69,25.6
2002-03-25,25.36,35.85,17.06,54.98,3.63,0.0,93.62,25.8
2002-03-26,24.96,35.46,16.7,53.57,3.5,0.0,93.68,25.82
2002-03-27,25.26,36.03,16.85,54.21,3.49,0.0,93.8,26.05
2002-03-28,26.53,37.76,17.02,50.79,3.3,0.0,93.82,26.57
2002-03-29,27.25,38.39,18.31,49.51,2.94,0.0,93.91,26.74
2002-03-30,28.51,39.97,18.63,39.23,2.96,0.0,93.88,26.74
2002-03-31,28.89,40.2,19.07,35.31,2.94,0.0,93.9,26.78
2002-04-01,28.25,38.49,19.52,34.9,4.21,0.0,94.07,26.83
2002-04-02,27.02,36.5,19.78,57.13,4.22,0.0,94.05,26.73
2002-04-03,27.18,37.57,19.77,55.81,3.6,0.0,93.81,26.87
2002-04-04,27.46,38.89,18.78,52.87,2.98,0.0,93.71,26.96
2002-04-05,28.43,39.41,19.53,49.65,2.88,0.0,93.8,25.89
2002-04-06,28.31,37.64,20.23,49.88,2.97,3.02,93.92,24.07
2002-04-07,29.07,37.16,23.0,46.0,3.19,0.71,93.91,24.34
2002-04-08,28.24,35.16,22.45,46.44,2.33,0.08,93.97,23.38
2002-04-09,28.68,36.11,22.11,35.66,2.63,0.0,93.91,25.78
2002-04-10,29.06,38.46,20.76,26.12,3.9,0.0,93.71,26.48
2002-04-11,29.32,38.98,21.02,23.53,3.56,0.0,93.77,26.83
2002-04-12,29.76,40.01,20.4,22.17,3.5,0.0,93.9,27.14
2002-04-13,30.28,40.45,21.1,26.18,3.33,0.0,93.9,26.14
2002-04-14,29.74,39.91,21.53,31.3,3.91,0.0,93.85,26.61
2002-04-15,29.37,40.31,20.15,43.07,3.58,0.0,93.82,26.85
2002-04-16,28.6,38.57,21.02,49.99,3.86,0.0,93.86,24.32
2002-04-17,30.65,40.18,22.14,36.62,3.45,0.0,93.76,24.16
2002-04-18,31.71,40.98,22.63,32.83,3.0,0.0,93.65,20.9
2002-04-19,31.7,39.9,24.73,34.84,2.89,0.02,93.74,19.19
2002-04-20,31.37,39.49,24.77,38.85,2.4,0.13,93.85,20.95
2002-04-21,31.91,39.65,24.76,35.06,2.44,0.11,93.74,22.72
2002-04-22,31.29,38.01,25.0,29.35,2.48,0.0,93.72,22.41
2002-04-23,30.54,40.44,21.67,34.04,4.18,0.0,93.73,27.47
2002-04-24,30.85,41.15,21.58,28.81,3.91,0.0,93.64,27.63
2002-04-25,30.3,40.47,21.08,29.12,4.17,0.0,93.6,27.55
2002-04-26,31.06,41.89,20.69,32.94,3.13,0.0,93.6,27.62
2002-04-27,31.8,42.36,22.07,27.75,2.97,0.0,93.62,27.46
2002-04-28,31.63,42.52,23.24,24.38,3.64,0.0,93.62,27.26
2002-04-29,29.8,40.78,21.08,49.0,4.36,0.0,93.58,26.47
2002-04-30,30.36,41.44,20.75,46.26,3.73,0.0,93.48,25.76
2002-05-01,31.63,43.05,21.78,41.29,3.17,0.0,93.38,25.93
2002-05-02,32.54,42.4,22.25,33.83,2.02,0.2,93.43,25.61
2002-05-03,34.29,43.07,26.02,29.77,1.68,0.0,93.53,23.75
2002-05-04,32.33,42.24,25.44,43.17,3.23,0.02,93.56,25.28
2002-05-05,29.97,39.52,23.12,53.17,4.86,0.05,93.54,26.6
2002-05-06,28.2,36.22,23.17,61.03,5.71,0.33,93.58,25.08
2002-05-07,29.49,38.29,23.8,61.22,4.06,1.23,93.65,24.75
2002-05-08,27.28,31.71,24.23,72.09,3.73,9.61,93.84,23.97
2002-05-09,27.77,34.68,23.35,70.95,4.31,4.15,93.95,23.86
2002-05-10,28.57,36.79,22.88,67.58,5.49,0.65,93.93,24.38
2002-05-11,28.3,34.98,23.94,68.06,6.6,0.07,93.74,23.66
2002-05-12,28.11,34.7,23.88,69.79,6.27,0.0,93.64,23.45
2002-05-13,28.32,35.5,23.88,69.03,6.33,0.0,93.72,24.43
2002-05-14,28.81,36.49,23.84,65.22,6.05,0.52,93.74,24.32
2002-05-15,29.17,37.47,23.44,61.95,5.51,0.09,93.69,24.37
2002-05-16,29.18,37.49,23.69,60.78,5.9,0.0,93.54,23.46
2002-05-17,28.07,35.69,23.19,64.87,6.14,0.0,93.5,23.01
2002-05-18,27.73,35.42,23.31,65.5,6.34,0.08,93.48,22.21
2002-05-19,27.06,33.9,22.88,66.4,7.48,0.05,93.4,24.05
2002-05-20,26.96,33.97,22.55,65.51,7.15,0.63,93.41,24.83
2002-05-21,27.31,34.65,22.05,63.87,5.97,0.41,93.6,24.52
2002-05-22,28.22,36.79,21.77,60.07,5.17,0.0,93.72,25.86
2002-05-23,29.3,38.7,22.73,53.69,4.18,0.0,93.74,26.03
2002-05-24,29.16,38.12,21.82,56.62,3.94,0.0,93.81,26.7
2002-05-25,29.59,38.28,22.97,56.14,4.84,0.01,93.82,26.3
2002-05-26,28.37,35.49,23.27,61.55,5.68,0.0,93.87,24.93
2002-05-27,28.22,35.43,23.53,64.2,5.55,0.56,93.73,26.32
2002-05-28,28.17,35.82,22.58,63.22,5.5,0.08,93.71,26.73
2002-05-29,28.76,36.59,23.25,59.73,5.53,0.0,93.75,26.53
2002-05-30,29.34,37.63,23.38,57.66,5.11,0.42,93.74,26.47
2002-05-31,28.51,35.82,23.66,58.13,3.67,1.92,93.7,23.96
2002-06-01,27.17,32.98,22.98,62.83,4.23,0.54,93.65,24.56
2002-06-02,26.02,30.15,22.96,68.98,2.82,3.24,93.65,13.7
2002-06-03,25.84,30.46,22.97,70.89,4.01,1.5,93.62,12.45
2002-06-04,26.79,32.14,22.74,67.84,4.96,0.82,93.59,22.8
2002-06-05,27.56,34.53,22.78,64.41,5.36,0.28,93.58,26.08
2002-06-06,27.82,35.85,22.17,60.37,5.15,0.16,93.56,25.85
2002-06-07,28.3,35.4,22.96,62.05,5.14,0.02,93.55,23.56
2002-06-08,28.62,35.98,23.74,62.24,4.7,0.38,93.41,23.29
2002-06-09,29.03,37.14,24.19,62.69,3.78,0.65,93.34,19.59
2002-06-10,26.57,30.23,24.28,79.29,3.78,9.4,93.37,12.45
2002-06-11,25.37,28.35,23.69,86.69,2.87,32.26,93.44,19.79
2002-06-12,26.09,30.2,23.42,76.33,1.27,4.01,93.37,21.95
2002-06-13,26.66,31.67,23.24,80.72,3.12,12.15,93.22,17.04
2002-06-14,26.72,31.47,23.66,80.56,1.91,13.48,93.17,20.69
2002-06-15,24.97,26.49,23.91,91.39,5.57,19.88,93.14,12.32
2002-06-16,24.75,27.08,22.72,88.7,6.98,17.37,93.23,13.81
2002-06-17,25.2,28.98,22.46,84.1,7.23,11.5,93.43,11.99
2002-06-18,25.09,28.08,22.84,84.97,6.83,10.36,93.45,12.42
2002-06-19,25.37,29.71,22.81,82.87,6.61,7.72,93.4,14.26
2002-06-20,25.16,28.46,23.1,85.16,7.27,16.02,93.39,13.03
2002-06-21,24.76,27.51,22.93,85.09,7.46,10.05,93.42,12.04
2002-06-22,24.59,27.61,22.84,87.57,6.55,8.43,93.38,12.97
2002-06-23,24.74,27.7,22.63,86.85,6.56,10.79,93.41,12.26
2002-06-24,24.6,27.42,22.82,86.78,7.31,12.89,93.53,12.42
2002-06-25,23.55,25.88,22.45,89.97,7.66,17.59,93.44,4.19
2002-06-26,23.22,25.11,22.02,92.97,8.17,83.45,93.29,2.24
2002-06-27,24.39,27.35,22.66,89.36,9.81,41.25,93.39,9.19
2002-06-28,24.25,27.33,22.37,86.33,8.21,8.29,93.7,12.38
2002-06-29,24.47,28.2,22.17,86.79,7.56,9.31,93.7,7.68
2002-06-30,24.56,28.23,22.07,85.3,7.21,1.89,93.63,10.89
2002-07-01,24.6,28.02,22.29,84.51,6.85,0.84,93.58,14.81
2002-07-02,24.18,27.67,22.06,85.95,7.14,0.42,93.68,14.25
2002-07-03,24.56,28.37,22.26,85.03,7.43,0.94,93.63,13.31
2002-07-04,24.69,29.04,22.32,84.98,7.74,1.04,93.57,16.08
2002-07-05,24.87,29.01,22.28,83.76,7.9,0.16,93.66,15.26
2002-07-06,24.73,29.09,22.08,83.01,6.72,0.27,93.69,18.46
2002-07-07,24.19,28.44,21.7,82.64,7.2,0.18,93.63,18.99
2002-07-08,24.25,28.87,21.52,82.26,6.92,0.49,93.6,16.03
2002-07-09,24.2,28.76,21.4,83.22,6.25,1.83,93.64,17.7
2002-07-10,24.45,28.92,21.47,82.71,6.49,3.73,93.62,15.61
2002-07-11,24.15,28.08,21.76,84.15,7.41,1.71,93.55,14.36
2002-07-12,24.73,29.51,21.8,82.84,7.22,0.55,93.6,15.85
2002-07-13,24.73,29.24,21.91,82.1,7.28,0.29,93.69,16.86
2002-07-14,24.27,28.44,21.84,83.56,7.32,1.91,93.72,15.5
2002-07-15,23.99,27.53,21.59,84.58,7.01,2.2,93.73,15.78
2002-07-16,24.42,28.69,21.98,83.37,7.22,5.0,93.7,15.38
2002-07-17,24.05,27.56,22.16,84.85,7.05,3.58,93.6,14.51
2002-07-18,23.98,27.96,21.74,85.55,6.68,7.74,93.55,14.5
2002-07-19,23.17,25.55,21.69,89.67,6.71,4.46,93.63,6.95
2002-07-20,23.79,27.56,21.57,85.91,6.38,2.06,93.72,16.92
2002-07-21,24.27,28.57,21.5,83.96,7.51,4.86,93.65,13.04
2002-07-22,24.03,26.87,22.39,87.7,8.06,9.84,93.62,9.54
2002-07-23,24.29,27.84,22.02,85.48,8.05,9.52,93.81,12.1
2002-07-24,23.93,27.53,21.76,85.52,7.56,11.25,93.87,13.06
2002-07-25,24.04,27.93,21.81,84.95,7.47,6.56,93.84,10.53
2002-07-26,23.99,28.2,21.29,84.5,7.43,3.0,93.67,12.98
2002-07-27,24.1,28.84,21.33,84.63,6.87,1.75,93.61,11.65
2002-07-28,24.3,29.06,21.38,83.32,6.17,0.38,93.69,14.12
2002-07-29,24.16,28.71,21.84,85.15,5.69,0.15,93.58,15.22
2002-07-30,24.67,29.53,21.96,83.09,5.55,0.07,93.38,13.41
2002-07-31,24.38,28.98,21.47,84.13,4.56,0.83,93.3,15.33
2002-08-01,24.23,28.37,21.47,85.35,3.8,0.64,93.31,14.98
2002-08-02,23.9,27.45,21.75,86.6,3.38,8.59,93.32,14.0
2002-08-03,24.0,28.4,21.47,88.07,3.91,7.32,93.25,9.92
2002-08-04,22.68,25.1,20.74,89.55,5.31,20.36,93.25,9.53
2002-08-05,22.41,25.04,20.66,89.57,6.33,11.63,93.37,11.02
2002-08-06,22.69,25.18,20.44,92.15,7.15,42.85,93.29,7.11
2002-08-07,23.4,26.05,21.78,89.68,8.14,32.64,93.43,5.67
2002-08-08,22.7,24.69,21.11,91.59,6.65,19.15,93.49,7.22
2002-08-09,23.06,24.69,22.11,93.21,7.59,32.97,93.38,7.3
2002-08-10,23.34,26.15,21.86,89.22,7.8,12.28,93.46,8.41
2002-08-11,23.67,26.32,22.05,88.99,8.65,12.55,93.58,7.51
2002-08-12,23.68,26.83,22.04,88.63,9.11,12.06,93.61,8.72
2002-08-13,23.76,26.91,22.04,88.77,9.16,4.01,93.51,6.34
2002-08-14,23.67,27.0,21.82,88.7,8.51,2.64,93.5,7.33
2002-08-15,23.45,26.62,21.52,88.93,7.98,3.74,93.47,12.38
2002-08-16,23.86,27.67,21.86,87.35,7.44,2.32,93.4,12.62
2002-08-17,23.19,25.99,21.63,88.98,7.29,11.28,93.42,12.78
2002-08-18,23.15,26.46,21.5,88.9,7.16,8.69,93.5,11.9
2002-08-19,23.45,27.16,21.34,87.85,6.67,1.7,93.56,7.66
2002-08-20,23.69,27.83,21.28,86.43,6.21,0.6,93.5,11.92
2002-08-21,23.36,27.35,21.21,86.73,5.57,0.7,93.52,14.01
2002-08-22,23.26,27.17,20.99,86.82,5.48,0.43,93.63,14.47
2002-08-23,23.11,27.09,21.09,88.17,5.07,1.53,93.65,10.58
2002-08-24,22.24,23.93,21.2,91.98,5.26,16.02,93.64,7.44
2002-08-25,22.48,25.67,20.77,88.83,6.93,11.4,93.64,8.16
2002-08-26,22.9,27.04,20.13,87.13,5.49,1.65,93.85,16.01
2002-08-27,22.68,27.06,19.58,87.78,3.96,1.39,93.96,20.69
2002-08-28,22.86,27.61,19.55,87.19,3.9,0.45,93.97,20.52
2002-08-29,22.62,25.73,20.29,89.57,3.89,1.26,93.92,17.44
2002-08-30,22.9,26.52,20.77,89.3,5.28,8.0,93.8,11.18
2002-08-31,23.11,26.56,21.11,89.18,5.69,6.85,93.69,7.97
2002-09-01,22.77,24.82,21.61,93.62,5.91,9.24,93.63,7.26
2002-09-02,23.13,25.79,21.81,92.79,5.11,3.27,93.66,9.3
2002-09-03,22.74,24.45,21.71,93.44,5.8,9.27,93.68,9.96
2002-09-04,23.18,26.29,21.42,90.97,6.34,15.53,93.6,9.45
2002-09-05,22.95,25.58,21.32,91.83,4.34,10.48,93.6,9.93
2002-09-06,23.0,27.0,20.51,89.33,4.24,0.74,93.67,16.37
2002-09-07,22.64,26.88,19.7,87.74,4.53,0.08,93.74,15.43
2002-09-08,22.16,27.03,18.91,87.24,3.83,0.01,93.83,23.2
2002-09-09,21.34,25.98,17.83,86.27,3.78,0.06,93.82,22.5
2002-09-10,21.83,26.77,18.34,86.66,3.64,0.08,93.72,22.37
2002-09-11,22.03,26.93,18.24,86.04,3.37,0.12,93.75,22.39
2002-09-12,21.63,25.34,18.88,88.43,3.12,0.07,93.86,20.99
2002-09-13,22.62,27.89,18.51,86.02,3.06,0.0,93.99,22.55
2002-09-14,23.41,29.0,19.5,84.45,2.42,0.0,94.08,23.16
2002-09-15,23.45,28.95,19.53,85.4,3.03,0.0,94.07,21.58
2002-09-16,22.66,27.38,19.62,86.36,3.3,0.46,94.14,22.67
2002-09-17,22.19,26.69,18.63,86.85,3.31,3.58,94.03,18.11
2002-09-18,22.78,27.55,19.24,85.49,2.79,0.72,94.02,21.95
2002-09-19,23.06,28.49,19.03,83.6,2.54,0.22,94.1,22.91
2002-09-20,23.43,28.69,19.33,84.27,2.85,0.01,94.1,20.71
2002-09-21,23.17,26.54,21.32,89.49,2.92,11.49,93.92,18.71
2002-09-22,24.05,29.4,20.81,86.52,2.43,3.41,93.81,18.63
2002-09-23,23.74,28.6,20.72,86.03,3.17,0.39,93.85,18.37
2002-09-24,23.34,28.24,20.15,86.59,3.2,0.08,93.78,18.79
2002-09-25,22.96,27.79,19.42,85.41,3.0,0.92,93.86,19.5
2002-09-26,23.46,28.94,19.56,83.94,2.42,0.21,93.96,22.1
2002-09-27,24.21,29.55,20.81,83.44,2.19,0.11,93.9,20.46
2002-09-28,24.81,30.69,20.19,82.08,1.94,1.4,93.91,16.55
2002-09-29,25.72,31.17,21.26,75.62,1.93,0.27,93.95,15.09
2002-09-30,25.7,32.47,20.06,69.94,2.66,0.0,93.89,21.15
2002-10-01,25.47,32.16,19.14,68.1,2.82,0.0,93.94,22.39
2002-10-02,24.98,32.42,18.72,67.89,3.34,0.14,94.05,22.88
2002-10-03,25.34,32.25,19.78,73.91,2.58,0.03,94.0,21.57
2002-10-04,25.63,32.66,20.06,71.54,2.27,1.57,93.92,21.55
2002-10-05,25.7,33.19,18.93,68.75,2.33,0.23,93.86,22.5
2002-10-06,25.99,32.85,20.28,70.93,2.78,0.01,93.92,22.01
2002-10-07,25.68,32.4,21.13,68.02,3.53,0.0,93.92,22.39
2002-10-08,25.07,32.98,19.02,62.12,4.16,0.01,93.9,21.6
2002-10-09,24.96,31.22,19.35,72.85,4.08,1.74,93.92,21.17
2002-10-10,25.6,31.17,21.38,77.15,3.6,3.87,93.98,19.42
2002-10-11,24.14,28.22,21.32,83.81,2.66,4.91,93.89,13.22
2002-10-12,23.39,27.07,20.96,82.36,2.56,3.74,93.64,10.62
2002-10-13,23.97,30.28,19.79,74.93,3.59,6.2,93.6,17.72
2002-10-14,24.01,30.47,19.39,71.54,4.49,0.39,93.63,21.23
2002-10-15,23.81,29.51,20.14,74.1,4.02,0.53,93.69,21.28
2002-10-16,23.0,26.31,20.35,84.19,2.26,10.41,93.75,10.17
2002-10-17,23.99,29.19,20.86,80.03,2.35,2.98,93.82,15.51
2002-10-18,24.2,30.09,20.32,79.87,1.87,0.05,93.86,19.62
2002-10-19,24.0,29.92,19.73,80.34,1.79,0.01,93.89,17.86
2002-10-20,24.18,30.71,19.73,79.72,1.72,0.0,94.01,17.6
2002-10-21,24.04,30.06,19.54,79.17,1.82,0.0,94.08,14.52
2002-10-22,24.38,30.56,19.34,75.83,2.12,0.0,94.05,17.89
2002-10-23,23.94,30.88,18.76,68.78,2.91,0.0,93.94,19.68
2002-10-24,22.81,30.83,16.04,59.48,3.16,0.0,93.95,21.95
2002-10-25,23.16,30.39,17.56,64.71,4.27,0.0,94.06,20.66
2002-10-26,22.59,30.16,17.32,59.29,4.37,0.0,94.1,20.11
2002-10-27,21.72,30.38,14.89,53.99,3.97,0.0,93.98,21.51
2002-10-28,21.9,30.4,14.53,51.18,3.31,0.0,93.88,21.45
2002-10-29,21.44,30.11,13.9,53.4,2.83,0.0,93.9,21.14
2002-10-30,22.0,29.81,14.72,52.22,3.25,0.0,94.02,20.3
2002-10-31,22.11,29.9,15.75,58.74,3.2,0.0,94.11,20.35
2002-11-01,22.45,30.35,14.98,56.99,3.06,0.0,94.1,20.87
2002-11-02,22.35,29.89,16.32,61.64,3.58,0.0,94.17,20.71
2002-11-03,23.46,30.1,17.33,63.22,3.31,0.0,94.2,20.5
2002-11-04,23.22,30.35,17.36,54.87,3.32,0.0,94.21,20.54
2002-11-05,21.99,29.69,15.52,55.99,2.85,0.0,94.12,20.03
2002-11-06,21.88,29.87,14.19,57.8,2.38,0.0,94.07,19.62
2002-11-07,21.78,29.79,14.71,59.58,2.86,0.0,94.16,19.32
2002-11-08,21.75,29.89,14.67,48.98,3.4,0.0,94.15,19.41
2002-11-09,22.0,30.0,14.64,59.34,3.15,0.0,94.08,18.17
2002-11-10,23.31,29.84,18.28,69.57,2.94,3.2,94.0,16.13
2002-11-11,22.46,27.09,18.54,78.72,1.93,1.23,93.93,14.26
2002-11-12,21.76,28.32,17.08,76.17,2.19,0.04,93.87,16.15
2002-11-13,22.68,30.26,16.13,69.45,2.43,0.17,93.92,16.94
2002-11-14,23.91,30.65,17.89,60.77,1.92,0.02,93.92,15.88
2002-11-15,24.0,31.13,17.94,62.1,1.87,0.0,94.02,17.58
2002-11-16,23.45,31.31,17.77,59.12,2.96,0.0,94.15,18.51
2002-11-17,21.38,29.76,15.77,44.42,4.15,0.0,94.18,19.8
2002-11-18,21.44,30.38,14.56,40.36,3.95,0.0,94.15,19.82
2002-11-19,21.24,30.42,14.02,38.79,3.76,0.0,94.08,20.21
2002-11-20,21.3,30.83,13.44,37.82,3.65,0.0,94.08,19.78
2002-11-21,21.73,30.78,14.38,43.21,3.47,0.0,94.12,19.32
2002-11-22,22.05,31.11,14.55,46.11,3.2,0.0,94.08,18.28
2002-11-23,21.66,31.11,14.96,52.97,2.61,0.0,94.07,18.97
2002-11-24,21.45,30.71,14.69,56.57,2.31,0.0,94.07,19.07
2002-11-25,22.12,31.56,15.37,54.08,2.28,0.0,94.01,18.57
2002-11-26,22.58,32.4,14.9,48.24,2.26,0.0,94.07,18.55
2002-11-27,22.97,32.76,15.24,47.82,2.64,0.0,94.19,18.31
2002-11-28,22.9,32.63,15.29,47.82,2.59,0.0,94.29,18.48
2002-11-29,21.93,31.75,14.51,45.07,3.1,0.0,94.37,18.47
2002-11-30,21.97,31.6,15.06,47.99,2.96,0.0,94.25,18.67
2002-12-01,21.69,31.42,15.27,39.5,2.5,0.0,94.1,19.18
2002-12-02,21.66,31.89,14.03,45.74,2.39,0.0,94.15,18.77
2002-12-03,21.58,31.66,13.98,57.12,2.55,0.0,94.21,17.93
2002-12-04,21.57,30.96,14.38,60.29,2.57,0.0,94.18,16.37
2002-12-05,21.79,30.98,14.91,59.75,2.62,0.0,94.12,16.85
2002-12-06,22.36,31.43,15.45,57.44,2.69,0.0,94.14,17.38
2002-12-07,22.36,31.71,14.66,52.02,2.69,0.0,94.2,17.82
2002-12-08,22.69,31.42,15.24,46.89,3.21,0.0,94.33,17.03
2002-12-09,21.74,30.96,15.01,41.7,3.79,0.0,94.44,15.04
2002-12-10,21.93,31.04,14.52,42.66,2.68,0.0,94.41,17.51
2002-12-11,22.37,31.73,14.06,41.55,2.5,0.0,94.43,17.94
2002-12-12,22.01,31.21,14.36,39.79,3.22,0.0,94.55,17.31
2002-12-13,21.48,30.34,14.21,41.31,3.72,0.0,94.61,16.53
2002-12-14,22.39,32.22,14.56,42.78,3.42,0.0,94.53,17.41
2002-12-15,22.16,32.44,14.83,35.84,4.33,0.0,94.37,18.14
2002-12-16,22.5,32.26,13.88,34.81,3.2,0.0,94.35,18.05
2002-12-17,22.13,32.5,13.76,40.52,2.48,0.0,94.27,17.66
2002-12-18,21.9,32.57,13.99,42.55,2.62,0.0,94.2,18.06
2002-12-19,21.67,32.39,14.52,42.95,2.4,0.0,94.08,17.81
2002-12-20,20.89,31.77,12.98,42.95,2.81,0.0,94.07,17.87
2002-12-21,20.8,31.42,12.59,43.24,2.65,0.0,94.08,18.53
2002-12-22,21.27,31.67,12.4,36.66,2.4,0.0,94.07,18.13
2002-12-23,21.02,31.01,12.65,44.12,2.67,0.0,94.11,17.94
2002-12-24,20.23,29.62,14.16,55.11,2.66,0.0,94.14,18.07
2002-12-25,19.25,29.57,11.06,51.69,2.46,0.0,94.21,18.64
2002-12-26,19.65,30.01,12.18,51.44,2.73,0.0,94.29,18.42
2002-12-27,19.9,29.69,12.12,50.54,2.81,0.0,94.24,18.07
2002-12-28,20.14,30.01,12.55,48.49,2.88,0.0,94.18,17.34
2002-12-29,20.0,29.68,13.31,48.74,2.9,0.0,94.22,17.04
2002-12-30,18.71,26.54,13.51,62.17,3.18,0.0,94.26,17.46
2002-12-31,17.42,24.53,11.51,66.78,3.82,0.23,94.18,17.06
2003-01-01,17.57,27.7,8.71,44.17,2.72,0.0,94.19,19.4
2003-01-02,18.96,28.84,10.33,46.22,3.15,0.0,94.23,17.69
2003-01-03,21.36,29.44,14.31,55.59,2.69,0.0,94.28,15.85
2003-01-04,22.62,30.8,14.9,54.02,1.8,0.0,94.3,15.79
2003-01-05,23.53,31.51,15.47,47.75,2.18,0.0,94.35,17.13
2003-01-06,23.21,31.75,15.55,47.24,2.23,0.0,94.4,17.38
2003-01-07,22.9,31.68,15.35,47.6,2.06,0.0,94.39,16.75
2003-01-08,22.66,31.77,15.44,49.24,2.62,0.0,94.23,16.29
2003-01-09,22.96,30.23,16.75,52.82,2.07,0.0,94.25,15.61
2003-01-10,23.62,30.51,16.94,50.58,2.37,0.0,94.31,12.67
2003-01-11,24.02,29.84,17.47,51.56,1.95,0.0,94.37,13.83
2003-01-12,23.68,29.37,18.28,52.29,1.78,0.07,94.43,15.58
2003-01-13,22.87,27.96,18.77,54.45,2.53,0.0,94.44,8.42
2003-01-14,24.5,31.28,18.55,45.9,2.49,0.0,94.43,12.58
2003-01-15,23.49,30.86,17.44,36.78,3.38,0.0,94.48,15.7
2003-01-16,20.7,29.8,13.64,26.64,3.72,0.0,94.41,18.81
2003-01-17,19.35,29.62,12.06,19.5,3.97,0.0,94.4,19.84
2003-01-18,20.54,29.94,11.73,26.52,3.43,0.0,94.4,18.83
2003-01-19,21.46,31.17,13.99,40.92,3.71,0.0,94.32,17.36
2003-01-20,22.8,31.79,16.77,47.01,2.21,0.0,94.23,18.47
2003-01-21,23.62,32.94,16.05,49.54,2.88,0.0,94.22,18.05
2003-01-22,23.94,33.02,17.71,47.28,2.16,0.0,94.16,16.75
2003-01-23,23.4,33.31,16.44,34.11,2.65,0.0,94.0,19.52
2003-01-24,22.54,32.16,15.96,31.84,2.62,0.0,93.91,18.51
2003-01-25,21.81,30.3,15.97,33.68,2.4,0.0,93.99,18.48
2003-01-26,24.31,33.76,16.63,31.81,3.59,0.0,94.14,18.89
2003-01-27,24.5,33.51,16.85,60.03,3.02,0.0,94.22,17.6
2003-01-28,23.81,32.55,17.99,59.51,2.69,0.0,94.21,18.46
2003-01-29,22.41,32.56,14.57,37.89,2.8,0.0,94.25,19.57
2003-01-30,22.92,33.89,14.36,28.75,2.48,0.0,94.21,19.91
2003-01-31,23.43,34.74,14.73,31.19,2.62,0.0,94.2,20.4
2003-02-01,23.0,33.58,15.69,52.04,2.61,0.0,94.22,19.85
2003-02-02,23.06,33.47,15.17,56.84,2.51,0.0,94.31,20.34
2003-02-03,23.46,33.08,16.45,50.63,3.39,1.07,94.25,19.49
2003-02-04,23.12,32.86,15.92,54.86,2.98,0.21,94.17,19.79
2003-02-05,23.95,34.17,15.37,49.13,2.4,0.0,94.22,20.38
2003-02-06,25.16,34.42,17.36,43.79,3.19,0.0,94.14,19.09
2003-02-07,24.82,33.61,18.47,44.21,2.82,0.0,94.02,18.56
2003-02-08,23.8,32.69,17.39,37.32,2.95,0.0,93.9,20.93
2003-02-09,22.2,32.43,14.78,43.12,2.94,0.0,93.84,22.37
2003-02-10,22.81,33.77,13.88,44.5,2.92,0.0,93.87,21.79
2003-02-11,23.88,34.04,15.46,36.36,2.31,0.0,93.95,21.19
2003-02-12,24.58,34.28,16.84,33.51,3.0,0.0,93.99,20.85
2003-02-13,24.17,34.62,17.18,33.06,3.14,0.0,94.01,21.63
2003-02-14,24.32,35.61,14.99,29.41,2.86,0.0,93.96,22.41
2003-02-15,25.27,36.02,17.28,31.35,2.63,0.0,94.09,22.3
2003-02-16,24.98,35.19,18.59,32.94,2.78,0.0,94.17,22.56
2003-02-17,23.66,33.39,17.41,35.89,3.45,0.0,94.17,23.11
2003-02-18,22.58,31.27,15.93,51.69,4.24,0.45,94.17,21.94
2003-02-19,22.48,29.56,15.79,69.63,4.56,2.95,94.15,20.55
2003-02-20,21.97,33.52,13.19,50.4,2.1,0.0,94.21,23.73
2003-02-21,23.91,35.05,14.44,34.55,3.12,0.0,94.28,23.09
2003-02-22,25.52,36.03,16.74,31.24,3.48,0.0,94.22,22.74
2003-02-23,26.16,36.42,17.89,27.32,3.69,0.0,94.12,23.33
2003-02-24,26.18,36.44,17.63,27.59,3.42,0.0,94.11,23.61
2003-02-25,25.54,35.32,17.68,37.44,3.62,0.0,94.07,23.29
2003-02-26,25.3,35.08,17.06,46.88,3.53,0.0,93.99,23.28
2003-02-27,26.24,36.36,17.66,40.73,2.64,0.0,94.06,23.26
2003-02-28,27.08,37.32,18.08,33.1,2.96,0.0,94.05,23.39
2003-03-01,27.0,37.32,19.47,36.2,2.97,0.0,93.99,23.33
2003-03-02,25.95,36.79,17.28,52.01,3.17,0.0,93.99,24.01
2003-03-03,24.83,34.86,17.52,48.46,3.98,0.0,94.03,23.45
2003-03-04,25.41,36.49,16.35,17.95,3.41,0.0,93.9,23.77
2003-03-05,25.88,36.67,17.22,10.38,4.23,0.0,93.88,23.13
2003-03-06,26.49,36.85,17.91,10.85,3.11,0.0,93.99,22.51
2003-03-07,26.66,37.13,17.82,14.11,3.13,0.0,93.96,22.77
2003-03-08,26.73,37.2,17.62,17.76,3.5,0.0,93.92,22.47
2003-03-09,27.59,37.56,21.15,20.65,2.64,0.0,93.97,23.2
2003-03-10,26.55,36.89,19.14,23.87,2.8,0.0,93.97,23.4
2003-03-11,24.58,35.54,16.09,46.08,3.43,0.0,93.9,24.71
2003-03-12,25.1,36.52,15.71,49.9,3.04,0.0,93.97,24.6
2003-03-13,26.48,37.18,16.64,27.85,2.54,0.0,94.14,24.26
2003-03-14,27.0,37.39,18.14,20.16,3.39,0.0,94.19,24.01
2003-03-15,26.66,37.05,18.81,26.46,3.3,0.0,94.0,24.74
2003-03-16,24.48,35.02,16.41,33.23,3.32,0.0,93.92,26.34
2003-03-17,24.02,34.64,15.93,41.24,3.23,0.0,94.08,26.39
2003-03-18,24.23,35.82,15.36,48.98,3.11,0.0,94.11,25.86
2003-03-19,24.98,36.29,14.92,47.85,2.96,0.0,94.06,25.6
2003-03-20,26.6,37.52,16.9,40.28,3.16,0.0,93.95,25.45
2003-03-21,27.85,38.06,18.72,31.67,2.8,0.28,93.91,25.82
2003-03-22,29.26,38.02,21.38,30.89,2.99,0.52,94.07,23.63
2003-03-23,29.54,37.7,23.48,27.45,2.92,0.0,94.11,24.75
2003-03-24,28.79,38.31,20.92,35.4,3.84,0.0,94.02,24.39
2003-03-25,29.55,37.94,22.75,39.17,2.57,0.46,93.92,23.22
2003-03-26,29.99,39.12,22.75,30.05,2.37,0.0,94.02,24.49
2003-03-27,28.72,38.83,20.61,28.36,3.22,0.0,94.0,25.79
2003-03-28,28.52,38.86,20.29,24.2,3.88,0.0,93.88,25.66
2003-03-29,27.04,37.47,18.66,30.33,3.9,0.0,93.82,26.17
2003-03-30,26.84,38.24,16.43,43.66,4.2,0.0,93.87,26.3
2003-03-31,28.06,38.57,18.62,44.95,4.07,0.0,93.92,26.39
2003-04-01,29.16,39.93,19.71,31.05,3.29,0.0,93.79,26.49
2003-04-02,28.61,39.84,20.43,34.76,3.61,0.0,93.73,26.76
2003-04-03,26.66,36.75,18.83,56.15,4.37,0.0,93.75,26.81
2003-04-04,26.13,34.94,20.1,60.01,4.85,0.0,93.79,25.98
2003-04-05,26.15,35.36,19.83,58.16,3.89,0.0,93.83,26.3
2003-04-06,27.12,37.83,17.63,46.74,2.61,0.0,93.85,26.34
2003-04-07,28.86,37.85,20.1,42.12,2.41,0.53,93.99,21.34
2003-04-08,29.97,39.14,22.86,42.66,5.14,0.2,94.01,23.95
2003-04-09,29.9,39.71,21.24,39.52,3.44,0.53,93.84,23.93
2003-04-10,29.39,36.06,23.48,34.33,1.31,0.09,93.87,23.21
2003-04-11,30.29,37.82,24.28,32.82,2.1,0.31,94.02,23.48
2003-04-12,29.42,38.22,22.99,29.13,3.65,0.01,94.04,26.35
2003-04-13,28.52,38.98,19.92,35.74,4.36,0.0,93.87,27.28
2003-04-14,29.02,39.88,19.2,37.35,3.67,0.04,93.9,27.01
2003-04-15,30.02,40.88,20.09,36.54,3.7,0.0,93.88,26.33
2003-04-16,30.38,40.74,21.12,36.36,3.43,0.1,93.97,26.45
2003-04-17,29.95,39.82,21.92,43.98,3.18,0.09,93.92,26.86
2003-04-18,28.72,38.45,21.25,50.89,4.11,0.0,93.92,24.75
2003-04-19,28.12,37.8,20.37,51.69,4.51,0.0,93.76,27.42
2003-04-20,27.4,37.26,19.4,44.7,4.46,0.0,93.71,28.26
2003-04-21,29.05,40.48,18.12,41.81,3.1,0.0,93.72,27.94
2003-04-22,30.94,41.35,21.86,36.95,2.76,0.25,93.8,25.96
2003-04-23,30.89,40.19,24.25,41.03,3.1,0.25,93.89,24.84
2003-04-24,30.38,40.11,22.23,41.57,3.91,0.0,93.86,26.4
2003-04-25,30.65,40.7,21.69,38.66,4.15,0.0,93.72,26.91
2003-04-26,31.25,40.72,22.74,37.53,3.67,0.0,93.62,23.37
2003-04-27,31.16,40.31,22.51,37.7,3.32,0.0,93.56,24.43
2003-04-28,32.2,39.85,25.99,28.48,2.67,0.0,93.61,25.67
2003-04-29,32.09,41.26,23.49,30.47,2.73,0.03,93.73,26.2
2003-04-30,32.11,41.08,24.47,33.39,2.44,0.36,93.77,25.89
2003-05-01,31.0,40.59,23.29,42.83,3.66,0.1,93.63,26.8
2003-05-02,29.94,40.3,21.38,45.92,4.19,0.01,93.57,27.14
2003-05-03,29.2,38.71,20.96,49.59,4.58,0.0,93.67,27.76
2003-05-04,27.97,36.64,21.17,55.37,4.7,0.0,93.67,27.96
2003-05-05,27.32,37.22,20.02,50.9,4.29,0.0,93.66,28.19
2003-05-06,26.43,38.08,16.63,50.04,4.22,0.0,93.75,29.07
2003-05-07,27.4,38.27,18.55,51.33,4.04,0.0,93.82,28.97
2003-05-08,27.9,38.35,19.23,52.64,4.14,0.0,93.82,28.5
2003-05-09,30.23,40.75,21.07,47.9,3.74,0.0,93.73,26.34
2003-05-10,31.83,42.49,21.62,34.42,2.9,0.0,93.69,26.06
2003-05-11,31.91,41.92,22.68,28.37,3.02,0.0,93.59,25.77
2003-05-12,30.48,41.56,22.64,48.12,3.89,0.0,93.52,21.39
2003-05-13,29.55,39.87,21.29,52.13,5.19,0.0,93.54,25.26
2003-05-14,29.39,38.75,22.43,56.37,6.3,0.0,93.54,24.57
2003-05-15,29.39,38.57,23.28,59.55,5.96,0.0,93.55,25.06
2003-05-16,29.78,40.11,22.78,56.75,5.6,0.0,93.6,26.76
2003-05-17,28.98,38.16,22.67,57.83,6.12,0.0,93.65,26.76
2003-05-18,28.05,37.14,21.73,58.54,5.93,0.0,93.7,27.79
2003-05-19,28.04,36.2,22.36,61.28,5.8,0.0,93.82,26.69
2003-05-20,28.74,37.53,22.38,58.5,5.37,0.0,93.89,27.46
2003-05-21,29.25,38.38,22.77,57.92,5.54,0.0,93.95,27.48
2003-05-22,28.39,36.61,22.84,58.42,5.58,0.0,93.87,27.63
2003-05-23,28.02,36.17,22.17,59.82,5.46,0.0,93.82,28.32
2003-05-24,29.1,38.33,21.95,58.68,4.93,0.0,93.85,27.12
2003-05-25,29.42,39.06,22.3,53.38,4.68,0.0,93.91,28.23
2003-05-26,28.96,37.96,22.1,57.48,5.44,0.0,93.95,28.25
2003-05-27,28.92,37.9,22.11,56.66,5.2,0.0,93.82,27.56
2003-05-28,28.7,37.04,22.95,57.42,5.19,0.0,93.74,27.01
2003-05-29,28.57,36.94,22.19,59.48,5.47,0.0,93.8,24.87
2003-05-30,29.15,37.56,23.48,59.72,5.4,0.0,93.82,25.52
2003-05-31,28.31,33.93,23.57,57.06,3.81,0.0,93.87,26.7
2003-06-01,29.61,38.46,22.94,55.2,5.67,0.01,93.66,26.52
2003-06-02,29.68,39.05,22.39,53.98,5.38,0.01,93.57,27.24
2003-06-03,29.36,38.43,22.67,56.29,5.42,0.0,93.58,27.31
2003-06-04,28.89,38.39,22.28,57.99,5.7,0.0,93.56,26.87
2003-06-05,28.52,36.53,23.11,62.9,6.27,0.01,93.53,26.96
2003-06-06,28.53,35.83,23.63,62.06,6.53,0.16,93.54,25.57
2003-06-07,28.97,36.61,23.13,61.97,5.89,0.07,93.53,25.58
2003-06-08,28.52,36.21,24.13,65.43,5.5,0.04,93.61,25.91
2003-06-09,26.77,30.87,23.88,77.64,4.67,49.55,93.64,24.53
2003-06-10,26.43,30.94,23.38,79.65,3.6,14.44,93.52,21.0
2003-06-11,25.05,27.74,23.74,87.45,4.88,7.24,93.47,13.82
2003-06-12,25.65,29.58,23.3,82.16,5.48,12.04,93.44,9.63
2003-06-13,25.76,28.87,24.01,85.36,5.38,5.09,93.42,23.63
2003-06-14,25.06,28.39,22.88,83.2,2.39,3.83,93.44,16.34
2003-06-15,24.26,28.3,22.26,86.28,5.02,17.47,93.31,14.35
2003-06-16,23.9,26.49,22.21,88.97,5.63,7.29,93.27,13.21
2003-06-17,24.73,28.41,22.05,84.27,4.92,9.36,93.35,13.75
2003-06-18,25.05,28.2,22.5,81.9,6.4,20.98,93.4,15.16
2003-06-19,23.79,25.73,22.53,88.92,8.6,50.54,93.33,5.19
2003-06-20,24.58,27.7,22.34,86.88,8.56,32.33,93.25,11.81
2003-06-21,25.05,28.06,23.48,86.07,8.44,13.53,93.12,8.87
2003-06-22,24.77,27.76,23.11,89.87,6.87,20.73,93.14,10.8
2003-06-23,24.13,26.67,22.58,88.18,5.88,3.32,93.25,13.47
2003-06-24,25.11,28.72,23.15,84.61,6.08,5.31,93.26,10.17
2003-06-25,23.48,26.62,21.04,86.88,6.54,7.56,93.3,10.0
2003-06-26,23.13,26.69,19.88,86.18,5.43,7.14,93.31,17.25
2003-06-27,23.77,26.07,22.13,87.85,5.22,15.57,93.39,12.21
2003-06-28,24.58,27.73,23.07,88.94,6.41,32.53,93.45,7.33
2003-06-29,24.45,26.72,23.13,90.47,7.21,42.12,93.4,8.55
2003-06-30,24.88,28.45,22.93,87.8,6.54,11.92,93.29,11.58
2003-07-01,24.66,28.1,22.41,85.52,4.74,4.26,93.26,16.37
2003-07-02,24.3,28.07,21.79,85.53,3.9,4.21,93.34,19.67
2003-07-03,24.05,28.37,21.57,85.9,4.99,7.14,93.38,14.19
2003-07-04,24.34,27.02,22.14,88.77,5.93,5.23,93.26,12.8
2003-07-05,24.33,27.11,22.65,88.68,6.15,10.99,93.29,15.01
2003-07-06,24.18,27.26,22.61,88.74,6.82,15.68,93.4,11.81
2003-07-07,24.28,26.95,22.73,88.41,7.21,23.74,93.51,10.97
2003-07-08,24.72,28.1,22.59,86.67,7.3,9.41,93.49,11.37
2003-07-09,24.29,27.06,22.97,89.93,6.13,16.4,93.45,10.44
2003-07-10,24.21,26.37,22.8,89.65,5.58,5.53,93.46,12.61
2003-07-11,23.9,25.92,22.53,88.99,6.02,8.83,93.42,14.84
2003-07-12,24.66,27.9,22.8,87.42,6.81,5.35,93.34,16.03
2003-07-13,24.84,28.01,23.11,88.26,5.62,5.63,93.28,12.82
2003-07-14,24.21,27.74,22.12,88.49,6.09,9.62,93.31,13.62
2003-07-15,24.28,26.81,22.96,90.61,6.23,7.2,93.31,11.64
2003-07-16,24.04,26.65,22.68,90.48,7.79,14.1,93.34,7.15
2003-07-17,23.96,26.68,22.34,90.21,6.59,12.75,93.46,11.17
2003-07-18,24.0,27.26,22.03,88.5,5.49,4.97,93.67,16.59
2003-07-19,24.17,27.3,22.43,89.21,5.96,2.06,93.53,14.83
2003-07-20,24.51,27.91,22.27,87.43,5.63,0.55,93.46,15.86
2003-07-21,24.78,27.95,22.52,87.57,5.55,2.75,93.53,12.08
2003-07-22,24.74,27.78,22.55,87.15,5.09,2.43,93.57,14.44
2003-07-23,24.54,27.23,22.74,88.3,6.58,5.02,93.45,14.65
2003-07-24,24.29,26.44,23.09,90.76,8.23,11.54,93.32,9.06
2003-07-25,24.14,27.09,22.73,88.5,8.72,16.68,93.33,7.99
2003-07-26,24.05,27.38,22.07,88.96,8.21,13.39,93.28,12.62
2003-07-27,23.36,25.6,22.03,92.36,8.22,41.07,93.24,4.13
2003-07-28,24.15,27.16,22.34,88.64,8.6,12.09,93.35,9.7
2003-07-29,24.34,28.27,22.07,87.5,6.82,2.12,93.64,14.25
2003-07-30,23.9,27.18,21.72,89.18,5.58,1.75,93.75,17.06
2003-07-31,23.93,27.18,21.8,88.42,5.6,0.6,93.7,16.42
2003-08-01,23.74,26.87,21.69,88.67,5.06,1.94,93.69,15.43
2003-08-02,23.88,27.01,22.4,87.93,5.53,2.38,93.71,12.41
2003-08-03,23.81,26.42,22.48,89.84,6.07,4.45,93.77,6.82
2003-08-04,23.92,26.79,22.41,90.11,6.72,8.5,93.74,10.98
2003-08-05,23.71,26.33,22.21,90.01,6.82,13.01,93.61,13.65
2003-08-06,23.67,26.39,22.08,90.65,6.83,17.61,93.4,11.18
2003-08-07,23.58,26.85,21.95,90.57,6.11,20.74,93.33,7.83
2003-08-08,23.15,25.19,21.99,92.32,4.87,13.05,93.35,7.86
2003-08-09,23.67,26.94,21.53,90.16,4.89,3.19,93.35,12.14
2003-08-10,23.72,27.31,21.63,89.41,5.26,2.73,93.44,14.38
2003-08-11,23.76,27.71,21.24,88.54,5.33,2.46,93.65,13.33
2003-08-12,23.42,26.89,21.41,89.68,5.2,3.01,93.71,12.69
2003-08-13,23.09,25.93,21.5,90.54,5.79,4.17,93.64,12.4
2003-08-14,23.53,27.28,21.14,88.8,6.13,4.45,93.6,11.42
2003-08-15,23.61,27.14,21.34,88.27,5.99,1.89,93.61,12.14
2003-08-16,23.58,27.21,21.35,87.9,5.22,0.8,93.73,16.81
2003-08-17,23.5,27.19,21.13,88.36,5.12,0.38,93.77,18.55
2003-08-18,23.58,27.48,21.26,88.06,6.03,0.71,93.7,18.85
2003-08-19,22.22,24.74,20.42,89.16,6.53,6.2,93.58,10.83
2003-08-20,23.73,27.52,21.1,88.3,6.91,4.34,93.32,11.2
2003-08-21,23.75,27.57,21.54,88.7,5.76,4.03,93.36,11.81
2003-08-22,23.19,25.77,21.74,91.85,5.16,9.94,93.44,9.4
2003-08-23,22.91,24.66,21.67,93.01,6.06,19.95,93.43,6.18
2003-08-24,23.42,26.81,21.25,89.57,6.25,4.99,93.35,13.44
2003-08-25,23.47,27.37,21.01,88.3,6.41,1.52,93.5,16.19
2003-08-26,22.77,25.44,21.12,90.16,6.01,1.68,93.58,16.56
2003-08-27,23.06,25.71,21.11,90.49,6.51,6.85,93.67,14.9
2003-08-28,23.68,26.84,21.83,90.06,6.61,13.77,93.67,9.81
2003-08-29,23.44,26.2,22.09,90.92,5.13,8.65,93.71,14.92
2003-08-30,23.39,26.75,21.4,88.72,4.64,7.08,93.75,15.35
2003-08-31,23.44,27.21,21.18,88.43,5.2,2.57,93.69,11.33
2003-09-01,22.99,26.75,21.0,89.56,5.59,2.03,93.71,15.53
2003-09-02,23.19,27.22,20.9,88.83,5.64,4.78,93.65,12.4
2003-09-03,23.52,27.04,21.55,88.81,5.87,3.82,93.65,12.84
2003-09-04,23.49,27.14,21.41,88.4,5.91,3.12,93.69,13.06
2003-09-05,23.23,26.56,21.17,88.96,5.22,1.8,93.65,14.58
2003-09-06,22.97,26.35,20.78,89.41,4.76,2.1,93.68,15.16
2003-09-07,23.08,26.71,20.8,88.24,5.42,1.16,93.79,14.32
2003-09-08,23.17,27.0,20.55,88.26,4.61,1.02,93.78,15.89
2003-09-09,22.6,26.9,20.01,87.85,4.46,1.27,93.8,19.83
2003-09-10,22.92,26.97,19.99,88.27,5.41,8.06,93.75,15.49
2003-09-11,23.11,26.88,21.03,88.44,5.92,8.36,93.78,8.99
2003-09-12,23.11,27.2,20.69,87.63,5.53,2.14,93.7,13.24
2003-09-13,22.94,27.16,20.42,87.74,4.62,1.56,93.72,9.05
2003-09-14,22.51,26.03,20.38,89.86,3.47,0.8,93.72,15.07
2003-09-15,23.07,27.3,20.19,88.22,3.34,1.4,93.7,17.65
2003-09-16,23.28,28.2,19.88,86.66,3.22,0.41,93.72,16.8
2003-09-17,22.79,27.41,19.62,86.61,3.56,0.3,93.81,20.19
2003-09-18,22.94,27.5,19.42,87.41,3.84,0.38,93.92,18.14
2003-09-19,23.05,27.61,19.64,86.79,3.8,0.63,93.97,19.14
2003-09-20,23.4,27.6,20.58,88.04,4.29,3.78,93.89,17.82
2003-09-21,23.61,27.71,21.37,88.25,4.07,4.03,93.88,13.81
2003-09-22,23.45,27.54,20.8,89.22,4.31,2.88,93.85,12.71
2003-09-23,22.64,25.27,21.16,92.45,4.01,2.65,93.79,10.26
2003-09-24,22.85,26.16,21.05,89.2,4.39,4.64,93.71,10.25
2003-09-25,23.17,27.26,20.67,90.19,3.81,8.18,93.75,11.89
2003-09-26,23.18,26.32,21.44,90.37,1.93,11.72,93.68,12.23
2003-09-27,23.17,26.58,20.83,91.48,2.56,13.64,93.51,13.83
2003-09-28,23.54,27.6,20.61,89.33,3.48,10.49,93.43,13.2
2003-09-29,23.45,27.52,20.79,87.65,3.63,0.52,93.54,19.98
2003-09-30,24.36,29.55,20.23,87.19,2.24,0.24,93.6,21.61
2003-10-01,25.49,29.86,22.29,84.63,1.36,3.03,93.63,17.79
2003-10-02,24.7,28.1,22.21,86.27,2.97,3.79,93.71,19.0
2003-10-03,24.75,31.37,20.47,73.0,4.47,0.3,93.79,22.99
2003-10-04,23.97,30.71,18.85,72.41,4.1,0.01,93.74,21.3
2003-10-05,23.13,30.63,17.87,71.43,3.52,0.01,93.66,23.09
2003-10-06,22.94,29.5,17.57,79.62,2.88,27.64,93.57,22.38
2003-10-07,24.09,29.21,20.19,86.02,2.44,3.36,93.51,18.37
2003-10-08,22.98,26.23,20.72,88.34,2.19,13.21,93.59,19.37
2003-10-09,23.67,27.78,20.66,88.01,2.07,1.64,93.75,14.37
2003-10-10,23.86,28.86,20.21,83.46,2.2,1.82,93.83,16.33
2003-10-11,23.65,29.52,18.84,81.3,2.02,0.43,93.87,18.59
2003-10-12,24.67,30.49,19.39,74.54,2.82,0.02,93.88,20.49
2003-10-13,24.78,30.85,19.86,72.75,3.26,0.0,94.05,20.37
2003-10-14,24.02,30.37,19.83,74.48,3.18,0.0,94.13,20.25
2003-10-15,22.85,30.02,17.33,71.44,2.91,2.19,94.09,21.88
2003-10-16,22.32,30.13,16.43,70.13,3.04,0.0,94.02,21.55
2003-10-17,22.16,29.91,15.65,68.18,2.73,0.0,93.97,21.25
2003-10-18,22.35,30.15,15.52,67.37,2.44,0.0,93.97,21.74
2003-10-19,23.12,30.24,17.15,78.3,2.37,0.04,94.01,20.88
2003-10-20,23.96,30.42,18.65,79.92,2.73,0.37,94.01,18.95
2003-10-21,23.85,30.32,19.37,74.96,2.91,0.53,93.92,19.24
2003-10-22,22.48,29.94,17.03,74.12,2.98,0.1,93.99,21.03
2003-10-23,21.46,29.07,16.14,73.43,3.16,0.44,94.03,21.64
2003-10-24,21.65,28.72,16.34,73.31,2.56,0.04,93.93,20.53
2003-10-25,21.37,28.04,15.57,65.94,1.93,0.0,93.99,20.32
2003-10-26,20.64,29.02,13.93,65.35,2.73,0.0,94.0,21.24
2003-10-27,20.57,28.43,14.56,64.38,3.4,0.0,94.09,20.87
2003-10-28,21.02,28.71,15.39,71.67,3.39,0.0,94.23,21.08
2003-10-29,22.59,29.42,16.55,76.55,2.82,0.0,94.21,19.54
2003-10-30,23.69,29.35,19.77,81.55,2.52,0.06,94.14,17.34
2003-10-31,23.98,29.31,19.87,83.88,1.82,0.06,94.05,17.22
2003-11-01,24.15,28.36,20.54,84.75,1.61,1.0,93.99,13.04
2003-11-02,24.67,30.07,20.81,79.03,2.45,0.09,94.11,16.91
2003-11-03,25.03,30.95,20.44,74.07,2.87,0.0,94.17,19.43
2003-11-04,24.28,30.2,19.97,73.29,3.36,0.0,94.15,18.09
2003-11-05,23.48,29.37,18.43,73.23,2.74,1.1,94.09,17.3
2003-11-06,21.68,29.6,14.92,64.34,2.9,0.01,94.07,19.46
2003-11-07,21.17,29.85,14.42,60.72,2.83,0.0,93.99,20.48
2003-11-08,21.39,30.02,13.91,58.9,3.1,0.0,94.03,19.58
2003-11-09,22.14,30.05,16.42,61.72,4.05,0.0,94.06,19.02
2003-11-10,22.21,29.83,17.08,65.12,4.06,0.0,94.13,19.51
2003-11-11,21.66,29.33,16.06,63.31,3.53,0.0,94.13,19.59
2003-11-12,20.68,28.66,15.21,60.82,4.04,0.0,94.17,20.32
2003-11-13,20.63,28.36,14.89,62.48,3.59,0.0,94.19,19.53
2003-11-14,20.74,28.74,14.44,69.42,3.17,0.0,94.29,17.45
2003-11-15,21.8,29.15,15.6,74.83,2.66,0.0,94.31,18.07
2003-11-16,21.73,29.19,16.27,73.32,2.6,0.0,94.21,18.36
2003-11-17,21.58,29.52,15.76,74.48,2.38,0.0,94.09,18.34
2003-11-18,22.21,30.14,16.09,71.34,2.43,0.0,94.04,17.07
2003-11-19,22.57,30.15,16.15,64.9,2.18,0.0,94.1,17.88
2003-11-20,21.47,30.44,15.71,54.93,4.35,0.0,94.17,19.67
2003-11-21,21.84,30.05,14.92,53.57,3.34,0.0,94.28,19.58
2003-11-22,21.91,30.05,14.36,54.71,2.91,0.0,94.33,19.28
2003-11-23,21.74,29.94,14.79,60.3,2.46,0.0,94.26,15.61
2003-11-24,22.02,30.13,15.68,57.13,3.44,0.0,94.34,18.07
2003-11-25,21.79,29.96,16.18,53.22,4.25,0.0,94.4,18.96
2003-11-26,21.12,29.82,14.61,54.83,3.16,0.0,94.22,19.36
2003-11-27,20.64,30.04,12.35,50.89,2.52,0.0,94.06,19.36
2003-11-28,21.18,29.82,13.51,55.68,2.7,0.0,94.08,18.73
2003-11-29,21.96,28.75,16.93,65.53,2.96,0.0,94.22,18.34
2003-11-30,22.45,29.81,16.62,64.85,2.96,0.0,94.24,17.28
2003-12-01,22.38,28.51,17.13,61.36,2.89,0.0,94.25,16.97
2003-12-02,22.31,29.39,16.69,64.77,2.72,0.0,94.23,16.9
2003-12-03,22.52,29.49,16.62,62.32,2.03,0.0,94.08,16.34
2003-12-04,21.5,29.43,15.04,58.02,2.97,0.0,94.08,17.6
2003-12-05,20.75,29.38,13.72,47.12,3.67,0.0,94.23,18.08
2003-12-06,20.02,28.67,14.3,44.83,4.02,0.0,94.32,19.26
2003-12-07,20.37,29.8,12.63,45.74,3.43,0.0,94.32,18.93
2003-12-08,20.35,29.69,13.29,46.21,3.25,0.0,94.32,19.0
2003-12-09,20.29,29.98,12.31,47.49,2.79,0.0,94.23,18.78
2003-12-10,20.65,30.09,12.66,48.62,2.64,0.0,94.2,18.61
2003-12-11,21.21,30.17,12.91,50.81,2.72,0.0,94.14,18.42
2003-12-12,21.33,29.66,13.58,55.03,2.34,0.0,94.19,17.66
2003-12-13,21.33,29.77,14.5,54.77,2.72,0.0,94.24,17.47
2003-12-14,20.5,29.95,13.35,52.55,3.26,0.0,94.22,18.47
2003-12-15,20.02,29.83,13.06,53.97,2.9,0.0,94.09,18.32
2003-12-16,18.8,28.74,11.93,56.4,3.04,0.0,94.03,17.74
2003-12-17,18.35,28.82,10.64,54.32,2.62,0.0,94.15,18.29
2003-12-18,19.09,29.65,11.34,52.51,2.66,0.0,94.24,18.2
2003-12-19,19.33,29.38,11.76,54.31,2.62,0.0,94.34,18.14
2003-12-20,20.15,29.09,12.35,51.06,2.5,0.0,94.46,17.26
2003-12-21,19.75,28.74,12.31,49.02,2.8,0.0,94.46,17.25
2003-12-22,19.67,28.05,11.98,44.77,2.8,0.0,94.41,17.62
2003-12-23,19.48,28.12,11.1,41.11,2.87,0.0,94.38,17.47
2003-12-24,20.2,28.24,11.18,41.14,2.4,0.0,94.33,17.66
2003-12-25,20.98,29.52,13.03,55.43,2.82,0.0,94.2,16.83
2003-12-26,21.32,29.1,15.77,66.39,2.9,0.28,94.08,14.43
2003-12-27,19.57,27.37,14.29,61.44,2.83,0.03,94.22,17.13
2003-12-28,19.26,28.87,10.52,46.6,2.71,0.0,94.38,18.46
2003-12-29,20.52,29.52,13.1,47.51,4.04,0.0,94.52,17.08
2003-12-30,20.54,29.42,14.01,51.94,3.2,0.0,94.53,17.22
2003-12-31,20.12,29.16,12.87,49.19,2.38,0.0,94.44,17.79
2004-01-01,20.16,29.35,13.79,44.93,2.28,0.0,94.34,18.12
2004-01-02,19.03,29.9,10.84,43.11,2.7,0.0,94.28,17.37
2004-01-03,19.25,29.92,11.43,47.72,3.03,0.0,94.28,17.78
2004-01-04,19.5,29.47,11.72,50.5,2.84,0.0,94.24,17.22
2004-01-05,19.77,29.18,13.01,56.36,2.58,0.0,94.28,17.55
2004-01-06,19.62,28.46,13.01,56.08,2.6,0.02,94.23,17.32
2004-01-07,20.97,28.5,13.8,54.14,2.98,0.02,94.27,15.85
2004-01-08,20.95,29.14,15.41,50.21,4.32,0.0,94.46,17.23
2004-01-09,20.29,28.93,13.09,44.34,4.03,0.0,94.52,18.49
2004-01-10,19.76,29.26,12.22,40.6,3.93,0.0,94.5,18.83
2004-01-11,20.29,30.62,12.23,37.67,3.44,0.0,94.39,19.16
2004-01-12,20.95,30.17,12.55,33.84,2.9,0.0,94.34,19.37
2004-01-13,20.95,31.15,12.4,38.27,2.75,0.0,94.22,19.04
2004-01-14,20.8,31.8,13.04,42.19,2.95,0.0,94.12,19.41
2004-01-15,21.37,32.29,12.73,37.45,2.92,0.0,94.14,19.41
2004-01-16,22.3,32.73,13.43,40.11,2.44,0.0,94.2,18.84
2004-01-17,22.24,31.46,15.39,48.86,2.46,0.0,94.1,18.47
2004-01-18,21.78,31.17,15.0,50.35,2.37,0.0,94.1,18.58
2004-01-19,21.33,31.38,13.57,44.41,2.79,0.0,93.98,19.06
2004-01-20,21.03,31.47,13.18,48.42,3.54,0.0,93.91,19.46
2004-01-21,19.8,27.55,14.7,76.18,2.92,0.0,93.91,17.57
2004-01-22,19.99,27.5,15.43,76.22,3.24,0.0,93.92,17.31
2004-01-23,18.9,27.11,13.38,66.67,3.37,0.0,94.02,19.53
2004-01-24,18.66,29.45,10.15,50.73,2.9,0.0,93.99,20.39
2004-01-25,19.15,29.46,11.61,53.23,3.67,0.0,93.97,19.31
2004-01-26,18.37,28.93,10.31,41.63,2.94,0.0,94.05,19.56
2004-01-27,20.34,29.86,11.25,51.52,3.12,0.0,93.95,18.56
2004-01-28,21.29,30.59,14.64,64.03,4.13,0.56,93.88,18.02
2004-01-29,20.4,29.0,14.93,72.44,2.78,0.02,93.96,18.68
2004-01-30,20.84,29.7,15.13,72.37,3.01,0.0,94.02,16.68
2004-01-31,19.68,27.7,13.41,64.68,3.33,0.0,94.02,19.96
2004-02-01,18.75,29.2,10.77,49.63,2.64,0.0,93.93,21.13
2004-02-02,21.15,30.31,12.15,47.93,3.7,0.11,93.94,19.92
2004-02-03,22.78,29.82,17.09,64.56,3.73,0.2,94.1,18.45
2004-02-04,22.96,31.65,16.33,58.37,3.0,0.0,94.03,18.53
2004-02-05,21.61,30.99,14.44,42.68,2.89,0.0,94.09,21.61
2004-02-06,20.61,31.96,11.56,22.67,3.62,0.0,94.21,22.36
2004-02-07,20.68,31.6,12.07,24.52,3.58,0.0,94.41,22.45
2004-02-08,21.53,32.17,12.21,28.13,2.51,0.0,94.4,22.12
2004-02-09,21.89,33.58,12.3,31.17,2.69,0.0,94.26,21.87
2004-02-10,22.12,33.7,12.88,35.23,3.05,0.0,94.28,21.79
2004-02-11,22.54,33.67,13.63,36.55,2.95,0.0,94.3,21.81
2004-02-12,23.11,33.81,14.58,34.85,2.71,0.0,94.29,21.68
2004-02-13,23.44,33.58,14.99,39.13,2.66,0.0,94.25,20.75
2004-02-14,24.48,32.93,16.21,37.32,1.65,0.0,94.21,19.51
2004-02-15,24.44,33.45,16.45,36.68,1.99,0.0,94.15,20.69
2004-02-16,24.75,33.89,16.02,32.82,2.79,0.0,94.18,20.87
2004-02-17,24.43,34.55,16.31,34.56,2.99,0.0,94.05,21.54
2004-02-18,24.07,34.37,16.02,36.07,2.62,0.0,93.9,21.22
2004-02-19,22.72,32.5,15.68,45.45,2.97,0.0,94.0,22.16
2004-02-20,24.06,35.22,15.32,44.06,1.94,0.0,94.08,22.61
2004-02-21,24.96,35.73,15.7,28.73,2.91,0.0,94.2,22.6
2004-02-22,25.95,36.04,16.79,21.59,3.13,0.0,94.13,23.09
2004-02-23,25.78,36.35,16.5,22.01,2.6,0.0,94.1,22.92
2004-02-24,25.73,36.7,16.34,22.45,2.61,0.0,94.2,22.65
2004-02-25,26.09,37.02,16.4,23.58,2.31,0.0,94.18,22.63
2004-02-26,26.28,37.02,17.5,26.57,2.55,0.0,94.0,22.53
2004-02-27,25.62,36.32,17.81,40.75,3.36,0.0,93.97,22.33
2004-02-28,25.16,35.64,17.24,45.68,2.88,0.0,94.01,22.8
2004-02-29,25.71,35.97,16.49,37.36,2.7,0.0,94.02,23.44
2004-03-01,27.1,37.3,18.08,25.7,2.65,0.0,93.97,23.31
2004-03-02,27.67,37.98,18.56,21.11,2.8,0.0,93.95,23.57
2004-03-03,27.97,38.22,18.86,18.32,3.34,0.0,93.93,23.7
2004-03-04,28.1,37.47,20.04,26.07,3.76,0.0,93.95,19.1
2004-03-05,28.45,37.08,21.47,30.84,3.13,0.0,93.97,22.74
2004-03-06,28.89,38.31,21.06,22.81,2.86,0.0,94.03,20.45
2004-03-07,28.2,39.12,19.57,14.5,3.18,0.0,94.05,24.92
2004-03-08,26.96,38.21,17.94,8.53,4.6,0.0,94.19,25.83
2004-03-09,26.93,36.81,18.08,20.24,3.83,0.0,94.2,24.8
2004-03-10,27.3,37.44,19.17,27.41,2.35,0.0,93.99,24.05
2004-03-11,27.09,37.92,17.63,21.53,2.92,0.0,93.96,24.81
2004-03-12,27.57,38.1,17.3,14.24,3.54,0.0,94.07,24.41
2004-03-13,28.54,38.87,18.67,20.36,2.99,0.0,94.17,24.89
2004-03-14,29.18,39.19,19.14,17.94,3.01,0.0,94.16,24.97
2004-03-15,28.6,39.4,18.5,20.1,2.92,0.0,94.06,25.14
2004-03-16,29.83,40.02,20.31,21.32,2.39,0.0,93.92,25.38
2004-03-17,29.43,39.95,20.43,33.05,1.64,0.0,93.92,24.44
2004-03-18,29.42,40.93,18.83,35.62,2.48,0.0,93.93,24.82
2004-03-19,29.37,40.39,19.08,17.28,3.47,0.0,93.86,25.65
2004-03-20,29.11,40.23,19.5,17.92,3.7,0.0,93.68,26.17
2004-03-21,28.43,38.58,20.76,25.97,3.42,0.0,93.77,26.16
2004-03-22,28.44,39.51,19.06,37.09,3.38,0.0,93.79,26.07
2004-03-23,28.09,38.27,19.14,39.53,3.66,0.0,93.83,25.91
2004-03-24,27.89,38.51,18.79,42.69,3.88,0.0,93.79,25.64
2004-03-25,26.94,36.9,18.84,42.14,4.07,0.0,93.75,25.81
2004-03-26,26.27,36.81,17.3,36.24,4.01,0.0,93.84,25.65
2004-03-27,27.8,38.31,17.86,27.5,3.03,0.0,93.97,25.36
2004-03-28,29.62,38.14,22.13,26.24,3.06,0.0,93.95,21.92
2004-03-29,29.84,37.08,23.93,29.78,3.01,0.0,93.93,17.84
2004-03-30,28.42,38.19,20.54,42.03,3.65,0.0,93.94,23.77
2004-03-31,28.11,38.5,19.53,40.13,3.25,0.0,93.97,25.76
2004-04-01,27.86,38.71,18.76,46.41,3.27,0.03,94.06,24.43
2004-04-02,27.78,37.25,19.54,46.59,3.25,0.0,94.09,22.13
2004-04-03,29.58,39.02,21.65,38.65,2.69,0.0,94.04,23.93
2004-04-04,29.12,36.6,22.84,34.68,2.43,0.66,94.1,23.69
2004-04-05,27.33,33.65,22.6,52.53,2.31,0.03,94.06,24.74
2004-04-06,27.85,37.54,20.12,49.48,3.59,0.0,93.94,26.78
2004-04-07,26.54,36.4,18.44,48.96,3.64,0.0,94.02,28.11
2004-04-08,26.12,36.05,17.52,54.37,4.0,0.0,93.96,27.81
2004-04-09,26.99,37.23,19.36,54.96,3.69,0.0,93.78,27.26
2004-04-10,27.74,38.65,18.67,48.43,3.15,0.0,93.82,27.96
2004-04-11,28.82,39.79,19.8,42.14,3.46,0.0,93.94,27.44
2004-04-12,28.88,39.87,18.9,43.94,3.69,0.0,93.88,27.34
2004-04-13,29.57,39.96,20.71,40.76,4.08,0.0,93.73,27.01
2004-04-14,28.52,38.97,20.05,51.3,4.23,0.0,93.77,27.5
2004-04-15,28.39,39.01,19.87,49.93,4.47,0.0,93.81,28.31
2004-04-16,27.23,37.93,19.29,54.43,4.75,0.0,93.86,28.89
2004-04-17,26.96,37.14,18.62,52.0,4.32,0.0,93.77,28.41
2004-04-18,26.63,36.68,18.84,55.3,4.6,0.0,93.71,28.23
2004-04-19,27.26,37.16,19.31,54.31,4.11,0.0,93.77,28.02
2004-04-20,28.83,39.82,19.45,49.11,3.4,0.0,93.91,27.91
2004-04-21,30.06,40.28,20.98,39.19,4.05,0.0,93.83,27.4
2004-04-22,29.03,39.09,20.54,47.57,4.24,0.0,93.65,27.56
2004-04-23,28.43,37.78,20.64,52.64,3.88,0.0,93.67,26.81
2004-04-24,28.93,38.92,20.3,51.62,3.47,0.0,93.66,25.9
2004-04-25,30.2,39.95,21.67,42.47,2.92,0.0,93.63,25.29
2004-04-26,30.44,40.52,22.5,39.0,3.53,0.0,93.74,25.2
2004-04-27,29.39,39.54,20.67,46.51,4.47,0.04,93.81,26.57
2004-04-28,28.78,38.51,20.23,49.46,4.57,0.0,93.68,27.07
2004-04-29,29.25,39.18,21.32,44.05,3.87,0.0,93.57,26.25
2004-04-30,28.69,38.51,20.14,49.51,4.13,0.01,93.59,27.04
2004-05-01,29.38,39.69,20.58,48.66,3.62,0.0,93.58,26.69
2004-05-02,31.09,41.13,21.58,28.91,3.23,0.0,93.53,26.41
2004-05-03,32.52,41.27,22.51,18.34,3.09,0.05,93.49,23.86
2004-05-04,31.8,39.1,25.73,44.25,2.73,8.12,93.46,24.14
2004-05-05,30.0,36.93,24.28,55.74,2.56,1.74,93.49,24.53
2004-05-06,30.99,38.28,24.77,47.63,3.82,0.37,93.42,21.51
2004-05-07,28.52,34.25,24.88,62.14,4.04,5.64,93.41,17.9
2004-05-08,29.47,35.57,24.55,64.24,4.24,0.28,93.27,23.19
2004-05-09,29.55,36.71,23.78,60.56,5.84,1.86,93.35,18.53
2004-05-10,26.51,30.6,23.34,76.66,4.15,1.54,93.54,23.2
2004-05-11,27.5,33.91,23.33,70.73,4.36,0.44,93.65,23.7
2004-05-12,27.18,32.93,22.27,63.84,3.59,0.05,93.58,25.22
2004-05-13,27.82,35.13,23.11,65.89,5.3,0.01,93.47,24.03
2004-05-14,27.49,33.7,22.74,68.43,4.87,3.21,93.54,23.12
2004-05-15,26.97,31.93,23.53,73.7,4.61,1.83,93.53,23.39
2004-05-16,26.73,31.82,23.67,74.34,4.33,12.98,93.54,21.29
2004-05-17,25.42,28.7,23.32,85.88,4.48,42.68,93.61,14.16
2004-05-18,24.99,27.75,23.49,88.72,5.05,10.45,93.61,13.75
2004-05-19,24.86,28.56,22.44,82.48,5.51,1.25,93.51,14.99
2004-05-20,25.54,30.89,22.12,77.8,6.18,0.18,93.56,23.25
2004-05-21,25.84,32.41,20.38,70.32,4.83,0.02,93.61,27.09
2004-05-22,25.64,32.6,20.22,69.97,5.09,0.03,93.58,26.82
2004-05-23,25.92,32.89,21.13,70.39,5.06,0.09,93.63,26.39
2004-05-24,26.25,33.91,19.99,65.11,4.37,0.0,93.71,27.6
2004-05-25,26.2,34.3,19.56,65.4,4.06,0.0,93.76,27.48
2004-05-26,26.74,34.62,20.6,66.15,4.25,0.01,93.78,26.95
2004-05-27,27.4,36.06,20.51,62.28,4.58,0.01,93.82,26.86
2004-05-28,28.36,37.13,21.96,62.18,4.76,0.01,93.81,24.06
2004-05-29,28.58,37.08,22.72,63.08,4.76,0.79,93.65,23.11
2004-05-30,27.23,33.65,23.25,71.81,4.63,3.32,93.66,22.18
2004-05-31,26.68,31.87,23.16,73.45,4.24,1.67,93.78,14.97
2004-06-01,27.23,32.52,23.42,72.46,3.2,1.12,93.79,16.51
2004-06-02,27.82,34.13,23.59,70.83,3.4,4.02,93.78,22.95
2004-06-03,26.84,32.94,23.48,72.8,4.61,12.29,93.75,20.58
2004-06-04,26.16,31.32,22.5,77.69,2.99,10.31,93.7,19.6
2004-06-05,25.4,28.55,23.18,83.66,3.44,12.54,93.69,20.57
2004-06-06,24.98,27.79,22.95,87.9,3.75,55.74,93.63,20.1
2004-06-07,25.87,30.58,22.07,81.49,2.0,10.63,93.52,23.35
2004-06-08,24.93,28.64,22.84,86.97,3.68,5.19,93.39,20.72
2004-06-09,25.23,29.45,21.77,82.43,4.47,9.03,93.42,19.34
2004-06-10,25.03,29.09,22.23,83.68,5.58,6.92,93.26,15.64
2004-06-11,25.12,29.39,22.33,82.0,5.55,3.77,93.18,15.1
2004-06-12,25.27,30.33,21.9,80.63,5.04,3.69,93.33,16.76
2004-06-13,24.49,27.41,22.66,86.75,5.34,15.48,93.25,12.22
2004-06-14,23.78,25.3,22.65,92.08,8.61,64.6,92.99,7.38
2004-06-15,24.41,26.5,22.9,92.11,12.94,61.01,92.83,2.92
2004-06-16,23.67,25.36,22.05,90.83,9.85,27.01,93.17,11.85
2004-06-17,23.99,27.25,21.38,87.24,10.36,23.13,93.11,10.0
2004-06-18,22.93,24.79,21.57,87.08,8.93,12.8,93.37,9.52
2004-06-19,23.87,26.96,22.07,86.7,8.04,1.88,93.49,12.06
2004-06-20,24.27,28.15,22.18,85.9,8.49,0.74,93.61,11.79
2004-06-21,24.57,28.72,22.1,83.82,7.77,0.24,93.81,16.3
2004-06-22,24.52,28.73,22.1,84.03,7.29,0.05,93.91,18.72
2004-06-23,24.28,28.54,21.58,83.68,7.01,0.02,93.79,18.13
2004-06-24,24.27,28.46,21.68,83.32,7.46,0.52,93.78,19.49
2004-06-25,24.05,27.82,21.71,85.59,6.62,1.3,93.82,16.26
2004-06-26,24.63,29.28,21.81,84.19,5.92,1.99,93.75,14.42
2004-06-27,24.76,29.43,22.03,83.68,6.23,1.0,93.72,16.17
2004-06-28,24.71,29.35,21.76,83.05,5.54,0.37,93.7,18.41
2004-06-29,23.99,27.72,21.7,84.81,6.09,1.04,93.7,15.64
2004-06-30,24.29,28.41,21.62,84.53,6.64,2.45,93.59,12.64
2004-07-01,24.06,27.35,22.18,86.65,6.28,2.05,93.56,12.03
2004-07-02,24.58,28.57,22.19,84.64,5.92,0.73,93.39,17.17
2004-07-03,24.45,28.71,22.03,85.56,5.9,13.98,93.27,15.24
2004-07-04,23.71,27.18,21.36,86.92,6.31,14.36,93.3,8.9
2004-07-05,23.62,26.76,20.88,88.17,6.2,5.47,93.29,9.14
2004-07-06,23.8,26.49,21.24,85.97,5.94,0.68,93.49,14.01
2004-07-07,23.73,28.08,20.96,85.02,4.73,0.59,93.56,18.51
2004-07-08,24.1,27.83,21.39,84.37,4.06,0.52,93.62,14.66
2004-07-09,24.47,28.77,21.6,83.4,5.29,1.22,93.63,16.55
2004-07-10,24.25,28.01,21.87,85.1,5.95,2.44,93.55,14.25
2004-07-11,23.94,27.44,21.98,86.33,6.21,6.57,93.54,10.18
2004-07-12,24.07,28.39,21.78,85.22,6.23,3.4,93.54,15.58
2004-07-13,23.43,26.8,21.49,85.45,6.03,1.3,93.6,15.75
2004-07-14,24.1,28.15,21.52,84.88,5.76,5.73,93.45,15.84
2004-07-15,24.15,27.01,22.34,88.45,5.47,7.45,93.36,14.6
2004-07-16,23.87,26.12,21.85,88.29,3.7,1.8,93.35,18.69
2004-07-17,24.54,28.94,21.09,85.93,4.56,3.67,93.33,15.72
2004-07-18,24.94,28.96,22.38,84.66,5.1,2.47,93.38,17.74
2004-07-19,24.61,28.65,22.26,85.27,5.36,5.21,93.37,17.59
2004-07-20,24.58,28.59,22.14,85.69,5.09,6.08,93.4,14.86
2004-07-21,24.47,28.68,21.96,84.56,5.78,3.33,93.51,13.4
2004-07-22,23.68,26.56,21.82,85.97,5.38,5.45,93.63,17.12
2004-07-23,24.1,28.02,21.94,85.92,5.84,11.58,93.59,10.06
2004-07-24,23.89,27.26,22.19,88.18,5.19,11.67,93.49,13.43
2004-07-25,23.33,26.01,21.97,90.63,5.67,17.1,93.44,9.7
2004-07-26,23.05,24.84,21.94,92.72,5.96,16.18,93.37,6.95
2004-07-27,23.17,25.3,22.08,89.5,6.62,7.94,93.41,10.34
2004-07-28,23.59,26.26,21.94,90.27,6.58,23.96,93.35,8.8
2004-07-29,23.09,25.32,22.1,92.39,7.82,28.93,93.42,7.3
2004-07-30,22.95,24.87,21.95,92.86,7.59,41.85,93.49,8.04
2004-07-31,22.88,24.45,21.81,92.77,7.82,30.97,93.58,10.15
2004-08-01,23.17,25.24,21.87,92.93,8.74,67.06,93.5,6.6
2004-08-02,22.87,24.27,21.88,94.51,9.02,104.28,93.3,4.05
2004-08-03,23.1,24.72,22.02,94.24,8.63,34.09,93.18,6.67
2004-08-04,23.41,25.39,22.07,93.91,8.39,50.77,92.99,5.0
2004-08-05,22.5,24.39,21.41,93.19,8.59,46.15,92.97,7.77
2004-08-06,22.93,25.12,21.57,92.85,7.97,19.56,93.22,13.12
2004-08-07,23.25,25.61,21.57,91.87,8.45,10.45,93.46,11.96
2004-08-08,22.95,24.85,21.56,93.12,8.48,8.15,93.59,13.5
2004-08-09,22.93,24.97,21.62,93.16,7.86,8.4,93.65,10.81
2004-08-10,23.04,25.87,21.43,91.31,8.16,8.29,93.69,14.0
2004-08-11,22.76,23.93,21.63,95.27,8.41,88.31,93.55,6.86
2004-08-12,23.39,25.52,22.22,93.5,8.33,42.55,93.53,8.72
2004-08-13,23.15,25.76,21.64,92.49,7.79,4.6,93.58,11.82
2004-08-14,22.81,25.24,21.47,92.94,7.91,8.83,93.57,8.91
2004-08-15,23.03,25.64,21.56,91.91,8.18,6.91,93.52,9.87
2004-08-16,23.03,25.75,21.34,91.64,7.79,10.19,93.49,12.87
2004-08-17,23.26,26.54,21.26,90.11,7.01,5.25,93.62,14.14
2004-08-18,23.29,26.98,20.89,90.2,6.56,5.43,93.77,13.67
2004-08-19,23.15,26.07,21.5,90.76,7.64,9.88,93.67,13.6
2004-08-20,22.91,25.56,21.4,91.13,7.39,8.84,93.54,12.87
2004-08-21,22.64,24.75,21.54,92.66,6.49,13.48,93.57,8.34
2004-08-22,22.88,25.46,21.5,92.37,6.51,6.61,93.63,10.36
2004-08-23,23.05,26.13,21.25,91.15,6.99,14.33,93.7,10.96
2004-08-24,23.01,26.36,20.98,90.88,6.81,6.9,93.75,11.9
2004-08-25,23.03,26.7,20.93,90.35,6.0,2.03,93.78,10.59
2004-08-26,22.75,26.33,20.56,89.42,5.61,0.54,93.75,16.26
2004-08-27,22.5,26.25,20.44,89.56,5.85,0.06,93.7,14.51
2004-08-28,22.64,26.46,20.36,89.28,5.36,0.0,93.75,16.69
2004-08-29,22.71,26.5,20.43,89.14,5.0,0.01,93.79,17.79
2004-08-30,22.52,26.34,20.06,89.12,5.05,0.0,93.79,17.15
2004-08-31,22.2,25.84,19.78,90.12,4.97,11.02,93.81,15.72
2004-09-01,22.31,26.05,19.56,88.98,3.66,3.77,93.68,18.01
2004-09-02,22.34,26.53,19.09,87.99,2.83,0.18,93.79,20.67
2004-09-03,22.51,26.91,18.92,87.68,2.98,0.09,93.93,22.04
2004-09-04,22.81,26.96,19.84,88.22,3.18,0.31,93.78,20.14
2004-09-05,22.37,25.98,19.38,88.2,3.12,1.34,93.63,19.2
2004-09-06,23.24,27.17,20.71,88.3,2.52,22.56,93.6,8.65
2004-09-07,23.32,26.83,20.88,91.65,1.45,9.36,93.58,12.99
2004-09-08,24.39,28.15,21.72,90.33,2.07,6.31,93.52,12.6
2004-09-09,23.39,25.29,21.89,93.58,4.95,7.19,93.58,11.09
2004-09-10,22.64,25.45,21.16,90.92,4.74,7.45,93.71,8.61
2004-09-11,22.36,25.83,19.8,89.18,4.83,3.71,93.74,15.33
2004-09-12,22.64,26.53,19.97,89.44,4.07,2.89,93.78,14.58
2004-09-13,22.94,27.25,19.55,88.88,2.76,1.69,93.97,20.39
2004-09-14,22.99,27.3,19.83,88.83,2.83,1.03,93.95,19.38
2004-09-15,22.36,26.38,19.18,89.79,3.56,2.37,93.82,18.28
2004-09-16,22.93,27.63,19.49,88.45,3.06,2.03,93.86,15.3
2004-09-17,23.09,27.52,19.64,88.39,2.78,0.64,93.93,19.76
2004-09-18,23.57,27.69,20.33,89.5,2.68,11.42,93.82,19.8
2004-09-19,23.69,27.06,21.39,90.35,2.73,5.67,93.74,13.92
2004-09-20,24.0,26.93,21.94,92.72,2.86,8.35,93.77,15.7
2004-09-21,24.14,27.24,21.94,91.71,2.59,13.95,93.75,14.04
2004-09-22,23.5,25.93,21.39,93.5,2.07,15.32,93.64,9.79
2004-09-23,24.4,28.53,21.54,88.06,3.13,2.35,93.68,19.37
2004-09-24,24.51,28.93,21.31,85.24,1.12,18.68,93.72,18.04
2004-09-25,24.02,27.44,21.18,88.44,2.82,21.99,93.72,17.64
2004-09-26,24.77,28.94,21.02,84.33,3.09,6.98,93.84,17.58
2004-09-27,24.9,29.06,21.39,84.97,2.36,2.43,93.88,19.94
2004-09-28,24.38,27.68,21.67,87.3,2.32,27.12,93.75,20.37
2004-09-29,24.91,28.99,20.39,80.26,2.29,14.99,93.79,19.84
2004-09-30,24.41,28.55,20.57,86.02,2.63,2.15,94.0,17.2
2004-10-01,23.84,27.82,20.36,87.02,2.0,2.45,94.11,20.82
2004-10-02,22.97,25.37,21.52,92.62,2.04,4.26,93.94,17.86
2004-10-03,23.44,26.97,21.11,90.76,2.11,2.52,93.8,17.93
2004-10-04,22.99,25.64,21.5,93.49,3.11,3.23,93.77,14.74
2004-10-05,22.99,26.62,21.14,91.68,3.62,2.69,93.73,13.4
2004-10-06,23.09,26.63,20.78,91.0,3.94,1.96,93.79,14.32
2004-10-07,23.35,27.81,20.49,89.2,3.21,0.7,93.83,17.23
2004-10-08,22.89,26.93,19.92,89.01,2.85,0.13,93.91,19.77
2004-10-09,22.55,26.79,19.78,89.19,2.33,0.18,94.07,19.6
2004-10-10,22.26,27.04,18.14,88.53,2.48,0.36,94.14,21.13
2004-10-11,22.77,26.94,19.93,89.32,2.34,0.13,94.11,19.13
2004-10-12,22.79,28.5,18.93,84.77,1.65,0.15,94.07,21.89
2004-10-13,22.35,28.65,17.73,82.5,1.95,0.11,94.15,21.72
2004-10-14,22.38,28.83,17.26,82.72,2.66,0.03,94.21,22.44
2004-10-15,21.03,27.3,16.15,71.96,3.08,0.0,94.21,23.29
2004-10-16,20.22,27.05,14.6,71.09,3.26,0.0,94.18,23.05
2004-10-17,20.11,26.91,14.84,73.23,3.67,0.0,94.2,22.61
2004-10-18,20.14,26.99,14.79,71.4,3.54,0.0,94.18,23.05
2004-10-19,19.96,27.13,14.26,69.53,3.85,0.0,94.13,23.1
2004-10-20,19.88,26.79,14.01,69.9,3.32,0.0,94.07,22.91
2004-10-21,19.47,26.9,13.77,69.86,4.26,0.0,94.17,22.87
2004-10-22,20.61,27.82,14.61,72.9,4.16,0.06,94.23,21.59
2004-10-23,21.57,28.65,16.24,72.82,3.82,0.01,94.19,20.84
2004-10-24,22.11,28.54,16.08,74.57,3.41,0.0,94.2,18.78
2004-10-25,21.89,28.6,16.56,73.49,4.5,0.0,94.28,20.32
2004-10-26,21.07,28.02,15.82,72.25,4.01,0.0,94.28,21.22
2004-10-27,21.14,27.61,15.85,70.97,3.3,0.0,94.25,19.46
2004-10-28,20.9,25.89,17.09,77.18,3.42,0.01,94.18,15.08
2004-10-29,20.84,25.9,17.95,79.38,3.61,0.0,94.19,15.31
2004-10-30,20.95,26.97,17.16,79.22,4.46,0.0,94.17,19.59
2004-10-31,22.02,28.06,16.78,78.86,4.46,0.0,94.11,18.81
2004-11-01,22.25,26.78,19.1,82.01,4.26,0.16,94.15,15.89
2004-11-02,21.75,26.04,18.37,83.5,3.99,0.45,94.19,12.33
2004-11-03,21.24,24.88,18.53,84.05,3.77,0.74,94.21,7.91
2004-11-04,20.88,27.54,15.67,68.22,4.22,0.01,94.18,19.7
2004-11-05,20.07,27.4,14.6,68.85,4.03,0.0,94.14,19.82
2004-11-06,19.64,27.31,13.27,65.56,3.58,0.0,94.09,20.35
2004-11-07,21.69,28.45,15.27,74.39,2.72,0.0,94.0,18.52
2004-11-08,23.51,28.62,19.16,82.76,2.59,4.28,93.99,15.26
2004-11-09,21.55,24.44,18.68,87.83,2.65,1.46,94.06,14.96
2004-11-10,22.64,27.82,17.79,81.31,1.8,1.15,94.05,12.06
2004-11-11,23.49,28.34,18.76,80.6,1.96,0.09,94.1,15.11
2004-11-12,23.98,28.85,19.02,77.9,1.98,0.0,94.22,18.44
2004-11-13,23.08,27.94,19.19,79.59,2.47,0.0,94.33,18.14
2004-11-14,23.51,29.19,19.35,78.87,2.58,0.0,94.28,17.93
2004-11-15,23.33,29.06,19.43,76.31,3.08,0.0,94.25,18.3
2004-11-16,22.57,27.88,19.11,76.78,2.73,0.0,94.23,17.36
2004-11-17,22.8,29.28,17.36,70.69,2.2,0.0,94.23,19.41
2004-11-18,22.0,28.11,17.4,70.74,2.96,0.0,94.25,19.29
2004-11-19,21.53,28.82,16.1,66.61,3.35,0.0,94.25,19.63
2004-11-20,20.6,28.44,14.48,62.94,3.43,0.0,94.28,19.69
2004-11-21,19.86,27.94,13.89,61.4,3.72,0.0,94.29,19.52
2004-11-22,19.35,27.34,12.67,57.57,3.62,0.0,94.22,19.78
2004-11-23,19.17,27.42,12.28,59.28,3.27,0.0,94.21,19.09
2004-11-24,19.15,27.24,12.11,58.32,3.49,0.0,94.16,19.56
2004-11-25,19.15,27.29,12.92,64.01,4.06,0.0,94.26,19.47
2004-11-26,19.07,26.94,13.48,65.87,4.32,0.0,94.34,19.0
2004-11-27,18.74,27.23,12.56,62.11,4.82,0.0,94.39,19.15
2004-11-28,18.72,27.26,12.31,60.31,4.08,0.0,94.52,19.04
2004-11-29,18.68,26.62,12.63,63.13,3.65,0.0,94.43,18.78
2004-11-30,18.36,26.36,11.94,61.56,3.04,0.0,94.27,18.81
2004-12-01,18.41,26.56,11.54,58.97,3.08,0.0,94.23,18.61
2004-12-02,18.01,26.5,11.84,59.03,3.96,0.0,94.43,17.98
2004-12-03,18.04,26.8,11.76,58.56,4.37,0.0,94.55,18.73
2004-12-04,17.84,26.85,11.56,58.43,4.38,0.0,94.44,19.05
2004-12-05,17.82,26.86,10.51,54.9,3.73,0.0,94.37,17.75
2004-12-06,18.96,27.44,10.98,48.99,3.08,0.0,94.44,19.0
2004-12-07,19.07,28.11,11.33,56.32,3.55,0.0,94.49,18.78
2004-12-08,18.57,27.5,12.01,55.99,4.49,0.0,94.41,18.47
2004-12-09,18.79,27.96,11.84,54.89,4.19,0.0,94.32,17.69
2004-12-10,19.2,28.72,12.2,53.03,4.08,0.0,94.33,18.93
2004-12-11,18.46,27.92,11.28,50.48,4.2,0.0,94.35,18.99
2004-12-12,18.17,27.28,11.47,55.27,4.62,0.0,94.4,17.8
2004-12-13,18.35,27.27,11.58,56.42,4.45,0.0,94.4,18.15
2004-12-14,18.55,27.49,11.72,55.02,4.3,0.0,94.21,14.91
2004-12-15,19.01,28.37,12.19,54.59,4.04,0.0,94.12,18.61
2004-12-16,19.72,28.7,12.14,49.68,3.56,0.0,94.25,18.51
2004-12-17,19.62,28.66,11.96,47.35,3.42,0.0,94.34,18.4
2004-12-18,19.07,28.2,10.8,46.03,3.05,0.0,94.3,18.54
2004-12-19,19.1,27.88,12.81,48.89,2.21,0.0,94.06,18.74
2004-12-20,18.02,25.6,13.19,65.59,2.39,0.0,93.98,18.61
2004-12-21,17.84,25.79,12.79,80.49,1.86,0.0,93.94,18.24
2004-12-22,18.33,25.65,13.76,78.44,2.08,0.0,94.02,18.18
2004-12-23,18.45,27.27,12.67,73.54,2.09,0.0,94.04,17.96
2004-12-24,19.62,28.35,12.38,60.9,2.43,0.0,94.15,17.64
2004-12-25,20.3,28.52,13.16,58.25,3.01,0.0,94.26,17.74
2004-12-26,20.05,27.9,13.55,60.88,2.98,0.0,94.15,16.92
2004-12-27,20.44,28.43,13.53,58.07,3.13,0.0,94.07,17.27
2004-12-28,20.41,28.15,13.18,55.95,2.9,0.0,94.19,16.95
2004-12-29,21.43,28.91,13.97,58.78,2.71,0.0,94.16,16.8
2004-12-30,21.24,28.95,16.01,57.74,3.2,0.0,94.1,14.76
2004-12-31,20.74,27.61,17.08,75.18,2.02,0.0,94.16,13.95
2005-01-01,19.73,26.34,14.76,77.63,2.57,0.06,94.22,15.56
2005-01-02,19.33,27.83,13.11,68.77,2.37,0.0,94.14,15.5
2005-01-03,20.65,29.6,14.19,68.39,2.27,0.0,94.11,17.6
2005-01-04,22.01,30.28,15.68,60.03,2.98,0.0,94.29,18.21
2005-01-05,21.99,30.49,14.54,54.83,2.56,0.0,94.32,17.69
2005-01-06,20.98,30.07,14.24,57.06,2.71,0.0,94.27,16.68
2005-01-07,20.09,29.82,13.1,52.16,2.69,0.0,94.27,18.3
2005-01-08,20.24,30.37,12.33,48.08,2.9,0.0,94.25,18.28
2005-01-09,20.37,30.19,13.7,51.46,2.74,0.0,94.21,18.49
2005-01-10,18.28,27.53,11.99,50.5,3.21,0.0,94.05,18.89
2005-01-11,17.51,27.01,10.79,72.96,2.28,0.0,94.16,19.29
2005-01-12,18.7,29.12,10.25,53.71,2.29,0.0,94.26,19.25
2005-01-13,19.43,30.47,10.07,40.45,2.62,0.0,94.22,19.69
2005-01-14,19.61,30.04,10.5,39.39,2.63,0.0,94.11,18.71
2005-01-15,20.11,30.63,12.01,45.86,2.91,0.0,94.04,19.09
2005-01-16,19.85,28.56,13.72,53.21,2.43,0.0,94.1,17.38
2005-01-17,17.36,26.24,11.46,58.3,3.25,0.0,94.14,19.59
2005-01-18,16.03,26.51,8.3,43.8,3.28,0.0,94.2,20.13
2005-01-19,17.95,28.96,8.04,35.81,3.11,0.0,94.21,20.17
2005-01-20,19.92,29.97,11.11,32.35,3.86,0.0,94.31,18.58
2005-01-21,20.88,30.71,12.89,40.02,3.05,0.0,94.43,18.39
2005-01-22,21.37,30.97,14.54,47.7,2.67,0.0,94.29,18.26
2005-01-23,20.15,30.32,12.63,47.01,3.19,0.0,94.19,19.99
2005-01-24,20.4,30.99,12.0,43.06,2.47,0.0,94.18,19.76
2005-01-25,21.8,32.08,14.1,45.67,2.91,0.0,94.1,18.92
2005-01-26,21.74,30.36,16.14,47.61,2.56,0.0,93.98,19.24
2005-01-27,20.46,29.38,14.05,47.46,2.76,0.0,93.87,18.82
2005-01-28,19.16,26.56,14.19,66.37,2.98,0.0,93.9,17.69
2005-01-29,18.98,27.98,12.73,63.32,3.1,0.01,93.88,18.84
2005-01-30,18.15,27.42,11.21,59.09,3.0,2.86,93.95,11.34
2005-01-31,17.84,25.82,12.14,66.98,2.52,3.0,94.11,15.79
2005-02-01,19.44,28.08,12.82,61.81,3.01,0.0,94.23,19.78
2005-02-02,20.34,29.71,13.57,56.11,3.57,0.0,94.22,21.15
2005-02-03,20.27,30.41,12.17,47.59,2.97,0.0,94.18,20.89
2005-02-04,21.09,31.24,13.22,53.09,2.69,0.0,94.13,20.75
2005-02-05,21.8,32.09,13.83,51.11,2.45,0.0,94.12,20.44
2005-02-06,21.84,31.21,15.66,69.38,2.76,0.0,94.17,20.51
2005-02-07,21.73,30.94,16.07,71.06,2.97,0.0,94.28,21.41
2005-02-08,23.21,32.92,15.34,60.44,1.99,0.0,94.28,21.21
2005-02-09,24.13,34.09,14.33,34.36,2.76,0.0,94.36,22.14
2005-02-10,23.69,34.04,15.22,34.4,3.24,0.0,94.43,22.31
2005-02-11,24.1,34.6,15.49,36.52,2.52,0.0,94.48,22.19
2005-02-12,23.9,34.43,15.35,39.45,2.38,0.0,94.42,21.97
2005-02-13,24.3,34.74,15.52,33.72,2.88,0.0,94.32,22.11
2005-02-14,24.47,35.89,16.14,30.11,3.1,0.0,94.14,22.6
2005-02-15,22.93,33.22,15.13,36.03,3.54,0.0,94.13,23.35
2005-02-16,21.33,31.49,14.09,70.69,3.81,0.0,94.04,22.9
2005-02-17,20.88,29.99,14.83,69.74,3.97,0.0,94.04,22.61
2005-02-18,20.0,28.04,13.92,73.73,4.31,0.0,94.12,21.74
2005-02-19,18.5,28.36,12.84,59.86,3.63,0.0,94.2,23.4
2005-02-20,18.78,30.23,10.07,39.74,3.3,0.0,94.17,23.42
2005-02-21,18.44,28.75,11.45,37.31,3.52,0.0,94.15,23.44
2005-02-22,19.24,31.14,10.43,33.92,2.16,0.0,94.21,24.27
2005-02-23,21.98,33.91,12.59,37.13,3.1,0.0,94.19,23.79
2005-02-24,23.42,33.98,15.93,40.63,2.4,0.0,94.15,23.74
2005-02-25,24.33,35.21,14.81,34.15,2.36,0.0,94.13,23.6
2005-02-26,26.03,35.9,17.96,30.31,2.16,0.0,94.12,22.74
2005-02-27,26.89,36.68,19.37,34.05,2.77,0.0,94.05,19.94
2005-02-28,27.48,36.08,22.24,39.07,2.75,0.0,94.01,19.62
2005-03-01,27.36,36.18,20.35,41.16,2.67,0.0,94.08,21.83
2005-03-02,26.04,35.3,19.08,47.4,2.74,0.0,94.29,22.81
2005-03-03,25.45,35.87,17.18,44.39,3.17,0.0,94.25,23.89
2005-03-04,24.31,34.96,16.06,54.6,3.28,0.0,94.29,23.36
2005-03-05,24.61,34.81,16.03,51.75,3.13,0.0,94.42,23.96
2005-03-06,25.21,35.57,17.36,45.41,3.54,0.0,94.37,23.25
2005-03-07,24.33,32.68,17.47,56.15,3.24,0.0,94.35,22.06
2005-03-08,23.84,31.09,18.72,65.56,2.88,0.64,94.36,15.02
2005-03-09,23.3,32.61,17.17,60.67,3.35,0.54,94.32,24.36
2005-03-10,22.09,32.18,13.94,53.01,3.47,0.06,94.28,25.77
2005-03-11,23.28,34.45,13.9,48.52,3.25,0.0,94.06,25.66
2005-03-12,24.7,35.64,15.43,31.41,3.54,0.0,94.07,26.04
2005-03-13,25.41,36.18,15.88,26.49,2.98,0.0,94.11,25.81
2005-03-14,26.77,36.96,16.23,23.32,2.46,0.0,94.04,26.05
2005-03-15,26.83,36.95,17.55,21.76,2.15,0.0,93.95,26.11
2005-03-16,27.36,38.05,17.03,19.53,3.44,0.0,93.94,25.87
2005-03-17,27.99,38.63,17.87,23.24,3.12,0.0,93.97,25.2
2005-03-18,28.8,39.0,19.25,27.41,2.7,0.0,93.9,24.2
2005-03-19,29.34,39.58,20.38,31.87,2.43,0.0,93.87,23.61
2005-03-20,29.38,38.95,20.79,31.27,3.1,0.0,93.93,22.46
2005-03-21,28.0,37.45,20.42,37.98,4.24,0.0,93.89,22.91
2005-03-22,26.03,35.54,19.23,51.34,4.56,0.0,93.88,25.49
2005-03-23,23.36,33.33,16.17,49.72,4.46,0.0,93.79,27.36
2005-03-24,23.25,33.97,13.94,52.01,3.24,0.0,93.82,26.74
2005-03-25,25.52,36.91,15.38,35.13,3.09,0.0,93.91,26.83
2005-03-26,26.88,38.06,17.09,31.14,3.14,0.0,93.99,26.58
2005-03-27,28.11,38.97,19.25,30.05,4.05,0.0,93.97,26.3
2005-03-28,26.78,36.62,18.59,32.8,4.41,0.0,93.92,25.82
2005-03-29,26.29,35.92,18.72,42.35,3.96,0.0,93.89,25.61
2005-03-30,26.05,36.12,17.66,51.88,3.46,0.0,93.76,26.39
2005-03-31,27.16,38.38,17.7,33.42,3.02,0.0,93.72,26.96
2005-04-01,27.6,39.1,18.38,35.99,2.62,0.0,93.72,26.38
2005-04-02,29.27,39.12,18.17,29.27,2.61,0.0,93.77,25.6
2005-04-03,31.65,39.47,24.31,25.47,2.49,0.02,93.86,21.39
2005-04-04,31.35,40.21,23.74,31.28,2.61,0.01,93.85,23.27
2005-04-05,30.14,39.74,20.34,21.3,3.32,0.0,93.82,25.03
2005-04-06,30.67,39.26,22.79,34.5,3.34,0.21,93.74,23.47
2005-04-07,29.03,36.8,22.72,50.49,3.2,0.06,93.73,24.19
2005-04-08,27.71,37.44,20.47,46.84,3.54,0.0,93.87,25.58
2005-04-09,25.94,36.16,17.62,34.13,4.06,0.0,93.92,27.54
2005-04-10,25.73,36.74,15.6,34.59,3.84,0.0,93.91,27.97
2005-04-11,28.62,38.96,19.48,20.95,3.11,0.0,93.88,27.16
2005-04-12,29.88,40.19,20.07,19.39,2.6,0.57,93.92,24.91
2005-04-13,27.99,36.14,21.31,44.47,1.52,0.14,94.13,21.0
2005-04-14,27.5,34.08,22.13,56.33,2.3,8.47,94.23,21.75
2005-04-15,26.4,31.79,22.16,62.77,1.25,6.39,94.22,24.91
2005-04-16,28.04,36.37,22.51,52.05,2.25,0.0,94.16,24.7
2005-04-17,27.86,35.73,21.49,46.65,2.69,0.17,94.09,24.52
2005-04-18,26.79,34.29,21.39,42.37,2.36,0.04,94.07,22.84
2005-04-19,28.78,39.53,19.92,30.51,3.13,0.0,94.05,28.55
2005-04-20,29.51,40.22,19.26,26.08,2.94,0.01,94.06,28.11
2005-04-21,28.2,37.34,20.93,52.82,2.92,0.0,94.04,24.93
2005-04-22,27.43,34.65,21.2,57.12,2.48,0.01,93.96,17.52
2005-04-23,26.97,31.9,23.11,55.89,1.82,1.68,94.02,16.62
2005-04-24,24.09,27.05,20.58,65.99,2.89,7.51,94.13,19.66
2005-04-25,26.5,34.57,18.68,58.35,2.62,0.36,93.98,25.11
2005-04-26,28.31,37.49,20.15,52.82,2.48,0.09,93.9,26.61
2005-04-27,28.26,37.6,19.75,47.64,3.37,0.18,93.83,26.45
2005-04-28,28.3,37.4,20.92,44.02,3.9,0.0,93.82,27.97
2005-04-29,26.78,35.96,18.98,45.2,3.86,0.0,93.74,28.66
2005-04-30,27.7,37.25,19.22,43.43,3.72,0.0,93.6,27.93
2005-05-01,28.46,37.64,20.46,54.11,3.92,0.0,93.67,27.5
2005-05-02,29.24,37.39,21.78,54.46,3.6,0.48,93.74,26.11
2005-05-03,27.41,33.73,23.21,58.21,2.7,2.06,93.78,21.36
2005-05-04,27.49,35.37,21.86,61.19,3.25,4.73,93.74,22.2
2005-05-05,27.34,34.24,21.44,62.85,3.0,1.49,93.68,26.29
2005-05-06,27.87,36.02,21.14,58.3,3.41,0.0,93.65,26.76
2005-05-07,27.72,36.52,21.24,59.39,4.54,0.0,93.69,27.22
2005-05-08,28.43,36.91,21.82,55.69,4.48,0.0,93.74,27.21
2005-05-09,27.81,35.85,21.39,58.77,4.7,0.0,93.8,26.9
2005-05-10,28.32,36.64,22.15,59.02,4.73,0.0,93.75,27.11
2005-05-11,28.36,36.71,22.04,55.54,4.56,0.0,93.75,26.09
2005-05-12,28.59,38.29,19.88,50.42,3.97,0.0,93.76,27.47
2005-05-13,28.67,38.53,19.62,42.08,4.39,0.0,93.73,28.72
2005-05-14,28.52,38.57,19.16,39.78,4.23,0.0,93.75,29.1
2005-05-15,28.63,38.58,19.76,51.59,4.18,0.0,93.8,28.95
2005-05-16,29.09,39.19,21.03,52.42,4.67,0.0,93.85,28.7
2005-05-17,28.65,37.99,21.72,54.2,5.1,0.0,93.85,28.61
2005-05-18,28.76,38.18,21.81,55.42,5.02,0.0,93.79,28.01
2005-05-19,29.86,40.1,22.26,55.82,5.21,0.0,93.72,28.09
2005-05-20,31.35,41.72,21.94,48.26,4.53,0.0,93.55,27.15
2005-05-21,30.55,40.18,23.44,51.86,5.06,0.0,93.59,27.32
2005-05-22,29.5,38.01,23.43,55.41,4.89,0.0,93.7,25.53
2005-05-23,29.01,37.6,23.01,57.27,4.86,0.0,93.73,27.25
2005-05-24,28.17,34.42,23.42,64.19,4.17,0.29,93.81,26.5
2005-05-25,27.8,34.59,22.55,57.36,3.97,0.01,93.8,26.07
2005-05-26,27.98,34.8,22.74,58.52,3.85,0.0,93.78,27.15
2005-05-27,28.01,35.38,22.92,59.11,4.67,0.0,93.82,26.96
2005-05-28,27.55,33.01,22.36,60.14,2.37,0.52,93.79,25.95
2005-05-29,28.05,35.33,23.06,63.22,2.29,10.49,93.72,23.44
2005-05-30,26.88,33.11,23.01,69.26,3.92,4.81,93.71,24.76
2005-05-31,27.21,33.9,23.06,71.65,4.28,4.59,93.59,21.64
2005-06-01,26.26,30.93,23.44,75.09,5.09,1.48,93.57,12.25
2005-06-02,27.36,33.72,23.55,69.52,5.32,0.08,93.51,10.24
2005-06-03,27.96,34.45,23.43,66.92,5.11,0.0,93.49,23.66
2005-06-04,28.82,36.82,23.48,63.06,5.27,0.01,93.43,26.28
2005-06-05,29.09,37.43,22.77,60.88,4.77,0.01,93.37,26.92
2005-06-06,29.12,37.98,22.83,59.74,4.73,0.0,93.42,28.09
2005-06-07,28.66,36.38,23.28,61.89,5.17,0.09,93.45,24.67
2005-06-08,28.18,35.41,23.02,61.7,5.57,0.01,93.37,25.07
2005-06-09,28.92,37.27,23.3,58.67,5.85,0.2,93.32,26.47
2005-06-10,28.22,36.02,23.44,64.75,5.37,4.78,93.4,23.83
2005-06-11,27.11,32.68,23.39,70.42,4.58,2.16,93.53,16.54
2005-06-12,26.09,29.45,23.79,75.7,3.81,1.45,93.53,19.83
2005-06-13,26.23,30.23,23.46,79.44,3.93,2.95,93.53,21.93
2005-06-14,25.76,28.84,23.42,83.69,2.92,44.24,93.56,21.34
2005-06-15,26.55,31.04,23.35,80.08,2.47,5.54,93.41,23.0
2005-06-16,26.93,31.66,24.16,79.35,3.4,7.31,93.34,20.76
2005-06-17,26.57,31.54,23.34,82.47,2.78,27.22,93.23,23.71
2005-06-18,26.06,30.91,22.8,83.63,3.19,11.1,92.95,16.59
2005-06-19,24.15,26.61,22.37,89.28,6.59,8.94,92.88,15.43
2005-06-20,24.71,27.9,22.7,88.58,4.97,10.21,93.0,11.49
2005-06-21,24.5,27.77,22.58,87.27,5.8,16.7,93.26,13.95
2005-06-22,24.59,27.94,22.42,84.17,6.09,13.73,93.44,14.49
2005-06-23,24.79,27.86,22.29,86.0,6.27,27.17,93.47,10.3
2005-06-24,24.69,26.33,23.58,89.46,7.57,19.96,93.37,10.64
2005-06-25,24.86,27.37,23.56,87.82,8.47,28.3,93.38,7.48
2005-06-26,24.23,25.48,23.34,93.4,8.61,79.69,93.44,7.03
2005-06-27,24.45,26.16,23.71,93.57,8.33,68.36,93.37,8.9
2005-06-28,24.42,26.53,23.27,90.86,10.22,44.77,93.21,6.73
2005-06-29,23.99,25.05,23.28,93.93,9.4,74.26,93.22,7.8
2005-06-30,24.34,25.58,23.63,93.68,8.61,39.24,93.23,10.11
2005-07-01,24.28,26.19,23.31,91.72,9.3,35.39,93.39,6.68
2005-07-02,24.01,25.61,23.06,92.2,9.34,47.13,93.48,9.32
2005-07-03,23.91,25.68,22.69,92.91,8.01,41.69,93.48,7.84
2005-07-04,24.09,26.41,22.94,91.64,8.4,25.86,93.39,6.75
2005-07-05,24.04,26.14,22.68,91.8,8.94,6.82,93.33,10.38
2005-07-06,24.08,27.2,22.23,89.58,8.29,1.03,93.52,12.53
2005-07-07,23.92,27.11,22.15,89.38,7.32,1.49,93.53,13.52
2005-07-08,23.53,25.86,22.11,91.19,5.67,0.38,93.48,16.83
2005-07-09,23.5,25.62,22.26,91.87,6.23,1.04,93.43,10.21
2005-07-10,23.51,25.79,21.97,91.01,4.98,0.93,93.42,9.92
2005-07-11,23.57,26.1,21.98,90.19,5.39,2.18,93.6,10.4
2005-07-12,24.04,27.11,22.04,88.7,5.56,1.56,93.65,15.63
2005-07-13,23.93,26.8,22.06,89.69,5.02,1.91,93.62,16.63
2005-07-14,23.87,27.37,21.77,89.32,4.42,0.85,93.68,19.04
2005-07-15,23.73,26.48,21.71,90.28,3.22,1.04,93.72,20.09
2005-07-16,24.05,27.06,21.84,89.83,3.05,1.74,93.6,18.27
2005-07-17,24.33,27.27,21.95,90.88,2.51,9.41,93.45,18.68
2005-07-18,24.16,27.15,22.43,92.66,2.77,12.35,93.47,16.12
2005-07-19,24.48,27.89,21.82,90.68,3.41,9.78,93.68,15.68
2005-07-20,23.58,25.58,22.21,93.0,4.19,16.62,93.63,13.82
2005-07-21,23.52,25.85,21.65,91.43,5.91,24.16,93.61,8.23
2005-07-22,24.36,27.31,22.6,89.77,6.5,9.58,93.48,9.35
2005-07-23,24.11,26.47,22.64,90.5,6.36,10.51,93.46,13.95
2005-07-24,23.57,25.19,22.28,92.55,7.25,17.8,93.43,12.35
2005-07-25,23.41,24.43,22.66,94.68,8.97,104.76,93.38,6.58
2005-07-26,23.7,25.07,22.88,93.89,8.96,92.04,93.21,4.37
2005-07-27,23.48,25.7,22.4,93.9,8.19,64.69,93.22,4.71
2005-07-28,23.34,25.03,22.38,93.44,8.21,20.76,93.3,11.98
2005-07-29,23.95,25.94,22.74,92.76,8.74,30.74,93.27,9.55
2005-07-30,23.74,25.83,22.38,93.08,7.92,26.83,93.17,5.76
2005-07-31,23.37,24.69,22.61,95.22,8.18,80.67,93.12,4.81
2005-08-01,23.02,24.46,21.68,96.06,9.51,121.15,93.07,4.41
2005-08-02,23.38,25.01,22.14,94.79,10.57,49.74,93.1,9.89
2005-08-03,23.51,25.8,22.29,92.87,8.86,21.54,93.3,10.94
2005-08-04,23.32,25.24,22.42,94.22,8.38,14.79,93.42,10.01
2005-08-05,23.31,25.89,21.89,92.95,8.97,16.22,93.51,6.88
2005-08-06,23.1,24.99,22.11,93.73,8.42,10.89,93.5,7.65
2005-08-07,23.41,25.75,22.08,93.01,8.32,7.72,93.38,10.77
2005-08-08,23.59,25.94,22.03,93.14,6.85,9.22,93.54,11.23
2005-08-09,23.6,26.83,21.81,91.01,6.21,4.02,93.7,12.61
2005-08-10,23.12,25.85,21.52,92.24,6.47,2.47,93.69,13.77
2005-08-11,23.08,26.11,21.52,92.17,6.79,3.18,93.61,11.58
2005-08-12,23.18,26.11,21.62,90.95,6.68,3.16,93.57,12.38
2005-08-13,23.28,26.18,21.49,91.64,5.87,5.36,93.54,10.72
2005-08-14,22.92,25.16,21.68,93.92,5.18,5.05,93.49,12.38
2005-08-15,23.26,26.25,21.63,91.86,5.68,2.27,93.39,10.86
2005-08-16,23.2,25.32,21.82,92.82,6.47,15.77,93.42,9.2
2005-08-17,23.68,26.64,21.93,90.96,6.19,12.88,93.54,8.93
2005-08-18,23.58,26.56,21.85,90.98,5.92,6.96,93.63,13.94
2005-08-19,23.38,26.53,21.84,91.26,6.39,4.41,93.64,10.08
2005-08-20,22.67,24.39,21.66,93.87,6.39,11.14,93.61,8.39
2005-08-21,23.07,25.89,21.65,92.3,5.99,12.88,93.61,9.98
2005-08-22,23.37,27.11,21.07,90.64,4.96,6.27,93.73,12.14
2005-08-23,23.06,27.05,20.23,90.32,3.48,0.6,93.84,20.88
2005-08-24,23.01,26.64,20.44,90.36,3.69,1.28,93.89,20.44
2005-08-25,22.71,26.7,20.03,89.39,4.39,2.81,93.89,17.34
2005-08-26,23.01,27.21,20.18,89.78,4.54,5.24,93.87,17.2
2005-08-27,22.95,26.63,20.69,90.16,4.18,3.59,93.8,17.8
2005-08-28,23.24,27.5,19.92,88.75,2.93,0.4,93.73,16.49
2005-08-29,23.34,27.02,20.51,89.84,2.33,2.55,93.81,19.05
2005-08-30,23.8,27.75,21.0,88.96,2.3,1.86,93.66,18.86
2005-08-31,23.69,26.89,21.49,90.42,2.44,2.93,93.54,8.94
2005-09-01,24.29,28.28,21.02,89.07,2.57,18.56,93.56,18.88
2005-09-02,24.68,28.13,21.46,89.32,2.08,16.21,93.62,15.67
2005-09-03,24.72,27.55,22.68,91.58,3.2,46.4,93.52,16.53
2005-09-04,23.67,25.93,21.91,93.54,2.55,25.97,93.26,6.31
2005-09-05,24.97,28.81,22.52,91.25,2.7,10.22,93.18,14.07
2005-09-06,24.95,28.79,21.91,88.41,2.44,3.05,93.44,17.34
2005-09-07,24.62,27.04,22.72,92.75,2.2,11.39,93.49,17.8
2005-09-08,24.64,28.25,21.76,89.21,2.68,29.44,93.38,13.06
2005-09-09,23.12,23.97,21.86,95.47,5.64,65.42,93.33,9.34
2005-09-10,23.08,25.84,21.57,93.64,5.58,15.63,93.21,10.36
2005-09-11,23.21,24.55,22.24,94.87,8.19,19.96,93.04,8.72
2005-09-12,23.28,25.08,22.02,94.28,9.03,16.95,93.06,7.6
2005-09-13,23.44,25.85,22.19,92.71,8.09,8.39,93.15,12.37
2005-09-14,23.0,25.37,21.59,92.54,7.77,7.42,93.33,10.7
2005-09-15,22.73,25.97,21.34,92.18,7.15,6.87,93.55,11.07
2005-09-16,22.77,25.75,20.98,91.73,7.41,8.54,93.75,12.79
2005-09-17,22.72,25.5,21.22,92.18,7.42,8.72,93.92,11.23
2005-09-18,22.61,25.34,21.0,91.82,6.62,4.74,94.01,11.96
2005-09-19,22.43,25.43,20.94,92.69,6.76,6.86,93.74,8.85
2005-09-20,22.86,24.51,20.95,95.28,6.68,13.55,93.3,7.88
2005-09-21,24.06,26.24,22.58,95.39,4.51,35.07,93.33,8.34
2005-09-22,23.53,25.82,22.2,94.04,6.7,28.04,93.51,8.58
2005-09-23,22.66,24.46,21.67,94.31,6.1,32.85,93.73,7.28
2005-09-24,22.93,26.31,20.78,92.67,4.71,4.42,93.9,14.21
2005-09-25,22.64,26.4,20.1,91.98,3.52,0.27,93.93,16.56
2005-09-26,22.33,26.54,19.14,90.39,2.69,0.03,93.91,19.29
2005-09-27,22.15,26.59,19.0,89.32,2.43,0.0,93.94,20.16
2005-09-28,22.14,26.46,18.7,90.05,2.25,32.52,93.93,19.0
2005-09-29,21.89,24.87,20.05,91.94,2.22,11.28,93.87,11.86
2005-09-30,22.12,24.83,20.4,93.59,2.08,15.76,93.92,13.44
2005-10-01,22.09,25.92,19.7,90.54,2.63,0.57,94.07,18.26
2005-10-02,22.21,25.84,19.3,93.07,3.31,8.56,94.0,11.67
2005-10-03,22.67,25.8,20.47,90.0,1.98,7.82,93.9,10.9
2005-10-04,22.91,27.78,19.66,86.4,1.43,2.25,93.97,19.23
2005-10-05,23.44,28.36,19.65,86.23,1.89,0.71,94.07,16.84
2005-10-06,23.77,29.32,18.63,81.38,2.33,0.0,94.06,21.27
2005-10-07,23.23,28.89,18.69,79.52,3.35,0.0,94.03,21.5
2005-10-08,22.96,28.74,17.61,78.75,3.57,0.0,93.98,22.09
2005-10-09,22.61,27.92,18.25,79.24,3.9,0.0,94.04,21.67
2005-10-10,21.92,28.16,16.73,78.39,3.8,0.0,94.0,21.89
2005-10-11,22.24,28.22,17.24,78.42,4.17,0.26,93.94,21.88
2005-10-12,22.84,28.5,17.69,82.61,4.06,3.0,93.89,16.89
2005-10-13,22.92,27.9,18.74,84.96,4.22,2.15,93.78,17.71
2005-10-14,23.0,26.69,20.51,89.47,4.52,28.5,93.74,12.33
2005-10-15,22.43,25.08,19.9,91.5,3.8,7.29,93.7,10.16
2005-10-16,22.8,25.97,20.66,93.83,3.46,3.59,93.76,13.15
2005-10-17,23.18,26.86,20.68,89.79,1.6,4.83,93.95,19.25
2005-10-18,23.26,27.33,20.14,87.77,2.17,5.22,93.93,18.89
2005-10-19,23.3,27.57,20.02,83.84,2.59,3.54,93.84,16.79
2005-10-20,22.29,27.95,17.92,74.14,2.62,0.0,93.84,21.44
2005-10-21,21.27,27.14,16.66,77.36,3.22,0.0,93.93,19.58
2005-10-22,20.21,26.59,15.23,74.59,2.92,0.0,94.0,21.56
2005-10-23,19.76,25.87,14.45,73.62,2.65,0.0,93.96,20.87
2005-10-24,20.58,26.66,14.42,68.71,1.91,0.0,93.99,21.3
2005-10-25,20.91,26.25,15.2,75.63,2.14,0.16,93.97,19.47
2005-10-26,22.51,27.63,17.97,85.0,1.7,7.34,93.9,17.82
2005-10-27,21.68,26.66,17.91,83.17,2.94,0.94,93.95,18.95
2005-10-28,20.21,25.94,16.24,80.62,3.63,0.0,94.09,19.18
2005-10-29,19.17,26.76,13.74,72.71,3.7,0.0,94.04,19.47
2005-10-30,19.17,26.56,12.57,71.51,3.03,0.0,93.95,20.71
2005-10-31,19.61,26.74,13.15,66.55,2.14,0.0,93.93,20.95
2005-11-01,20.05,27.06,13.51,69.19,2.03,0.0,93.94,20.51
2005-11-02,20.74,26.63,14.94,78.59,2.39,0.0,94.03,16.31
2005-11-03,21.28,27.32,15.84,75.87,2.33,0.0,94.11,18.44
2005-11-04,20.54,27.46,15.43,73.79,3.45,0.0,94.15,20.34
2005-11-05,18.94,26.01,14.17,73.24,3.99,0.0,94.24,20.48
2005-11-06,19.03,25.73,13.24,77.38,3.64,0.0,94.19,19.34
2005-11-07,19.47,26.7,14.56,77.22,3.9,0.0,94.11,18.87
2005-11-08,18.31,25.45,13.11,74.37,3.98,0.0,94.09,20.23
2005-11-09,17.38,25.28,11.68,72.09,4.14,0.0,94.15,20.26
2005-11-10,17.34,25.71,10.78,68.56,3.51,0.0,94.13,20.26
2005-11-11,17.19,25.38,10.95,71.51,3.72,0.0,94.15,21.04
2005-11-12,17.87,26.33,11.42,72.23,4.3,0.0,94.21,21.19
2005-11-13,17.98,26.29,11.57,73.25,3.96,0.0,94.27,20.4
2005-11-14,18.26,26.31,12.06,71.58,3.49,0.0,94.25,20.31
2005-11-15,18.32,26.12,12.15,72.32,3.67,0.0,94.19,20.2
2005-11-16,18.24,26.33,12.08,71.21,3.62,0.0,94.16,20.51
2005-11-17,18.27,26.44,12.15,71.21,3.74,0.0,94.25,20.5
2005-11-18,18.65,26.41,12.58,71.54,3.2,0.0,94.24,20.23
2005-11-19,18.41,26.25,12.68,73.21,3.73,0.0,94.27,20.15
2005-11-20,18.15,26.53,12.26,74.34,4.38,0.0,94.25,20.16
2005-11-21,17.94,26.25,12.4,72.69,4.97,0.0,94.24,20.42
2005-11-22,18.12,27.12,11.93,69.04,4.8,0.0,94.25,20.34
2005-11-23,18.6,26.83,12.66,70.35,4.41,0.0,94.21,19.94
2005-11-24,19.14,26.26,13.93,77.14,3.89,0.0,94.19,19.05
2005-11-25,20.03,26.81,14.94,76.65,3.78,0.0,94.16,18.88
2005-11-26,19.17,26.02,14.59,74.79,4.22,0.0,94.13,18.08
2005-11-27,18.94,25.09,14.92,76.28,3.32,0.0,94.17,15.81
2005-11-28,19.11,25.46,14.3,74.37,3.78,0.0,94.22,17.77
2005-11-29,19.76,26.21,14.54,72.68,3.5,0.0,94.16,16.65
2005-11-30,19.44,25.62,14.68,72.17,2.28,0.0,93.89,17.89
2005-12-01,19.52,24.82,15.18,73.02,2.65,0.0,93.85,10.81
2005-12-02,19.84,26.81,15.56,73.56,4.25,0.0,94.01,12.37
2005-12-03,21.14,27.13,15.57,75.79,3.4,0.0,94.06,15.71
2005-12-04,21.06,27.43,16.27,76.57,4.02,0.0,93.96,15.05
2005-12-05,21.51,27.41,17.25,80.68,4.41,0.0,93.97,17.36
2005-12-06,21.0,27.12,16.43,74.6,3.92,0.0,94.11,16.62
2005-12-07,19.73,26.86,14.58,63.53,2.91,0.0,94.16,18.08
2005-12-08,19.35,26.82,12.06,62.49,2.28,0.0,94.06,18.43
2005-12-09,18.58,26.45,11.26,59.32,2.88,0.0,94.01,18.53
2005-12-10,18.09,26.35,10.87,62.57,2.82,0.0,94.09,18.61
2005-12-11,17.38,26.14,10.73,63.12,3.82,0.0,94.17,18.2
2005-12-12,17.89,26.42,11.39,64.08,3.66,0.0,94.21,17.64
2005-12-13,18.19,26.29,11.6,63.78,3.27,0.0,94.25,17.63
2005-12-14,18.36,26.31,12.13,59.12,3.03,0.0,94.15,18.2
2005-12-15,16.86,24.31,11.82,64.61,3.31,0.0,94.2,18.45
2005-12-16,17.25,25.68,11.77,63.45,3.45,0.0,94.27,17.73
2005-12-17,16.6,25.43,9.97,59.3,3.82,0.0,94.24,18.65
2005-12-18,16.91,25.6,9.38,55.58,3.2,0.0,94.12,18.39
2005-12-19,16.78,25.61,8.83,58.67,2.68,0.0,93.92,17.95
2005-12-20,16.67,26.34,9.84,62.63,2.79,0.0,93.94,17.65
2005-12-21,16.67,26.18,9.46,60.77,2.75,0.0,94.05,17.77
2005-12-22,16.75,26.2,10.21,64.08,2.62,0.0,94.01,17.23
2005-12-23,16.16,25.3,9.07,61.64,2.18,0.0,93.99,17.66
2005-12-24,17.45,26.04,10.03,71.85,3.47,0.0,94.07,16.41
2005-12-25,17.89,25.79,12.25,68.43,4.27,0.0,94.25,16.81
2005-12-26,17.83,25.84,10.84,63.01,2.67,0.0,94.36,17.33
2005-12-27,18.04,26.15,10.29,56.93,2.42,0.0,94.38,17.65
2005-12-28,18.14,26.77,9.86,57.16,2.26,0.0,94.38,17.61
2005-12-29,18.55,26.82,10.22,52.84,2.13,0.0,94.35,18.41
2005-12-30,18.39,26.85,10.06,52.15,2.16,0.0,94.36,18.36
2005-12-31,17.82,26.39,9.94,55.58,3.24,0.0,94.36,18.27
2006-01-01,18.12,26.52,9.83,56.92,2.9,0.0,94.32,17.93
2006-01-02,17.98,26.18,10.78,65.29,2.18,0.0,94.21,17.66
2006-01-03,18.61,27.25,10.86,66.33,2.15,0.0,94.13,17.04
2006-01-04,19.03,26.85,12.83,63.22,3.29,0.0,94.1,17.62
2006-01-05,18.82,27.3,11.87,56.96,3.67,0.0,94.09,18.26
2006-01-06,18.16,26.9,12.1,56.54,4.4,0.0,94.09,17.46
2006-01-07,18.19,27.01,12.29,57.72,4.47,0.0,94.1,17.48
2006-01-08,19.61,28.0,12.58,59.95,3.36,0.0,94.15,17.4
2006-01-09,20.49,28.73,13.36,65.5,3.73,0.0,94.12,17.04
2006-01-10,20.95,29.49,14.01,57.75,3.41,0.0,94.12,17.47
2006-01-11,20.48,28.99,12.44,51.19,3.23,0.0,94.11,18.11
2006-01-12,20.22,29.46,11.94,52.11,2.28,0.0,94.12,18.5
2006-01-13,19.71,29.44,11.94,56.37,2.58,0.0,94.09,18.0
2006-01-14,20.87,29.95,12.65,51.41,2.86,0.0,94.08,17.15
2006-01-15,21.56,30.11,13.99,53.43,3.27,0.0,94.07,17.82
2006-01-16,21.14,30.52,12.99,56.07,2.62,0.0,94.13,18.55
2006-01-17,21.49,30.57,14.63,58.83,2.4,0.0,94.19,18.94
2006-01-18,21.64,30.46,15.36,61.41,2.15,0.0,94.25,18.74
2006-01-19,21.59,30.69,14.63,60.62,2.74,0.0,94.28,19.15
2006-01-20,21.36,30.68,14.31,57.24,2.91,0.0,94.32,19.36
2006-01-21,20.76,30.47,13.35,55.04,2.6,0.0,94.29,19.45
2006-01-22,19.53,29.14,12.91,56.29,3.17,0.0,94.26,20.05
2006-01-23,16.63,25.97,10.57,67.1,3.47,0.0,94.27,20.24
2006-01-24,16.32,26.69,7.68,43.67,3.54,0.0,94.35,20.72
2006-01-25,16.92,26.91,9.65,35.7,4.69,0.0,94.4,20.65
2006-01-26,16.87,27.25,9.6,33.36,5.02,0.0,94.56,20.58
2006-01-27,17.88,28.8,9.8,32.76,4.98,0.0,94.46,21.26
2006-01-28,18.98,29.6,9.96,32.27,4.03,0.0,94.32,21.38
2006-01-29,19.76,30.01,10.34,33.53,3.29,0.0,94.3,20.64
2006-01-30,21.22,31.19,11.74,33.98,3.33,0.0,94.31,20.68
2006-01-31,21.48,30.99,11.8,37.83,2.85,0.0,94.38,20.68
2006-02-01,22.02,31.56,12.25,38.7,2.66,0.0,94.38,20.39
2006-02-02,22.11,31.65,12.62,39.38,3.07,0.0,94.36,20.47
2006-02-03,21.58,31.97,13.51,41.06,4.7,0.0,94.43,20.57
2006-02-04,21.87,31.97,13.94,39.98,4.46,0.0,94.53,20.54
2006-02-05,22.14,32.24,13.54,33.84,3.44,0.0,94.42,21.35
2006-02-06,21.62,32.17,12.32,31.91,3.1,0.0,94.32,21.72
2006-02-07,21.24,32.14,11.8,31.41,3.02,0.0,94.25,21.76
2006-02-08,21.85,31.69,12.17,34.56,2.71,0.0,94.3,21.29
2006-02-09,22.44,31.89,12.35,32.76,2.62,0.0,94.39,20.93
2006-02-10,22.26,31.5,13.61,37.08,2.99,0.0,94.4,20.61
2006-02-11,22.71,32.17,13.22,33.2,3.15,0.0,94.26,21.38
2006-02-12,22.9,32.43,13.55,33.5,3.24,0.0,94.23,21.53
2006-02-13,22.78,33.45,13.76,40.03,3.1,0.0,94.19,21.66
2006-02-14,23.41,33.71,16.2,49.55,1.75,0.0,94.1,21.05
2006-02-15,23.2,32.95,16.75,45.49,2.49,0.0,94.02,21.0
2006-02-16,23.3,34.47,15.43,39.61,2.67,0.0,93.97,21.51
2006-02-17,23.78,34.58,15.93,36.81,2.56,0.0,94.1,21.86
2006-02-18,24.89,35.77,15.03,32.18,3.03,0.0,94.13,22.22
2006-02-19,25.86,35.94,15.26,25.51,2.99,0.0,94.04,22.36
2006-02-20,26.92,36.53,16.31,25.89,2.38,0.0,94.03,22.7
2006-02-21,26.49,36.52,16.47,31.84,2.73,0.0,93.98,22.27
2006-02-22,26.04,36.19,17.27,36.68,1.81,0.0,93.97,21.89
2006-02-23,26.37,36.32,17.18,35.52,2.63,0.0,93.95,22.23
2006-02-24,27.25,36.62,17.88,33.82,2.63,0.0,93.85,22.43
2006-02-25,25.47,35.91,16.7,38.73,3.75,0.0,93.88,22.4
2006-02-26,24.95,34.62,17.32,59.94,2.25,0.0,93.9,22.17
2006-02-27,25.63,34.96,18.43,53.55,1.76,0.0,93.88,21.5
2006-02-28,26.16,35.51,19.39,43.38,2.57,0.0,93.86,21.21
2006-03-01,26.56,35.84,20.45,45.16,2.43,0.0,93.82,21.07
2006-03-02,26.41,33.67,20.87,48.72,1.74,0.11,93.84,20.51
2006-03-03,26.17,34.98,19.75,43.1,3.23,0.04,93.92,19.35
2006-03-04,24.06,33.86,17.49,38.81,2.96,0.0,94.02,24.44
2006-03-05,22.66,32.55,15.24,38.68,3.04,0.0,94.1,25.79
2006-03-06,23.0,33.8,14.93,42.86,2.86,0.0,94.04,25.47
2006-03-07,22.81,33.99,14.59,50.52,3.04,0.0,94.04,25.12
2006-03-08,22.95,32.86,15.1,56.71,2.9,0.06,94.08,24.8
2006-03-09,22.45,29.91,17.26,68.63,2.27,5.83,94.17,15.26
2006-03-10,21.21,28.62,16.94,70.74,3.3,1.28,94.06,22.45
2006-03-11,20.68,28.29,15.77,66.93,3.39,0.0,94.03,22.63
2006-03-12,22.44,31.51,15.24,63.25,1.8,0.0,93.92,23.84
2006-03-13,23.75,33.6,15.31,56.42,2.96,0.0,93.85,22.33
2006-03-14,23.31,32.88,16.36,58.91,3.39,0.0,93.93,22.25
2006-03-15,22.84,30.76,16.16,61.56,3.0,0.0,93.98,19.01
2006-03-16,23.14,31.83,16.31,56.07,3.43,0.0,93.94,23.03
2006-03-17,24.67,33.79,15.98,53.67,2.42,0.0,93.94,23.23
2006-03-18,25.91,35.01,18.5,54.47,1.9,0.0,93.96,23.66
2006-03-19,27.14,36.51,18.25,49.24,2.78,0.0,93.97,22.36
2006-03-20,28.1,37.3,20.97,39.16,2.79,0.0,93.99,22.36
2006-03-21,27.52,37.1,20.0,38.83,3.41,0.0,93.9,23.83
2006-03-22,27.42,37.51,18.72,32.6,4.17,0.0,93.75,25.19
2006-03-23,28.24,38.13,19.29,27.28,3.5,0.0,93.73,25.58
2006-03-24,28.44,38.42,19.75,30.0,2.89,0.0,93.76,25.74
2006-03-25,28.17,38.31,19.57,30.83,3.33,0.0,93.88,25.87
2006-03-26,26.78,37.34,18.29,37.93,3.89,0.0,93.98,25.68
2006-03-27,25.44,35.74,16.87,31.18,3.55,0.0,93.9,26.28
2006-03-28,26.53,37.32,16.15,33.13,2.79,0.0,93.87,26.17
2006-03-29,28.94,38.84,19.01,20.32,3.25,0.0,93.87,24.41
2006-03-30,29.86,39.21,22.32,28.27,3.62,0.0,93.94,23.16
2006-03-31,29.27,38.7,22.35,38.7,3.35,0.07,93.99,23.65
2006-04-01,27.95,37.88,20.35,45.92,3.29,0.15,93.92,23.6
2006-04-02,27.27,36.53,19.64,35.74,4.01,0.01,93.9,25.51
2006-04-03,26.11,36.51,18.05,39.64,4.03,0.0,93.93,26.36
2006-04-04,26.05,37.08,16.28,40.9,3.63,0.0,93.89,27.86
2006-04-05,27.64,39.24,17.56,37.93,3.15,0.0,93.83,27.41
2006-04-06,28.57,39.25,19.74,38.43,3.5,0.0,93.87,26.82
2006-04-07,27.68,38.37,18.82,48.62,3.74,0.0,93.86,26.76
2006-04-08,27.64,37.79,18.87,38.41,4.13,0.0,93.76,27.24
2006-04-09,27.67,38.01,18.66,44.04,3.94,0.0,93.74,27.35
2006-04-10,28.19,39.11,18.94,44.42,3.67,0.0,93.78,26.61
2006-04-11,28.0,39.01,19.33,47.09,3.57,0.0,93.72,26.06
2006-04-12,27.52,37.66,19.4,51.24,3.76,0.0,93.65,25.89
2006-04-13,28.14,37.74,20.08,45.27,3.34,0.0,93.65,26.15
2006-04-14,29.32,39.8,20.04,38.06,3.14,0.04,93.73,25.52
2006-04-15,29.98,39.21,22.18,34.54,2.87,0.07,93.78,25.34
2006-04-16,28.5,36.12,23.0,41.72,2.93,0.01,93.65,24.41
2006-04-17,26.96,35.9,20.04,50.52,4.01,0.0,93.8,27.11
2006-04-18,26.61,36.36,18.65,55.95,3.88,0.0,93.87,26.98
2006-04-19,28.01,38.07,18.94,48.72,2.69,0.0,93.94,26.5
2006-04-20,28.6,39.18,19.51,45.3,3.22,0.0,93.96,25.45
2006-04-21,29.2,37.3,22.26,45.93,3.08,0.0,93.92,24.22
2006-04-22,28.76,38.34,21.62,50.3,3.74,0.0,93.85,23.84
2006-04-23,27.83,37.29,21.56,54.22,4.07,0.0,93.86,24.98
2006-04-24,28.24,38.25,19.39,46.54,3.79,0.0,93.79,26.63
2006-04-25,27.67,38.49,19.39,54.02,4.25,0.0,93.76,27.43
2006-04-26,28.13,38.11,20.19,54.95,4.77,0.0,93.79,28.03
2006-04-27,28.19,39.26,19.68,52.6,4.66,0.0,93.76,28.39
2006-04-28,27.95,39.7,19.16,51.99,4.36,0.0,93.7,28.57
2006-04-29,27.69,38.2,19.46,56.37,4.59,0.0,93.7,27.86
2006-04-30,28.4,38.37,20.5,54.09,4.66,0.0,93.78,27.36
2006-05-01,28.61,38.9,20.88,54.85,4.66,0.0,93.83,26.47
2006-05-02,30.23,40.45,21.84,49.77,4.42,0.0,93.74,26.22
2006-05-03,30.84,40.47,22.82,45.82,4.06,0.01,93.77,24.49
2006-05-04,30.81,40.91,21.8,43.22,3.65,0.0,93.78,27.28
2006-05-05,30.25,40.81,21.98,52.87,3.33,0.02,93.83,26.22
2006-05-06,30.2,40.63,22.24,50.18,4.17,0.15,93.77,26.7
2006-05-07,30.64,41.07,21.62,48.24,3.65,0.03,93.63,25.63
2006-05-08,30.88,40.27,22.91,46.76,3.88,0.06,93.67,22.69
2006-05-09,28.88,36.54,23.45,51.63,3.51,0.01,93.77,25.42
2006-05-10,29.22,38.05,21.79,49.76,4.25,0.04,93.72,27.0
2006-05-11,29.57,39.18,22.09,49.97,4.57,0.0,93.76,28.04
2006-05-12,29.59,39.12,21.99,45.82,4.59,0.0,93.87,28.56
2006-05-13,29.14,38.46,20.45,47.89,4.49,0.0,93.81,28.49
2006-05-14,28.72,38.0,20.14,48.89,4.62,0.0,93.83,28.57
2006-05-15,28.74,37.9,20.92,54.23,4.5,0.0,93.76,27.97
2006-05-16,29.17,38.85,21.35,54.35,4.65,0.0,93.72,27.84
2006-05-17,29.37,39.17,21.25,54.09,5.07,0.0,93.77,27.04
2006-05-18,28.8,37.35,22.17,56.4,5.41,0.0,93.71,27.24
2006-05-19,26.89,32.17,23.15,59.3,4.41,0.0,93.71,25.5
2006-05-20,27.28,34.91,22.12,61.35,5.8,0.0,93.74,26.38
2006-05-21,27.7,35.72,22.18,59.51,5.91,0.0,93.74,26.33
2006-05-22,26.62,33.52,22.93,69.26,5.35,0.0,93.74,24.07
2006-05-23,26.21,31.23,23.08,66.87,4.49,0.01,93.69,23.24
2006-05-24,27.08,33.8,21.69,66.55,4.8,0.01,93.58,25.68
2006-05-25,28.19,35.56,23.16,63.9,5.19,1.93,93.5,24.13
2006-05-26,26.58,30.61,23.2,70.78,4.37,5.07,93.65,22.59
2006-05-27,26.77,31.42,23.55,74.8,5.01,2.54,93.56,16.92
2006-05-28,25.81,29.97,22.99,78.67,3.25,1.75,93.35,15.41
2006-05-29,26.25,31.36,22.72,78.87,2.94,13.41,93.11,14.65
2006-05-30,24.63,26.86,23.14,88.64,5.51,60.11,93.08,12.48
2006-05-31,23.67,26.42,21.87,90.17,5.42,79.06,93.13,7.64
2006-06-01,24.34,28.55,21.78,86.32,5.97,14.39,93.29,7.89
2006-06-02,23.87,27.19,22.18,82.47,6.97,8.03,93.42,8.06
2006-06-03,23.8,27.01,21.33,82.43,6.29,4.37,93.43,14.33
2006-06-04,24.13,28.1,21.47,84.66,4.6,4.8,93.49,15.96
2006-06-05,24.73,28.8,21.83,82.05,4.37,1.04,93.6,18.52
2006-06-06,25.1,30.34,21.67,79.11,4.65,0.62,93.64,22.63
2006-06-07,24.99,30.25,21.09,78.11,4.19,0.57,93.7,22.35
2006-06-08,24.69,29.56,21.27,79.68,4.23,0.03,93.75,21.93
2006-06-09,25.28,30.77,21.95,80.81,3.94,0.59,93.65,23.49
2006-06-10,25.65,31.25,21.82,77.16,4.56,2.05,93.7,25.08
2006-06-11,25.45,30.9,21.73,77.43,4.62,1.37,93.74,24.82
2006-06-12,25.13,30.63,20.77,77.73,4.64,0.21,93.72,25.04
2006-06-13,25.66,31.44,21.2,77.04,4.32,0.13,93.7,22.72
2006-06-14,25.91,31.56,21.89,77.47,3.78,7.57,93.75,23.23
2006-06-15,25.57,30.34,22.36,80.18,3.63,3.3,93.77,24.76
2006-06-16,25.49,30.51,22.02,80.12,3.78,7.25,93.76,22.37
2006-06-17,25.59,30.18,21.97,80.3,3.23,4.16,93.7,21.05
2006-06-18,25.9,30.19,22.56,81.99,2.68,13.75,93.63,22.22
2006-06-19,25.93,30.16,22.97,81.73,3.14,5.69,93.54,14.15
2006-06-20,25.53,30.38,22.76,82.57,2.72,2.72,93.39,20.49
2006-06-21,26.57,31.59,22.69,76.73,2.15,3.68,93.31,21.7
2006-06-22,25.75,29.94,22.48,83.66,2.2,31.61,93.21,21.43
2006-06-23,25.32,28.19,23.21,88.13,1.84,52.17,93.14,14.42
2006-06-24,25.98,29.84,23.0,85.3,2.9,18.67,93.07,16.62
2006-06-25,24.69,26.42,23.28,90.97,5.59,5.61,93.06,15.38
2006-06-26,25.32,28.39,23.31,87.46,6.78,12.19,93.23,13.43
2006-06-27,24.98,27.83,23.08,89.5,7.35,28.52,93.26,9.94
2006-06-28,25.15,28.42,23.29,87.39,7.31,8.75,93.35,11.08
2006-06-29,24.71,27.21,23.13,89.15,7.34,28.6,93.38,10.56
2006-06-30,24.01,26.45,21.83,90.59,8.34,52.5,93.34,7.89
2006-07-01,24.15,25.93,22.95,93.55,8.42,63.12,93.26,3.54
2006-07-02,24.12,26.74,22.95,93.5,8.48,80.94,93.04,6.96
2006-07-03,23.65,25.15,23.0,94.84,9.17,80.27,92.93,5.1
2006-07-04,23.11,24.19,21.94,94.68,8.66,56.75,92.92,3.53
2006-07-05,22.14,24.01,20.84,95.24,9.33,85.27,93.13,4.84
2006-07-06,22.83,25.64,21.36,89.68,8.14,23.38,93.55,10.7
2006-07-07,23.71,27.0,21.55,89.66,6.64,8.24,93.59,14.91
2006-07-08,23.95,26.83,22.29,90.35,7.66,6.84,93.52,13.53
2006-07-09,23.7,27.01,22.14,90.5,8.31,6.72,93.47,12.77
2006-07-10,23.76,26.96,22.16,89.54,8.22,8.35,93.55,11.37
2006-07-11,23.52,26.05,22.27,90.97,8.22,6.15,93.52,11.18
2006-07-12,23.48,26.18,22.09,90.63,7.91,3.92,93.45,9.67
2006-07-13,23.65,26.81,22.17,90.38,7.42,2.67,93.38,8.91
2006-07-14,22.93,24.7,21.8,92.53,7.24,2.63,93.41,9.18
2006-07-15,23.01,25.04,21.86,91.76,7.5,1.83,93.46,12.48
2006-07-16,23.36,26.69,21.22,89.03,6.86,0.8,93.41,14.75
2006-07-17,22.88,25.92,21.06,90.12,5.83,2.39,93.28,12.59
2006-07-18,23.12,26.18,21.43,89.86,6.63,4.7,93.31,12.56
2006-07-19,23.37,26.49,21.35,88.74,6.49,4.58,93.44,15.59
2006-07-20,22.78,25.47,21.11,90.93,6.66,7.06,93.57,14.24
2006-07-21,23.2,26.39,21.21,90.22,8.14,14.75,93.47,11.71
2006-07-22,23.14,25.09,22.0,92.51,8.98,38.51,93.46,6.03
2006-07-23,23.09,25.22,21.89,91.75,9.1,25.91,93.59,7.19
2006-07-24,23.25,25.98,21.72,90.51,7.23,6.71,93.73,14.16
2006-07-25,23.7,26.72,21.85,90.09,6.25,3.45,93.62,15.54
2006-07-26,23.63,26.45,22.03,90.35,7.24,8.04,93.68,12.16
2006-07-27,23.14,25.26,21.78,92.52,8.28,28.6,93.59,9.12
2006-07-28,22.95,24.6,22.05,94.06,9.68,73.28,93.28,7.11
2006-07-29,22.23,23.14,21.64,95.82,9.55,57.76,93.25,5.28
2006-07-30,22.57,24.16,21.49,94.38,9.34,19.91,93.41,8.07
2006-07-31,22.96,25.32,21.6,91.93,9.15,17.51,93.5,12.41
2006-08-01,22.79,25.01,21.27,92.83,8.48,36.95,93.54,9.67
2006-08-02,22.77,25.11,21.38,92.68,8.54,11.03,93.48,12.31
2006-08-03,22.5,24.31,21.52,93.6,7.26,2.78,93.4,11.84
2006-08-04,22.35,24.03,21.38,93.33,7.23,9.34,93.39,8.0
2006-08-05,22.53,24.3,21.56,95.23,8.63,34.4,93.42,3.75
2006-08-06,22.11,22.86,21.58,96.0,9.23,130.07,93.58,2.72
2006-08-07,22.39,23.22,21.59,96.11,8.59,105.99,93.63,3.16
2006-08-08,22.65,23.9,21.73,95.75,8.87,96.98,93.63,7.58
2006-08-09,22.72,24.03,21.68,95.5,8.5,36.61,93.59,10.88
2006-08-10,22.94,24.38,21.83,95.18,8.26,28.83,93.37,8.4
2006-08-11,23.1,25.42,21.76,93.88,7.89,12.75,93.31,8.27
2006-08-12,23.0,26.33,21.19,92.84,7.25,7.15,93.25,9.87
2006-08-13,23.22,25.92,21.51,92.5,6.99,14.47,93.27,9.67
2006-08-14,22.92,25.54,21.59,92.61,8.05,11.46,93.28,11.33
2006-08-15,22.79,24.88,21.02,93.27,8.76,13.93,93.17,9.18
2006-08-16,22.63,23.58,21.99,95.68,8.31,49.96,93.05,6.5
2006-08-17,22.39,23.76,21.05,95.01,6.73,20.71,93.12,8.96
2006-08-18,22.45,25.31,20.62,92.34,5.56,2.55,93.37,12.89
2006-08-19,22.57,25.64,20.35,91.97,5.77,3.5,93.59,14.25
2006-08-20,22.93,26.31,20.77,91.43,5.54,2.6,93.65,13.9
2006-08-21,22.41,25.72,20.68,92.04,5.37,1.26,93.68,14.0
2006-08-22,22.43,25.72,20.41,91.08,5.8,2.93,93.66,12.22
2006-08-23,22.53,25.92,20.47,91.22,5.66,4.53,93.69,11.45
2006-08-24,22.83,26.65,20.48,90.21,4.9,5.65,93.78,13.59
2006-08-25,22.87,26.81,20.13,90.57,4.06,7.14,93.9,13.55
2006-08-26,22.73,26.29,20.3,90.42,5.04,2.86,93.91,14.48
2006-08-27,22.22,24.37,20.93,92.56,5.69,6.16,93.74,12.88
2006-08-28,22.61,25.4,21.09,91.73,6.58,2.53,93.67,11.46
2006-08-29,22.51,25.62,20.66,90.91,6.1,4.84,93.73,12.36
2006-08-30,22.39,25.73,20.48,91.06,4.38,2.13,93.73,15.06
2006-08-31,22.2,24.96,20.32,91.73,4.51,0.95,93.63,16.55
2006-09-01,22.59,25.94,20.42,90.95,5.05,12.56,93.63,14.7
2006-09-02,22.84,27.01,19.95,89.68,4.09,5.31,93.8,15.35
2006-09-03,22.89,27.25,19.48,89.66,3.45,0.6,93.85,19.41
2006-09-04,23.33,27.8,20.08,90.7,3.46,11.74,93.64,17.98
2006-09-05,23.29,25.66,21.82,94.02,3.49,7.48,93.49,13.26
2006-09-06,23.42,26.95,20.71,90.29,2.93,2.42,93.46,15.36
2006-09-07,23.75,28.07,20.46,88.59,2.45,0.48,93.6,17.88
2006-09-08,23.97,28.76,20.36,88.55,1.77,51.67,93.68,22.77
2006-09-09,24.87,29.93,20.96,87.48,2.01,8.66,93.73,23.26
2006-09-10,25.38,29.15,22.0,84.58,1.6,4.74,93.73,21.05
2006-09-11,25.04,29.32,21.34,86.62,1.77,8.08,93.58,18.18
2006-09-12,24.74,28.91,22.57,90.74,2.15,2.17,93.52,14.87
2006-09-13,23.2,25.01,21.91,94.07,2.52,4.65,93.72,15.93
2006-09-14,22.88,25.39,20.88,93.84,1.76,27.79,93.55,12.92
2006-09-15,23.04,25.23,21.84,93.64,4.92,16.37,93.45,13.25
2006-09-16,24.29,27.93,21.44,88.34,1.71,34.25,93.49,12.56
2006-09-17,23.11,25.41,21.56,92.97,3.66,20.45,93.57,8.43
2006-09-18,23.11,25.93,21.4,92.99,4.77,6.31,93.57,10.36
2006-09-19,23.21,26.07,21.17,92.16,3.85,1.62,93.57,18.34
2006-09-20,23.23,26.19,21.48,93.03,3.76,15.28,93.64,12.63
2006-09-21,22.61,24.81,21.02,94.16,3.56,13.86,93.63,13.98
2006-09-22,23.53,26.61,21.4,92.47,3.82,6.01,93.61,13.42
2006-09-23,23.62,27.4,20.89,90.97,3.67,3.22,93.74,15.29
2006-09-24,23.28,27.26,20.45,90.45,3.01,0.29,93.84,21.24
2006-09-25,23.36,27.27,19.97,90.67,2.76,1.34,93.9,18.92
2006-09-26,23.0,26.17,20.57,91.22,3.2,1.57,93.91,14.32
2006-09-27,22.54,26.64,19.8,89.93,2.66,0.12,93.85,14.48
2006-09-28,22.87,27.08,19.8,90.69,2.72,1.09,93.87,16.11
2006-09-29,23.7,27.87,20.13,90.85,2.85,12.66,93.87,17.78
2006-09-30,24.09,27.38,21.81,92.46,3.71,14.24,93.84,16.39
2006-10-01,24.03,27.04,22.19,91.78,4.6,22.04,93.78,5.08
2006-10-02,24.59,28.19,22.35,91.75,3.6,27.22,93.57,14.19
2006-10-03,25.04,29.38,21.4,85.74,1.64,6.82,93.61,12.27
2006-10-04,24.23,27.61,21.87,90.85,1.98,16.02,93.8,13.08
2006-10-05,23.76,27.54,20.91,91.93,2.64,4.61,93.81,15.5
2006-10-06,23.88,27.07,21.83,92.98,3.12,5.82,93.85,11.89
2006-10-07,23.58,27.43,21.08,90.82,2.93,0.81,93.88,17.81
2006-10-08,23.23,27.74,19.76,89.53,2.15,3.69,93.96,14.08
2006-10-09,24.24,28.28,20.9,84.34,1.68,0.77,94.05,17.71
2006-10-10,23.73,27.62,20.8,87.79,1.76,2.66,94.11,17.0
2006-10-11,23.67,28.44,20.41,81.87,1.73,0.3,94.25,18.25
2006-10-12,23.38,28.53,18.83,81.4,2.06,0.0,94.25,19.73
2006-10-13,22.68,28.21,17.62,79.25,3.0,0.03,94.26,21.54
2006-10-14,23.47,28.49,19.17,79.5,3.31,0.01,94.31,19.36
2006-10-15,22.78,28.64,17.87,77.41,3.48,0.0,94.24,21.39
2006-10-16,23.04,28.82,18.17,79.45,3.6,0.02,94.23,21.36
2006-10-17,23.29,29.07,18.84,80.57,3.77,0.0,94.3,21.2
2006-10-18,23.37,29.34,18.6,79.15,2.9,0.0,94.25,21.42
2006-10-19,23.23,28.92,17.99,72.74,2.85,0.0,94.15,21.5
2006-10-20,22.39,28.7,17.02,71.94,3.28,0.0,94.21,20.12
2006-10-21,22.86,28.42,18.24,78.26,3.38,0.0,94.31,17.25
2006-10-22,22.76,28.51,18.18,78.73,2.94,0.0,94.28,19.0
2006-10-23,22.56,28.21,17.98,78.54,2.91,1.66,94.26,17.6
2006-10-24,21.92,27.83,17.61,80.23,3.81,0.1,94.27,19.17
2006-10-25,21.49,27.52,17.28,79.15,4.02,0.0,94.34,17.35
2006-10-26,21.16,27.47,16.43,78.51,3.74,0.0,94.3,20.23
2006-10-27,20.87,27.27,16.0,77.93,4.05,0.0,94.25,20.28
2006-10-28,21.4,27.16,16.15,81.78,4.08,0.0,94.09,19.64
2006-10-29,22.42,27.29,18.84,86.2,3.66,0.03,94.02,18.75
2006-10-30,22.75,27.95,18.81,83.97,3.35,0.0,94.06,18.79
2006-10-31,22.81,28.27,18.9,82.69,3.32,0.09,94.11,17.99
2006-11-01,22.27,27.53,18.35,83.26,2.98,3.82,94.01,18.79
2006-11-02,22.25,27.25,18.16,84.93,3.47,1.41,93.96,17.34
2006-11-03,21.38,23.67,19.3,90.59,2.75,3.38,94.11,17.92
2006-11-04,21.83,26.54,18.52,85.69,3.17,0.11,94.16,18.89
2006-11-05,22.09,26.23,18.8,84.45,3.26,2.37,94.21,14.53
2006-11-06,21.96,26.35,18.26,85.26,2.62,5.64,94.18,18.66
2006-11-07,21.79,26.67,17.33,82.38,2.18,5.15,94.11,18.32
2006-11-08,21.01,26.41,17.16,81.95,3.19,1.45,94.23,18.98
2006-11-09,20.1,26.35,15.39,79.14,3.84,0.01,94.34,18.28
2006-11-10,19.63,25.97,14.73,80.87,4.28,0.0,94.39,19.4
2006-11-11,19.8,26.23,15.03,80.46,3.97,0.0,94.36,19.56
2006-11-12,19.52,25.92,15.1,77.89,3.95,0.0,94.29,18.84
2006-11-13,19.19,25.71,14.06,77.81,4.22,0.0,94.22,19.27
2006-11-14,20.1,26.51,14.54,80.86,4.35,0.0,94.18,19.26
2006-11-15,20.65,26.79,15.48,79.02,4.19,0.0,94.2,19.07
2006-11-16,19.71,26.6,14.83,76.9,4.33,0.0,94.18,19.1
2006-11-17,19.73,26.96,14.06,75.7,3.51,0.0,94.09,18.62
2006-11-18,19.53,26.69,14.29,73.43,4.02,0.0,94.14,18.39
2006-11-19,20.08,27.13,14.33,75.44,3.43,0.0,94.15,16.44
2006-11-20,20.5,26.93,14.99,73.62,3.55,0.0,94.1,17.18
2006-11-21,20.85,26.06,15.87,73.1,2.95,0.15,94.04,15.05
2006-11-22,19.85,23.3,17.08,82.36,2.39,0.33,94.04,10.87
2006-11-23,21.02,24.62,17.9,84.84,1.86,2.45,94.03,12.53
2006-11-24,21.93,26.03,18.67,88.24,1.0,7.75,94.0,14.33
2006-11-25,22.11,26.15,18.83,88.01,1.61,4.22,94.02,12.13
2006-11-26,22.51,27.32,19.36,84.36,1.65,0.25,93.97,16.44
2006-11-27,22.64,27.83,18.29,81.92,1.98,0.01,93.96,17.16
2006-11-28,22.43,27.49,17.83,81.78,2.07,0.77,94.04,15.6
2006-11-29,22.61,27.03,18.3,80.98,1.74,1.01,94.19,14.45
2006-11-30,22.83,27.9,18.23,79.58,2.2,0.16,94.23,16.75
2006-12-01,22.4,27.42,17.55,76.23,1.68,0.21,94.23,17.26
2006-12-02,20.85,26.82,14.98,67.55,2.3,0.01,94.23,18.4
2006-12-03,20.04,26.86,13.18,69.66,2.96,0.0,94.29,18.28
2006-12-04,20.82,26.97,14.71,72.1,2.68,0.0,94.39,17.04
2006-12-05,20.35,27.08,14.48,72.94,2.56,0.0,94.4,16.47
2006-12-06,19.76,26.28,14.43,72.73,3.05,0.0,94.35,17.13
2006-12-07,19.42,26.59,13.95,71.81,3.53,0.0,94.27,17.38
2006-12-08,18.71,26.24,13.13,72.44,3.64,0.0,94.3,17.83
2006-12-09,18.3,25.58,12.35,70.06,3.56,0.0,94.4,17.85
2006-12-10,18.61,25.72,11.62,66.01,2.02,0.0,94.36,17.97
2006-12-11,18.82,26.54,11.82,65.4,2.2,0.0,94.24,17.91
2006-12-12,19.4,27.31,12.55,70.37,3.26,0.0,94.22,17.32
2006-12-13,20.21,27.64,14.57,76.5,3.38,0.0,94.31,16.9
2006-12-14,19.61,27.41,14.62,69.88,4.51,0.0,94.43,16.38
2006-12-15,18.66,27.03,12.57,62.72,4.02,0.0,94.41,18.12
2006-12-16,18.17,26.92,11.72,63.13,4.37,0.0,94.44,16.71
2006-12-17,17.79,26.28,12.5,61.06,5.08,0.0,94.37,18.86
2006-12-18,17.81,27.08,10.85,57.9,4.07,0.0,94.3,18.67
2006-12-19,18.31,27.39,11.45,58.66,3.59,0.0,94.29,18.08
2006-12-20,17.53,26.21,11.54,62.14,3.93,0.0,94.31,17.96
2006-12-21,17.37,25.59,10.93,68.07,3.98,0.0,94.26,16.6
2006-12-22,18.47,26.07,12.62,75.21,4.03,0.0,94.17,16.7
2006-12-23,19.13,26.45,13.7,76.08,4.13,0.0,94.17,15.59
2006-12-24,19.16,26.28,13.7,72.91,4.29,0.0,94.14,16.31
2006-12-25,19.32,27.07,12.35,67.35,2.75,0.0,94.17,17.28
2006-12-26,19.03,27.5,12.44,70.55,2.78,0.0,94.14,17.57
2006-12-27,19.38,27.33,12.71,69.8,2.83,0.0,94.12,17.43
2006-12-28,20.29,27.63,13.59,58.66,3.24,0.0,94.23,18.02
2006-12-29,20.18,27.75,12.07,51.87,2.52,0.0,94.36,18.03
2006-12-30,20.07,27.28,13.09,49.74,1.91,0.0,94.36,17.69
2006-12-31,18.8,27.53,12.47,61.04,2.08,0.0,94.34,16.94
2007-01-01,18.1,26.63,10.54,60.11,2.68,0.0,94.36,17.59
2007-01-02,18.13,27.11,11.01,63.05,2.29,0.0,94.41,17.1
2007-01-03,17.82,26.76,10.92,68.75,2.39,0.0,94.38,17.51
2007-01-04,17.77,26.72,10.96,68.53,2.39,0.0,94.33,17.84
2007-01-05,17.87,26.68,10.77,64.11,2.2,0.0,94.24,17.47
2007-01-06,18.35,27.5,10.4,61.43,3.01,0.0,94.21,17.93
2007-01-07,18.88,27.04,12.49,62.84,4.06,0.0,94.24,17.38
2007-01-08,18.76,27.02,12.58,64.7,3.75,0.0,94.27,16.98
2007-01-09,18.76,27.2,12.18,60.97,3.82,0.0,94.38,17.94
2007-01-10,19.05,27.38,11.6,58.68,2.98,0.0,94.4,17.97
2007-01-11,19.52,27.77,12.22,60.11,2.67,0.0,94.27,18.15
2007-01-12,19.8,28.6,12.4,62.41,2.72,0.0,94.25,18.32
2007-01-13,19.87,29.0,12.2,60.81,2.3,0.0,94.27,18.34
2007-01-14,19.65,29.14,12.51,62.01,2.8,0.0,94.19,18.76
2007-01-15,19.66,29.07,13.16,67.35,2.21,0.0,94.18,18.76
2007-01-16,19.0,28.02,13.51,64.57,2.16,0.0,94.21,19.02
2007-01-17,18.99,28.37,10.52,52.69,2.52,0.0,94.31,19.42
2007-01-18,19.34,28.96,11.89,53.0,4.15,0.0,94.36,18.1
2007-01-19,20.38,29.24,12.24,46.75,2.91,0.0,94.38,17.91
2007-01-20,20.72,29.7,13.18,52.55,2.13,0.0,94.32,18.23
2007-01-21,20.32,29.8,12.48,52.24,2.88,0.0,94.37,18.78
2007-01-22,20.6,30.43,13.18,50.39,2.66,0.0,94.4,19.14
2007-01-23,20.94,30.42,13.18,47.25,2.21,0.0,94.38,19.4
2007-01-24,21.67,30.92,13.44,51.07,3.23,0.0,94.34,18.18
2007-01-25,22.37,30.67,15.07,52.22,3.82,0.0,94.3,17.9
2007-01-26,22.22,31.1,13.62,47.16,2.53,0.0,94.26,18.63
2007-01-27,22.35,31.07,13.93,46.22,2.79,0.0,94.28,19.06
2007-01-28,22.85,31.38,15.54,50.94,3.48,0.0,94.28,17.23
2007-01-29,23.9,31.74,17.21,50.39,3.15,0.0,94.24,11.6
2007-01-30,24.32,31.63,16.58,47.6,2.37,0.0,94.31,18.64
2007-01-31,24.51,32.51,16.8,46.36,2.06,0.0,94.4,18.53
2007-02-01,24.21,31.98,17.52,49.73,1.92,0.0,94.37,18.79
2007-02-02,22.88,32.33,15.19,48.14,2.52,0.0,94.26,20.49
2007-02-03,22.44,32.18,16.02,44.02,2.48,0.0,94.28,20.41
2007-02-04,21.13,30.62,15.0,50.91,2.1,0.0,94.19,21.07
2007-02-05,21.4,31.22,14.14,53.94,2.27,0.0,94.13,20.84
2007-02-06,21.32,30.5,14.72,58.73,2.29,0.0,94.16,20.68
2007-02-07,20.73,30.3,14.43,56.04,2.69,0.0,94.14,21.6
2007-02-08,21.67,32.2,13.11,59.65,2.46,0.0,94.12,21.03
2007-02-09,22.45,32.26,15.62,59.3,2.32,0.0,94.07,19.04
2007-02-10,22.23,30.79,17.0,64.35,2.77,0.0,94.06,19.56
2007-02-11,20.98,28.83,16.41,74.1,3.4,0.0,94.17,20.04
2007-02-12,20.46,27.93,15.93,75.46,3.72,0.03,94.14,18.68
2007-02-13,19.48,26.39,14.57,70.66,4.13,0.0,94.07,20.94
2007-02-14,19.21,27.35,13.51,68.26,2.71,0.0,94.2,21.25
2007-02-15,19.72,27.92,14.25,71.25,3.2,0.0,94.27,21.64
2007-02-16,20.39,28.89,14.11,64.07,3.21,0.0,94.14,21.74
2007-02-17,21.02,29.98,13.86,52.91,3.08,0.0,94.11,21.05
2007-02-18,21.93,31.65,14.1,49.21,2.74,0.0,94.07,21.81
2007-02-19,23.59,31.2,15.14,51.7,2.8,0.0,94.09,19.58
2007-02-20,24.98,31.15,20.28,51.91,2.48,0.0,94.15,19.62
2007-02-21,24.04,33.05,16.42,44.63,2.98,0.0,94.19,20.72
2007-02-22,24.09,32.62,15.54,36.06,2.82,0.0,94.05,22.02
2007-02-23,23.35,33.38,14.16,35.13,3.43,0.0,93.87,22.69
2007-02-24,23.12,32.73,15.64,59.56,3.08,0.0,93.94,22.25
2007-02-25,22.93,31.94,17.0,61.31,2.7,0.0,94.01,22.65
2007-02-26,22.41,32.68,14.99,48.1,2.74,0.0,93.92,23.46
2007-02-27,23.14,34.03,14.54,46.07,2.66,0.0,93.88,23.3
2007-02-28,22.76,33.41,15.18,52.37,3.29,0.0,93.93,23.83
2007-03-01,20.93,29.78,14.28,67.31,4.05,0.0,94.04,24.1
2007-03-02,21.7,30.82,14.75,61.99,2.38,0.0,94.01,23.6
2007-03-03,23.49,34.01,14.77,50.29,2.27,0.0,94.01,24.02
2007-03-04,24.91,34.86,15.42,34.41,3.14,0.0,94.01,24.11
2007-03-05,25.11,35.27,16.24,32.75,3.11,0.0,94.12,23.39
2007-03-06,24.72,35.35,16.14,29.34,3.51,0.0,93.99,24.27
2007-03-07,24.18,35.68,15.34,30.03,3.78,0.0,93.79,24.28
2007-03-08,23.32,33.58,15.39,37.71,3.43,0.0,93.85,25.06
2007-03-09,23.38,34.28,14.13,28.89,3.43,0.0,93.91,24.97
2007-03-10,24.44,34.68,15.16,34.04,2.62,0.0,93.99,24.2
2007-03-11,25.41,35.22,16.98,41.38,2.8,0.0,93.94,22.5
2007-03-12,24.33,33.65,17.9,56.39,3.19,0.0,94.06,22.56
2007-03-13,23.54,32.76,16.69,62.06,3.38,0.0,94.08,22.75
2007-03-14,24.62,35.41,16.67,49.62,3.23,0.0,94.01,25.04
2007-03-15,26.07,36.05,17.39,27.42,3.56,0.0,93.95,24.63
2007-03-16,27.58,36.94,18.94,29.61,3.91,0.0,93.94,23.69
2007-03-17,28.4,37.36,20.94,34.21,2.07,0.0,93.97,23.31
2007-03-18,27.96,37.85,19.69,29.48,2.41,0.0,93.86,23.72
2007-03-19,28.03,38.14,19.38,32.38,2.73,0.0,93.91,23.16
2007-03-20,27.74,37.62,19.82,37.89,4.43,0.0,94.07,23.29
2007-03-21,27.27,37.61,18.84,45.61,4.06,0.0,94.03,23.61
2007-03-22,26.17,35.56,19.76,46.95,3.63,0.0,94.17,21.8
2007-03-23,27.53,37.98,18.72,35.84,3.01,0.0,94.12,23.61
2007-03-24,27.4,37.51,19.03,34.14,3.54,0.0,94.14,23.7
2007-03-25,27.93,38.22,19.14,27.39,3.62,0.0,93.94,25.59
2007-03-26,28.65,38.86,19.49,21.23,3.33,0.0,93.88,25.03
2007-03-27,29.55,39.68,19.93,21.41,2.97,0.0,93.95,25.01
2007-03-28,29.75,40.06,20.16,24.44,2.93,0.0,94.0,24.85
2007-03-29,29.53,40.32,19.5,26.01,2.98,0.0,93.91,25.41
2007-03-30,29.57,40.03,19.97,35.95,2.32,0.0,93.88,24.38
2007-03-31,29.37,38.8,21.81,53.23,2.19,0.0,93.97,21.87
2007-04-01,30.45,39.53,21.47,44.35,2.4,0.0,94.0,22.52
2007-04-02,31.33,40.08,24.0,26.82,2.77,0.0,93.85,23.52
2007-04-03,30.47,40.67,21.59,22.91,3.42,0.0,93.78,24.91
2007-04-04,30.55,40.94,20.78,16.94,3.66,0.0,93.78,26.02
2007-04-05,30.91,41.03,21.68,16.42,3.64,0.0,93.85,26.32
2007-04-06,30.08,40.95,20.47,27.26,3.14,0.0,93.9,25.16
2007-04-07,28.75,38.37,20.62,52.2,3.5,0.39,93.9,24.4
2007-04-08,29.16,39.04,20.49,45.21,3.32,0.0,93.86,24.22
2007-04-09,29.02,38.9,20.55,40.84,3.3,0.0,93.88,24.98
2007-04-10,29.77,39.74,20.79,35.58,3.48,0.0,93.88,25.72
2007-04-11,29.76,39.6,21.45,35.47,3.49,0.0,93.79,25.81
2007-04-12,28.95,39.57,19.72,39.38,3.39,0.0,93.74,26.78
2007-04-13,28.72,39.3,19.13,38.01,3.1,0.0,93.79,27.19
2007-04-14,29.71,39.84,19.82,40.09,2.63,0.0,93.84,26.08
2007-04-15,30.14,40.17,21.52,37.55,2.99,3.31,93.83,24.58
2007-04-16,29.34,38.79,21.56,50.21,3.22,3.15,93.81,23.57
2007-04-17,29.3,38.03,21.67,51.38,3.37,0.04,93.79,23.97
2007-04-18,29.15,37.25,21.93,50.91,3.46,0.01,93.83,24.75
2007-04-19,29.21,36.32,21.72,48.32,2.62,0.34,93.86,22.71
2007-04-20,28.77,34.46,22.77,48.34,2.87,1.42,93.92,24.87
2007-04-21,28.51,36.26,22.04,52.16,3.32,0.26,93.96,25.97
2007-04-22,27.85,37.29,20.21,45.83,3.67,0.0,94.0,27.57
2007-04-23,27.27,37.33,18.89,38.64,3.93,0.0,93.92,28.91
2007-04-24,27.38,37.27,18.07,37.84,4.0,0.0,93.81,28.84
2007-04-25,29.04,39.77,18.57,39.36,3.14,0.0,93.74,28.3
2007-04-26,30.8,40.91,21.14,34.83,3.08,0.0,93.78,27.36
2007-04-27,31.64,41.16,23.8,34.45,2.81,0.0,93.83,25.61
2007-04-28,30.91,39.77,23.44,44.73,2.43,0.0,93.73,20.45
2007-04-29,29.56,39.89,21.91,52.38,3.44,0.01,93.75,22.87
2007-04-30,30.64,41.01,21.63,44.98,3.03,0.0,93.77,24.97
2007-05-01,30.17,40.44,22.78,50.71,3.62,0.49,93.87,25.45
2007-05-02,30.29,40.77,22.2,50.66,4.39,0.71,93.69,25.76
2007-05-03,29.72,39.55,21.89,51.88,4.28,0.0,93.55,25.26
2007-05-04,29.31,38.76,22.07,52.01,4.32,0.0,93.58,25.5
2007-05-05,29.58,39.47,21.53,53.11,3.9,0.0,93.62,25.43
2007-05-06,30.0,39.87,22.19,53.95,3.98,0.52,93.54,24.34
2007-05-07,28.53,37.57,22.97,60.64,4.35,0.67,93.55,25.56
2007-05-08,28.67,38.67,21.88,55.0,4.68,0.0,93.64,26.7
2007-05-09,28.51,37.8,21.95,58.99,4.94,0.0,93.72,26.72
2007-05-10,28.37,36.74,22.93,58.85,5.42,0.0,93.82,25.8
2007-05-11,28.64,37.54,22.34,56.23,5.3,0.0,93.69,26.41
2007-05-12,28.36,37.67,22.12,57.9,5.54,0.0,93.72,26.29
2007-05-13,28.32,37.2,22.0,58.46,5.7,0.0,93.76,26.79
2007-05-14,28.11,36.79,22.08,58.01,5.57,0.0,93.74,26.87
2007-05-15,27.06,35.54,21.07,57.52,5.42,0.0,93.74,28.37
2007-05-16,27.91,37.09,20.98,56.27,4.87,0.0,93.75,28.41
2007-05-17,29.1,37.67,23.1,58.5,4.26,0.0,93.71,26.57
2007-05-18,29.1,37.58,23.63,56.28,4.69,0.32,93.73,23.85
2007-05-19,28.52,36.86,22.54,57.95,4.7,0.03,93.81,27.12
2007-05-20,28.36,36.19,22.49,61.23,4.94,0.0,93.76,26.34
2007-05-21,28.45,36.23,22.81,60.72,5.05,0.11,93.63,25.91
2007-05-22,28.41,35.23,23.37,60.47,5.0,0.7,93.59,24.63
2007-05-23,28.4,35.2,23.15,59.0,4.42,0.74,93.71,22.85
2007-05-24,28.97,36.9,22.98,57.86,4.58,0.4,93.66,25.9
2007-05-25,28.98,37.47,23.08,54.95,5.12,0.04,93.63,27.18
2007-05-26,28.35,36.41,22.67,56.39,4.61,0.01,93.72,27.07
2007-05-27,27.93,34.76,23.28,57.42,4.12,0.05,93.81,25.36
2007-05-28,28.2,35.97,23.43,58.64,4.75,0.21,93.79,20.69
2007-05-29,28.41,34.72,23.27,57.97,4.08,0.03,93.76,18.65
2007-05-30,28.92,34.37,23.64,54.4,3.51,0.12,93.71,23.57
2007-05-31,30.38,37.11,24.03,52.36,2.85,1.52,93.62,20.8
2007-06-01,27.8,32.9,24.81,69.64,3.48,4.96,93.65,19.48
2007-06-02,26.58,30.33,24.19,76.39,2.34,4.56,93.63,21.02
2007-06-03,27.29,34.94,23.16,70.92,4.49,7.38,93.58,20.65
2007-06-04,27.59,34.24,23.1,70.9,3.9,0.6,93.68,25.27
2007-06-05,27.91,33.5,23.8,67.11,2.44,1.14,93.71,25.49
2007-06-06,27.73,33.77,23.89,71.99,3.75,0.91,93.66,21.67
2007-06-07,27.68,33.11,24.01,72.33,4.27,0.94,93.62,21.78
2007-06-08,26.89,32.51,23.69,76.36,4.31,0.63,93.52,20.91
2007-06-09,25.86,30.8,23.21,77.32,3.74,0.09,93.59,16.81
2007-06-10,27.28,33.06,23.75,74.57,5.7,2.85,93.48,17.09
2007-06-11,27.8,33.95,23.28,71.08,5.41,0.65,93.33,21.06
2007-06-12,27.78,32.99,24.24,73.09,5.7,0.08,93.25,20.27
2007-06-13,25.8,29.05,23.09,80.42,3.54,2.28,93.23,16.49
2007-06-14,25.33,30.23,22.73,83.06,3.27,6.16,93.14,14.51
2007-06-15,26.41,31.48,23.58,79.08,5.2,1.84,93.05,16.59
2007-06-16,26.5,31.7,23.49,78.6,6.79,3.02,93.01,17.87
2007-06-17,26.28,30.87,23.33,78.94,7.15,11.42,93.09,12.2
2007-06-18,25.72,31.22,22.69,78.75,6.88,7.44,93.25,14.89
2007-06-19,24.41,28.03,22.24,84.61,6.06,9.44,93.2,16.06
2007-06-20,24.48,28.4,22.37,84.29,6.18,17.56,93.08,13.98
2007-06-21,25.65,30.71,21.87,80.36,3.48,10.98,92.88,18.54
2007-06-22,25.66,29.32,23.25,88.22,2.37,55.76,92.67,12.61
2007-06-23,25.13,27.96,23.02,91.67,7.64,171.61,92.3,12.65
2007-06-24,24.5,26.91,23.01,89.96,13.16,47.31,93.04,8.56
2007-06-25,24.66,28.5,22.34,85.55,8.6,18.1,93.54,14.66
2007-06-26,24.87,28.43,22.47,85.24,7.59,11.36,93.56,16.14
2007-06-27,24.46,27.69,22.81,86.67,7.47,11.2,93.48,11.29
2007-06-28,24.3,26.42,22.93,91.37,7.07,35.71,93.31,8.69
2007-06-29,24.53,26.59,23.6,91.22,7.72,35.68,93.12,7.89
2007-06-30,23.96,25.2,22.58,93.86,7.38,74.83,93.1,4.67
2007-07-01,24.32,25.23,23.54,94.83,9.27,124.21,92.91,3.57
2007-07-02,24.42,26.54,23.08,91.69,10.14,104.11,93.03,7.09
2007-07-03,24.35,26.61,22.69,91.32,9.37,70.66,93.27,10.3
2007-07-04,24.41,27.14,22.68,89.73,8.54,17.51,93.42,14.33
2007-07-05,24.27,26.65,22.76,90.59,8.61,18.73,93.4,7.73
2007-07-06,24.1,26.56,22.49,90.02,9.0,4.77,93.34,12.02
2007-07-07,23.67,25.14,22.82,92.77,8.51,4.57,93.35,7.48
2007-07-08,23.6,25.26,22.75,93.06,8.29,5.25,93.33,7.01
2007-07-09,24.22,27.33,22.37,89.93,9.13,3.87,93.33,7.63
2007-07-10,24.01,27.14,22.08,89.13,8.21,1.04,93.26,11.63
2007-07-11,24.2,27.45,22.29,88.89,7.25,1.15,93.37,12.5
2007-07-12,24.38,27.44,22.43,88.82,7.84,3.32,93.43,11.66
2007-07-13,24.32,27.11,22.58,89.25,8.07,6.11,93.3,12.17
2007-07-14,23.62,25.87,22.55,91.5,7.39,3.55,93.16,10.94
2007-07-15,24.0,26.69,22.59,90.24,6.9,2.52,93.17,11.29
2007-07-16,24.07,27.11,22.44,90.2,6.71,2.66,93.22,13.51
2007-07-17,23.7,26.52,21.82,90.12,5.95,1.73,93.34,14.36
2007-07-18,23.96,27.85,21.18,88.26,4.54,2.62,93.43,13.56
2007-07-19,23.81,27.31,21.24,88.08,3.87,1.27,93.54,11.66
2007-07-20,23.8,27.61,20.87,87.52,4.25,1.33,93.52,17.11
2007-07-21,23.89,27.4,21.18,87.17,4.71,1.69,93.44,18.51
2007-07-22,23.83,27.6,21.2,86.61,4.25,0.42,93.4,17.14
2007-07-23,23.9,28.55,20.39,86.91,3.98,2.82,93.37,20.97
2007-07-24,24.4,28.91,21.2,87.29,2.76,3.0,93.42,19.9
2007-07-25,24.57,28.06,22.07,88.79,2.39,6.11,93.41,18.03
2007-07-26,24.2,27.32,21.89,90.69,3.2,31.49,93.44,16.52
2007-07-27,24.32,27.35,22.07,92.27,4.37,33.36,93.42,11.9
2007-07-28,23.68,25.36,22.65,93.27,5.45,21.98,93.44,7.4
2007-07-29,23.42,25.49,22.1,92.94,5.5,26.83,93.48,8.93
2007-07-30,24.03,27.19,22.12,90.08,4.5,7.7,93.53,16.03
2007-07-31,24.14,27.73,22.36,91.2,4.22,1.31,93.49,15.89
2007-08-01,24.16,27.61,21.93,90.3,4.95,8.81,93.47,12.53
2007-08-02,23.87,26.55,22.24,91.27,5.17,14.45,93.39,12.79
2007-08-03,24.01,26.73,22.72,92.45,6.86,35.46,93.35,8.34
2007-08-04,23.66,25.65,22.54,92.4,8.45,22.64,93.31,8.46
2007-08-05,23.51,25.41,22.53,93.1,8.52,21.05,93.28,8.25
2007-08-06,23.41,25.44,22.36,93.01,8.59,12.82,93.24,11.57
2007-08-07,23.11,24.06,22.49,94.92,9.32,26.21,93.18,5.19
2007-08-08,23.3,24.95,21.95,93.67,9.94,22.5,93.1,10.32
2007-08-09,23.37,26.11,21.6,91.24,9.56,9.02,93.1,9.78
2007-08-10,23.48,26.4,21.6,90.67,7.47,6.61,93.33,14.17
2007-08-11,23.47,26.29,21.89,91.29,7.24,5.65,93.44,11.43
2007-08-12,23.31,25.79,22.15,91.75,7.44,3.44,93.53,11.8
2007-08-13,22.98,25.73,21.54,90.52,8.19,4.07,93.57,12.2
2007-08-14,22.62,24.43,21.56,92.67,7.04,4.36,93.63,10.51
2007-08-15,23.44,26.64,21.64,89.64,6.64,4.18,93.65,11.46
2007-08-16,22.95,25.65,21.23,91.08,6.06,1.72,93.65,11.64
2007-08-17,23.3,26.82,21.07,90.46,5.61,1.58,93.69,13.17
2007-08-18,22.7,24.88,21.57,93.03,5.28,3.98,93.77,12.27
2007-08-19,22.83,25.06,21.53,91.99,6.13,8.76,93.7,11.33
2007-08-20,22.83,25.75,20.93,88.85,3.84,4.56,93.68,15.67
2007-08-21,23.03,26.46,20.69,89.62,4.59,1.87,93.55,15.48
2007-08-22,23.76,27.4,21.42,88.68,5.07,5.93,93.46,14.04
2007-08-23,23.69,27.69,20.8,89.41,3.59,3.12,93.57,15.76
2007-08-24,23.94,27.9,20.87,89.18,2.62,0.88,93.63,19.1
2007-08-25,23.84,27.12,21.73,90.6,2.48,12.48,93.58,14.88
2007-08-26,23.84,27.4,21.48,92.44,3.48,63.79,93.39,13.22
2007-08-27,24.14,26.72,22.2,92.84,2.59,19.25,93.38,12.03
2007-08-28,23.74,26.56,22.09,92.92,3.41,5.92,93.4,10.46
2007-08-29,23.13,25.33,21.59,93.56,4.18,23.22,93.41,9.95
2007-08-30,23.46,26.7,21.28,91.52,5.42,15.99,93.41,11.03
2007-08-31,23.62,26.07,22.2,92.05,6.38,9.16,93.41,11.51
2007-09-01,23.35,25.26,22.32,93.81,5.55,4.82,93.38,10.41
2007-09-02,23.53,25.58,22.42,94.11,5.02,6.65,93.31,16.72
2007-09-03,23.76,26.84,21.24,91.71,5.24,5.35,93.32,13.95
2007-09-04,24.34,27.09,22.99,92.49,5.47,5.77,93.32,12.42
2007-09-05,23.75,25.44,22.52,94.03,6.41,14.15,93.3,9.69
2007-09-06,23.6,26.4,22.25,91.38,6.76,5.77,93.33,13.19
2007-09-07,23.7,26.99,21.53,90.64,5.58,7.2,93.4,10.07
2007-09-08,23.47,27.51,20.48,90.18,3.61,0.59,93.53,18.16
2007-09-09,22.58,25.16,20.38,91.65,2.3,0.19,93.68,19.73
2007-09-10,23.96,28.6,20.43,84.74,1.53,0.38,93.69,21.07
2007-09-11,24.2,28.4,20.91,88.56,1.85,30.42,93.63,17.77
2007-09-12,23.98,27.49,21.58,90.92,2.36,7.08,93.57,16.59
2007-09-13,23.28,26.27,21.22,91.23,1.96,3.81,93.65,16.47
2007-09-14,23.66,27.37,21.1,89.61,3.04,2.0,93.73,16.56
2007-09-15,23.34,27.49,20.3,89.02,3.08,1.24,93.62,18.11
2007-09-16,23.31,27.52,19.92,88.71,2.68,0.13,93.53,18.03
2007-09-17,23.42,27.53,20.68,90.77,2.58,0.8,93.59,18.98
2007-09-18,23.32,26.27,21.71,90.52,2.61,59.59,93.52,5.99
2007-09-19,23.35,26.44,21.45,92.74,3.22,37.59,93.42,13.39
2007-09-20,23.18,26.16,21.21,93.36,4.86,9.54,93.46,12.48
2007-09-21,23.12,24.87,22.4,94.5,4.93,10.49,93.38,12.85
2007-09-22,22.86,24.6,21.14,95.19,5.47,10.15,93.21,9.56
2007-09-23,22.85,26.12,20.98,92.48,5.39,6.74,93.11,13.11
2007-09-24,23.41,25.71,21.93,92.71,6.38,9.46,93.01,13.24
2007-09-25,23.64,26.91,21.44,91.52,6.48,10.55,93.29,8.71
2007-09-26,22.31,25.52,20.19,90.2,5.15,10.38,93.58,16.35
2007-09-27,23.38,27.79,20.48,92.09,4.86,14.67,93.57,12.62
2007-09-28,23.52,27.01,21.12,92.44,3.47,10.9,93.58,10.03
2007-09-29,22.95,25.91,21.08,88.66,1.85,0.65,93.87,19.43
2007-09-30,23.42,28.04,20.36,86.54,2.69,0.0,93.95,19.49
2007-10-01,22.6,27.9,17.98,82.75,2.29,0.0,93.82,21.68
2007-10-02,22.25,28.31,17.66,78.49,2.14,0.0,93.74,20.46
2007-10-03,22.33,28.46,17.17,80.83,2.28,1.14,93.72,18.96
2007-10-04,22.73,28.42,18.56,81.18,1.98,0.18,93.7,19.5
2007-10-05,22.34,28.27,17.93,80.54,2.36,0.62,93.64,20.71
2007-10-06,22.38,28.3,17.54,81.38,2.35,0.28,93.61,18.31
2007-10-07,22.58,28.38,18.84,77.39,1.92,0.01,93.67,19.02
2007-10-08,22.5,27.2,18.96,81.42,1.65,1.49,93.8,11.88
2007-10-09,22.84,27.09,19.56,82.57,1.64,0.29,93.82,10.79
2007-10-10,23.18,28.36,18.51,78.0,2.28,0.0,93.8,19.91
2007-10-11,23.77,29.24,18.41,76.77,2.63,1.32,93.95,19.47
2007-10-12,23.2,28.37,18.87,80.51,2.54,2.04,94.15,19.32
2007-10-13,22.93,28.8,18.1,76.78,2.72,0.01,94.12,19.76
2007-10-14,21.68,28.05,16.61,73.76,2.87,0.0,94.01,22.37
2007-10-15,20.53,27.41,14.48,68.13,2.95,0.0,94.05,22.38
2007-10-16,20.98,27.74,14.73,69.49,2.24,0.0,94.04,20.54
2007-10-17,21.9,28.01,16.8,72.57,2.86,0.0,94.03,19.48
2007-10-18,21.2,28.0,16.34,73.45,3.86,0.0,94.11,20.18
2007-10-19,21.12,27.63,15.79,74.9,3.58,0.0,94.23,19.33
2007-10-20,21.14,27.3,15.72,72.67,3.53,0.0,94.15,19.25
2007-10-21,21.55,27.53,16.53,73.24,2.85,0.0,94.03,19.42
2007-10-22,21.14,27.56,16.73,73.19,3.62,0.0,94.03,19.64
2007-10-23,21.17,26.85,16.06,80.08,4.34,0.0,94.0,20.32
2007-10-24,21.71,27.7,17.74,76.55,4.86,0.0,94.06,19.38
2007-10-25,21.67,28.32,16.92,76.88,5.31,0.0,94.02,21.15
2007-10-26,21.84,28.49,16.78,77.04,4.6,0.0,93.95,21.47
2007-10-27,21.27,28.01,16.05,75.93,4.29,0.0,93.91,20.4
2007-10-28,21.23,28.43,16.19,72.78,4.23,0.0,93.76,19.65
2007-10-29,20.5,27.77,14.86,72.81,4.19,0.0,93.64,14.79
2007-10-30,21.1,27.91,15.79,74.21,4.04,0.0,93.66,18.32
2007-10-31,21.51,26.31,17.59,83.43,3.13,1.88,93.8,13.16
2007-11-01,23.41,27.6,20.2,88.78,2.99,5.74,93.84,11.54
2007-11-02,23.79,28.73,20.81,87.91,3.97,0.94,93.79,17.08
2007-11-03,23.8,29.42,18.55,78.18,2.18,0.41,93.8,20.21
2007-11-04,23.71,29.3,19.32,79.36,3.25,0.06,94.03,19.07
2007-11-05,24.24,29.38,19.79,80.41,2.79,0.0,94.05,17.71
2007-11-06,24.0,29.03,20.13,80.61,1.73,0.36,94.01,17.02
2007-11-07,23.7,29.53,19.3,80.61,2.14,1.96,93.97,17.33
2007-11-08,23.41,29.45,18.25,75.61,2.14,0.19,93.91,17.72
2007-11-09,22.12,28.66,16.71,74.85,2.69,0.0,93.95,17.78
2007-11-10,21.87,28.79,16.38,74.97,2.39,0.0,93.99,17.15
2007-11-11,21.9,28.51,16.79,71.89,2.72,0.0,94.1,17.34
2007-11-12,21.76,27.92,16.17,69.98,3.12,0.0,94.11,17.46
2007-11-13,21.83,28.04,16.2,71.59,2.47,0.0,94.04,17.44
2007-11-14,20.73,27.69,15.24,71.41,3.21,0.0,93.98,18.18
2007-11-15,20.1,27.87,14.49,66.55,3.72,0.0,94.08,18.73
2007-11-16,19.13,27.45,13.11,62.8,3.86,0.0,94.26,18.8
2007-11-17,18.25,26.47,11.88,61.08,3.78,0.0,94.14,19.35
2007-11-18,17.83,25.99,11.69,64.07,3.58,0.0,94.15,19.15
2007-11-19,18.55,26.2,12.83,70.14,3.44,0.0,94.35,19.16
2007-11-20,18.58,26.62,12.83,67.09,3.75,0.0,94.44,19.18
2007-11-21,18.2,26.71,12.33,60.88,4.28,0.0,94.35,19.35
2007-11-22,17.27,26.71,10.22,55.21,4.51,0.0,94.37,20.0
2007-11-23,17.14,26.66,10.12,56.92,4.35,0.0,94.31,20.01
2007-11-24,17.19,26.57,10.06,57.33,3.84,0.0,94.28,19.67
2007-11-25,16.94,26.39,9.87,57.51,4.08,0.0,94.29,19.35
2007-11-26,17.31,26.38,10.62,58.32,4.1,0.0,94.34,19.31
2007-11-27,18.72,26.85,11.31,63.25,3.32,0.0,94.25,19.28
2007-11-28,19.54,27.68,12.85,72.5,2.59,0.0,94.12,18.51
2007-11-29,20.23,27.15,13.77,77.03,2.12,0.0,94.11,16.59
2007-11-30,19.95,26.73,14.63,66.63,3.58,0.0,94.21,15.89
2007-12-01,19.08,25.44,14.56,71.75,4.09,0.0,94.29,13.29
2007-12-02,19.51,25.94,13.86,68.5,2.71,0.0,94.26,15.99
2007-12-03,19.22,26.4,13.78,71.23,3.16,0.0,94.28,16.39
2007-12-04,20.03,25.95,15.76,74.62,4.29,0.0,94.31,15.13
2007-12-05,17.76,22.41,13.87,71.82,5.2,0.0,94.42,12.88
2007-12-06,17.94,24.15,14.17,72.92,4.66,0.0,94.43,10.6
2007-12-07,17.69,23.49,13.51,72.69,2.84,0.0,94.32,15.41
2007-12-08,18.59,26.22,11.83,67.46,2.34,0.0,94.14,17.13
2007-12-09,18.76,26.77,11.97,66.97,2.46,0.0,94.09,17.16
2007-12-10,18.89,27.26,12.42,72.1,2.6,0.0,94.03,16.77
2007-12-11,19.33,27.35,12.92,77.75,1.85,0.0,94.02,16.56
2007-12-12,19.45,27.36,13.39,81.38,2.07,0.0,93.99,16.38
2007-12-13,19.92,27.25,13.54,72.99,2.29,0.0,93.92,15.79
2007-12-14,20.09,27.67,13.9,68.6,2.87,0.0,93.92,16.2
2007-12-15,20.56,27.62,15.1,70.82,3.46,0.0,93.96,16.48
2007-12-16,21.46,28.26,16.43,68.49,4.13,0.0,94.09,17.3
2007-12-17,20.65,27.8,15.72,64.78,4.99,0.0,94.2,17.06
2007-12-18,19.31,27.25,13.48,60.42,4.31,0.0,94.2,17.28
2007-12-19,19.32,27.31,12.23,60.6,4.05,0.0,94.14,16.99
2007-12-20,22.2,28.82,17.37,76.31,4.29,0.0,94.19,14.59
2007-12-21,23.91,29.86,18.9,69.23,3.54,0.0,94.33,16.17
2007-12-22,23.01,30.23,17.14,64.29,3.31,0.0,94.3,16.97
2007-12-23,21.32,30.12,13.88,51.52,2.72,0.0,94.26,17.99
2007-12-24,20.79,29.86,14.22,53.18,2.61,0.0,94.16,17.01
2007-12-25,20.08,29.27,13.96,59.27,2.58,0.0,94.13,18.3
2007-12-26,20.35,29.93,13.5,64.33,2.44,0.0,94.16,17.85
2007-12-27,20.12,29.81,13.72,59.62,2.4,0.0,94.21,17.86
2007-12-28,19.04,28.77,12.74,57.12,2.74,0.0,94.09,17.76
2007-12-29,18.35,28.53,11.55,57.23,2.38,0.0,94.03,18.15
2007-12-30,19.35,29.65,10.81,48.31,2.75,0.0,94.09,17.28
2007-12-31,19.95,29.91,12.04,54.67,2.81,0.0,94.1,15.85
2008-01-01,19.52,28.85,13.21,56.75,2.71,0.0,94.14,16.82
2008-01-02,18.45,28.39,11.13,49.79,2.61,0.0,94.18,16.69
2008-01-03,19.36,28.76,11.99,52.74,2.74,0.0,94.26,16.42
2008-01-04,20.37,28.82,13.78,56.44,2.4,0.0,94.35,16.59
2008-01-05,20.05,28.96,12.22,42.95,3.54,0.0,94.36,18.59
2008-01-06,19.74,29.21,11.97,41.73,3.87,0.0,94.36,18.02
2008-01-07,19.79,28.35,12.37,46.19,3.72,0.0,94.39,16.92
2008-01-08,19.92,28.12,12.07,45.48,3.12,0.0,94.37,15.42
2008-01-09,19.83,28.89,11.79,49.54,2.54,0.0,94.29,17.05
2008-01-10,20.41,29.9,13.29,52.34,2.74,0.0,94.2,18.1
2008-01-11,20.5,30.14,12.29,52.2,3.09,0.0,94.17,18.12
2008-01-12,21.01,31.22,13.73,49.18,3.81,0.0,94.2,18.53
2008-01-13,21.35,31.08,13.46,48.44,2.55,0.0,94.22,18.69
2008-01-14,21.9,31.16,13.24,44.75,2.76,0.0,94.22,18.05
2008-01-15,22.03,30.9,13.98,42.95,3.11,0.0,94.28,18.07
2008-01-16,21.8,31.0,13.76,40.87,3.12,0.0,94.42,17.98
2008-01-17,21.2,30.84,13.55,44.08,2.88,0.0,94.37,18.38
2008-01-18,20.27,29.95,13.87,50.2,2.9,0.0,94.08,19.02
2008-01-19,18.49,29.21,11.49,60.56,3.01,0.0,93.95,19.28
2008-01-20,18.3,29.97,10.22,53.81,2.71,0.0,93.95,19.6
2008-01-21,18.84,29.56,12.06,44.29,2.73,0.0,93.92,19.52
2008-01-22,18.14,27.22,12.85,51.73,2.57,0.0,93.88,19.93
2008-01-23,17.49,27.06,11.36,46.62,2.74,0.0,93.85,19.21
2008-01-24,17.37,27.95,9.62,42.89,2.83,0.0,93.86,19.31
2008-01-25,16.99,26.65,10.59,42.57,3.69,0.0,93.89,19.38
2008-01-26,15.6,25.1,8.56,45.52,3.88,0.0,93.96,20.27
2008-01-27,16.11,26.45,7.36,39.74,3.29,0.0,94.03,19.93
2008-01-28,18.0,29.81,9.13,33.88,3.68,0.0,94.09,20.33
2008-01-29,19.66,29.66,13.41,42.88,2.98,0.0,94.03,20.42
2008-01-30,18.25,26.42,12.37,67.08,3.58,0.0,93.97,17.17
2008-01-31,17.41,27.33,9.8,55.4,2.59,0.0,93.96,21.68
2008-02-01,17.37,29.1,8.46,35.69,3.41,0.0,93.97,21.48
2008-02-02,18.69,29.8,10.65,45.12,2.95,0.0,93.99,21.05
2008-02-03,18.44,27.0,12.5,76.35,3.37,0.0,93.9,17.89
2008-02-04,17.11,25.17,11.47,69.49,3.09,0.0,93.94,20.28
2008-02-05,15.25,24.5,8.69,54.58,3.0,0.0,94.03,21.31
2008-02-06,15.02,24.64,7.67,53.3,3.38,0.0,94.07,21.5
2008-02-07,14.81,23.44,8.75,71.76,3.9,0.0,94.03,21.17
2008-02-08,13.93,23.54,7.48,51.96,3.4,0.0,94.03,21.92
2008-02-09,16.22,28.06,6.56,41.15,2.97,0.0,93.96,21.84
2008-02-10,18.83,30.26,9.6,47.52,2.97,0.0,93.88,21.04
2008-02-11,20.89,31.68,12.25,53.35,2.8,0.0,93.92,21.37
2008-02-12,22.71,32.63,14.24,50.48,2.65,0.0,93.96,20.64
2008-02-13,23.73,32.98,16.79,57.39,2.98,0.0,94.06,20.39
2008-02-14,24.01,32.32,17.04,55.12,2.46,0.0,94.19,19.08
2008-02-15,24.24,32.12,16.9,48.95,2.26,0.0,94.25,19.28
2008-02-16,24.97,33.12,18.96,42.02,2.41,0.0,94.29,19.38
2008-02-17,23.85,33.99,16.21,35.02,2.91,0.0,94.23,22.04
2008-02-18,23.2,33.62,15.32,30.56,3.09,0.0,94.16,22.38
2008-02-19,23.38,33.81,15.58,32.71,2.82,0.0,94.17,22.56
2008-02-20,23.39,33.97,15.17,33.43,2.5,0.0,94.22,22.13
2008-02-21,23.21,33.84,13.96,30.22,2.46,0.0,94.28,21.8
2008-02-22,23.98,34.72,15.06,31.54,2.52,0.0,94.2,21.6
2008-02-23,23.47,34.09,15.5,41.42,3.18,0.0,94.15,21.77
2008-02-24,22.8,33.31,15.3,39.47,3.2,0.0,94.09,22.49
2008-02-25,22.73,33.66,13.91,31.32,3.02,0.0,94.05,22.74
2008-02-26,23.23,34.22,13.95,23.14,3.43,0.0,94.06,22.74
2008-02-27,24.02,34.84,14.55,19.35,3.68,0.0,94.21,22.66
2008-02-28,24.81,35.41,15.07,17.62,3.48,0.0,94.22,23.39
2008-02-29,24.57,35.4,14.4,19.55,2.77,0.0,94.07,23.66
2008-03-01,24.98,35.83,16.31,22.62,2.73,0.0,93.94,23.76
2008-03-02,24.77,35.68,15.66,23.78,2.95,0.0,93.99,23.53
2008-03-03,24.73,35.58,16.0,25.58,2.87,0.0,94.02,23.53
2008-03-04,24.98,35.58,16.83,28.52,2.74,0.0,93.91,23.73
2008-03-05,25.82,36.06,17.55,27.55,1.89,0.0,93.96,23.46
2008-03-06,26.42,36.57,17.35,26.97,2.37,0.0,94.07,23.18
2008-03-07,27.56,37.01,18.17,26.59,2.1,0.0,94.09,23.39
2008-03-08,27.3,37.01,18.41,25.11,2.58,0.0,93.99,23.52
2008-03-09,26.97,37.24,18.42,28.38,3.42,0.0,93.94,23.6
2008-03-10,26.61,35.84,19.42,39.42,1.95,0.0,93.97,19.13
2008-03-11,26.99,36.01,20.2,35.55,2.3,0.0,93.86,21.2
2008-03-12,26.15,35.68,17.91,42.18,2.45,0.0,93.81,22.39
2008-03-13,26.98,36.24,17.6,40.47,2.6,0.0,93.79,22.83
2008-03-14,27.73,36.88,20.06,36.66,2.78,0.07,93.88,23.39
2008-03-15,27.87,36.76,20.59,32.69,3.36,0.0,93.84,23.6
2008-03-16,27.71,37.35,18.96,26.17,3.16,0.0,93.78,23.92
2008-03-17,28.64,36.0,21.34,31.78,1.97,0.02,93.72,22.02
2008-03-18,29.59,37.31,23.65,27.84,2.56,0.05,93.62,22.82
2008-03-19,26.77,32.91,21.34,29.33,3.18,0.01,93.72,23.25
2008-03-20,27.74,37.83,20.06,28.98,2.44,0.0,93.58,25.38
2008-03-21,28.27,36.89,21.75,42.48,2.53,1.82,93.6,21.12
2008-03-22,26.8,32.89,22.59,60.5,1.79,5.05,93.64,17.91
2008-03-23,25.3,30.5,21.68,67.78,2.12,7.43,93.72,20.1
2008-03-24,25.73,34.18,19.65,61.68,2.01,0.74,93.76,23.26
2008-03-25,25.93,34.44,19.72,53.02,1.24,0.24,93.81,24.31
2008-03-26,25.62,32.53,19.32,49.36,0.98,0.41,93.88,24.12
2008-03-27,26.53,33.79,21.32,55.36,2.19,0.23,93.84,24.33
2008-03-28,26.99,35.62,19.0,52.52,2.2,0.01,93.8,22.56
2008-03-29,27.44,36.1,20.81,50.22,2.46,0.0,93.83,23.89
2008-03-30,26.79,36.53,19.96,49.82,3.58,0.0,93.84,24.35
2008-03-31,24.51,33.41,18.36,57.22,4.03,0.0,93.85,27.32
2008-04-01,23.46,33.09,16.95,58.1,3.73,0.0,93.89,27.57
2008-04-02,24.16,35.15,16.85,54.87,3.21,0.0,93.97,27.55
2008-04-03,23.23,32.67,16.31,58.15,3.84,0.0,94.02,27.57
2008-04-04,24.13,33.53,17.38,60.02,3.78,0.0,93.84,26.38
2008-04-05,25.4,35.43,17.83,56.33,3.11,0.0,93.93,26.38
2008-04-06,26.91,36.75,18.04,53.15,3.35,0.01,94.13,25.68
2008-04-07,28.0,36.51,20.08,46.29,3.05,0.42,94.03,22.22
2008-04-08,27.93,33.58,23.3,43.42,1.61,0.0,93.99,24.75
2008-04-09,29.07,36.5,21.16,39.1,2.26,0.0,93.9,21.13
2008-04-10,30.44,37.76,23.43,32.79,1.68,0.0,93.9,24.09
2008-04-11,30.65,39.58,22.44,28.96,2.04,0.0,93.69,24.67
2008-04-12,30.19,39.87,21.61,27.38,3.59,0.0,93.67,25.23
2008-04-13,29.96,39.67,21.5,35.42,3.45,0.0,93.66,24.05
2008-04-14,30.37,39.74,22.09,33.83,3.66,0.0,93.6,25.31
2008-04-15,29.92,39.64,21.89,29.49,3.94,0.0,93.72,26.11
2008-04-16,29.37,39.11,21.19,35.37,3.63,0.0,93.78,25.89
2008-04-17,29.24,39.37,20.41,40.54,3.49,0.0,93.72,26.0
2008-04-18,29.43,39.56,21.41,36.0,3.77,0.0,93.66,26.5
2008-04-19,29.0,39.55,20.45,43.02,3.38,0.0,93.75,26.71
2008-04-20,30.09,40.64,19.75,34.45,3.11,0.0,93.71,25.64
2008-04-21,30.85,40.64,21.86,29.36,3.77,0.0,93.64,26.07
2008-04-22,31.43,40.76,22.72,24.7,4.13,0.0,93.7,25.49
2008-04-23,32.0,41.52,23.02,24.07,3.15,0.0,93.76,25.72
2008-04-24,31.95,41.98,23.46,29.67,3.1,0.0,93.69,25.79
2008-04-25,30.56,40.86,22.26,47.32,2.74,0.0,93.73,23.51
2008-04-26,30.97,40.28,24.72,44.01,2.87,0.0,93.72,21.82
2008-04-27,30.11,40.38,22.08,45.43,3.9,0.0,93.53,24.92
2008-04-28,28.89,38.42,21.51,50.54,4.27,0.0,93.45,25.61
2008-04-29,29.14,39.65,20.32,50.9,4.72,0.0,93.49,26.02
2008-04-30,29.54,40.31,20.7,51.41,4.21,0.0,93.66,25.92
2008-05-01,29.41,39.15,21.54,52.97,4.29,0.0,93.69,24.62
2008-05-02,28.87,38.72,21.31,47.93,4.81,0.0,93.66,26.52
2008-05-03,27.47,37.51,18.68,52.8,4.64,0.0,93.66,27.61
2008-05-04,27.77,38.37,18.85,51.15,4.21,0.0,93.72,27.63
2008-05-05,27.01,36.22,19.44,58.2,4.57,0.0,93.83,27.19
2008-05-06,26.94,35.61,20.63,58.92,5.1,0.0,93.75,26.71
2008-05-07,27.67,36.93,20.45,56.12,4.53,0.0,93.71,26.25
2008-05-08,27.77,37.01,20.8,57.59,4.85,0.0,93.81,26.25
2008-05-09,27.78,36.4,21.13,57.77,5.15,0.0,93.85,26.43
2008-05-10,27.81,36.88,21.18,59.21,5.15,0.0,93.83,26.17
2008-05-11,28.02,37.17,21.33,56.99,5.01,0.0,93.85,27.06
2008-05-12,27.81,37.18,20.81,56.54,5.12,0.0,93.83,27.48
2008-05-13,27.78,37.18,20.22,56.38,4.84,0.0,93.87,27.74
2008-05-14,28.03,37.73,21.14,57.34,5.32,0.0,93.94,27.23
2008-05-15,27.81,36.64,21.54,56.58,5.37,0.0,93.93,27.6
2008-05-16,28.05,37.27,21.52,57.96,5.17,0.0,93.91,27.43
2008-05-17,27.99,36.72,22.0,60.35,5.59,0.0,93.82,27.39
2008-05-18,27.55,34.78,22.65,64.78,6.05,0.25,93.66,27.13
2008-05-19,28.23,36.35,22.16,61.47,5.35,0.09,93.68,27.37
2008-05-20,28.51,36.35,23.2,62.25,5.42,0.0,93.71,27.19
2008-05-21,28.37,36.06,23.13,60.51,5.53,0.01,93.7,26.84
2008-05-22,28.98,36.75,23.49,58.19,4.99,1.38,93.64,25.88
2008-05-23,28.85,36.52,23.47,61.1,4.34,0.7,93.63,25.46
2008-05-24,28.26,35.19,23.72,62.93,4.41,1.45,93.6,25.65
2008-05-25,28.19,35.61,23.55,63.65,4.29,0.74,93.57,26.2
2008-05-26,27.88,34.58,23.4,62.58,4.38,2.69,93.68,25.85
2008-05-27,28.28,35.34,23.33,62.95,5.07,2.51,93.72,25.16
2008-05-28,27.86,34.08,23.73,65.65,5.03,0.19,93.6,26.83
2008-05-29,27.13,33.6,23.17,67.4,4.62,0.0,93.59,26.42
2008-05-30,27.05,33.32,22.7,62.01,4.8,0.0,93.69,26.52
2008-05-31,27.44,34.9,22.4,64.96,5.41,0.0,93.63,26.08
2008-06-01,28.43,36.11,23.54,59.73,5.54,0.0,93.58,26.51
2008-06-02,28.17,35.36,23.07,61.05,4.44,0.09,93.55,25.38
2008-06-03,27.97,36.27,22.76,65.23,3.42,20.66,93.58,21.81
2008-06-04,26.35,31.2,23.13,77.18,3.01,10.41,93.73,24.24
2008-06-05,25.47,29.7,23.23,83.0,4.26,8.0,93.62,21.35
2008-06-06,24.81,27.11,23.53,88.68,5.84,28.46,93.42,10.44
2008-06-07,24.93,27.15,23.72,88.2,5.16,20.47,93.27,11.31
2008-06-08,24.58,26.44,23.45,91.42,7.06,26.24,93.13,9.48
2008-06-09,23.76,25.46,22.41,87.1,8.07,21.82,93.33,8.78
2008-06-10,24.6,27.28,22.53,85.18,8.22,11.14,93.38,9.86
2008-06-11,24.47,26.87,23.12,88.57,6.51,37.43,93.46,11.1
2008-06-12,24.33,27.35,22.83,84.72,6.8,4.68,93.44,9.45
2008-06-13,24.11,27.07,21.83,84.77,7.48,3.63,93.4,10.89
2008-06-14,24.5,27.98,21.98,85.34,9.52,19.76,93.24,8.65
2008-06-15,24.73,28.46,22.44,84.63,8.74,6.0,93.21,14.81
2008-06-16,24.12,26.4,22.65,87.52,7.45,0.26,93.25,12.77
2008-06-17,24.06,26.61,22.52,87.19,7.36,0.82,93.31,13.53
2008-06-18,24.7,28.45,22.62,84.59,7.68,0.45,93.36,14.87
2008-06-19,24.33,27.72,22.19,85.47,7.0,0.09,93.46,14.61
2008-06-20,24.86,28.83,22.28,83.35,6.85,0.15,93.61,13.79
2008-06-21,24.66,28.68,22.26,83.59,6.34,0.52,93.67,14.87
2008-06-22,23.91,27.02,22.07,86.15,5.55,1.28,93.59,13.53
2008-06-23,24.36,28.14,21.97,83.91,5.95,0.69,93.52,16.58
2008-06-24,24.32,28.04,21.99,85.2,5.89,2.37,93.45,15.21
2008-06-25,24.57,28.48,22.59,87.01,5.75,5.57,93.45,10.02
2008-06-26,24.94,28.91,22.66,84.04,5.94,3.19,93.48,13.42
2008-06-27,24.57,29.13,22.08,83.77,5.98,1.57,93.43,16.63
2008-06-28,24.53,27.88,22.19,84.18,6.65,7.27,93.36,15.83
2008-06-29,23.88,25.36,22.97,92.24,7.76,54.32,93.29,10.06
2008-06-30,23.98,25.97,22.71,91.45,8.63,50.48,93.37,8.82
2008-07-01,23.8,26.76,22.42,89.98,8.21,25.83,93.51,7.93
2008-07-02,24.11,27.57,22.15,86.63,7.52,11.44,93.61,13.85
2008-07-03,23.78,26.72,22.29,90.28,6.88,12.88,93.59,13.55
2008-07-04,24.19,27.86,22.27,87.87,7.54,13.7,93.58,13.36
2008-07-05,23.98,26.78,22.36,88.22,7.25,3.8,93.52,15.95
2008-07-06,24.21,28.3,21.99,85.9,7.84,1.3,93.5,15.92
2008-07-07,23.86,27.01,21.85,86.73,7.9,2.88,93.52,13.74
2008-07-08,23.92,27.02,22.0,87.87,6.67,1.32,93.43,13.24
2008-07-09,24.37,27.65,22.31,86.48,7.2,0.99,93.42,14.12
2008-07-10,24.03,27.35,22.2,87.55,7.05,15.53,93.47,10.63
2008-07-11,23.82,27.42,21.81,86.46,7.83,8.5,93.42,13.29
2008-07-12,24.29,28.6,21.6,84.57,7.59,2.81,93.34,15.6
2008-07-13,24.52,28.55,22.0,84.89,6.44,0.68,93.51,15.46
2008-07-14,23.96,27.11,21.88,87.15,5.21,0.28,93.66,17.69
2008-07-15,24.4,28.38,22.03,85.27,5.22,2.66,93.57,13.62
2008-07-16,23.78,26.92,21.7,87.82,4.64,1.3,93.43,14.62
2008-07-17,24.18,27.68,21.65,86.16,5.04,0.22,93.38,15.21
2008-07-18,24.31,28.4,21.7,86.13,4.49,0.03,93.41,18.43
2008-07-19,24.33,28.45,21.41,84.62,4.54,0.02,93.37,16.71
2008-07-20,24.03,28.19,21.87,86.61,3.95,0.14,93.39,14.86
2008-07-21,24.17,27.93,21.52,85.29,3.48,0.07,93.49,16.28
2008-07-22,24.21,28.39,21.37,84.36,3.37,0.23,93.38,16.73
2008-07-23,24.15,28.58,21.1,83.93,3.43,2.51,93.35,16.16
2008-07-24,23.42,26.34,21.22,89.05,3.78,18.1,93.3,10.43
2008-07-25,23.66,25.28,22.41,90.88,6.19,24.95,93.17,10.36
2008-07-26,23.43,26.38,21.83,90.71,6.42,15.44,93.19,8.09
2008-07-27,23.43,25.69,21.93,90.83,6.53,35.54,93.17,6.13
2008-07-28,22.85,24.46,21.84,92.29,7.78,41.55,93.09,6.95
2008-07-29,23.24,25.58,21.72,90.16,8.02,19.27,93.07,7.33
2008-07-30,23.72,26.86,21.87,88.97,7.81,9.22,93.11,12.97
2008-07-31,23.8,27.71,21.76,87.44,6.69,1.19,93.31,16.2
2008-08-01,23.94,27.39,21.69,88.49,6.77,10.27,93.42,13.63
2008-08-02,23.83,27.12,22.11,88.65,7.14,7.56,93.43,10.79
2008-08-03,23.63,26.43,21.81,88.41,6.61,5.08,93.42,13.88
2008-08-04,22.76,24.62,21.71,92.15,6.18,6.6,93.44,8.75
2008-08-05,22.95,24.25,21.78,94.08,6.68,28.24,93.46,7.28
2008-08-06,23.13,24.65,22.15,93.07,6.53,14.02,93.5,8.38
2008-08-07,22.87,24.52,22.03,92.55,6.87,8.43,93.46,8.75
2008-08-08,22.96,25.28,22.0,92.71,8.3,17.98,93.4,7.9
2008-08-09,22.57,24.28,21.81,93.27,8.67,47.96,93.29,7.71
2008-08-10,22.68,24.03,21.84,95.37,8.79,86.16,93.11,4.71
2008-08-11,22.75,23.7,22.06,95.29,8.95,55.85,92.94,4.39
2008-08-12,23.26,25.23,21.99,92.76,9.37,20.7,93.12,8.23
2008-08-13,23.3,25.1,21.94,93.48,8.18,21.37,93.31,8.28
2008-08-14,23.24,26.22,21.76,91.65,7.13,12.04,93.42,8.49
2008-08-15,22.48,24.6,21.32,93.09,5.89,5.64,93.35,8.71
2008-08-16,22.78,25.94,21.02,91.34,5.19,3.03,93.37,10.79
2008-08-17,22.84,25.7,21.02,91.86,5.02,2.21,93.59,9.11
2008-08-18,23.22,27.13,20.69,90.26,4.27,0.54,93.68,14.8
2008-08-19,22.99,27.0,20.57,90.63,3.95,0.1,93.74,15.9
2008-08-20,22.49,25.41,20.35,91.4,3.55,0.44,93.86,16.71
2008-08-21,22.59,26.05,20.14,89.85,3.92,0.92,93.81,17.93
2008-08-22,22.33,25.96,19.51,89.81,3.83,0.51,93.75,19.51
2008-08-23,22.7,26.98,19.27,88.81,3.62,2.93,93.72,16.66
2008-08-24,23.52,28.11,20.15,88.45,3.31,1.11,93.65,13.29
2008-08-25,22.8,24.92,21.06,92.88,3.79,3.26,93.6,19.45
2008-08-26,22.18,25.52,20.24,90.4,2.92,3.45,93.68,11.64
2008-08-27,23.11,27.69,19.31,86.55,2.72,0.07,93.69,19.38
2008-08-28,23.52,28.08,20.15,87.02,2.32,0.11,93.66,20.13
2008-08-29,23.65,27.54,20.62,88.19,2.12,0.04,93.61,19.54
2008-08-30,24.04,28.08,21.27,89.27,2.02,2.26,93.66,19.14
2008-08-31,24.46,28.54,21.47,88.67,1.59,51.38,93.73,16.66
2008-09-01,24.66,28.86,21.33,87.06,1.76,29.07,93.69,18.8
2008-09-02,25.03,29.3,21.57,87.77,1.86,70.17,93.66,18.3
2008-09-03,25.3,29.09,21.86,86.62,1.74,13.15,93.6,19.08
2008-09-04,24.83,28.55,22.29,89.63,2.64,7.62,93.69,19.42
2008-09-05,23.63,26.14,21.56,91.74,2.73,5.43,93.69,12.11
2008-09-06,23.74,27.08,21.29,89.45,2.19,3.44,93.66,16.99
2008-09-07,23.54,27.04,21.13,90.57,2.8,1.82,93.67,17.1
2008-09-08,23.08,25.38,21.28,92.69,3.54,43.24,93.56,15.78
2008-09-09,23.4,25.37,21.79,94.24,3.39,40.88,93.4,7.95
2008-09-10,23.91,27.44,21.33,90.88,2.67,27.21,93.25,14.86
2008-09-11,24.18,26.89,22.09,92.55,2.35,17.34,93.04,11.67
2008-09-12,23.67,26.9,21.07,93.47,2.93,20.34,92.99,11.47
2008-09-13,22.28,24.53,20.48,95.06,5.67,10.46,93.23,7.8
2008-09-14,23.02,25.53,20.61,93.26,7.72,13.35,93.46,5.75
2008-09-15,22.7,25.37,20.96,91.97,7.41,11.25,93.6,11.28
2008-09-16,22.16,24.58,20.36,92.87,7.3,22.46,93.54,8.65
2008-09-17,22.65,24.93,21.07,92.8,7.86,11.34,93.53,11.79
2008-09-18,22.34,24.92,21.07,93.18,6.27,3.61,93.58,16.38
2008-09-19,22.7,24.98,21.06,94.48,6.03,26.71,93.5,5.2
2008-09-20,23.15,26.17,21.45,93.4,4.67,20.9,93.71,7.97
2008-09-21,23.08,26.79,20.77,91.53,3.45,2.37,93.75,16.44
2008-09-22,22.93,27.4,20.01,89.87,3.01,0.23,93.79,20.06
2008-09-23,22.39,26.99,18.97,88.85,2.44,0.01,93.86,21.95
2008-09-24,22.41,27.56,18.71,87.31,2.14,0.37,93.92,21.72
2008-09-25,22.29,27.44,18.65,87.29,2.3,0.03,94.02,20.78
2008-09-26,21.59,26.7,18.01,86.89,2.42,0.0,94.02,20.78
2008-09-27,21.7,27.74,17.28,85.51,1.92,0.0,93.97,23.34
2008-09-28,22.28,27.92,18.08,85.94,2.06,0.01,93.99,22.64
2008-09-29,22.64,28.52,17.99,84.65,1.9,0.0,93.96,22.88
2008-09-30,22.63,28.93,18.15,83.94,2.02,0.0,93.93,23.53
2008-10-01,21.52,27.66,17.04,82.29,2.08,0.0,93.87,23.29
2008-10-02,22.01,28.82,16.74,79.46,1.81,0.41,93.83,22.56
2008-10-03,22.96,27.89,18.93,88.39,1.65,6.0,93.88,10.21
2008-10-04,24.53,28.79,20.38,85.63,1.82,2.97,93.85,17.9
2008-10-05,24.06,27.88,21.31,88.14,2.12,2.08,93.94,18.68
2008-10-06,23.69,27.53,21.1,86.84,1.88,0.74,93.93,18.31
2008-10-07,23.85,28.09,20.88,87.8,1.5,11.36,93.94,15.65
2008-10-08,23.67,27.61,21.0,88.17,1.5,2.79,93.91,17.92
2008-10-09,24.38,28.44,20.46,84.12,1.57,0.87,94.02,18.07
2008-10-10,23.68,26.05,21.26,85.38,1.99,3.51,94.22,19.63
2008-10-11,24.0,28.34,20.32,83.51,2.84,1.2,94.21,19.49
2008-10-12,24.14,29.45,20.15,81.9,3.78,0.18,94.16,19.74
2008-10-13,23.38,29.11,19.23,79.09,4.0,0.0,94.06,20.67
2008-10-14,22.59,29.48,17.1,74.43,3.66,0.0,94.05,22.27
2008-10-15,22.22,28.82,16.54,73.85,3.76,0.0,94.04,21.75
2008-10-16,21.96,27.65,17.35,75.61,3.91,0.0,94.03,20.84
2008-10-17,22.59,28.18,18.65,79.41,4.23,0.01,93.93,20.05
2008-10-18,23.62,28.77,19.4,82.14,4.76,0.44,93.94,20.42
2008-10-19,23.48,28.03,20.5,84.16,4.37,0.3,94.0,20.42
2008-10-20,21.5,26.62,17.56,78.11,3.65,0.0,93.93,21.38
2008-10-21,20.26,27.57,14.76,71.58,3.61,0.0,93.89,22.01
2008-10-22,19.96,27.68,13.57,72.82,4.16,0.0,93.89,21.46
2008-10-23,20.57,28.18,15.38,77.3,4.65,0.0,93.88,20.99
2008-10-24,19.98,27.51,14.31,74.24,4.88,0.0,93.97,22.18
2008-10-25,19.91,27.72,13.97,72.21,3.98,0.0,93.96,21.32
2008-10-26,20.41,27.86,13.29,66.22,2.75,0.0,93.92,20.71
2008-10-27,21.38,28.87,15.7,62.28,2.32,0.0,93.94,20.86
2008-10-28,20.9,28.62,14.83,66.69,2.17,0.0,94.04,20.58
2008-10-29,21.02,28.7,14.26,66.63,2.6,0.0,94.07,20.53
2008-10-30,21.01,28.67,14.59,67.67,2.8,0.0,94.19,20.74
2008-10-31,20.91,28.56,14.71,68.97,3.03,0.0,94.25,20.3
2008-11-01,20.62,28.35,14.46,68.23,3.07,0.0,94.19,20.38
2008-11-02,20.54,28.44,14.23,66.93,3.1,0.0,94.12,20.64
2008-11-03,20.37,28.59,13.69,63.11,3.23,0.0,94.15,21.18
2008-11-04,20.8,28.92,14.03,63.03,2.92,0.0,94.08,20.77
2008-11-05,20.96,28.94,14.47,62.5,2.59,0.0,93.99,20.65
2008-11-06,20.5,28.64,13.32,64.39,2.94,0.0,93.93,20.27
2008-11-07,20.62,27.95,14.64,67.76,3.76,0.0,94.06,19.46
2008-11-08,20.64,28.04,14.81,68.93,3.11,0.0,94.16,18.85
2008-11-09,20.34,27.97,13.88,68.32,3.19,0.0,94.1,18.58
2008-11-10,21.03,28.04,15.11,67.62,3.1,0.0,94.07,18.06
2008-11-11,21.03,28.55,14.92,71.06,2.94,0.0,94.01,18.2
2008-11-12,20.96,28.29,14.85,70.66,2.48,0.0,93.92,17.85
2008-11-13,20.81,28.42,14.83,69.35,2.34,0.0,93.85,17.64
2008-11-14,19.97,27.28,14.45,69.87,2.55,0.0,93.89,16.94
2008-11-15,19.7,27.16,14.36,73.95,3.55,0.0,93.8,14.56
2008-11-16,21.06,28.23,14.94,73.83,3.96,0.16,93.74,15.61
2008-11-17,22.36,27.91,18.16,84.46,6.07,0.06,93.63,9.08
2008-11-18,24.28,29.45,20.28,78.34,3.3,0.01,93.8,11.13
2008-11-19,23.63,29.36,19.1,82.49,2.33,0.0,94.04,17.57
2008-11-20,23.9,28.19,20.43,81.9,2.54,1.21,94.2,16.67
2008-11-21,23.4,27.86,20.26,82.74,3.1,0.12,94.18,17.35
2008-11-22,23.06,28.77,19.16,77.47,4.24,0.08,94.21,17.56
2008-11-23,22.03,28.21,18.01,78.32,4.17,0.01,94.28,17.65
2008-11-24,20.84,28.27,15.13,65.42,3.21,0.0,94.27,18.13
2008-11-25,19.75,28.1,14.55,61.54,4.04,0.0,94.23,19.41
2008-11-26,18.43,27.5,12.25,57.95,4.97,0.0,94.19,19.73
2008-11-27,18.28,27.11,12.46,55.28,5.31,0.0,94.13,19.84
2008-11-28,19.52,24.97,14.05,71.69,7.05,0.03,94.09,13.01
2008-11-29,20.22,23.5,17.26,88.22,6.38,0.31,94.21,7.87
2008-11-30,20.92,24.02,19.0,88.26,4.0,4.41,94.24,11.84
2008-12-01,22.3,26.45,19.14,86.05,2.81,12.49,94.19,14.01
2008-12-02,22.28,26.24,19.06,85.6,2.35,1.68,94.09,15.88
2008-12-03,22.6,27.02,18.56,78.47,2.41,0.06,94.03,15.47
2008-12-04,21.55,26.55,17.88,74.6,3.0,0.0,94.08,16.47
2008-12-05,20.62,28.52,15.16,63.84,4.09,0.0,94.32,18.04
2008-12-06,19.11,27.51,13.05,62.85,4.26,0.0,94.31,18.78
2008-12-07,19.91,28.3,12.94,62.21,3.4,0.0,94.16,18.09
2008-12-08,20.34,28.44,13.91,62.84,3.3,0.0,94.19,18.15
2008-12-09,20.7,28.44,13.68,63.4,2.76,0.0,94.2,17.5
2008-12-10,21.93,29.38,14.79,59.54,2.1,0.0,94.16,17.07
2008-12-11,21.93,29.18,15.24,61.84,2.09,0.0,94.13,16.23
2008-12-12,21.86,28.52,15.56,67.39,2.19,0.0,94.01,15.3
2008-12-13,21.86,28.94,15.52,65.75,2.84,0.0,94.16,16.47
2008-12-14,21.19,28.43,15.22,65.85,3.33,0.0,94.25,17.35
2008-12-15,21.17,27.95,16.27,67.09,3.69,0.0,94.17,14.83
2008-12-16,20.42,27.89,14.52,66.11,3.37,0.0,94.11,17.63
2008-12-17,19.71,25.98,15.28,69.26,4.34,0.0,94.22,16.24
2008-12-18,19.54,26.97,15.23,67.2,4.65,0.0,94.24,16.25
2008-12-19,19.52,25.76,13.76,60.67,3.02,0.0,94.17,14.95
2008-12-20,20.21,26.3,16.49,65.29,2.8,0.0,94.21,11.08
2008-12-21,19.99,25.91,15.52,63.53,2.55,0.0,94.19,11.89
2008-12-22,20.79,28.02,15.26,59.28,2.91,0.0,94.22,13.85
2008-12-23,21.03,28.88,14.58,58.08,3.06,0.0,94.26,14.99
2008-12-24,20.75,28.7,14.81,65.43,2.59,0.0,94.26,17.36
2008-12-25,20.34,28.66,12.66,52.86,2.69,0.0,94.27,17.59
2008-12-26,19.75,28.71,12.06,53.33,2.75,0.0,94.22,18.39
2008-12-27,18.86,27.95,12.96,53.91,2.32,0.0,94.23,18.78
2008-12-28,17.79,28.02,11.23,57.43,2.39,0.0,94.15,18.67
2008-12-29,17.61,28.35,9.54,52.95,2.67,0.0,94.16,18.94
2008-12-30,18.08,28.71,10.08,50.01,2.62,0.0,94.23,18.89
2008-12-31,17.95,28.51,9.58,49.58,2.48,0.0,94.17,18.89
2009-01-01,19.07,28.75,10.65,48.91,2.18,0.0,94.12,18.32
2009-01-02,20.09,28.89,11.48,49.35,2.44,0.0,94.18,17.38
2009-01-03,19.93,28.24,12.9,63.17,2.21,0.0,94.28,16.73
2009-01-04,19.9,28.45,13.86,65.69,1.91,0.0,94.21,16.77
2009-01-05,19.16,28.05,13.21,66.53,2.65,0.0,94.04,16.19
2009-01-06,18.12,27.01,12.7,65.23,2.44,0.0,94.02,15.88
2009-01-07,18.11,27.67,10.59,61.02,2.85,0.0,94.08,16.67
2009-01-08,19.4,28.13,12.5,66.23,2.88,0.0,94.22,17.21
2009-01-09,20.13,28.41,13.63,70.57,2.83,0.0,94.34,17.05
2009-01-10,20.89,29.62,13.87,67.71,2.93,0.0,94.31,17.48
2009-01-11,21.61,30.24,14.36,59.07,2.61,0.0,94.31,17.89
2009-01-12,21.51,29.89,14.57,58.34,2.67,0.0,94.47,17.98
2009-01-13,21.29,29.2,15.08,55.97,3.69,0.0,94.58,17.38
2009-01-14,21.23,29.55,15.11,53.7,4.11,0.0,94.63,17.61
2009-01-15,20.89,29.26,14.99,54.04,4.74,0.0,94.53,18.06
2009-01-16,21.3,29.46,14.2,49.96,3.49,0.0,94.47,18.4
2009-01-17,21.27,29.86,13.72,50.7,2.95,0.0,94.34,18.09
2009-01-18,21.83,30.21,13.95,47.7,2.76,0.0,94.25,17.54
2009-01-19,22.2,30.52,14.97,47.79,3.37,0.0,94.2,17.47
2009-01-20,21.7,30.67,14.46,42.12,3.81,0.0,94.23,18.59
2009-01-21,22.19,31.25,14.23,38.7,3.09,0.0,94.22,19.05
2009-01-22,22.3,31.71,13.92,45.29,2.76,0.0,94.13,18.68
2009-01-23,22.95,32.24,14.09,36.26,3.02,0.0,94.02,20.13
2009-01-24,23.04,33.1,14.15,36.38,2.92,0.0,93.99,18.0
2009-01-25,23.98,33.02,18.61,39.62,1.43,0.0,94.03,19.92
2009-01-26,22.74,33.28,14.03,42.21,2.82,0.0,94.06,20.34
2009-01-27,22.02,32.89,13.75,45.09,2.67,0.0,94.09,20.2
2009-01-28,22.56,33.63,13.63,39.7,3.03,0.0,94.02,20.29
2009-01-29,23.47,33.54,15.6,39.62,2.65,0.0,94.07,17.36
2009-01-30,24.9,34.26,17.2,39.99,2.31,0.0,94.06,18.68
2009-01-31,24.29,34.17,16.52,41.83,2.8,0.0,94.04,20.29
2009-02-01,23.86,33.88,17.19,38.33,2.69,0.0,94.15,20.21
2009-02-02,22.83,32.91,15.1,38.17,2.98,0.0,94.24,20.78
2009-02-03,22.73,32.79,16.41,36.91,2.92,0.0,94.2,21.23
2009-02-04,22.05,32.09,16.04,40.2,2.96,0.0,94.23,21.21
2009-02-05,20.86,31.74,13.48,47.23,2.89,0.0,94.25,21.34
2009-02-06,21.16,32.59,12.61,48.33,2.79,0.0,94.21,21.14
2009-02-07,22.51,33.67,13.69,39.76,3.27,0.0,94.12,20.81
2009-02-08,23.56,33.77,15.09,41.25,2.52,0.0,94.24,20.23
2009-02-09,23.64,33.92,15.88,37.6,2.94,0.0,94.25,19.76
2009-02-10,21.31,30.36,14.92,43.86,3.7,0.0,94.19,20.67
2009-02-11,20.32,32.09,12.01,54.7,3.26,0.0,94.11,22.15
2009-02-12,20.58,31.96,11.15,35.84,2.73,0.0,94.08,22.58
2009-02-13,21.28,30.98,15.23,41.86,2.58,0.0,94.02,22.18
2009-02-14,21.27,32.37,12.72,53.79,2.58,0.0,94.0,22.11
2009-02-15,22.33,33.25,13.76,51.54,2.57,0.0,93.96,21.87
2009-02-16,23.75,33.69,14.35,39.75,2.64,0.0,93.98,20.55
2009-02-17,25.3,34.32,17.56,41.17,2.83,0.0,94.04,19.61
2009-02-18,24.99,33.82,17.85,40.13,2.29,0.0,94.01,18.83
2009-02-19,25.1,34.44,16.43,35.36,2.16,0.0,93.89,19.99
2009-02-20,26.2,34.65,17.61,35.35,3.14,0.0,94.03,20.05
2009-02-21,26.49,35.29,17.47,33.19,2.58,0.0,94.09,21.24
2009-02-22,26.21,36.0,18.67,35.82,2.35,0.0,93.87,21.7
2009-02-23,26.0,35.27,19.25,34.84,3.14,0.0,93.92,22.06
2009-02-24,24.62,34.45,17.68,30.68,3.74,0.0,94.03,22.94
2009-02-25,24.88,36.58,16.01,33.91,3.08,0.0,93.93,23.62
2009-02-26,25.97,37.4,16.09,30.69,2.75,0.0,93.89,24.17
2009-02-27,26.92,37.75,17.76,27.5,3.26,0.0,93.98,23.79
2009-02-28,27.17,38.14,18.36,24.76,3.46,0.0,93.98,23.85
2009-03-01,27.27,38.25,17.95,26.36,3.02,0.0,93.97,24.25
2009-03-02,27.4,38.06,17.96,22.72,3.19,0.0,93.99,24.08
2009-03-03,27.74,38.06,18.63,20.28,2.86,0.0,93.95,24.09
2009-03-04,27.07,38.06,17.37,21.97,2.79,0.0,93.91,24.28
2009-03-05,26.77,37.48,18.58,27.48,3.32,0.0,93.93,23.89
2009-03-06,26.19,36.64,17.85,29.76,3.42,0.0,94.0,23.39
2009-03-07,25.89,36.96,16.65,27.39,3.66,0.0,93.96,23.94
2009-03-08,26.31,36.98,17.87,28.86,3.1,0.0,93.81,22.21
2009-03-09,26.42,36.84,19.2,43.07,2.73,0.0,93.9,22.45
2009-03-10,27.71,36.92,20.52,32.54,4.1,0.0,94.0,21.91
2009-03-11,28.48,36.86,20.63,34.14,1.97,0.0,94.04,22.99
2009-03-12,28.66,37.22,20.47,29.54,2.46,0.0,93.97,20.9
2009-03-13,28.13,36.37,21.78,36.11,2.76,1.62,94.05,19.59
2009-03-14,25.09,30.41,20.93,52.83,2.24,0.26,94.17,19.91
2009-03-15,26.32,34.64,18.85,50.7,3.19,1.32,94.03,22.52
2009-03-16,27.01,35.96,19.55,44.18,2.37,0.01,93.93,22.47
2009-03-17,27.16,36.31,18.55,31.2,2.43,0.0,93.91,23.01
2009-03-18,27.56,37.01,19.41,27.56,2.89,0.0,93.95,23.33
2009-03-19,26.82,37.08,18.51,31.71,3.86,0.0,93.95,24.03
2009-03-20,25.55,36.21,16.86,48.67,3.66,0.0,93.93,24.66
2009-03-21,25.26,35.98,16.35,51.57,3.74,0.0,93.92,25.42
2009-03-22,26.36,35.61,17.28,42.26,3.05,0.0,93.86,24.49
2009-03-23,28.05,37.39,19.2,32.66,3.54,0.0,93.89,23.28
2009-03-24,27.47,36.85,19.92,42.66,3.94,0.0,94.05,23.83
2009-03-25,27.67,37.3,18.99,35.74,2.86,0.0,94.01,23.36
2009-03-26,27.55,37.25,19.69,31.43,3.68,0.0,93.93,25.03
2009-03-27,26.93,37.22,17.78,38.13,3.21,0.0,93.92,26.27
2009-03-28,27.85,38.51,17.69,38.95,3.22,0.0,93.93,25.94
2009-03-29,28.89,38.36,20.83,31.78,3.12,0.0,93.85,24.81
2009-03-30,30.43,39.53,22.51,26.66,2.52,0.0,93.8,24.58
2009-03-31,30.58,39.82,21.9,25.78,3.23,0.0,93.71,23.56
2009-04-01,30.75,40.05,22.02,28.49,2.83,0.01,93.75,24.99
2009-04-02,30.46,39.92,22.18,33.43,3.43,0.01,93.82,23.62
2009-04-03,30.02,38.9,22.12,43.89,2.46,0.0,93.86,23.04
2009-04-04,29.05,36.72,22.96,45.51,2.07,0.0,93.9,22.75
2009-04-05,29.7,38.46,22.69,40.41,2.41,0.0,93.95,23.53
2009-04-06,30.74,39.52,21.79,32.82,3.52,0.0,93.84,24.11
2009-04-07,30.84,38.97,23.31,27.58,3.94,0.53,93.66,23.33
2009-04-08,27.86,36.84,20.47,38.99,4.11,0.2,93.76,25.97
2009-04-09,26.57,37.75,15.94,40.51,3.15,0.0,93.82,28.32
2009-04-10,29.02,39.53,18.94,31.56,2.27,0.0,93.77,27.13
2009-04-11,30.42,39.7,21.95,26.8,2.42,0.0,93.74,25.81
2009-04-12,30.57,39.74,21.75,25.8,3.23,0.0,93.67,22.9
2009-04-13,30.36,40.72,20.69,32.7,3.04,0.0,93.56,24.33
2009-04-14,29.23,40.3,20.42,42.79,3.64,0.0,93.58,25.68
2009-04-15,28.6,39.34,19.81,45.47,4.51,0.0,93.67,25.92
2009-04-16,28.64,38.4,20.78,50.15,4.17,0.0,93.58,24.34
2009-04-17,29.27,39.52,20.05,43.75,4.07,0.0,93.53,25.88
2009-04-18,31.41,41.84,21.72,25.76,3.45,0.0,93.65,26.34
2009-04-19,32.01,42.54,24.13,26.53,3.25,0.0,93.78,25.91
2009-04-20,29.33,39.56,22.95,55.4,4.88,0.0,93.81,25.66
2009-04-21,28.49,38.58,20.54,52.36,4.79,0.0,93.71,24.42
2009-04-22,27.68,37.05,19.37,48.36,4.07,0.0,93.79,25.55
2009-04-23,28.57,38.73,18.7,41.64,3.68,0.0,93.9,26.51
2009-04-24,30.3,39.98,20.76,21.5,3.51,0.0,93.81,22.73
2009-04-25,31.17,40.14,22.78,21.48,3.5,0.0,93.84,24.53
2009-04-26,31.49,40.26,23.43,25.88,2.42,0.0,93.89,25.21
2009-04-27,31.86,41.62,22.73,23.99,3.33,0.0,93.84,26.5
2009-04-28,31.24,41.57,21.55,36.6,3.0,0.0,93.84,26.74
2009-04-29,30.5,40.98,22.36,45.59,2.56,0.0,93.85,25.56
2009-04-30,30.18,40.64,22.18,47.26,3.23,0.0,93.83,24.99
2009-05-01,30.06,40.59,20.88,45.9,3.88,0.0,93.87,26.35
2009-05-02,30.05,39.97,21.41,43.11,4.28,0.0,93.96,26.41
2009-05-03,30.4,40.02,21.67,35.88,4.35,0.0,93.89,27.38
2009-05-04,29.75,39.74,20.6,43.94,4.67,0.0,93.76,27.5
2009-05-05,29.03,38.61,20.88,51.63,3.7,0.0,93.83,26.18
2009-05-06,28.76,37.79,21.12,48.1,3.63,0.0,93.94,26.48
2009-05-07,29.76,38.81,21.26,43.05,3.36,0.0,93.76,25.76
2009-05-08,29.7,37.69,23.1,43.62,3.05,0.0,93.73,25.21
2009-05-09,29.62,38.65,22.16,43.71,4.18,0.0,93.7,27.37
2009-05-10,28.51,37.95,21.15,48.76,4.69,0.0,93.67,27.67
2009-05-11,28.26,38.12,20.63,52.46,4.79,0.0,93.68,27.54
2009-05-12,28.37,39.01,19.57,51.93,4.57,0.0,93.66,28.49
2009-05-13,28.61,39.22,21.8,59.39,5.03,0.0,93.54,27.09
2009-05-14,28.33,37.91,21.9,59.74,5.41,0.01,93.5,26.55
2009-05-15,28.43,37.68,22.54,61.05,5.23,0.11,93.57,25.14
2009-05-16,28.84,37.98,22.73,60.48,5.2,0.0,93.65,25.11
2009-05-17,29.68,39.87,22.87,55.78,4.0,1.15,93.7,25.68
2009-05-18,27.36,30.22,24.4,61.83,1.63,0.4,93.75,21.44
2009-05-19,29.25,37.28,23.77,57.28,2.69,0.02,93.69,23.22
2009-05-20,28.57,36.37,22.91,59.04,3.03,0.7,93.57,16.67
2009-05-21,28.72,36.39,23.22,61.33,2.6,0.65,93.53,20.91
2009-05-22,28.12,34.31,23.52,65.03,4.86,0.03,93.53,18.79
2009-05-23,28.55,36.15,23.07,59.08,5.25,0.0,93.4,23.33
2009-05-24,28.37,36.29,23.37,61.29,5.68,0.0,93.28,24.47
2009-05-25,28.23,36.33,22.11,57.71,5.28,0.0,93.26,26.05
2009-05-26,28.58,37.16,22.68,58.24,5.47,0.05,93.29,26.19
2009-05-27,28.63,38.15,22.68,58.3,5.02,0.02,93.46,24.47
2009-05-28,29.4,38.61,23.29,56.05,5.11,0.0,93.52,25.57
2009-05-29,28.62,36.38,23.78,60.52,5.53,0.0,93.61,24.58
2009-05-30,28.61,36.82,23.14,59.74,5.65,0.0,93.53,26.15
2009-05-31,28.9,37.37,22.83,59.15,5.61,0.0,93.52,25.4
2009-06-01,27.72,34.42,23.52,67.39,5.76,0.14,93.64,24.35
2009-06-02,26.43,30.7,23.61,73.73,4.86,0.03,93.76,23.04
2009-06-03,27.23,32.65,23.67,72.22,5.32,0.02,93.79,23.54
2009-06-04,26.93,31.77,23.93,73.91,5.2,0.01,93.65,22.53
2009-06-05,26.69,32.18,23.78,78.55,4.43,41.61,93.44,22.35
2009-06-06,24.46,27.54,21.76,83.61,4.69,31.46,93.38,19.4
2009-06-07,25.02,28.67,22.66,83.06,5.19,6.78,93.44,17.64
2009-06-08,25.8,30.95,22.62,78.31,5.37,1.16,93.61,24.14
2009-06-09,26.5,32.93,21.99,73.61,4.92,0.24,93.72,26.03
2009-06-10,26.8,33.4,22.26,70.03,5.07,0.0,93.7,23.44
2009-06-11,26.92,33.83,22.38,69.75,5.14,0.13,93.69,22.12
2009-06-12,26.61,33.3,21.85,70.33,5.31,0.02,93.74,20.72
2009-06-13,27.01,34.42,21.9,68.64,4.71,0.0,93.81,24.45
2009-06-14,26.92,34.04,22.41,68.3,5.48,0.01,93.81,25.15
2009-06-15,26.92,33.96,22.07,68.69,5.52,0.0,93.67,24.9
2009-06-16,26.84,32.64,23.16,72.13,5.19,0.0,93.63,24.5
2009-06-17,26.9,32.66,23.09,72.63,5.4,0.0,93.57,24.13
2009-06-18,27.18,33.61,23.27,72.78,4.25,1.66,93.47,21.43
2009-06-19,25.78,29.43,23.29,77.38,2.93,0.27,93.49,12.8
2009-06-20,25.32,29.27,23.24,85.2,2.2,43.86,93.46,15.98
2009-06-21,25.08,29.64,21.89,82.25,3.94,5.71,93.5,19.52
2009-06-22,25.0,30.19,21.25,78.7,5.76,1.56,93.45,18.82
2009-06-23,25.27,29.86,22.07,79.99,5.78,3.01,93.41,14.14
2009-06-24,25.02,29.07,22.25,81.87,5.4,3.57,93.47,16.37
2009-06-25,25.58,29.49,22.92,80.72,5.91,6.62,93.46,15.61
2009-06-26,24.75,27.52,22.91,85.31,6.53,14.52,93.37,11.78
2009-06-27,25.07,28.92,23.27,87.19,7.29,10.41,93.29,14.96
2009-06-28,23.9,28.51,21.34,85.52,6.99,6.2,93.26,13.09
2009-06-29,24.25,28.95,21.28,83.27,6.59,3.9,93.26,14.13
2009-06-30,24.64,29.18,21.53,82.68,6.84,2.16,93.36,19.33
2009-07-01,24.57,27.57,22.52,86.09,6.64,4.54,93.4,14.75
2009-07-02,24.31,26.14,22.85,90.81,8.11,21.82,93.25,10.35
2009-07-03,23.88,26.27,21.75,87.55,7.52,21.86,93.13,7.81
2009-07-04,23.49,26.83,21.46,88.11,6.97,41.99,93.11,9.33
2009-07-05,23.61,26.71,21.16,86.91,4.2,10.01,93.15,12.94
2009-07-06,24.73,28.61,22.06,88.83,3.36,10.66,93.1,12.52
2009-07-07,24.67,28.11,22.48,86.62,2.94,19.99,93.21,8.12
2009-07-08,23.9,26.0,22.3,91.87,4.22,20.64,93.1,9.21
2009-07-09,24.09,26.56,22.58,91.4,4.97,21.78,93.1,13.73
2009-07-10,23.82,26.61,21.58,88.7,5.02,15.29,93.2,9.81
2009-07-11,24.3,27.6,22.48,87.64,8.55,6.72,93.42,8.29
2009-07-12,24.48,28.14,22.32,85.62,8.24,3.49,93.45,13.59
2009-07-13,24.16,27.23,22.25,88.51,9.23,41.64,93.34,12.1
2009-07-14,23.54,25.25,22.4,93.24,9.18,115.25,93.23,4.46
2009-07-15,23.79,25.95,22.73,92.15,9.42,86.16,93.13,7.05
2009-07-16,23.94,25.82,22.94,92.26,9.06,17.29,93.08,8.42
2009-07-17,24.37,27.67,22.54,88.18,9.82,8.2,93.1,12.7
2009-07-18,24.13,27.37,22.18,88.03,9.41,6.87,93.34,15.47
2009-07-19,24.09,27.48,21.91,87.48,8.59,5.68,93.56,14.54
2009-07-20,23.99,27.03,21.86,88.74,8.73,7.4,93.46,7.46
2009-07-21,23.58,25.57,22.69,93.12,8.0,28.41,93.44,7.05
2009-07-22,23.17,24.38,22.33,94.48,9.13,44.06,93.27,5.62
2009-07-23,23.61,25.71,21.96,91.86,9.59,24.9,93.3,8.01
2009-07-24,23.28,26.38,21.03,89.18,8.84,11.2,93.56,10.18
2009-07-25,23.94,27.03,22.3,89.75,8.45,4.58,93.65,11.56
2009-07-26,23.34,26.31,21.43,89.05,8.58,4.84,93.61,9.94
2009-07-27,23.37,26.5,21.62,89.46,8.58,5.99,93.5,9.37
2009-07-28,23.81,26.92,21.98,89.04,8.98,4.92,93.41,11.2
2009-07-29,24.03,27.57,22.05,88.98,7.62,1.29,93.58,11.68
2009-07-30,23.92,27.76,21.58,88.06,6.8,0.4,93.72,10.7
2009-07-31,23.89,27.81,21.71,88.29,6.25,0.12,93.69,11.76
2009-08-01,23.68,27.15,21.74,89.18,6.08,0.71,93.66,12.78
2009-08-02,23.56,27.14,21.8,89.49,6.1,0.74,93.65,13.12
2009-08-03,23.59,27.19,21.47,88.26,6.41,0.62,93.62,11.84
2009-08-04,23.47,27.27,21.32,87.99,7.04,0.36,93.57,15.62
2009-08-05,23.72,27.44,21.56,87.63,7.49,0.13,93.56,14.16
2009-08-06,23.79,27.73,21.75,87.53,7.29,0.53,93.51,13.91
2009-08-07,23.67,27.14,21.81,88.72,7.39,2.76,93.53,11.78
2009-08-08,23.8,27.65,21.55,88.07,6.92,2.8,93.46,12.99
2009-08-09,23.65,27.41,21.45,87.96,6.55,0.89,93.41,14.3
2009-08-10,23.47,27.34,21.3,88.83,5.83,0.98,93.41,12.29
2009-08-11,23.43,26.47,21.31,89.37,5.03,1.53,93.56,13.2
2009-08-12,23.54,26.76,21.21,89.14,4.61,0.78,93.58,14.78
2009-08-13,23.86,27.51,21.51,88.17,4.75,0.28,93.62,17.52
2009-08-14,23.87,27.89,21.48,86.78,5.01,0.13,93.69,13.57
2009-08-15,23.51,26.78,21.4,88.31,4.95,3.0,93.69,14.29
2009-08-16,24.05,28.17,21.5,86.61,4.79,2.2,93.64,17.78
2009-08-17,24.03,28.42,20.91,86.14,3.29,2.09,93.74,19.08
2009-08-18,23.7,26.45,21.62,91.23,2.75,17.0,93.71,14.87
2009-08-19,24.56,27.28,22.24,90.33,1.61,95.05,93.67,18.56
2009-08-20,24.38,27.45,21.73,88.17,1.47,84.04,93.74,15.81
2009-08-21,23.37,25.96,21.45,90.06,2.55,31.8,93.74,11.85
2009-08-22,23.44,27.03,20.88,91.48,3.29,32.84,93.64,15.75
2009-08-23,23.71,26.38,21.61,93.06,3.33,13.65,93.55,14.76
2009-08-24,23.8,26.79,22.13,92.22,3.98,32.84,93.6,12.66
2009-08-25,23.8,27.52,21.67,90.5,4.75,16.05,93.6,11.65
2009-08-26,23.23,26.03,21.36,90.86,4.95,2.88,93.69,12.62
2009-08-27,23.01,25.79,21.21,91.42,5.0,1.83,93.62,18.33
2009-08-28,23.56,26.62,21.31,90.34,5.21,2.13,93.57,15.35
2009-08-29,24.04,26.96,22.26,90.69,6.27,6.69,93.5,12.48
2009-08-30,23.7,27.4,21.64,90.13,6.03,3.19,93.62,14.29
2009-08-31,23.55,26.58,21.33,90.91,3.86,2.03,93.78,16.41
2009-09-01,23.83,27.29,21.44,90.17,3.24,8.12,93.72,16.09
2009-09-02,22.35,24.95,21.04,91.26,4.01,5.1,93.57,9.8
2009-09-03,22.01,24.01,20.44,94.42,5.3,33.28,93.46,8.97
2009-09-04,22.69,25.3,21.14,93.31,5.78,25.09,93.49,7.44
2009-09-05,23.29,25.65,21.48,92.94,5.75,6.62,93.44,8.86
2009-09-06,23.34,26.74,20.98,90.08,4.91,3.96,93.38,8.72
2009-09-07,23.08,26.63,20.73,90.16,4.15,2.63,93.46,14.58
2009-09-08,23.7,27.72,21.44,90.01,4.06,0.76,93.56,17.26
2009-09-09,23.76,27.66,20.89,89.78,3.57,0.07,93.61,18.36
2009-09-10,23.81,27.79,20.56,89.39,3.39,1.1,93.6,19.81
2009-09-11,23.84,27.61,20.96,88.69,2.44,1.68,93.71,16.64
2009-09-12,24.46,28.46,21.68,88.67,2.45,3.13,93.95,12.62
2009-09-13,24.85,28.61,22.08,89.83,2.87,1.19,93.95,12.21
2009-09-14,25.05,29.49,21.9,86.83,2.69,16.78,93.93,11.84
2009-09-15,24.38,28.61,21.48,88.16,2.8,3.76,93.78,19.4
2009-09-16,23.82,28.29,20.5,87.15,2.72,0.1,93.79,22.43
2009-09-17,23.84,28.18,20.02,86.49,2.41,4.01,93.88,21.82
2009-09-18,23.88,29.84,18.83,82.19,2.62,0.22,93.96,23.35
2009-09-19,24.1,29.41,19.5,85.22,2.32,1.76,93.93,20.5
2009-09-20,24.31,28.75,20.71,86.85,2.57,0.31,93.9,17.21
2009-09-21,24.84,29.26,20.86,85.9,2.01,8.42,93.85,16.51
2009-09-22,25.17,29.24,21.54,85.08,1.56,22.16,93.81,18.94
2009-09-23,25.13,29.33,21.95,86.74,1.65,5.32,93.83,18.55
2009-09-24,24.41,27.9,21.99,88.82,2.12,3.52,93.96,19.03
2009-09-25,24.85,29.45,21.48,87.08,2.13,0.7,93.9,20.25
2009-09-26,24.84,29.99,21.5,86.35,2.76,0.01,93.86,21.71
2009-09-27,24.13,29.06,20.62,86.57,2.88,0.3,93.77,22.35
2009-09-28,23.59,27.01,21.02,89.63,3.39,0.95,93.68,7.08
2009-09-29,24.29,27.94,21.93,91.09,3.62,11.42,93.57,14.58
2009-09-30,24.1,26.86,22.47,92.9,3.57,7.99,93.53,14.97
2009-10-01,25.01,29.57,22.03,87.99,3.23,6.01,93.43,15.0
2009-10-02,24.56,29.19,20.27,87.79,3.01,9.63,93.29,15.35
2009-10-03,24.08,26.81,22.7,92.54,5.14,16.06,93.26,9.46
2009-10-04,23.41,25.19,22.29,94.85,6.96,39.55,93.41,5.23
2009-10-05,23.17,24.64,22.22,94.77,7.16,44.7,93.55,7.4
2009-10-06,23.58,26.57,21.87,92.7,5.41,16.02,93.65,8.93
2009-10-07,22.76,26.09,19.96,91.04,3.55,4.99,93.79,14.92
2009-10-08,21.65,26.19,18.59,88.98,2.83,0.99,93.84,21.75
2009-10-09,21.54,26.81,18.07,86.04,2.16,0.03,93.86,22.69
2009-10-10,21.77,27.46,17.06,84.75,1.7,0.0,93.97,22.41
2009-10-11,22.02,26.11,18.87,87.05,2.53,0.0,94.07,19.54
2009-10-12,22.29,25.36,19.98,87.88,3.06,13.33,94.11,18.23
2009-10-13,23.24,27.39,19.79,80.6,2.18,3.6,94.15,11.76
2009-10-14,23.79,28.37,19.6,79.68,1.54,0.03,94.18,18.43
2009-10-15,23.44,27.9,19.88,78.02,2.09,0.0,94.14,18.73
2009-10-16,23.67,28.58,18.02,73.31,1.88,0.12,94.1,16.68
2009-10-17,23.39,26.87,20.4,75.66,1.6,0.0,94.05,17.64
2009-10-18,23.5,29.13,18.92,70.91,1.91,0.0,93.97,20.13
2009-10-19,22.95,28.76,17.2,73.8,2.46,0.0,94.11,20.33
2009-10-20,23.08,28.91,18.0,74.19,2.5,0.0,94.17,19.41
2009-10-21,22.88,28.62,17.75,74.18,2.43,0.0,94.24,19.96
2009-10-22,23.03,28.46,18.29,72.03,2.41,0.25,94.28,19.72
2009-10-23,22.29,28.75,17.39,70.94,2.67,0.01,94.18,20.43
2009-10-24,21.41,28.32,14.98,64.3,2.7,0.0,94.06,21.36
2009-10-25,20.93,28.07,14.16,64.54,2.56,0.0,94.1,21.36
2009-10-26,20.96,28.05,14.61,66.33,3.06,0.0,94.15,20.88
2009-10-27,20.68,27.77,15.19,67.54,3.42,0.0,94.12,20.79
2009-10-28,20.96,28.4,14.58,70.77,4.07,0.0,94.11,20.23
2009-10-29,22.47,29.04,17.62,74.99,4.23,0.0,94.25,19.59
2009-10-30,22.4,28.69,18.02,80.72,3.96,0.0,94.28,20.05
2009-10-31,20.76,29.0,14.97,66.35,4.14,0.0,94.21,20.87
2009-11-01,20.47,28.74,14.44,64.72,3.99,0.0,94.15,20.6
2009-11-02,19.72,28.04,13.55,65.6,4.58,0.0,94.22,20.93
2009-11-03,20.03,28.11,13.62,68.19,4.48,0.0,94.2,20.54
2009-11-04,20.32,28.25,14.11,69.39,4.14,0.0,94.23,19.9
2009-11-05,21.37,28.12,15.73,75.75,4.21,0.0,94.12,19.17
2009-11-06,22.61,28.72,17.75,77.71,4.14,0.0,94.0,18.05
2009-11-07,23.03,28.72,18.77,80.64,3.74,0.0,93.86,17.44
2009-11-08,23.3,28.65,19.23,82.03,3.54,0.51,93.84,14.79
2009-11-09,21.21,23.6,19.42,88.85,4.35,1.43,93.74,9.06
2009-11-10,19.64,20.81,19.01,92.56,6.51,48.54,93.45,3.06
2009-11-11,21.71,24.3,18.95,93.52,7.96,43.54,92.9,2.51
2009-11-12,22.35,26.14,19.73,91.04,4.03,3.63,93.45,14.1
2009-11-13,21.7,26.25,18.38,88.24,2.62,0.03,93.91,15.77
2009-11-14,21.18,24.61,19.0,92.53,1.83,3.19,93.97,9.86
2009-11-15,22.45,27.12,19.28,89.06,1.96,18.02,93.8,13.77
2009-11-16,22.45,26.61,19.81,89.81,2.01,6.0,93.77,9.58
2009-11-17,21.58,23.81,19.88,91.65,2.08,7.87,93.87,13.44
2009-11-18,21.92,26.85,18.55,86.73,2.07,0.36,94.06,17.5
2009-11-19,21.3,27.16,17.21,83.45,2.82,0.01,94.25,18.44
2009-11-20,20.64,26.89,15.29,76.15,2.7,0.0,94.34,18.83
2009-11-21,19.91,26.96,14.03,74.6,2.49,0.0,94.34,19.21
2009-11-22,19.47,26.67,13.36,74.93,2.79,0.0,94.28,17.84
2009-11-23,19.74,26.86,13.1,70.41,2.59,0.0,94.32,17.85
2009-11-24,20.63,26.89,15.34,68.62,2.62,0.0,94.32,18.19
2009-11-25,21.14,27.77,15.21,71.06,2.03,0.0,94.28,18.48
2009-11-26,21.53,27.82,15.82,75.78,2.09,0.0,94.16,17.05
2009-11-27,20.48,25.81,16.39,80.02,3.38,0.0,94.22,16.79
2009-11-28,19.79,26.03,15.06,72.33,3.37,0.0,94.32,17.97
2009-11-29,18.03,24.83,12.4,68.67,3.13,0.0,94.37,17.13
2009-11-30,17.68,25.2,11.41,67.92,3.25,0.0,94.32,18.63
2009-12-01,17.73,25.37,11.36,67.83,3.28,0.0,94.31,18.27
2009-12-02,18.37,26.47,12.2,68.96,3.8,0.0,94.28,17.98
2009-12-03,19.02,26.4,12.77,66.36,3.38,0.0,94.3,16.95
2009-12-04,18.41,24.52,13.91,72.84,2.91,0.0,94.29,16.3
2009-12-05,19.26,24.43,14.75,71.92,2.61,0.0,94.17,14.31
2009-12-06,20.05,27.09,14.43,72.73,2.47,0.0,94.05,17.09
2009-12-07,19.82,26.95,13.73,74.93,2.04,0.0,94.08,15.76
2009-12-08,20.46,27.18,14.0,74.01,2.14,0.0,94.11,17.04
2009-12-09,20.83,27.4,14.53,68.34,2.6,0.0,94.16,18.05
2009-12-10,19.8,26.53,13.85,70.02,2.79,0.0,94.14,17.46
2009-12-11,19.11,26.21,13.83,73.76,3.61,0.0,94.1,16.54
2009-12-12,19.62,26.14,14.09,71.19,3.48,0.0,94.1,16.54
2009-12-13,20.2,27.28,13.26,65.41,2.54,0.0,94.14,16.94
2009-12-14,21.21,27.87,14.11,68.65,2.51,0.0,94.23,16.52
2009-12-15,22.08,27.96,16.86,72.47,2.56,0.0,94.28,16.3
2009-12-16,21.2,27.57,16.93,78.88,3.47,0.0,94.27,16.0
2009-12-17,20.72,26.35,16.41,83.2,2.93,0.15,94.22,14.64
2009-12-18,20.64,26.8,15.58,81.28,2.0,0.0,94.3,16.03
2009-12-19,21.15,26.96,16.41,76.78,3.79,0.0,94.4,16.34
2009-12-20,21.37,27.74,15.91,72.58,3.14,0.0,94.47,16.09
2009-12-21,20.18,26.88,14.82,73.53,3.96,0.0,94.43,16.13
2009-12-22,20.42,26.51,15.07,73.45,3.43,0.0,94.35,15.18
2009-12-23,19.37,26.21,14.39,69.26,3.41,0.0,94.35,17.05
2009-12-24,17.54,25.64,11.62,62.11,3.7,0.0,94.35,18.41
2009-12-25,17.92,25.16,11.11,53.02,2.74,0.0,94.26,18.15
2009-12-26,18.54,25.96,12.71,60.36,2.19,0.0,94.08,16.29
2009-12-27,17.88,25.94,11.78,72.18,2.52,0.0,94.04,17.12
2009-12-28,16.9,25.55,10.96,73.29,2.37,0.01,94.05,17.35
2009-12-29,17.31,24.11,12.63,69.26,1.8,0.02,94.07,14.7
2009-12-30,17.35,25.03,12.05,65.41,2.38,0.0,94.1,17.86
2009-12-31,17.39,26.75,9.47,64.0,2.76,0.0,94.11,18.03
2010-01-01,19.13,27.65,11.81,67.61,3.21,0.0,94.11,17.25
2010-01-02,20.5,27.53,13.88,62.68,3.24,0.32,94.28,14.71
2010-01-03,19.99,27.74,13.84,71.74,2.76,0.04,94.33,15.12
2010-01-04,20.08,27.49,15.27,78.58,2.78,0.0,94.2,15.83
2010-01-05,19.51,27.34,13.14,75.63,2.31,0.0,94.01,16.82
2010-01-06,19.44,27.29,12.97,65.32,3.73,0.0,94.0,16.72
2010-01-07,18.93,26.41,13.04,60.19,4.15,0.0,94.09,15.71
2010-01-08,18.58,26.28,10.63,54.0,2.67,0.0,94.15,16.74
2010-01-09,20.11,27.29,13.06,63.89,2.75,0.0,94.09,15.53
2010-01-10,20.98,28.48,14.29,69.74,2.67,0.0,94.1,15.49
2010-01-11,21.34,27.13,17.72,82.06,2.82,0.56,94.17,11.84
2010-01-12,19.95,25.89,15.72,85.41,3.13,0.75,94.31,14.08
2010-01-13,18.02,24.87,12.67,75.55,2.82,0.03,94.4,18.35
2010-01-14,18.65,27.46,10.82,62.4,3.76,0.0,94.48,18.38
2010-01-15,20.29,28.15,13.9,69.0,4.35,0.0,94.56,16.7
2010-01-16,20.92,27.46,14.61,64.11,3.14,0.0,94.67,17.14
2010-01-17,20.06,27.16,14.74,69.02,2.2,0.0,94.63,18.38
2010-01-18,19.7,27.23,13.35,64.56,2.26,0.0,94.5,18.31
2010-01-19,20.2,27.87,12.63,59.98,2.19,0.0,94.36,17.71
2010-01-20,19.87,27.74,13.34,57.91,3.37,0.0,94.41,16.12
2010-01-21,19.32,27.44,11.89,48.9,3.16,0.0,94.38,18.64
2010-01-22,19.05,27.23,10.47,44.43,2.71,0.0,94.34,19.18
2010-01-23,19.21,27.26,10.3,41.63,2.68,0.0,94.31,19.31
2010-01-24,18.86,27.26,10.94,51.41,2.13,0.0,94.19,18.78
2010-01-25,19.12,27.67,11.4,55.47,3.02,0.0,94.2,17.75
2010-01-26,19.22,27.22,12.46,55.95,3.5,0.0,94.31,17.89
2010-01-27,19.34,27.14,12.43,52.7,3.33,0.0,94.31,16.0
2010-01-28,19.16,27.72,12.14,54.62,2.91,0.0,94.3,16.66
2010-01-29,19.52,27.72,12.46,59.15,2.42,0.0,94.33,16.68
2010-01-30,21.39,28.77,14.03,52.44,2.7,0.0,94.33,16.63
2010-01-31,21.36,28.97,14.9,58.66,2.26,0.0,94.31,17.87
2010-02-01,20.23,28.2,14.02,59.76,2.61,0.0,94.22,17.73
2010-02-02,20.01,28.59,13.84,60.17,2.64,0.0,94.15,17.98
2010-02-03,19.84,28.13,14.79,60.68,2.65,0.0,94.14,18.3
2010-02-04,19.12,27.57,13.07,73.16,2.52,0.0,94.22,19.46
2010-02-05,20.48,29.35,13.49,73.76,2.52,0.0,94.25,19.48
2010-02-06,21.41,29.76,13.36,57.85,2.98,0.0,94.33,18.54
2010-02-07,22.83,29.92,15.46,52.62,3.12,0.0,94.33,17.12
2010-02-08,22.23,30.27,16.15,61.76,3.04,0.0,94.13,17.74
2010-02-09,21.1,28.92,15.8,73.1,2.69,0.0,94.02,17.12
2010-02-10,20.6,29.02,15.11,72.17,2.62,0.0,94.03,16.37
2010-02-11,20.57,28.9,15.23,62.27,2.8,0.01,94.19,18.67
2010-02-12,19.95,27.89,14.3,72.62,2.48,0.02,94.27,21.32
2010-02-13,20.8,30.42,13.56,69.09,3.08,0.02,94.12,20.69
2010-02-14,21.25,30.29,14.98,48.43,2.93,0.0,94.03,21.29
2010-02-15,21.13,30.12,16.1,43.09,2.36,0.02,94.0,18.33
2010-02-16,22.11,32.6,14.5,41.36,3.48,0.0,94.1,21.02
2010-02-17,22.58,32.92,14.07,39.96,3.28,0.0,94.19,20.06
2010-02-18,23.75,33.76,15.37,37.19,3.08,0.0,94.16,20.76
2010-02-19,24.27,33.7,18.13,39.53,2.66,0.0,94.18,20.38
2010-02-20,24.47,34.54,16.17,39.3,2.9,0.0,94.19,21.62
2010-02-21,25.56,34.71,19.6,40.11,2.53,0.0,94.19,20.38
2010-02-22,24.6,33.49,18.04,46.89,2.76,0.0,94.17,19.48
2010-02-23,22.62,32.17,16.17,50.96,3.59,0.0,94.08,22.86
2010-02-24,20.34,29.4,13.9,52.16,3.28,0.0,94.03,24.4
2010-02-25,20.59,31.94,12.45,57.96,2.57,0.0,94.03,24.0
2010-02-26,22.5,34.05,12.71,47.29,2.34,0.0,94.09,24.43
2010-02-27,24.51,35.07,15.02,35.83,2.04,0.0,94.1,23.84
2010-02-28,25.53,35.51,17.01,35.45,2.65,0.0,94.1,22.63
2010-03-01,25.82,35.24,17.43,36.21,2.76,0.0,94.14,21.31
2010-03-02,25.38,34.78,18.07,40.54,2.86,0.0,94.09,19.95
2010-03-03,24.63,33.46,18.75,46.27,3.47,0.0,94.06,22.05
2010-03-04,24.09,33.17,17.59,41.88,3.43,0.0,94.03,22.72
2010-03-05,23.49,33.52,15.76,57.22,3.42,0.0,94.06,23.34
2010-03-06,22.87,31.67,16.58,64.5,3.33,0.0,94.16,23.76
2010-03-07,22.57,32.24,15.85,58.83,3.56,0.0,94.27,24.03
2010-03-08,24.25,35.14,15.46,42.43,3.03,0.0,94.18,24.55
2010-03-09,26.83,37.21,16.92,34.88,3.02,0.0,94.13,23.1
2010-03-10,28.15,37.02,20.99,37.57,2.93,0.05,94.15,19.1
2010-03-11,28.78,36.41,22.87,48.57,2.29,0.06,94.29,20.63
2010-03-12,28.53,36.06,23.57,52.63,2.7,11.71,94.35,19.97
2010-03-13,28.24,36.04,22.23,48.22,2.91,0.05,94.24,21.45
2010-03-14,26.73,35.05,21.14,35.67,3.54,0.0,94.16,21.3
2010-03-15,25.08,34.67,18.42,35.34,3.07,0.0,94.13,25.54
2010-03-16,25.62,36.51,16.87,39.47,2.78,0.0,94.05,24.51
2010-03-17,27.38,37.67,18.66,36.28,2.24,0.0,94.15,24.96
2010-03-18,29.16,36.83,21.73,36.61,2.44,0.0,94.27,20.75
2010-03-19,28.81,37.38,21.41,37.59,2.72,0.0,94.22,20.92
2010-03-20,29.3,38.38,22.85,36.92,2.21,0.0,94.07,21.63
2010-03-21,28.66,38.89,20.42,41.17,2.46,0.0,93.93,22.59
2010-03-22,28.13,38.85,19.61,33.57,2.96,0.0,93.72,23.97
2010-03-23,26.87,37.14,19.11,30.24,3.85,0.0,93.65,24.49
2010-03-24,26.47,36.97,19.14,34.91,3.41,0.0,93.74,24.85
2010-03-25,26.77,36.91,19.39,38.7,2.73,0.0,93.82,23.64
2010-03-26,26.73,37.1,18.66,43.23,3.5,0.0,93.84,24.11
2010-03-27,27.32,38.08,18.52,44.56,2.78,0.0,93.91,23.95
2010-03-28,28.25,39.18,18.92,39.55,2.93,0.0,93.91,24.07
2010-03-29,28.7,38.51,22.29,43.67,3.52,0.0,94.0,22.83
2010-03-30,26.56,35.62,19.71,41.72,4.06,0.0,94.06,25.39
2010-03-31,25.23,35.48,17.2,57.21,4.16,0.0,94.03,27.36
2010-04-01,24.99,34.37,17.86,60.18,4.12,0.0,94.01,27.28
2010-04-02,25.97,36.04,18.27,57.77,3.71,0.0,93.95,26.43
2010-04-03,26.97,37.43,18.67,38.35,4.0,0.0,93.98,26.95
2010-04-04,28.16,39.22,18.48,23.22,3.54,0.0,93.99,27.15
2010-04-05,28.97,39.72,19.34,21.96,3.7,0.0,93.94,27.05
2010-04-06,29.89,40.79,20.93,23.98,2.63,0.0,93.86,26.44
2010-04-07,30.06,39.34,21.99,38.03,2.16,0.0,93.97,22.31
2010-04-08,29.46,36.16,23.87,42.15,2.62,0.0,94.11,21.61
2010-04-09,28.08,35.07,23.49,53.12,3.22,0.0,94.1,11.77
2010-04-10,26.77,33.13,22.12,53.85,2.55,0.0,93.83,16.27
2010-04-11,28.92,39.64,20.62,44.26,3.44,0.0,93.73,24.8
2010-04-12,28.87,36.31,21.85,35.89,3.53,0.0,93.75,25.45
2010-04-13,27.89,35.77,21.35,42.34,3.04,0.0,93.81,26.89
2010-04-14,28.46,39.3,19.53,52.08,3.17,0.0,93.79,26.41
2010-04-15,30.21,40.72,21.37,49.45,2.79,0.0,93.85,25.73
2010-04-16,31.25,41.79,23.14,43.11,3.22,0.03,93.85,24.41
2010-04-17,30.2,38.84,21.93,46.29,3.03,0.0,93.94,24.49
2010-04-18,30.66,40.62,23.67,39.4,3.84,0.0,93.92,25.62
2010-04-19,29.18,38.74,21.94,49.98,4.01,0.0,93.87,26.32
2010-04-20,28.55,38.49,20.54,52.62,4.33,0.0,93.76,27.01
2010-04-21,28.98,38.88,20.84,51.62,4.05,0.0,93.75,26.93
2010-04-22,30.65,40.66,20.78,46.18,3.78,0.0,93.79,26.23
2010-04-23,32.29,40.7,23.39,31.38,3.6,0.0,93.83,24.33
2010-04-24,31.71,39.92,24.7,30.67,3.22,0.0,93.83,21.69
2010-04-25,30.54,39.44,22.23,39.44,3.91,0.0,93.78,25.12
2010-04-26,31.4,40.47,22.89,39.25,3.79,0.0,93.93,26.63
2010-04-27,31.57,40.92,23.78,37.1,3.18,0.0,94.03,27.23
2010-04-28,30.57,39.93,22.66,40.51,3.72,0.0,93.96,27.01
2010-04-29,30.69,38.8,23.41,44.09,2.35,0.11,93.82,25.08
2010-04-30,28.43,34.46,24.38,50.52,2.01,0.33,93.95,19.42
2010-05-01,27.27,31.17,23.68,57.48,1.55,0.82,94.07,21.66
2010-05-02,28.01,33.47,23.51,52.4,1.95,1.21,93.92,23.64
2010-05-03,28.68,35.39,22.81,53.6,1.76,0.42,93.74,25.71
2010-05-04,30.01,38.46,23.11,48.24,3.18,0.03,93.6,25.66
2010-05-05,29.67,38.7,22.28,51.87,4.39,0.01,93.56,26.22
2010-05-06,29.68,39.01,21.86,51.8,4.48,0.0,93.57,26.63
2010-05-07,30.96,40.0,22.59,48.12,3.23,0.9,93.51,22.9
2010-05-08,31.02,37.92,24.95,43.5,3.25,0.23,93.58,20.75
2010-05-09,29.53,36.72,23.88,53.63,3.65,0.0,93.56,24.74
2010-05-10,29.69,37.37,22.64,49.71,4.18,0.0,93.57,25.42
2010-05-11,29.68,38.48,22.29,48.47,4.65,0.0,93.58,26.93
2010-05-12,29.36,38.4,22.0,55.9,4.56,0.0,93.61,27.14
2010-05-13,29.6,39.47,22.3,56.57,4.78,0.0,93.6,27.43
2010-05-14,28.82,36.92,22.95,58.49,4.6,0.0,93.57,27.0
2010-05-15,29.58,39.33,21.66,54.53,4.47,0.0,93.57,27.08
2010-05-16,29.87,40.0,22.4,55.79,4.55,0.0,93.57,26.15
2010-05-17,30.59,39.83,23.83,54.66,5.44,0.0,93.61,25.82
2010-05-18,31.56,41.92,23.94,49.96,4.75,0.0,93.49,25.54
2010-05-19,30.84,40.26,24.35,53.85,4.88,0.0,93.39,23.09
2010-05-20,30.51,40.09,24.53,57.66,5.89,0.0,93.35,25.44
2010-05-21,28.89,35.66,24.47,65.42,5.35,0.0,93.45,23.53
2010-05-22,29.56,37.21,24.69,63.11,5.97,0.0,93.51,24.71
2010-05-23,30.07,38.57,24.09,60.08,5.88,0.0,93.54,25.1
2010-05-24,30.14,38.64,23.96,59.22,6.19,0.0,93.55,24.5
2010-05-25,28.85,35.92,24.57,66.96,6.72,0.0,93.62,25.59
2010-05-26,28.76,35.17,24.88,68.28,6.76,0.0,93.65,25.5
2010-05-27,29.05,36.35,24.21,66.45,6.09,0.0,93.67,25.98
2010-05-28,29.0,35.92,24.6,65.52,5.89,0.0,93.72,26.4
2010-05-29,29.17,37.3,23.79,59.82,5.74,0.0,93.72,26.46
2010-05-30,29.32,37.74,22.9,55.17,4.84,0.0,93.69,26.93
2010-05-31,28.77,37.66,23.77,64.08,4.32,14.51,93.7,25.15
2010-06-01,26.53,31.75,23.58,79.38,3.77,47.93,93.79,24.45
2010-06-02,26.07,30.62,22.85,79.78,3.99,12.81,93.94,24.13
2010-06-03,26.27,30.53,22.73,78.53,3.67,2.92,94.03,25.42
2010-06-04,26.91,32.87,22.89,75.25,4.59,0.77,94.06,26.99
2010-06-05,27.05,32.95,22.94,74.45,5.61,0.07,93.92,25.31
2010-06-06,26.48,31.03,23.53,77.46,5.73,1.68,93.75,23.29
2010-06-07,26.29,31.19,22.69,77.35,5.64,4.08,93.7,20.96
2010-06-08,26.74,31.86,22.81,74.6,4.44,1.49,93.69,20.9
2010-06-09,27.59,33.75,23.11,70.35,3.74,1.06,93.54,19.14
2010-06-10,26.65,31.26,23.84,78.1,2.97,14.88,93.45,17.41
2010-06-11,26.0,28.96,23.51,85.66,2.43,51.79,93.36,18.5
2010-06-12,25.51,28.76,23.58,86.65,2.51,12.76,93.31,14.87
2010-06-13,24.82,27.96,22.19,87.38,2.57,10.71,93.33,7.86
2010-06-14,24.55,28.39,21.8,86.64,1.82,86.36,93.31,8.61
2010-06-15,24.64,26.22,23.03,92.93,7.19,71.03,93.21,11.55
2010-06-16,24.85,26.11,23.98,90.72,6.83,32.7,93.32,5.33
2010-06-17,25.54,28.84,23.7,88.15,6.24,10.02,93.19,15.59
2010-06-18,25.49,29.05,23.03,86.5,4.56,8.75,93.31,11.35
2010-06-19,25.85,29.76,23.57,87.7,3.13,4.09,93.4,16.94
2010-06-20,25.87,29.4,23.3,86.2,1.23,2.68,93.44,13.91
2010-06-21,25.39,29.13,23.21,85.55,5.34,0.71,93.56,17.48
2010-06-22,25.56,29.02,23.17,88.35,5.44,17.43,93.55,17.99
2010-06-23,24.2,27.29,21.4,89.21,6.19,20.7,93.54,12.5
2010-06-24,23.9,27.06,21.26,89.7,6.15,25.76,93.36,12.8
2010-06-25,23.86,26.49,22.07,89.37,5.53,7.45,93.28,13.94
2010-06-26,24.93,29.47,22.09,86.38,3.32,1.59,93.18,20.63
2010-06-27,25.38,30.0,21.97,85.17,4.18,3.48,93.3,15.66
2010-06-28,24.25,27.47,22.22,90.1,5.9,8.38,93.38,13.61
2010-06-29,24.07,26.43,21.86,91.6,5.72,1.56,93.35,15.29
2010-06-30,25.11,28.45,23.1,86.94,5.34,3.51,93.35,12.94
2010-07-01,24.22,26.78,22.4,89.46,4.4,18.39,93.3,13.91
2010-07-02,22.66,25.47,19.57,84.74,4.62,11.72,93.35,9.7
2010-07-03,21.91,25.03,18.96,88.26,4.6,15.37,93.32,8.17
2010-07-04,23.53,27.62,20.35,86.02,5.94,2.91,93.28,14.62
2010-07-05,24.34,27.95,21.83,85.61,6.62,11.48,93.36,15.83
2010-07-06,24.41,27.43,22.92,90.21,7.18,10.36,93.44,11.83
2010-07-07,24.47,27.69,22.14,87.71,5.84,30.11,93.53,12.5
2010-07-08,24.28,26.9,22.32,89.02,6.36,21.31,93.69,10.96
2010-07-09,24.52,28.0,21.75,88.32,5.79,9.03,93.7,14.27
2010-07-10,24.96,28.31,22.57,88.02,4.78,9.5,93.7,12.64
2010-07-11,24.32,26.61,22.81,90.65,5.09,3.41,93.74,12.74
2010-07-12,24.09,26.53,22.2,90.04,5.58,5.98,93.69,14.7
2010-07-13,24.1,26.96,22.52,88.92,6.58,7.59,93.71,15.49
2010-07-14,24.09,27.43,22.16,88.75,5.07,4.54,93.71,16.97
2010-07-15,24.05,27.31,21.74,89.16,4.63,3.76,93.56,17.74
2010-07-16,23.52,26.07,21.14,89.62,4.82,15.54,93.29,14.92
2010-07-17,23.7,27.55,21.34,87.8,4.99,4.74,93.28,12.26
2010-07-18,24.64,28.34,22.26,89.64,6.03,6.51,93.34,13.94
2010-07-19,24.57,26.82,23.12,91.64,7.23,10.77,93.2,14.29
2010-07-20,24.45,26.51,23.0,92.24,7.05,11.42,93.15,12.49
2010-07-21,24.1,25.32,22.96,94.0,6.52,27.0,93.25,10.01
2010-07-22,24.29,26.31,23.28,92.35,8.27,30.59,93.34,8.28
2010-07-23,23.89,25.03,23.2,94.07,7.65,24.45,93.4,9.3
2010-07-24,23.83,25.05,22.82,95.03,7.25,50.36,93.35,3.43
2010-07-25,23.45,24.49,22.73,95.2,8.21,71.06,93.18,7.25
2010-07-26,23.53,24.62,22.94,95.21,9.42,71.08,93.18,7.53
2010-07-27,24.08,26.69,22.66,92.45,9.01,29.37,93.3,13.1
2010-07-28,24.06,27.03,22.15,91.34,6.57,12.74,93.37,9.57
2010-07-29,23.23,25.29,22.09,93.83,5.58,15.85,93.37,8.88
2010-07-30,23.84,26.82,22.1,91.97,5.71,15.43,93.36,13.77
2010-07-31,23.67,25.62,22.46,93.79,7.2,24.3,93.44,8.48
2010-08-01,23.65,25.51,22.5,92.97,8.66,20.29,93.54,10.2
2010-08-02,23.53,25.19,22.46,94.09,8.92,24.52,93.42,10.58
2010-08-03,23.91,25.81,22.83,92.68,8.99,17.82,93.2,9.38
2010-08-04,23.45,26.1,22.0,91.88,7.4,2.58,93.29,14.52
2010-08-05,23.62,26.61,21.82,90.77,5.92,0.28,93.53,16.39
2010-08-06,23.11,25.32,21.5,92.95,5.39,14.39,93.64,9.73
2010-08-07,22.15,23.97,20.75,92.38,5.88,11.16,93.53,8.63
2010-08-08,23.49,26.47,21.43,90.67,6.69,2.68,93.48,16.22
2010-08-09,23.15,26.15,21.3,90.36,6.64,1.66,93.6,17.57
2010-08-10,23.81,27.52,21.22,89.16,5.56,1.38,93.62,16.33
2010-08-11,24.1,27.99,21.63,90.35,5.13,6.16,93.59,14.77
2010-08-12,23.94,27.29,21.98,92.31,4.62,7.07,93.48,11.64
2010-08-13,23.44,26.08,21.88,92.38,4.88,3.28,93.43,10.41
2010-08-14,23.31,26.39,21.31,90.54,3.11,2.86,93.46,15.29
2010-08-15,24.27,28.31,21.31,88.6,2.62,2.15,93.47,17.64
2010-08-16,23.61,26.09,21.73,91.44,2.19,16.72,93.54,14.06
2010-08-17,23.77,27.37,21.25,93.2,4.53,59.34,93.42,12.59
2010-08-18,22.95,24.07,21.79,94.86,5.28,20.8,93.42,10.26
2010-08-19,23.59,27.09,21.3,91.28,3.97,10.3,93.61,11.91
2010-08-20,23.46,26.43,21.42,91.69,3.39,5.27,93.75,8.6
2010-08-21,23.23,26.64,21.38,92.44,4.25,3.06,93.61,13.95
2010-08-22,23.34,27.06,20.77,90.2,3.96,1.6,93.62,14.03
2010-08-23,23.79,27.46,21.12,90.43,4.42,2.72,93.58,13.56
2010-08-24,24.11,27.17,22.07,90.85,4.15,3.53,93.43,10.38
2010-08-25,23.82,27.21,21.85,91.12,3.93,5.07,93.35,9.1
2010-08-26,23.14,25.47,21.27,93.12,3.54,30.67,93.4,12.79
2010-08-27,23.53,27.14,20.85,91.13,3.24,13.5,93.33,14.03
2010-08-28,24.07,27.34,21.84,92.6,3.96,28.81,93.3,14.42
2010-08-29,23.57,25.61,22.27,94.77,6.43,68.41,93.39,5.75
2010-08-30,23.09,25.52,21.76,94.19,8.02,45.34,93.33,5.74
2010-08-31,22.53,23.29,21.93,94.33,8.52,27.77,93.4,5.19
2010-09-01,23.39,26.32,21.88,92.29,7.17,11.86,93.61,13.2
2010-09-02,23.5,26.35,21.59,91.56,6.23,1.38,93.77,14.26
2010-09-03,23.05,25.5,21.5,92.64,5.49,0.98,93.63,13.95
2010-09-04,23.14,25.68,21.62,92.35,5.92,2.27,93.52,11.32
2010-09-05,23.44,25.81,22.07,93.27,5.67,5.24,93.66,9.15
2010-09-06,23.64,26.14,22.18,92.3,5.77,6.67,93.64,9.84
2010-09-07,23.36,26.16,21.7,92.08,5.62,5.62,93.47,11.27
2010-09-08,23.21,26.01,21.56,92.67,5.41,25.56,93.42,8.22
2010-09-09,21.42,23.62,19.81,92.3,4.72,8.29,93.54,9.09
2010-09-10,22.65,26.23,19.71,91.29,4.61,2.2,93.53,17.86
2010-09-11,22.95,26.64,20.15,91.16,4.19,0.31,93.63,17.46
2010-09-12,23.11,26.78,20.23,90.99,3.47,0.69,93.72,19.88
2010-09-13,22.76,25.96,20.26,91.37,2.72,0.8,93.65,18.85
2010-09-14,23.35,26.99,20.64,90.55,3.04,1.54,93.53,15.02
2010-09-15,23.24,26.66,20.91,90.77,3.2,0.66,93.55,16.94
2010-09-16,23.25,26.62,20.69,90.92,2.58,2.09,93.57,14.11
2010-09-17,23.09,25.64,21.26,91.94,3.26,9.44,93.55,15.02
2010-09-18,23.26,26.74,20.87,91.21,4.29,8.7,93.42,14.45
2010-09-19,24.07,28.36,21.12,88.65,2.29,3.99,93.39,18.71
2010-09-20,23.99,27.63,21.53,88.52,1.48,1.13,93.56,14.8
2010-09-21,24.1,28.16,21.35,87.64,1.49,12.57,93.77,19.69
2010-09-22,23.81,26.91,21.81,90.62,1.58,1.64,93.85,21.36
2010-09-23,24.41,28.46,21.32,89.13,1.81,0.08,93.77,19.87
2010-09-24,24.42,28.68,21.52,85.89,1.59,2.07,93.75,16.13
2010-09-25,24.24,29.0,20.16,85.07,1.54,1.21,93.79,19.76
2010-09-26,24.52,28.33,20.68,85.38,2.12,9.24,93.84,17.73
2010-09-27,24.61,28.23,21.48,86.84,2.43,17.46,93.86,18.96
2010-09-28,24.59,28.06,21.83,87.59,3.57,2.62,93.86,20.47
2010-09-29,24.67,28.14,21.57,85.89,2.64,23.21,93.9,20.85
2010-09-30,24.71,28.87,21.33,85.31,2.75,1.71,93.83,18.42
2010-10-01,23.59,28.76,19.59,80.6,3.86,0.01,93.74,22.2
2010-10-02,23.49,28.76,18.29,83.2,3.39,0.0,93.68,21.37
2010-10-03,23.57,27.24,20.61,89.94,2.42,7.51,93.7,19.65
2010-10-04,24.13,28.16,20.97,88.3,2.23,97.99,93.67,17.26
2010-10-05,24.31,28.83,20.69,86.8,2.46,34.64,93.58,16.99
2010-10-06,24.11,29.21,19.88,85.08,2.24,1.49,93.54,18.94
2010-10-07,24.29,30.05,19.38,79.32,2.17,0.0,93.5,21.04
2010-10-08,23.39,29.31,18.12,75.9,2.41,0.0,93.57,20.32
2010-10-09,23.36,28.49,19.85,77.97,2.08,0.0,93.59,20.34
2010-10-10,22.69,27.39,19.8,86.96,2.42,0.78,93.67,21.13
2010-10-11,22.36,26.47,19.14,88.42,2.29,3.67,93.86,15.35
2010-10-12,23.01,27.4,19.88,88.71,2.34,3.24,93.99,21.38
2010-10-13,23.9,27.96,20.94,81.98,1.19,2.46,93.97,19.23
2010-10-14,23.25,28.2,19.31,83.98,1.73,1.39,93.87,16.33
2010-10-15,23.42,28.1,20.28,85.95,2.42,1.08,93.81,15.57
2010-10-16,23.09,26.83,20.22,89.63,2.89,1.43,93.66,12.4
2010-10-17,23.22,26.39,20.48,90.72,2.82,16.84,93.46,12.29
2010-10-18,23.38,25.76,21.81,94.4,3.83,21.52,93.44,12.04
2010-10-19,22.88,25.66,21.33,93.1,4.87,10.22,93.56,15.83
2010-10-20,23.4,27.71,20.38,89.93,2.62,3.45,93.76,15.96
2010-10-21,23.59,27.73,20.17,92.17,2.54,1.64,93.58,16.46
2010-10-22,23.49,26.43,21.46,90.97,2.06,8.15,93.48,13.84
2010-10-23,23.66,27.74,20.78,89.51,2.27,2.55,93.6,14.19
2010-10-24,23.14,27.65,20.3,88.58,2.25,0.08,93.73,17.97
2010-10-25,23.28,27.49,19.75,82.21,2.16,0.0,93.84,9.73
2010-10-26,23.05,28.34,19.23,80.62,3.65,0.0,93.98,20.14
2010-10-27,22.44,27.92,18.39,80.13,3.79,0.0,94.11,20.2
2010-10-28,21.5,27.55,16.7,78.37,3.76,0.0,94.12,19.42
2010-10-29,21.11,27.4,16.31,76.01,3.84,0.0,94.09,18.67
2010-10-30,20.82,27.31,15.93,78.13,4.3,0.0,94.17,19.56
2010-10-31,21.02,27.06,17.14,78.97,4.68,0.0,94.12,19.8
2010-11-01,20.03,26.49,15.69,79.89,4.5,0.0,93.89,20.29
2010-11-02,20.85,27.1,15.03,81.54,3.9,0.0,93.88,20.14
2010-11-03,23.12,28.19,19.0,86.64,3.29,0.06,94.03,16.59
2010-11-04,23.83,28.17,20.06,83.5,2.57,1.43,94.06,15.15
2010-11-05,23.16,27.23,20.12,89.4,2.18,12.86,94.02,12.5
2010-11-06,22.31,24.94,19.73,92.22,2.0,2.16,93.87,16.25
2010-11-07,20.57,25.23,16.75,83.19,4.24,0.05,93.83,17.32
2010-11-08,22.51,27.26,18.81,88.33,5.47,1.97,93.73,10.73
2010-11-09,23.47,27.69,20.6,87.27,6.05,3.16,93.89,6.5
2010-11-10,23.51,28.59,19.55,86.61,2.13,0.12,94.16,15.2
2010-11-11,23.93,28.3,20.72,86.94,1.62,0.62,94.01,16.29
2010-11-12,22.92,26.34,20.85,91.24,1.83,0.16,93.81,16.83
2010-11-13,23.58,28.07,20.11,88.62,1.89,5.26,93.79,16.02
2010-11-14,23.63,27.44,20.17,86.57,2.3,5.81,94.07,16.55
2010-11-15,22.99,26.34,20.78,89.42,2.69,9.56,94.21,14.1
2010-11-16,22.66,26.5,20.04,85.02,2.93,1.85,94.0,16.04
2010-11-17,22.44,27.35,18.63,83.43,3.61,0.53,93.96,17.86
2010-11-18,22.96,27.55,19.63,85.9,3.36,0.19,94.04,15.68
2010-11-19,22.7,26.78,19.48,84.38,2.24,0.73,94.03,16.26
2010-11-20,22.18,26.53,18.68,87.96,1.79,0.78,93.85,16.36
2010-11-21,21.36,23.22,19.81,94.89,1.87,7.28,93.75,13.39
2010-11-22,21.78,25.62,18.7,87.65,1.62,3.74,93.72,14.41
2010-11-23,21.57,25.86,18.98,89.95,2.88,4.72,93.73,13.41
2010-11-24,21.89,26.77,18.37,87.26,2.07,2.99,93.92,13.42
2010-11-25,22.7,27.84,18.38,84.46,1.88,0.46,94.02,17.35
2010-11-26,22.72,26.46,19.93,86.32,2.05,0.0,93.95,16.76
2010-11-27,22.72,26.97,18.58,81.35,2.23,0.0,93.88,16.16
2010-11-28,21.48,27.41,16.28,75.83,3.04,0.0,93.96,17.77
2010-11-29,21.07,27.47,15.69,80.86,3.05,0.0,94.05,18.08
2010-11-30,21.8,27.34,17.39,77.73,3.21,0.0,93.97,17.69
2010-12-01,21.48,26.92,16.2,77.25,2.78,0.0,93.94,16.73
2010-12-02,21.14,27.0,15.86,80.83,2.66,0.0,93.96,15.88
2010-12-03,21.48,26.96,17.12,82.23,3.41,0.0,94.01,15.5
2010-12-04,21.17,26.42,17.09,80.63,3.27,0.0,93.9,14.02
2010-12-05,20.41,25.9,16.79,79.77,3.72,0.0,93.77,14.58
2010-12-06,18.53,24.64,14.24,76.25,4.14,0.0,93.83,15.75
2010-12-07,19.35,25.86,13.04,78.36,3.68,0.0,93.76,17.31
2010-12-08,21.16,26.8,16.66,83.85,3.15,0.0,93.69,16.4
2010-12-09,20.71,26.68,16.61,86.52,2.38,0.08,93.71,14.98
2010-12-10,18.98,25.17,14.68,84.33,2.24,0.01,93.77,16.5
2010-12-11,17.42,23.1,13.14,79.48,2.14,0.0,93.81,14.31
2010-12-12,15.96,21.82,11.86,83.91,1.93,0.0,93.75,16.2
2010-12-13,16.46,23.44,10.81,80.37,1.67,0.0,93.89,17.9
2010-12-14,17.52,25.53,10.81,72.47,2.68,0.0,93.98,17.75
2010-12-15,17.6,25.34,11.54,71.43,3.59,0.0,94.02,16.71
2010-12-16,17.03,24.6,10.88,67.81,3.18,0.0,94.06,16.97
2010-12-17,16.6,24.79,9.68,63.8,2.73,0.0,94.09,17.93
2010-12-18,15.89,24.76,9.65,63.43,3.87,0.0,94.12,18.52
2010-12-19,15.65,24.63,9.6,61.95,5.38,0.0,94.23,19.33
2010-12-20,15.7,25.08,8.79,62.65,4.59,0.0,94.37,18.76
2010-12-21,16.86,25.98,9.59,59.87,3.49,0.0,94.2,18.25
2010-12-22,16.76,25.72,9.05,62.1,2.5,0.0,93.94,17.45
2010-12-23,17.52,26.06,11.14,65.83,2.12,0.0,93.9,17.89
2010-12-24,17.84,26.29,10.61,67.14,1.77,0.0,93.98,17.67
2010-12-25,18.35,26.34,10.22,58.14,2.23,0.0,93.97,17.58
2010-12-26,17.61,25.7,10.09,67.91,2.65,0.0,93.97,17.28
2010-12-27,18.43,25.64,11.22,75.31,2.45,0.0,93.96,15.93
2010-12-28,18.85,25.78,12.61,76.87,2.87,0.0,93.99,14.66
2010-12-29,18.51,25.82,12.87,74.38,3.11,0.0,94.03,13.81
2010-12-30,18.12,25.89,12.11,77.31,2.28,0.0,94.01,14.05
2010-12-31,16.9,23.82,11.7,74.69,2.72,0.0,93.96,16.45
2011-01-01,16.88,24.62,9.95,77.41,2.18,0.0,93.87,17.01
2011-01-02,18.86,25.84,13.12,81.55,2.96,0.0,93.85,15.03
2011-01-03,19.91,26.51,14.7,78.92,3.96,0.0,93.96,14.33
2011-01-04,20.07,26.53,14.22,78.15,3.52,0.0,94.03,14.92
2011-01-05,19.87,26.17,14.71,74.1,2.95,0.0,94.0,14.08
2011-01-06,17.93,25.78,12.66,67.09,4.17,0.0,94.04,17.72
2011-01-07,16.48,25.69,9.65,53.8,3.81,0.0,94.04,19.05
2011-01-08,16.87,26.33,9.34,56.27,3.29,0.0,93.91,18.87
2011-01-09,17.44,26.98,9.69,56.08,3.33,0.0,93.95,18.64
2011-01-10,17.66,27.07,10.27,51.91,3.74,0.0,94.05,18.8
2011-01-11,17.6,26.99,9.19,53.02,2.75,0.0,94.05,19.35
2011-01-12,18.4,27.8,9.61,50.8,2.68,0.0,93.99,19.27
2011-01-13,19.12,28.28,10.2,49.95,2.57,0.0,94.0,19.43
2011-01-14,18.07,27.78,10.22,58.33,3.25,0.0,94.08,19.12
2011-01-15,18.2,27.97,10.44,60.06,2.56,0.0,94.16,19.27
2011-01-16,18.54,27.56,10.25,57.74,2.52,0.0,94.11,19.31
2011-01-17,18.5,27.86,10.88,60.12,2.91,0.0,94.04,19.51
2011-01-18,19.37,28.4,12.69,55.12,2.31,0.0,94.06,19.58
2011-01-19,18.9,28.76,10.55,52.59,2.8,0.0,94.0,19.76
2011-01-20,19.76,29.57,12.14,57.28,3.01,0.0,94.11,20.07
2011-01-21,19.4,28.92,11.62,48.56,3.38,0.0,94.16,20.25
2011-01-22,19.36,28.87,10.95,49.55,2.81,0.0,94.23,20.13
2011-01-23,19.73,28.89,11.13,50.28,2.52,0.0,94.29,19.91
2011-01-24,20.04,28.87,11.67,50.68,2.61,0.0,94.27,19.63
2011-01-25,19.65,29.12,12.08,57.52,2.92,0.0,94.24,19.56
2011-01-26,20.04,29.28,11.95,55.71,3.05,0.0,94.3,20.01
2011-01-27,20.48,29.8,13.3,56.74,3.37,0.0,94.32,20.29
2011-01-28,19.86,29.29,12.65,56.97,3.23,0.0,94.22,20.31
2011-01-29,19.97,29.58,12.66,52.06,2.38,0.0,94.14,20.59
2011-01-30,19.23,29.02,11.21,55.88,2.91,0.0,94.17,20.46
2011-01-31,20.66,29.89,12.46,53.28,3.07,0.0,94.18,20.25
2011-02-01,21.1,29.53,13.47,56.81,2.67,0.0,94.24,20.08
2011-02-02,21.59,30.19,13.62,52.61,2.9,0.0,94.24,19.96
2011-02-03,21.41,30.02,13.82,48.14,3.63,0.0,94.24,20.24
2011-02-04,21.03,30.03,13.8,51.5,3.32,0.0,94.23,20.09
2011-02-05,21.13,30.77,12.51,45.03,3.08,0.0,94.07,21.34
2011-02-06,21.16,31.17,12.49,47.29,3.29,0.0,94.04,21.55
2011-02-07,20.85,30.51,13.5,50.21,2.54,0.0,94.01,21.56
2011-02-08,19.94,30.2,11.93,52.77,2.95,0.0,93.82,21.0
2011-02-09,20.08,30.32,12.51,55.46,2.92,0.0,93.73,21.21
2011-02-10,20.67,31.25,12.4,51.32,2.69,0.0,93.88,21.26
2011-02-11,22.17,31.16,13.47,44.37,2.47,0.0,94.03,21.54
2011-02-12,22.58,31.32,14.33,44.85,2.13,0.0,93.99,19.06
2011-02-13,22.17,31.18,16.18,48.73,2.16,0.0,93.88,20.8
2011-02-14,21.12,30.31,14.57,54.8,2.68,0.0,93.8,20.77
2011-02-15,19.89,28.6,13.84,72.01,3.1,0.0,93.89,21.33
2011-02-16,19.46,26.19,14.58,75.27,3.28,0.0,94.02,16.84
2011-02-17,19.02,27.61,12.68,65.92,2.44,0.0,94.06,22.88
2011-02-18,19.24,28.82,12.69,61.34,2.91,0.0,93.97,22.57
2011-02-19,19.47,29.79,11.86,57.34,2.88,0.0,94.07,22.73
2011-02-20,19.05,28.67,11.87,48.63,3.53,0.0,94.14,22.74
2011-02-21,20.88,30.98,11.4,42.26,3.71,0.0,94.1,22.34
2011-02-22,22.45,31.69,13.46,47.55,3.28,0.0,94.06,20.68
2011-02-23,23.85,30.84,19.16,50.5,2.34,0.0,94.13,18.06
2011-02-24,22.79,30.91,17.44,50.32,2.5,0.0,94.07,20.84
2011-02-25,21.62,30.68,15.15,50.58,2.5,0.0,93.9,23.08
2011-02-26,21.87,31.85,13.04,41.23,2.36,0.0,93.89,23.76
2011-02-27,24.41,32.75,15.3,47.0,2.47,0.0,94.02,20.74
2011-02-28,26.26,32.81,20.78,51.47,2.65,0.4,94.06,19.67
2011-03-01,25.72,32.94,20.49,53.65,3.12,0.0,94.01,19.6
2011-03-02,26.21,34.1,19.71,44.58,2.34,0.0,93.97,20.62
2011-03-03,26.08,34.6,19.9,41.11,3.29,0.2,93.98,20.83
2011-03-04,25.93,34.98,19.27,42.97,3.03,0.02,93.94,21.51
2011-03-05,26.19,35.14,18.73,42.71,2.7,0.0,93.96,21.41
2011-03-06,26.73,36.16,18.72,37.7,2.9,0.0,94.09,22.41
2011-03-07,27.04,36.92,18.63,37.09,3.03,0.0,94.2,23.79
2011-03-08,26.78,36.69,18.47,34.99,3.25,0.0,94.05,22.98
2011-03-09,25.19,34.6,17.56,33.88,3.47,0.0,94.02,24.65
2011-03-10,23.59,34.73,14.94,35.52,3.0,0.0,93.99,25.6
2011-03-11,24.0,35.37,14.19,29.41,2.97,0.0,93.91,25.67
2011-03-12,24.64,35.6,15.68,27.5,3.77,0.0,93.92,25.27
2011-03-13,25.29,36.25,16.04,26.78,3.38,0.0,93.98,25.44
2011-03-14,26.16,36.24,18.03,27.71,2.8,0.0,93.93,25.12
2011-03-15,26.32,37.08,16.58,24.38,3.6,0.0,93.87,25.8
2011-03-16,26.2,37.0,17.78,21.02,4.8,0.0,93.81,25.77
2011-03-17,27.12,37.43,16.97,20.49,3.43,0.0,93.83,25.46
2011-03-18,27.31,37.39,20.25,28.09,2.09,0.0,93.79,24.98
2011-03-19,26.33,36.62,18.73,41.46,2.95,0.0,93.72,24.9
2011-03-20,25.46,36.03,17.59,42.0,3.44,0.0,93.75,25.55
2011-03-21,24.87,34.87,17.27,46.73,3.3,0.0,93.91,25.27
2011-03-22,24.75,35.67,16.22,52.21,3.22,0.0,93.94,25.86
2011-03-23,25.28,36.09,16.72,41.72,3.17,0.0,93.91,25.29
2011-03-24,25.58,35.8,16.91,40.66,3.19,0.0,93.91,21.11
2011-03-25,25.79,35.8,17.82,44.36,3.17,0.0,93.94,25.5
2011-03-26,27.23,36.79,18.41,38.27,2.81,0.0,93.96,23.45
2011-03-27,28.46,37.95,20.68,32.57,3.27,0.0,93.95,24.46
2011-03-28,28.28,38.69,19.57,33.76,2.92,0.0,93.89,25.02
2011-03-29,27.87,38.23,18.84,27.86,4.2,0.0,93.94,25.57
2011-03-30,27.94,38.01,19.13,23.46,4.14,0.0,94.0,25.53
2011-03-31,27.68,37.35,20.0,24.7,4.46,0.0,94.03,26.07
2011-04-01,25.85,35.78,18.43,34.17,4.04,0.0,94.02,26.81
2011-04-02,24.67,35.67,15.58,49.65,3.2,0.0,93.94,27.16
2011-04-03,24.58,34.43,16.98,55.94,3.56,0.0,93.96,26.72
2011-04-04,24.99,34.97,16.51,50.16,2.82,0.0,93.91,27.06
2011-04-05,26.0,36.84,17.36,40.63,2.5,0.0,93.91,26.98
2011-04-06,26.62,38.17,17.58,46.4,3.11,0.0,93.92,26.4
2011-04-07,26.8,37.13,18.12,48.82,3.34,0.0,93.99,25.39
2011-04-08,27.91,37.61,19.23,51.5,2.54,0.05,94.03,24.19
2011-04-09,28.67,37.95,21.45,43.67,2.15,0.0,94.05,24.17
2011-04-10,28.9,37.54,21.18,42.84,2.55,0.0,94.08,21.83
2011-04-11,28.91,36.67,22.99,43.19,2.5,0.0,94.02,22.05
2011-04-12,29.69,37.75,23.66,40.21,2.79,0.29,93.9,22.63
2011-04-13,29.62,38.45,22.91,45.51,2.9,0.08,93.93,23.12
2011-04-14,28.32,38.42,20.5,49.31,3.34,0.0,93.81,25.68
2011-04-15,28.38,37.91,20.58,52.08,3.3,0.0,93.73,26.64
2011-04-16,29.15,38.54,21.85,53.29,3.72,0.0,93.79,25.12
2011-04-17,29.59,39.13,21.75,46.04,3.46,0.0,93.86,24.21
2011-04-18,29.06,37.55,22.16,49.02,2.94,0.0,93.76,26.35
2011-04-19,29.04,38.85,21.24,46.42,3.52,0.0,93.63,26.2
2011-04-20,28.31,38.32,20.5,49.8,3.1,0.0,93.67,26.16
2011-04-21,28.45,38.44,20.36,47.96,3.21,0.0,93.7,26.17
2011-04-22,28.29,38.31,20.35,51.08,3.45,0.0,93.69,26.57
2011-04-23,29.55,38.81,20.5,42.86,2.43,0.0,93.6,24.4
2011-04-24,29.29,36.96,23.58,43.39,2.32,6.47,93.69,22.51
2011-04-25,28.19,36.72,21.67,52.37,2.0,9.37,93.69,24.22
2011-04-26,28.49,38.4,19.94,48.5,2.33,0.0,93.67,26.21
2011-04-27,28.75,39.28,20.26,49.98,2.69,0.0,93.59,25.95
2011-04-28,28.83,39.47,20.69,55.86,2.99,0.0,93.46,25.67
2011-04-29,29.1,39.4,22.13,56.51,4.16,0.0,93.54,24.48
2011-04-30,29.75,39.9,21.51,52.0,3.26,0.0,93.59,24.67
2011-05-01,29.97,39.64,22.95,53.33,3.61,0.05,93.7,24.11
2011-05-02,29.35,38.25,22.72,51.72,3.94,0.04,93.76,24.81
2011-05-03,28.35,37.76,21.25,53.76,4.79,0.0,93.76,26.45
2011-05-04,27.8,36.52,21.47,57.7,5.16,0.0,93.86,27.64
2011-05-05,27.48,37.03,19.43,55.93,4.15,0.0,93.84,28.12
2011-05-06,27.67,36.79,20.93,56.25,4.69,0.0,93.79,27.47
2011-05-07,26.83,35.54,21.07,58.49,5.21,0.0,93.79,26.07
2011-05-08,27.85,37.33,20.7,57.8,4.02,0.0,93.64,25.16
2011-05-09,28.24,36.74,22.89,56.81,4.82,0.0,93.69,25.01
2011-05-10,27.93,35.98,22.17,54.88,4.43,0.0,93.74,24.83
2011-05-11,27.69,37.1,21.17,52.58,4.84,0.0,93.77,26.32
2011-05-12,27.56,37.34,20.29,57.17,4.76,0.0,93.76,27.18
2011-05-13,28.19,37.89,21.26,55.54,4.96,0.0,93.75,27.27
2011-05-14,28.72,38.85,21.79,56.65,4.56,0.0,93.73,25.76
2011-05-15,29.12,38.09,21.61,50.2,4.33,0.0,93.83,26.22
2011-05-16,28.69,36.17,21.96,48.24,3.16,0.0,94.01,9.8
2011-05-17,29.35,38.23,22.82,42.84,4.84,0.03,93.94,22.39
2011-05-18,27.73,34.27,21.36,53.39,3.81,0.0,93.88,18.76
2011-05-19,28.83,37.25,22.79,53.64,4.67,0.0,93.79,25.59
2011-05-20,27.41,35.45,21.69,62.37,5.81,0.0,93.64,26.74
2011-05-21,27.22,33.69,23.02,68.61,6.78,0.0,93.57,21.66
2011-05-22,27.25,33.37,23.04,71.2,5.94,0.17,93.67,23.38
2011-05-23,27.89,34.3,23.41,68.47,4.68,0.03,93.79,24.63
2011-05-24,28.2,34.93,23.53,65.55,4.4,0.0,93.78,26.46
2011-05-25,28.94,37.32,23.36,61.14,4.29,0.15,93.65,27.18
2011-05-26,27.35,32.09,23.55,62.84,3.28,2.4,93.73,22.87
2011-05-27,28.77,36.09,23.56,60.73,3.88,2.06,93.69,22.11
2011-05-28,28.79,36.55,23.44,59.38,4.69,0.45,93.66,24.57
2011-05-29,29.02,37.12,23.49,62.49,5.14,0.4,93.68,24.97
2011-05-30,28.84,36.0,23.99,64.06,5.6,0.05,93.68,23.79
2011-05-31,27.68,33.43,24.0,68.31,5.3,0.0,93.53,24.1
2011-06-01,26.68,30.79,23.53,71.57,4.0,0.0,93.44,24.03
2011-06-02,26.39,31.51,22.26,64.39,2.92,16.38,93.53,21.15
2011-06-03,25.37,31.44,20.76,76.04,2.22,51.28,93.51,13.45
2011-06-04,25.21,28.73,22.25,88.4,2.67,65.48,93.24,13.4
2011-06-05,24.71,26.74,23.0,91.06,5.27,39.64,93.09,11.71
2011-06-06,26.73,30.95,24.1,82.46,4.84,7.12,93.19,9.97
2011-06-07,25.39,28.26,23.38,86.15,6.9,1.36,93.2,20.27
2011-06-08,24.44,26.89,23.09,87.92,8.3,5.17,93.1,17.67
2011-06-09,24.46,26.2,22.69,91.2,8.89,0.21,92.99,7.5
2011-06-10,23.78,26.38,22.12,89.25,7.81,0.0,93.18,6.48
2011-06-11,23.81,27.5,21.92,84.98,6.07,0.0,93.35,6.18
2011-06-12,24.87,29.31,21.61,79.73,6.5,0.0,93.51,12.4
2011-06-13,25.73,30.13,22.93,81.88,7.02,3.57,93.57,16.56
2011-06-14,24.72,29.38,22.07,82.43,6.15,7.19,93.62,12.52
2011-06-15,24.64,27.57,22.68,83.77,7.37,8.59,93.59,15.54
2011-06-16,24.38,27.38,22.45,84.22,8.78,14.95,93.53,12.43
2011-06-17,24.93,28.04,22.85,86.29,7.8,10.15,93.33,11.87
2011-06-18,24.91,28.95,22.33,83.38,8.26,1.33,93.39,15.41
2011-06-19,25.01,28.97,22.58,83.63,7.46,0.45,93.35,13.94
2011-06-20,24.9,28.65,22.58,84.43,7.59,3.93,93.44,11.87
2011-06-21,24.78,27.98,22.62,84.82,7.39,1.68,93.52,11.88
2011-06-22,25.11,28.78,23.04,84.81,7.79,3.34,93.37,13.06
2011-06-23,25.31,29.49,22.77,83.37,7.95,1.0,93.35,16.73
2011-06-24,24.98,28.46,22.76,84.3,7.41,0.76,93.4,14.11
2011-06-25,24.75,27.39,22.79,85.49,7.23,4.07,93.34,10.83
2011-06-26,24.88,28.44,23.1,85.83,8.26,6.45,93.3,6.81
2011-06-27,24.87,27.86,23.04,85.7,8.56,10.19,93.29,12.56
2011-06-28,24.54,27.45,23.02,87.6,8.52,12.36,93.28,10.39
2011-06-29,24.83,28.07,22.95,85.35,7.55,3.62,93.39,12.29
2011-06-30,25.0,28.82,22.55,83.97,5.62,0.7,93.53,15.49
2011-07-01,25.14,29.23,22.58,83.42,5.38,0.98,93.53,16.44
2011-07-02,25.35,29.49,22.91,82.79,6.16,8.47,93.47,16.16
2011-07-03,24.55,27.4,22.79,85.97,5.88,4.08,93.5,12.12
2011-07-04,24.8,28.43,22.25,84.37,4.3,7.43,93.61,14.49
2011-07-05,24.29,28.23,21.82,82.65,3.99,4.93,93.52,20.18
2011-07-06,22.64,26.02,20.75,83.15,3.57,12.79,93.38,9.15
2011-07-07,22.63,25.61,20.81,87.58,4.81,14.84,93.35,10.46
2011-07-08,23.01,25.46,21.08,90.11,6.76,32.25,93.63,9.42
2011-07-09,24.06,27.06,21.99,88.43,7.1,21.49,93.66,11.65
2011-07-10,24.61,28.17,22.14,85.38,6.65,7.65,93.62,14.35
2011-07-11,24.25,27.55,21.89,86.4,7.26,13.4,93.53,15.68
2011-07-12,24.31,28.0,21.86,85.86,6.44,15.77,93.33,10.57
2011-07-13,23.61,26.13,22.09,89.28,7.12,31.14,93.25,6.91
2011-07-14,23.1,25.59,21.43,89.13,7.0,26.91,93.17,8.59
2011-07-15,24.04,28.23,21.47,87.83,5.78,8.99,93.11,11.69
2011-07-16,24.19,27.4,22.43,90.19,6.94,34.75,93.04,9.64
2011-07-17,23.8,25.87,22.35,91.9,7.41,43.89,93.01,7.34
2011-07-18,23.99,25.11,23.15,94.18,8.07,47.74,93.1,5.49
2011-07-19,23.94,24.94,22.79,95.27,7.91,48.76,93.24,5.94
2011-07-20,23.77,25.69,22.35,92.49,7.79,22.9,93.32,9.2
2011-07-21,23.37,25.41,22.2,91.58,7.37,2.27,93.41,12.0
2011-07-22,23.55,26.1,22.18,91.49,7.02,2.24,93.42,10.21
2011-07-23,23.63,26.48,22.03,90.82,6.49,4.89,93.3,12.84
2011-07-24,24.09,27.94,21.53,87.97,5.2,2.24,93.25,11.07
2011-07-25,23.89,27.93,21.38,87.39,4.1,4.93,93.33,14.8
2011-07-26,23.11,26.71,20.52,89.64,4.28,15.1,93.43,15.32
2011-07-27,22.86,26.04,21.11,90.51,5.7,6.02,93.54,11.1
2011-07-28,22.81,25.97,20.97,90.74,5.82,38.99,93.51,12.3
2011-07-29,23.13,25.15,21.39,91.97,5.58,40.21,93.47,10.58
2011-07-30,23.42,25.32,22.65,94.19,6.3,42.89,93.4,10.34
2011-07-31,22.87,24.21,21.49,94.91,6.81,26.1,93.4,8.58
2011-08-01,22.33,23.8,20.85,94.41,6.99,16.64,93.48,8.52
2011-08-02,23.68,26.19,22.33,91.98,6.99,14.37,93.37,10.5
2011-08-03,23.23,25.65,21.73,92.61,5.86,3.75,93.3,11.89
2011-08-04,23.32,26.26,21.33,91.74,6.68,4.56,93.34,10.12
2011-08-05,23.87,27.2,21.92,90.05,7.14,5.2,93.33,11.81
2011-08-06,23.51,25.86,21.88,91.45,7.03,2.72,93.28,12.69
2011-08-07,23.59,26.29,22.06,91.41,6.89,1.15,93.28,10.8
2011-08-08,23.82,27.19,21.62,89.61,7.32,1.82,93.25,10.76
2011-08-09,23.51,26.73,21.7,90.1,7.65,1.93,93.27,9.0
2011-08-10,23.8,27.32,21.86,88.99,7.56,2.56,93.42,12.33
2011-08-11,23.72,26.93,21.9,89.31,8.29,2.25,93.43,12.51
2011-08-12,23.56,26.73,21.59,89.67,8.06,6.33,93.24,10.13
2011-08-13,23.22,25.75,21.74,92.12,6.42,3.4,93.19,9.56
2011-08-14,23.43,26.16,21.98,90.96,6.39,4.61,93.42,9.6
2011-08-15,23.84,27.39,21.8,89.66,5.88,1.93,93.56,13.4
2011-08-16,23.77,27.31,21.55,89.2,5.35,2.08,93.58,13.88
2011-08-17,23.9,27.39,21.79,88.16,5.22,2.17,93.52,14.12
2011-08-18,23.38,26.78,21.38,90.7,4.26,12.19,93.55,12.82
2011-08-19,23.17,26.28,21.0,89.98,3.38,3.15,93.53,15.73
2011-08-20,23.59,27.19,20.93,88.89,3.35,3.17,93.53,16.44
2011-08-21,23.45,26.76,21.24,88.35,3.01,3.31,93.51,12.55
2011-08-22,23.7,27.4,20.9,88.0,2.74,4.24,93.57,15.54
2011-08-23,23.06,25.91,21.1,91.82,3.42,2.19,93.6,12.92
2011-08-24,22.42,25.3,20.52,92.92,3.8,8.8,93.52,10.53
2011-08-25,22.78,25.85,20.42,90.97,4.63,7.61,93.58,6.54
2011-08-26,23.17,25.16,21.79,92.26,5.38,21.61,93.62,9.03
2011-08-27,22.46,23.89,21.43,94.04,6.72,55.91,93.54,6.64
2011-08-28,22.86,24.56,21.67,94.46,7.95,50.18,93.39,6.37
2011-08-29,23.21,25.18,22.19,93.94,8.36,55.55,93.3,3.87
2011-08-30,23.43,26.22,21.52,92.02,6.92,15.16,93.27,12.77
2011-08-31,23.92,27.54,21.69,92.12,4.93,4.28,93.17,14.73
2011-09-01,23.59,25.51,22.44,94.33,5.29,17.69,93.14,11.39
2011-09-02,23.69,25.4,22.67,94.25,5.87,29.26,93.16,10.34
2011-09-03,23.19,25.04,21.64,94.35,7.36,83.38,93.09,3.2
2011-09-04,23.65,25.31,22.33,94.4,7.5,22.96,93.24,11.72
2011-09-05,23.29,25.89,21.47,91.86,7.48,5.16,93.46,11.09
2011-09-06,23.42,25.77,21.99,92.82,8.15,13.83,93.46,8.39
2011-09-07,23.38,25.89,21.86,92.44,7.28,9.17,93.46,9.17
2011-09-08,23.34,26.41,21.68,91.84,5.71,1.99,93.48,16.15
2011-09-09,23.28,26.75,21.26,90.88,5.12,0.3,93.62,14.74
2011-09-10,23.33,26.92,21.16,91.26,4.77,1.17,93.64,12.32
2011-09-11,23.3,26.52,21.38,91.17,4.95,6.27,93.47,10.69
2011-09-12,23.24,26.84,21.05,90.64,4.7,3.12,93.4,10.97
2011-09-13,23.29,27.18,20.28,90.37,3.6,4.45,93.44,16.93
2011-09-14,23.64,27.49,21.0,91.42,3.22,6.26,93.45,15.83
2011-09-15,23.31,26.19,21.31,92.17,3.52,13.12,93.46,12.2
2011-09-16,23.1,26.77,20.59,90.66,3.83,1.22,93.57,17.35
2011-09-17,22.81,25.77,20.89,91.32,3.97,0.75,93.65,14.0
2011-09-18,22.72,26.33,20.14,90.41,3.6,1.15,93.74,14.22
2011-09-19,22.64,26.87,19.68,89.08,3.26,0.5,93.88,18.92
2011-09-20,22.67,26.9,19.43,89.79,3.5,2.87,93.94,15.68
2011-09-21,21.91,25.66,19.46,90.15,3.27,2.54,93.85,12.71
2011-09-22,21.68,25.9,18.3,89.25,3.09,1.36,93.81,21.6
2011-09-23,21.76,25.9,18.68,88.23,2.78,0.91,93.79,20.62
2011-09-24,22.07,25.84,19.26,88.91,2.62,0.15,93.85,20.21
2011-09-25,22.4,26.77,19.4,87.58,2.43,0.01,93.97,21.36
2011-09-26,22.16,27.26,18.99,85.82,2.44,0.0,94.06,23.79
2011-09-27,22.26,27.97,18.37,84.18,2.0,0.0,93.97,23.79
2011-09-28,22.62,27.25,19.33,87.03,1.68,28.13,93.91,20.76
2011-09-29,23.27,27.92,19.57,85.72,1.46,23.31,93.89,20.5
2011-09-30,23.54,28.7,19.37,82.78,1.4,8.68,93.92,15.69
2011-10-01,23.53,26.7,20.18,85.64,1.32,3.24,93.91,17.4
2011-10-02,23.23,26.96,20.57,89.47,2.43,9.68,93.9,13.02
2011-10-03,22.87,27.18,20.1,88.79,2.84,1.03,93.91,20.12
2011-10-04,21.82,24.96,19.32,89.12,2.73,0.05,93.9,17.43
2011-10-05,23.47,28.24,19.96,83.4,2.4,0.0,93.97,18.17
2011-10-06,23.29,28.86,18.06,81.19,2.29,0.62,94.12,20.02
2011-10-07,23.86,29.36,18.92,81.98,2.0,0.84,94.04,19.57
2011-10-08,23.65,28.0,19.9,84.5,1.74,8.17,94.04,17.22
2011-10-09,23.85,28.64,20.48,82.58,2.27,5.33,94.04,19.94
2011-10-10,23.86,29.17,19.18,81.94,2.82,0.34,94.04,20.74
2011-10-11,23.04,26.56,20.37,88.66,2.72,62.31,94.08,16.36
2011-10-12,22.57,25.65,20.38,89.9,2.93,22.8,94.06,15.4
2011-10-13,23.52,28.05,19.9,85.5,2.32,6.42,93.92,15.78
2011-10-14,24.51,29.16,20.17,86.46,2.12,1.3,93.86,18.05
2011-10-15,23.64,27.02,21.63,90.96,2.05,25.33,93.84,14.7
2011-10-16,23.52,26.52,20.8,86.81,1.65,20.76,93.86,17.41
2011-10-17,24.12,28.52,20.34,82.49,2.67,3.31,93.85,18.99
2011-10-18,24.18,29.07,20.35,82.06,2.4,1.46,93.94,10.3
2011-10-19,23.87,28.62,20.14,82.99,1.83,0.96,93.81,18.99
2011-10-20,23.7,27.54,20.32,79.59,1.53,0.34,93.82,19.71
2011-10-21,22.35,28.68,17.28,74.94,2.47,0.0,93.87,22.19
2011-10-22,20.95,28.23,15.2,69.72,3.9,0.0,93.91,21.32
2011-10-23,21.24,28.23,15.96,72.59,3.55,0.0,94.03,20.62
2011-10-24,20.43,27.23,15.37,73.0,3.85,0.0,94.05,20.93
2011-10-25,20.99,27.81,15.23,76.78,4.37,0.0,93.97,19.97
2011-10-26,21.83,27.75,18.27,79.42,5.16,0.0,94.02,19.3
2011-10-27,22.53,27.66,18.41,84.02,4.32,0.0,94.05,15.91
2011-10-28,23.27,27.64,20.4,85.59,3.89,0.01,94.01,15.89
2011-10-29,22.93,26.17,20.2,84.43,3.47,2.58,94.0,12.75
2011-10-30,22.96,27.46,19.42,83.34,3.04,1.15,93.9,16.08
2011-10-31,22.39,28.08,18.21,77.39,3.66,0.0,93.91,18.9
2011-11-01,21.69,27.81,16.94,76.93,3.89,0.0,93.99,20.02
2011-11-02,21.55,27.62,16.76,77.08,3.9,0.0,93.92,18.62
2011-11-03,21.61,27.76,16.96,76.84,3.55,0.0,93.92,17.33
2011-11-04,21.54,27.66,16.31,78.64,3.58,0.0,93.99,18.59
2011-11-05,22.14,28.15,17.16,76.59,3.55,0.0,94.1,18.41
2011-11-06,21.86,28.23,16.14,69.62,3.35,0.0,94.1,18.48
2011-11-07,21.85,28.27,14.88,65.04,2.57,0.0,94.15,19.0
2011-11-08,21.45,27.79,15.2,65.94,2.49,0.0,94.17,19.19
2011-11-09,20.56,27.63,14.98,70.88,3.49,0.0,94.13,19.29
2011-11-10,20.47,27.41,14.46,65.7,3.15,0.0,94.14,19.33
2011-11-11,20.76,28.15,14.26,67.56,2.89,0.0,94.13,19.05
2011-11-12,21.0,28.21,15.05,68.62,2.98,0.0,94.11,18.86
2011-11-13,21.34,28.41,15.01,67.91,2.91,0.0,94.12,18.33
2011-11-14,21.41,28.14,15.39,70.42,3.04,0.0,94.16,17.42
2011-11-15,21.15,27.88,15.71,74.01,3.48,0.0,94.23,16.61
2011-11-16,20.24,27.03,15.02,68.81,4.0,0.0,94.22,17.34
2011-11-17,18.84,26.67,12.4,60.86,3.79,0.0,94.22,19.92
2011-11-18,18.87,27.1,12.58,61.68,3.95,0.0,94.21,19.92
2011-11-19,19.12,27.71,12.58,62.31,4.05,0.0,94.19,19.51
2011-11-20,19.63,28.37,13.31,62.79,4.26,0.0,94.27,19.66
2011-11-21,19.47,27.79,13.68,65.06,4.55,0.0,94.3,19.28
2011-11-22,18.89,26.84,12.91,64.95,4.05,0.0,94.22,19.05
2011-11-23,18.51,26.47,12.51,66.3,4.54,0.0,94.12,18.29
2011-11-24,18.98,26.52,13.59,72.27,4.59,0.0,94.15,16.51
2011-11-25,19.36,26.97,13.85,69.76,4.82,0.0,94.07,15.68
2011-11-26,20.8,27.56,15.01,75.33,4.69,0.0,93.95,15.37
2011-11-27,22.4,28.46,18.17,75.84,5.09,0.0,93.85,16.4
2011-11-28,22.53,27.47,19.04,78.22,4.76,0.16,93.84,9.45
2011-11-29,23.18,28.59,18.48,77.82,3.93,0.74,93.88,15.17
2011-11-30,23.32,29.49,18.24,75.35,2.62,0.0,93.99,17.57
2011-12-01,22.29,29.19,16.6,75.94,2.54,0.0,94.01,14.82
2011-12-02,21.43,28.97,15.6,66.55,3.03,0.0,93.96,17.9
2011-12-03,21.13,29.56,13.24,53.14,3.11,0.0,93.82,18.34
2011-12-04,21.91,29.76,15.04,63.74,2.42,0.0,93.91,17.73
2011-12-05,21.84,29.64,15.83,70.83,2.12,0.0,94.01,17.03
2011-12-06,21.53,29.27,15.24,69.82,2.24,0.0,94.02,16.69
2011-12-07,20.84,28.39,14.45,62.95,3.08,0.0,94.09,16.33
2011-12-08,20.24,27.71,13.67,57.92,3.18,0.0,94.08,17.3
2011-12-09,19.76,27.88,12.32,58.25,3.0,0.0,94.11,17.97
2011-12-10,20.11,28.88,12.97,60.0,2.84,0.0,94.12,17.0
2011-12-11,19.67,28.64,12.65,60.93,2.56,0.0,94.08,17.76
2011-12-12,19.9,28.46,12.51,62.47,3.15,0.0,94.12,16.62
2011-12-13,20.4,28.09,14.3,63.73,3.75,0.0,94.19,15.05
2011-12-14,19.49,26.55,13.49,60.23,3.43,0.0,94.25,15.89
2011-12-15,19.26,27.16,12.87,55.68,3.37,0.0,94.27,16.85
2011-12-16,18.91,27.3,11.79,51.63,3.64,0.0,94.24,17.66
2011-12-17,18.88,27.37,11.1,53.53,3.21,0.0,94.24,17.52
2011-12-18,19.16,27.33,11.73,57.49,3.12,0.0,94.26,17.93
2011-12-19,19.32,27.36,12.77,61.4,3.28,0.0,94.24,15.71
2011-12-20,19.93,27.04,13.46,55.87,2.92,0.0,94.17,15.93
2011-12-21,19.42,27.34,12.29,51.83,3.36,0.0,94.15,16.61
2011-12-22,18.39,26.73,11.34,51.53,3.68,0.0,94.13,17.13
2011-12-23,18.6,27.2,11.29,52.12,3.39,0.0,94.08,14.75
2011-12-24,18.78,27.8,10.76,51.02,2.88,0.0,94.06,17.16
2011-12-25,18.46,28.1,10.74,48.96,3.1,0.0,94.11,17.57
2011-12-26,18.11,28.12,11.0,55.2,2.75,0.0,94.14,18.06
2011-12-27,17.38,27.76,10.36,52.1,2.68,0.0,94.11,18.0
2011-12-28,16.87,27.49,8.47,49.24,2.65,0.0,94.14,17.54
2011-12-29,17.79,27.35,9.43,51.46,2.95,0.0,94.17,16.51
2011-12-30,18.81,28.12,10.67,50.25,3.2,0.0,94.17,17.23
2011-12-31,21.18,29.42,14.9,71.89,3.56,0.0,94.07,17.21
2012-01-01,21.2,28.53,16.0,74.6,3.16,0.0,94.01,15.14
2012-01-02,20.17,28.97,13.81,67.53,2.67,0.0,94.06,16.89
2012-01-03,20.58,28.67,15.71,64.51,2.3,0.0,94.1,17.67
2012-01-04,20.57,29.32,15.39,61.4,1.99,0.0,94.13,18.17
2012-01-05,19.99,30.13,12.28,52.74,2.99,0.0,94.24,17.62
2012-01-06,19.95,29.05,13.82,55.01,2.85,0.0,94.32,18.35
2012-01-07,19.24,27.71,14.54,52.78,2.62,0.0,94.39,19.21
2012-01-08,17.6,26.49,11.62,60.2,3.02,0.0,94.39,19.01
2012-01-09,15.62,26.13,7.69,46.82,3.23,0.0,94.27,19.32
2012-01-10,16.62,26.35,8.49,48.63,3.13,0.0,94.22,18.41
2012-01-11,17.68,26.95,11.12,47.35,4.59,0.0,94.29,18.09
2012-01-12,17.6,26.65,11.29,41.37,4.85,0.0,94.34,18.84
2012-01-13,17.47,26.63,10.28,41.0,4.1,0.0,94.39,18.43
2012-01-14,18.07,26.82,9.87,37.38,3.18,0.0,94.28,18.66
2012-01-15,18.03,27.95,9.49,42.56,2.64,0.0,94.11,19.15
2012-01-16,18.24,28.51,10.67,49.26,2.72,0.0,93.99,19.58
2012-01-17,17.9,27.88,11.28,58.51,2.85,0.0,93.91,19.76
2012-01-18,16.49,24.88,10.74,80.23,3.29,0.0,93.89,19.02
2012-01-19,15.79,24.18,9.9,76.92,2.61,0.0,93.93,19.1
2012-01-20,16.4,26.23,8.74,64.23,2.44,0.0,94.01,20.21
2012-01-21,17.31,28.7,8.51,51.4,3.59,0.0,94.01,19.33
2012-01-22,18.33,26.93,12.59,69.47,2.49,0.0,94.13,17.49
2012-01-23,18.34,28.13,11.05,70.53,2.65,0.0,94.16,18.06
2012-01-24,19.35,28.47,12.45,56.41,2.9,0.0,94.09,16.74
2012-01-25,19.62,28.35,13.88,58.13,3.13,0.0,94.02,17.69
2012-01-26,18.34,26.93,11.69,60.66,2.45,0.0,94.11,19.0
2012-01-27,19.24,29.26,12.08,58.9,3.25,0.0,94.04,19.46
2012-01-28,17.66,26.89,11.61,58.07,3.03,0.0,94.03,19.71
2012-01-29,16.34,26.96,8.22,42.09,2.99,0.0,94.02,20.65
2012-01-30,18.32,29.53,9.26,48.47,3.09,0.0,94.07,19.22
2012-01-31,21.1,30.12,14.79,52.78,2.78,0.0,94.2,17.98
2012-02-01,21.08,29.75,13.93,50.16,3.62,0.0,94.27,19.74
2012-02-02,21.61,30.03,14.71,48.8,3.36,0.0,94.32,19.2
2012-02-03,21.44,30.61,14.0,46.78,3.36,0.0,94.29,18.78
2012-02-04,21.2,30.83,14.07,49.1,3.16,0.0,94.17,19.25
2012-02-05,21.14,31.24,13.58,52.15,2.77,0.0,94.13,19.71
2012-02-06,21.12,31.79,13.58,50.72,3.57,0.0,94.09,19.81
2012-02-07,20.21,30.79,13.5,47.57,3.71,0.0,94.06,19.86
2012-02-08,17.34,27.65,10.46,32.32,3.47,0.0,94.09,20.29
2012-02-09,17.61,30.42,8.57,24.11,3.5,0.0,94.0,22.49
2012-02-10,19.88,32.08,10.3,29.7,3.61,0.0,93.94,22.24
2012-02-11,21.28,32.51,12.87,40.36,3.73,0.0,93.97,21.48
2012-02-12,21.5,31.99,13.79,46.25,2.76,0.0,94.01,21.75
2012-02-13,22.41,32.48,16.14,41.9,2.3,0.0,94.08,21.89
2012-02-14,21.84,33.04,13.39,47.95,3.17,0.0,94.14,21.53
2012-02-15,21.02,30.7,14.81,40.67,3.61,0.0,94.07,21.55
2012-02-16,19.55,29.88,11.72,38.01,3.3,0.0,93.96,22.85
2012-02-17,21.05,32.53,10.77,32.42,2.86,0.0,93.95,22.49
2012-02-18,24.02,33.9,14.8,39.36,2.86,0.0,94.05,20.93
2012-02-19,24.74,34.63,16.58,38.84,2.44,0.0,94.13,21.04
2012-02-20,25.16,35.19,16.69,36.06,2.86,0.0,94.04,21.43
2012-02-21,24.73,35.29,15.93,30.85,2.8,0.0,93.93,22.27
2012-02-22,24.27,35.06,15.42,29.04,3.12,0.0,93.91,22.32
2012-02-23,24.14,34.85,15.13,29.27,3.11,0.0,93.93,22.79
2012-02-24,24.21,35.12,15.17,30.47,3.11,0.0,93.86,22.6
2012-02-25,24.37,35.27,15.57,27.61,3.06,0.0,93.77,22.29
2012-02-26,25.09,36.42,15.63,27.84,3.25,0.0,93.76,22.79
2012-02-27,24.83,36.05,16.08,28.66,3.22,0.0,93.8,22.4
2012-02-28,23.95,34.05,16.6,26.87,3.69,0.0,93.72,23.42
2012-02-29,22.17,32.36,15.47,35.93,3.19,0.0,93.72,24.48
2012-03-01,20.95,30.99,13.94,45.38,3.38,0.0,93.83,24.96
2012-03-02,20.17,31.3,12.35,55.86,3.27,0.0,93.81,24.74
2012-03-03,22.02,33.29,14.03,60.41,2.84,0.0,93.76,23.79
2012-03-04,24.28,36.0,14.23,39.43,2.66,0.0,93.87,24.17
2012-03-05,25.18,36.59,15.44,28.51,2.96,0.0,93.86,24.44
2012-03-06,24.04,34.8,16.12,35.75,3.62,0.0,93.85,24.21
2012-03-07,21.4,32.88,13.32,54.17,3.76,0.0,93.76,24.98
2012-03-08,20.15,30.0,11.87,56.65,3.75,0.0,93.81,25.25
2012-03-09,20.54,31.84,11.56,44.76,3.02,0.0,93.78,25.95
2012-03-10,21.91,34.39,10.89,22.43,3.18,0.0,93.68,25.57
2012-03-11,23.31,34.95,14.14,29.25,3.38,0.0,93.72,24.22
2012-03-12,24.05,35.07,15.62,35.26,2.98,0.0,94.04,24.03
2012-03-13,24.8,35.22,15.56,23.05,3.04,0.0,94.17,25.59
2012-03-14,25.81,36.69,16.94,17.8,3.79,0.0,94.2,25.33
2012-03-15,26.18,37.15,15.88,17.41,2.65,0.0,94.11,25.37
2012-03-16,26.95,37.93,17.3,20.94,2.36,0.0,94.08,24.69
2012-03-17,27.22,37.77,18.8,24.16,3.71,0.0,94.05,25.17
2012-03-18,27.35,38.25,18.86,21.37,3.68,0.0,94.07,25.18
2012-03-19,27.18,38.39,17.95,20.29,3.39,0.0,94.08,25.71
2012-03-20,27.71,39.16,17.75,20.4,3.32,0.0,94.01,25.76
2012-03-21,27.75,38.96,18.33,18.27,3.4,0.0,93.93,24.41
2012-03-22,27.57,38.95,17.52,14.66,3.11,0.0,93.98,24.16
2012-03-23,27.82,38.75,18.06,12.94,3.25,0.0,94.03,23.73
2012-03-24,28.19,39.35,18.25,13.08,3.46,0.0,94.06,24.81
2012-03-25,27.9,38.98,17.77,13.55,3.02,0.0,94.03,25.79
2012-03-26,28.6,38.9,17.65,14.52,2.65,0.0,94.01,24.19
2012-03-27,28.87,38.54,20.44,22.0,2.09,0.0,94.06,23.76
2012-03-28,28.76,38.7,20.89,27.61,2.63,0.0,94.2,22.94
2012-03-29,29.01,39.52,20.04,34.03,3.08,0.0,94.14,23.13
2012-03-30,27.86,37.43,20.54,39.29,3.31,0.0,94.02,23.57
2012-03-31,27.82,38.29,18.9,46.41,3.05,0.0,94.02,25.09
2012-04-01,29.78,39.5,20.44,29.91,2.38,0.0,93.96,23.46
2012-04-02,30.58,39.79,24.05,30.99,2.3,0.0,94.03,23.23
2012-04-03,29.63,38.89,22.35,38.6,3.17,0.0,94.18,23.54
2012-04-04,29.19,38.96,20.74,47.04,3.45,0.33,94.13,23.44
2012-04-05,28.4,38.43,20.17,48.03,3.74,0.01,93.99,25.55
2012-04-06,27.35,37.51,18.87,39.79,3.93,0.0,93.88,26.92
2012-04-07,27.78,38.94,18.99,39.38,3.43,0.0,93.78,27.3
2012-04-08,28.9,40.37,19.12,40.39,3.04,0.0,93.74,26.78
2012-04-09,29.26,40.22,20.37,39.94,3.38,0.0,93.82,25.63
2012-04-10,28.75,38.7,21.11,50.02,3.51,0.0,93.87,26.23
2012-04-11,27.72,36.55,20.82,50.96,3.4,0.0,93.82,24.35
2012-04-12,27.38,35.79,20.6,44.16,3.61,0.01,93.81,24.34
2012-04-13,27.29,37.03,19.7,44.52,3.44,0.01,93.77,25.09
2012-04-14,28.75,38.34,19.64,41.62,2.89,0.0,93.83,24.45
2012-04-15,30.58,38.93,23.14,29.92,3.72,0.07,93.85,24.6
2012-04-16,30.78,39.31,24.31,30.33,3.32,1.26,93.79,24.0
2012-04-17,28.95,37.08,22.77,41.89,3.51,1.51,93.73,21.4
2012-04-18,27.66,36.05,21.42,44.69,3.16,0.0,93.72,24.46
2012-04-19,27.12,33.14,22.63,44.96,2.27,1.47,93.82,21.35
2012-04-20,29.28,36.89,22.21,40.17,2.39,0.7,93.85,23.37
2012-04-21,30.16,35.88,25.04,38.78,2.82,0.08,93.89,25.14
2012-04-22,30.01,39.35,22.17,39.04,3.98,0.0,93.64,26.36
2012-04-23,28.49,38.71,20.24,36.9,3.92,0.0,93.61,28.24
2012-04-24,27.53,38.54,17.73,47.94,3.64,0.0,93.72,27.8
2012-04-25,28.31,38.92,18.48,45.43,3.87,0.0,93.72,26.11
2012-04-26,29.25,39.17,20.31,37.83,3.78,0.0,93.74,25.34
2012-04-27,29.76,39.13,21.59,29.68,4.08,0.0,93.73,26.69
2012-04-28,29.32,39.41,20.9,35.53,4.25,0.0,93.64,26.26
2012-04-29,28.19,38.2,19.59,47.09,4.52,0.0,93.62,27.3
2012-04-30,28.02,37.81,20.29,53.37,4.56,0.0,93.6,27.49
2012-05-01,27.36,37.17,19.51,53.53,4.13,0.0,93.69,26.91
2012-05-02,27.57,37.05,19.94,52.49,4.29,0.0,93.8,27.03
2012-05-03,27.9,38.36,20.06,54.74,4.48,0.0,93.74,27.57
2012-05-04,27.23,37.44,19.99,58.43,4.79,0.0,93.66,27.33
2012-05-05,26.9,36.35,20.32,60.0,5.19,0.0,93.74,26.54
2012-05-06,26.64,34.88,20.84,58.18,5.0,0.0,93.91,26.63
2012-05-07,27.82,37.63,20.76,57.05,4.7,0.0,93.79,27.05
2012-05-08,29.2,39.11,21.82,54.79,4.55,0.03,93.74,26.02
2012-05-09,29.02,38.58,22.86,56.31,4.61,0.52,93.85,25.0
2012-05-10,28.8,38.6,22.39,58.27,4.69,0.24,93.95,26.41
2012-05-11,29.44,38.77,22.67,54.09,4.93,0.1,93.77,26.23
2012-05-12,28.07,37.18,22.13,59.76,4.93,1.18,93.67,25.26
2012-05-13,27.92,37.46,20.99,52.33,4.28,0.0,93.72,27.17
2012-05-14,28.18,37.92,20.54,54.2,4.07,0.0,93.72,27.68
2012-05-15,28.92,38.54,21.66,55.85,4.69,0.0,93.83,26.76
2012-05-16,28.47,37.58,22.08,56.34,4.94,0.0,93.74,27.54
2012-05-17,28.55,37.81,20.67,54.57,4.99,0.0,93.69,28.0
2012-05-18,28.81,38.4,20.32,50.9,4.8,0.0,93.75,28.43
2012-05-19,29.04,38.39,21.59,53.5,5.1,0.0,93.81,27.86
2012-05-20,29.32,39.84,21.38,56.58,5.18,0.0,93.7,27.69
2012-05-21,28.72,38.06,22.25,56.26,5.06,0.0,93.69,28.09
2012-05-22,28.37,38.16,21.38,58.61,5.43,0.0,93.71,27.73
2012-05-23,28.73,38.23,22.01,58.96,5.57,0.0,93.72,26.82
2012-05-24,28.89,38.75,21.94,56.67,5.59,0.0,93.69,27.38
2012-05-25,28.49,37.27,22.4,57.88,5.83,0.0,93.66,26.78
2012-05-26,28.73,37.57,22.39,58.87,6.03,0.0,93.67,25.8
2012-05-27,28.66,37.11,22.95,58.84,6.08,0.0,93.68,25.23
2012-05-28,28.86,37.56,22.75,57.98,5.58,0.0,93.66,21.47
2012-05-29,28.82,36.79,23.22,56.79,5.49,0.0,93.69,24.79
2012-05-30,27.75,35.91,22.06,60.83,6.08,0.0,93.65,25.65
2012-05-31,27.46,35.75,21.93,61.08,5.8,0.0,93.5,26.99
2012-06-01,27.95,36.2,21.85,59.53,5.66,0.0,93.53,26.61
2012-06-02,28.29,35.94,23.02,62.6,5.89,0.0,93.54,25.34
2012-06-03,28.31,35.93,22.82,62.12,5.73,0.0,93.47,25.06
2012-06-04,28.92,36.7,23.24,61.77,4.93,0.06,93.42,25.33
2012-06-05,27.2,32.09,23.75,68.24,4.12,0.75,93.4,15.1
2012-06-06,25.58,31.07,22.49,68.88,4.11,6.85,93.34,9.09
2012-06-07,25.63,31.76,21.17,68.45,3.75,4.8,93.43,19.36
2012-06-08,25.71,31.67,21.43,68.36,3.89,2.8,93.6,17.85
2012-06-09,26.05,31.81,22.25,72.86,5.73,2.04,93.67,20.22
2012-06-10,25.88,30.46,22.92,74.55,6.35,1.06,93.6,13.54
2012-06-11,26.41,31.99,22.81,75.89,6.33,2.71,93.35,18.89
2012-06-12,26.82,32.27,23.66,75.14,4.65,0.16,93.22,18.34
2012-06-13,26.77,32.85,23.14,69.87,5.25,0.18,93.36,22.83
2012-06-14,27.23,34.99,21.41,62.72,5.26,1.45,93.45,22.51
2012-06-15,26.3,32.22,22.23,70.84,5.95,1.99,93.5,17.18
2012-06-16,25.19,29.92,22.63,78.11,6.15,7.45,93.46,16.06
2012-06-17,23.54,25.74,22.02,85.55,7.86,32.55,93.38,7.62
2012-06-18,24.44,27.29,22.15,87.31,7.91,10.08,93.47,13.56
2012-06-19,24.6,26.99,22.95,86.46,7.82,2.93,93.56,19.04
2012-06-20,24.99,28.98,22.31,80.84,7.36,0.34,93.52,20.36
2012-06-21,25.51,30.42,22.4,78.92,6.73,0.14,93.58,21.37
2012-06-22,25.8,30.72,22.63,77.38,6.09,0.09,93.59,21.1
2012-06-23,25.78,30.56,22.44,77.53,5.62,3.07,93.53,21.2
2012-06-24,24.92,28.29,23.26,84.76,5.93,12.05,93.43,13.54
2012-06-25,25.64,29.63,23.12,82.56,6.46,5.47,93.58,18.44
2012-06-26,25.75,29.74,23.53,81.52,6.46,3.07,93.64,17.11
2012-06-27,25.47,29.37,22.42,81.09,6.81,11.62,93.63,15.59
2012-06-28,23.47,26.9,20.33,81.04,5.46,8.48,93.63,12.95
2012-06-29,24.25,30.0,20.02,77.93,4.27,4.16,93.48,17.98
2012-06-30,24.49,29.9,21.48,79.86,4.51,13.14,93.39,19.14
2012-07-01,24.91,30.24,21.49,81.22,4.16,11.03,93.19,18.67
2012-07-02,23.97,26.51,21.24,89.6,4.98,11.65,92.98,17.47
2012-07-03,23.41,26.84,20.67,88.04,6.71,22.9,93.02,12.01
2012-07-04,23.55,25.46,21.59,87.83,8.97,15.57,92.95,8.25
2012-07-05,23.91,26.15,21.84,86.58,7.13,7.61,93.26,12.24
2012-07-06,24.44,27.06,22.92,87.87,6.18,11.15,93.34,11.42
2012-07-07,24.11,26.91,22.5,88.46,5.83,5.0,93.27,14.67
2012-07-08,24.97,28.79,22.29,84.68,5.88,6.3,93.24,12.13
2012-07-09,24.55,27.37,22.78,86.91,5.19,7.06,93.26,12.64
2012-07-10,24.67,28.16,22.35,84.11,4.8,3.18,93.3,16.87
2012-07-11,24.54,28.97,21.68,81.51,5.58,5.58,93.39,14.93
2012-07-12,24.41,28.17,21.78,85.03,5.88,11.43,93.5,14.03
2012-07-13,24.64,28.93,22.01,84.1,5.64,4.45,93.54,13.22
2012-07-14,24.4,28.03,22.14,84.56,5.9,2.75,93.46,14.06
2012-07-15,24.21,27.83,21.97,84.98,5.6,3.29,93.5,14.91
2012-07-16,24.21,27.25,22.19,86.31,4.57,6.22,93.61,13.7
2012-07-17,24.31,27.4,22.13,87.53,4.46,14.45,93.67,15.51
2012-07-18,24.28,26.8,22.86,87.29,7.59,21.89,93.59,7.63
2012-07-19,24.07,27.02,22.52,87.53,9.01,18.37,93.5,7.11
2012-07-20,24.41,28.23,22.23,85.84,8.07,9.08,93.38,9.62
2012-07-21,24.08,26.87,22.6,88.82,6.66,2.67,93.44,11.09
2012-07-22,23.96,27.17,22.3,88.95,6.65,2.22,93.44,8.61
2012-07-23,24.34,27.47,22.35,86.68,7.06,2.71,93.32,11.69
2012-07-24,24.31,28.68,21.92,86.49,7.61,3.45,93.3,11.84
2012-07-25,24.27,27.16,22.46,87.47,7.18,3.35,93.43,10.3
2012-07-26,23.75,26.27,22.51,88.64,7.96,6.43,93.47,5.65
2012-07-27,24.59,28.2,22.43,85.5,7.28,2.79,93.35,11.58
2012-07-28,24.19,27.01,22.68,86.44,7.92,3.02,93.39,8.27
2012-07-29,23.99,26.99,22.55,87.6,7.52,10.32,93.55,11.19
2012-07-30,24.21,27.48,22.28,86.81,8.46,25.25,93.59,11.89
2012-07-31,23.24,24.27,22.65,94.37,8.41,84.78,93.55,6.03
2012-08-01,23.47,25.8,22.03,89.83,7.49,32.73,93.63,11.4
2012-08-02,23.18,26.34,20.54,87.66,7.19,7.54,93.7,11.65
2012-08-03,23.38,25.62,22.1,89.84,8.31,6.87,93.5,9.0
2012-08-04,23.31,25.82,21.87,89.39,8.29,6.26,93.42,9.12
2012-08-05,23.25,26.09,21.34,89.46,7.84,1.95,93.5,10.66
2012-08-06,23.4,25.64,21.92,91.31,7.68,7.05,93.51,8.22
2012-08-07,23.87,26.96,22.26,89.09,7.37,8.71,93.5,10.37
2012-08-08,23.87,27.08,22.0,88.36,8.13,8.71,93.62,12.15
2012-08-09,23.88,26.82,22.34,88.55,8.74,11.28,93.54,10.05
2012-08-10,23.4,25.58,22.42,92.01,8.07,10.92,93.39,12.18
2012-08-11,23.79,27.14,22.08,88.36,7.15,4.01,93.41,9.71
2012-08-12,24.03,27.71,21.85,87.71,6.88,5.89,93.43,8.68
2012-08-13,23.95,27.82,21.55,86.85,6.85,2.08,93.48,15.06
2012-08-14,23.82,27.56,21.48,87.2,6.43,0.8,93.57,13.3
2012-08-15,23.77,27.72,21.39,86.65,6.72,0.94,93.68,14.14
2012-08-16,23.59,27.36,21.31,86.98,5.64,0.29,93.67,16.26
2012-08-17,23.19,26.67,21.11,87.61,5.08,0.68,93.65,15.96
2012-08-18,23.3,27.21,20.95,88.65,5.82,17.31,93.59,14.2
2012-08-19,23.2,25.97,21.76,89.79,6.33,16.43,93.45,8.6
2012-08-20,23.58,27.51,21.56,87.58,5.98,3.12,93.41,13.11
2012-08-21,23.23,26.2,21.46,88.32,5.1,0.88,93.57,14.21
2012-08-22,23.7,27.78,21.24,88.02,4.13,5.5,93.61,16.05
2012-08-23,24.06,28.55,20.74,85.8,3.78,1.56,93.74,19.99
2012-08-24,24.08,28.62,20.44,85.45,3.29,0.01,93.76,19.97
2012-08-25,23.75,27.77,20.99,86.08,3.85,2.13,93.72,18.62
2012-08-26,23.75,26.69,21.63,88.33,5.43,8.08,93.65,13.1
2012-08-27,23.37,25.22,22.43,92.5,7.34,20.74,93.47,6.39
2012-08-28,23.63,25.8,22.48,92.3,6.05,10.99,93.46,9.85
2012-08-29,24.21,27.9,22.2,90.94,4.75,28.18,93.43,13.84
2012-08-30,23.66,26.48,22.03,90.07,3.24,21.4,93.37,13.82
2012-08-31,23.74,27.43,21.42,91.22,3.22,17.88,93.24,12.57
2012-09-01,23.88,27.8,21.63,89.96,4.09,7.98,93.31,15.76
2012-09-02,24.36,27.01,22.24,90.62,5.64,7.98,93.38,13.24
2012-09-03,23.8,25.27,22.96,94.84,5.67,33.16,93.29,4.25
2012-09-04,23.43,24.98,22.5,94.03,6.61,26.35,93.29,7.78
2012-09-05,23.21,24.96,22.41,93.64,6.75,14.23,93.37,9.33
2012-09-06,23.77,26.71,21.95,90.85,7.54,9.11,93.49,12.1
2012-09-07,23.84,27.74,21.34,89.54,6.78,2.71,93.5,11.6
2012-09-08,23.9,27.95,21.58,89.51,6.74,6.32,93.5,12.79
2012-09-09,23.8,27.31,21.63,90.07,5.95,7.89,93.58,12.57
2012-09-10,23.44,25.93,22.18,91.76,5.77,18.56,93.62,8.25
2012-09-11,23.02,25.22,21.7,92.2,5.63,8.98,93.6,7.24
2012-09-12,23.22,26.68,21.08,90.06,5.19,0.88,93.65,14.08
2012-09-13,23.08,26.72,20.56,89.82,5.35,1.87,93.75,13.15
2012-09-14,23.1,26.33,21.16,89.73,5.79,3.97,93.7,13.4
2012-09-15,23.24,26.9,21.37,89.41,6.17,3.08,93.61,12.5
2012-09-16,23.22,26.86,21.18,89.06,5.6,0.98,93.61,15.22
2012-09-17,23.1,27.24,20.33,88.19,4.29,0.27,93.69,16.25
2012-09-18,22.86,26.97,19.67,88.21,3.51,0.57,93.74,16.69
2012-09-19,22.81,27.27,19.36,87.61,2.38,7.12,93.71,15.96
2012-09-20,22.91,27.5,19.72,88.64,2.92,3.15,93.78,17.44
2012-09-21,22.86,26.96,20.29,89.29,3.04,1.87,93.82,10.84
2012-09-22,22.24,25.44,20.26,90.08,3.11,1.15,93.94,15.89
2012-09-23,22.06,26.89,19.02,86.35,2.8,0.12,93.92,20.79
2012-09-24,21.46,26.19,17.94,88.09,3.15,1.69,93.93,23.17
2012-09-25,21.7,26.53,17.77,87.72,2.93,0.83,93.95,21.91
2012-09-26,22.81,28.44,18.64,84.43,2.64,0.01,94.07,22.35
2012-09-27,23.43,28.73,19.06,84.7,2.79,0.0,94.07,19.49
2012-09-28,23.34,28.36,19.25,83.76,2.84,0.04,94.01,14.78
2012-09-29,23.98,29.01,19.58,82.64,2.46,0.92,93.88,20.12
2012-09-30,24.1,28.82,20.53,84.72,2.42,19.15,93.8,17.67
2012-10-01,24.44,28.09,21.38,87.04,2.1,29.82,93.73,14.16
2012-10-02,23.77,26.42,21.76,92.6,1.83,13.26,93.67,14.91
2012-10-03,23.66,27.01,21.67,89.81,2.11,10.73,93.7,15.07
2012-10-04,23.25,26.82,20.81,91.35,2.46,27.69,93.7,11.18
2012-10-05,23.35,27.1,20.66,90.14,2.18,25.15,93.82,11.43
2012-10-06,23.56,26.47,21.73,93.76,2.71,21.94,93.9,16.1
2012-10-07,23.55,26.08,22.05,93.83,2.19,11.67,93.88,11.94
2012-10-08,23.26,25.88,21.81,90.9,2.58,6.01,93.89,20.38
2012-10-09,24.09,28.47,20.7,82.47,1.68,2.01,93.84,19.29
2012-10-10,23.65,29.02,19.15,81.09,2.12,2.17,93.89,19.92
2012-10-11,23.48,28.85,18.99,79.41,2.41,0.23,93.93,20.6
2012-10-12,23.34,29.69,17.92,73.72,2.1,0.0,93.96,21.07
2012-10-13,23.5,29.56,18.3,73.92,2.14,0.0,93.99,21.14
2012-10-14,23.22,29.09,17.72,71.35,2.39,0.0,94.1,21.68
2012-10-15,23.21,29.31,17.7,72.83,2.45,0.0,94.24,21.34
2012-10-16,23.19,28.93,18.95,73.78,2.48,0.0,94.31,18.53
2012-10-17,22.8,28.69,17.74,71.11,3.08,0.0,94.26,20.54
2012-10-18,22.76,29.2,17.04,69.02,3.19,0.0,94.16,21.38
2012-10-19,22.63,29.04,17.74,73.38,4.02,0.0,94.15,20.74
2012-10-20,22.27,28.41,17.05,74.04,4.13,0.02,94.14,19.33
2012-10-21,21.96,24.75,19.64,87.03,3.53,0.03,94.18,11.69
2012-10-22,21.99,24.89,19.9,87.47,3.62,0.57,94.18,10.39
2012-10-23,23.49,27.42,20.63,82.73,2.91,0.07,94.11,16.82
2012-10-24,23.51,28.08,20.06,81.6,2.32,9.25,94.04,14.61
2012-10-25,23.51,28.71,19.32,79.93,2.1,0.35,93.97,18.39
2012-10-26,23.44,28.43,20.01,77.75,1.96,4.18,93.91,17.05
2012-10-27,22.83,27.09,19.07,81.84,3.0,0.27,93.97,19.1
2012-10-28,23.15,28.74,18.49,77.27,3.53,0.0,94.06,19.1
2012-10-29,22.15,28.22,16.51,75.37,3.91,0.0,94.04,18.31
2012-10-30,20.21,28.0,13.86,64.19,4.35,0.0,93.96,20.1
2012-10-31,21.17,29.06,14.68,69.84,3.4,0.0,93.88,18.01
2012-11-01,21.8,27.97,16.85,79.29,3.71,0.11,93.75,12.19
2012-11-02,23.15,28.42,19.37,84.67,2.73,1.18,93.68,16.77
2012-11-03,22.9,28.71,18.32,83.52,2.15,0.02,93.79,18.02
2012-11-04,22.91,28.49,18.7,80.92,2.03,0.0,93.86,19.26
2012-11-05,21.69,28.79,15.78,73.56,2.19,0.0,93.85,18.85
2012-11-06,21.74,29.38,15.42,70.28,2.28,0.0,93.92,18.84
2012-11-07,22.12,28.68,17.34,71.61,2.24,0.0,94.0,16.41
2012-11-08,22.02,28.79,16.97,69.31,2.1,0.0,93.94,19.26
2012-11-09,21.73,28.61,15.83,77.28,2.39,0.0,94.02,19.97
2012-11-10,21.97,28.7,16.41,73.6,2.43,0.0,94.11,19.35
2012-11-11,22.06,28.46,17.14,69.52,2.01,0.0,94.11,19.14
2012-11-12,21.93,28.26,16.37,76.9,2.21,0.0,94.09,17.29
2012-11-13,21.7,27.57,17.5,75.0,3.37,0.0,94.23,17.72
2012-11-14,20.85,27.83,14.66,64.49,2.64,0.0,94.1,17.68
2012-11-15,21.14,28.04,16.11,69.28,2.76,0.0,94.09,17.46
2012-11-16,19.67,27.32,14.02,63.39,3.77,0.0,94.21,18.3
2012-11-17,18.43,27.18,11.83,59.99,3.54,0.0,94.16,18.79
2012-11-18,17.96,26.54,11.81,62.24,3.27,0.0,94.09,18.79
2012-11-19,18.19,26.94,11.44,57.91,3.24,0.0,94.04,18.45
2012-11-20,18.93,27.55,11.34,53.05,2.97,0.0,94.07,19.0
2012-11-21,19.82,27.96,12.65,68.31,3.01,0.0,94.1,17.84
2012-11-22,21.3,29.32,14.94,67.36,2.14,0.0,94.07,17.66
2012-11-23,20.67,28.68,14.9,65.82,2.51,0.0,94.09,16.75
2012-11-24,20.97,28.09,15.44,69.76,2.48,0.0,94.04,16.76
2012-11-25,22.01,29.14,15.97,71.23,2.42,0.0,94.11,16.16
2012-11-26,21.85,29.09,16.54,70.71,2.46,0.0,94.15,16.57
2012-11-27,21.87,28.94,16.5,68.98,2.09,0.0,94.13,16.3
2012-11-28,21.5,28.1,17.43,62.83,1.94,0.0,94.12,14.78
2012-11-29,20.09,27.78,15.18,63.28,2.38,0.0,94.04,18.19
2012-11-30,18.86,27.87,11.94,57.67,2.88,0.0,94.1,18.74
2012-12-01,19.43,28.23,13.38,64.06,2.3,0.0,94.03,18.51
2012-12-02,19.67,28.06,12.59,67.41,2.34,0.0,94.08,16.99
2012-12-03,20.8,28.31,15.22,64.36,3.56,0.0,94.1,17.17
2012-12-04,20.7,28.13,14.73,56.1,4.0,0.0,94.09,16.86
2012-12-05,21.7,28.72,14.83,62.0,4.06,0.0,94.09,17.2
2012-12-06,22.09,27.03,18.01,67.63,3.82,0.0,94.2,15.29
2012-12-07,22.56,29.66,16.91,66.17,2.68,0.0,94.17,16.9
2012-12-08,23.01,30.25,17.55,70.81,2.03,0.0,94.11,16.22
2012-12-09,22.08,28.78,17.96,66.1,2.29,0.0,94.05,16.11
2012-12-10,20.7,27.43,16.33,67.83,2.47,0.0,94.02,17.56
2012-12-11,19.06,26.18,14.36,77.23,2.41,0.0,94.1,18.27
2012-12-12,18.65,27.31,12.2,70.02,2.09,0.0,94.08,18.69
2012-12-13,18.41,25.51,14.37,71.13,1.97,0.0,94.13,18.62
2012-12-14,18.07,27.03,12.7,72.3,2.09,0.0,94.28,18.47
2012-12-15,18.87,27.94,11.46,72.24,2.9,0.0,94.35,17.74
2012-12-16,20.88,28.92,14.05,59.41,2.22,0.0,94.38,17.72
2012-12-17,20.67,28.68,14.68,60.0,4.22,0.0,94.36,16.99
2012-12-18,20.44,28.04,15.3,59.1,4.05,0.0,94.37,17.69
2012-12-19,19.63,27.66,13.27,49.27,3.97,0.0,94.22,16.23
2012-12-20,19.82,28.01,12.19,45.35,3.11,0.0,94.03,17.55
2012-12-21,20.47,29.18,13.11,55.43,3.04,0.0,94.03,17.68
2012-12-22,21.06,29.39,14.15,60.37,2.57,0.0,94.11,17.37
2012-12-23,20.89,29.12,14.19,62.02,2.62,0.0,94.11,16.88
2012-12-24,20.5,28.15,13.83,62.39,2.31,0.0,94.08,16.92
2012-12-25,20.92,28.11,15.24,55.6,2.66,0.0,94.02,16.17
2012-12-26,19.37,27.38,12.52,42.42,3.81,0.0,94.04,17.67
2012-12-27,18.53,27.61,10.51,42.45,2.67,0.0,93.98,17.88
2012-12-28,18.31,27.93,10.35,49.09,2.54,0.0,93.84,17.83
2012-12-29,18.64,28.48,11.23,55.42,2.69,0.0,93.85,17.08
2012-12-30,20.23,28.62,13.21,60.69,2.19,0.0,93.89,15.68
2012-12-31,21.99,29.33,17.12,67.37,2.09,0.0,93.89,14.72
2013-01-01,22.12,28.41,17.76,77.18,2.22,0.01,94.02,16.02
2013-01-02,20.07,26.98,15.52,77.69,2.48,0.0,94.12,17.62
2013-01-03,20.12,28.25,15.7,49.94,2.22,0.0,94.16,17.92
2013-01-04,18.89,27.18,14.19,52.19,2.5,0.0,94.14,18.37
2013-01-05,17.81,26.0,12.74,63.94,2.4,0.0,93.97,18.7
2013-01-06,16.94,25.68,11.58,53.53,2.57,0.0,94.04,18.79
2013-01-07,16.85,27.42,8.85,45.53,2.53,0.0,94.1,18.81
2013-01-08,18.21,28.56,9.79,55.39,2.9,0.0,94.17,17.62
2013-01-09,19.57,28.67,12.33,69.2,2.23,0.0,94.21,17.11
2013-01-10,19.98,28.55,13.97,56.89,2.48,0.0,94.16,16.81
2013-01-11,20.33,29.96,13.11,48.7,3.65,0.0,94.21,17.34
2013-01-12,20.86,29.93,12.98,40.63,2.99,0.0,94.34,18.14
2013-01-13,20.85,30.56,12.46,40.97,2.51,0.0,94.22,19.11
2013-01-14,20.87,31.19,13.2,44.75,2.68,0.0,94.16,19.38
2013-01-15,21.07,31.16,14.29,48.81,2.31,0.0,94.19,19.24
2013-01-16,20.75,30.64,12.84,47.73,3.3,0.0,94.2,18.15
2013-01-17,20.32,29.24,13.4,58.59,3.19,0.0,94.21,18.96
2013-01-18,18.84,26.42,12.73,72.17,2.89,0.0,94.34,18.75
2013-01-19,18.4,28.97,10.35,49.44,2.66,0.0,94.32,19.11
2013-01-20,19.39,29.6,11.86,50.68,2.99,0.0,94.24,18.63
2013-01-21,19.87,29.81,12.53,46.28,2.61,0.0,94.32,19.02
2013-01-22,20.39,30.45,12.49,49.29,3.32,0.0,94.3,18.79
2013-01-23,20.59,29.74,13.65,48.14,2.76,0.0,94.3,18.51
2013-01-24,20.35,29.38,13.2,48.1,2.79,0.0,94.25,19.33
2013-01-25,20.28,30.2,12.77,46.06,2.47,0.0,94.28,19.68
2013-01-26,20.7,30.4,12.58,48.08,2.56,0.0,94.3,18.36
2013-01-27,20.67,29.14,14.07,50.85,2.75,0.0,94.31,16.62
2013-01-28,21.14,30.38,14.05,51.27,2.87,0.0,94.22,17.37
2013-01-29,21.0,30.41,14.18,47.63,2.82,0.0,94.18,19.22
2013-01-30,20.76,29.8,13.42,46.84,1.85,0.0,94.2,18.27
2013-01-31,22.09,31.19,14.68,51.96,2.74,0.0,94.21,16.98
2013-02-01,23.17,31.3,17.35,52.92,2.62,0.0,94.23,16.44
2013-02-02,23.44,31.51,17.46,52.29,1.61,0.0,94.2,17.16
2013-02-03,23.31,31.86,16.9,53.82,2.88,0.0,94.12,16.47
2013-02-04,22.37,31.1,16.19,65.31,3.73,0.0,94.16,18.64
2013-02-05,21.67,29.46,16.6,73.05,2.73,0.0,94.27,17.64
2013-02-06,19.86,28.15,14.64,68.3,3.35,0.0,94.37,18.92
2013-02-07,20.38,31.43,13.08,49.66,3.16,0.0,94.14,20.34
2013-02-08,20.35,31.3,11.93,42.05,2.37,0.0,94.03,20.98
2013-02-09,22.76,33.34,14.2,53.79,2.57,0.0,93.97,20.8
2013-02-10,24.39,33.24,17.66,55.15,3.07,0.0,94.0,19.58
2013-02-11,25.11,32.59,19.74,53.59,2.31,3.1,94.03,18.0
2013-02-12,25.38,32.77,19.06,52.17,2.66,0.08,94.01,18.37
2013-02-13,26.29,32.72,20.83,46.8,2.38,0.0,93.99,18.7
2013-02-14,26.78,33.98,21.64,43.13,3.13,0.0,93.93,18.49
2013-02-15,24.8,32.32,18.76,49.33,2.73,0.04,93.9,19.24
2013-02-16,20.88,28.23,14.16,69.0,4.34,0.08,93.85,19.81
2013-02-17,19.21,28.74,12.86,55.29,2.29,0.0,93.91,22.79
2013-02-18,21.09,31.82,11.12,36.15,2.44,0.0,93.97,23.24
2013-02-19,22.03,33.37,12.97,39.06,3.82,0.0,94.04,22.86
2013-02-20,23.25,33.58,15.8,37.79,2.52,0.0,94.08,22.77
2013-02-21,24.21,34.58,16.6,38.71,2.85,0.0,94.11,22.5
2013-02-22,24.74,34.81,17.69,43.07,2.45,0.02,94.2,22.25
2013-02-23,23.45,32.62,17.46,47.24,2.7,0.02,94.3,21.89
2013-02-24,23.01,34.15,14.3,40.59,2.89,0.0,94.23,23.57
2013-02-25,24.04,35.08,14.53,37.61,3.35,0.0,94.2,22.63
2013-02-26,24.83,34.34,17.77,39.56,2.77,0.0,94.26,23.01
2013-02-27,22.3,32.59,14.29,48.08,3.51,0.0,94.28,23.29
2013-02-28,23.86,34.27,14.43,32.54,3.32,0.0,94.14,23.08
2013-03-01,25.27,34.7,17.71,29.19,4.34,0.0,94.15,21.92
2013-03-02,25.26,35.56,17.2,21.77,4.54,0.0,94.23,23.59
2013-03-03,25.28,36.13,16.14,17.68,4.0,0.0,94.21,24.75
2013-03-04,25.26,36.29,15.44,17.21,3.47,0.0,94.15,25.19
2013-03-05,25.92,36.4,15.34,19.93,3.17,0.0,94.11,24.15
2013-03-06,26.56,36.03,18.31,26.52,3.84,0.0,94.17,23.87
2013-03-07,27.38,36.34,17.54,30.91,3.5,0.0,94.18,23.91
2013-03-08,28.09,36.5,20.18,29.31,3.23,0.0,94.18,22.26
2013-03-09,27.82,36.93,21.08,32.58,2.79,0.0,94.08,23.12
2013-03-10,26.19,36.41,18.34,28.49,3.65,0.0,93.92,22.97
2013-03-11,26.47,36.35,19.01,34.31,2.89,0.0,93.98,23.26
2013-03-12,25.79,35.04,19.06,42.49,3.27,0.0,94.07,23.93
2013-03-13,25.25,35.09,17.99,45.92,3.5,0.0,94.1,24.38
2013-03-14,25.15,35.82,16.24,48.06,3.4,0.0,94.06,24.73
2013-03-15,26.61,36.19,17.79,40.4,3.06,0.05,94.1,23.06
2013-03-16,27.19,35.73,21.59,38.69,2.29,0.85,94.13,21.96
2013-03-17,26.99,36.49,19.49,40.51,2.65,0.66,94.12,24.34
2013-03-18,27.01,36.77,19.02,32.59,3.49,0.0,93.93,24.6
2013-03-19,26.65,36.66,19.02,30.38,3.63,0.0,93.93,24.34
2013-03-20,25.39,34.93,18.54,25.97,4.2,0.0,94.08,26.28
2013-03-21,25.85,37.15,16.01,26.92,3.06,0.0,93.93,26.1
2013-03-22,26.21,36.85,17.51,40.45,3.35,0.0,93.77,24.55
2013-03-23,26.41,36.76,19.46,54.66,3.39,0.0,93.79,24.53
2013-03-24,26.24,35.43,17.56,49.43,2.64,0.0,93.96,23.91
2013-03-25,27.81,36.18,22.13,36.78,3.15,0.0,93.88,20.95
2013-03-26,26.86,35.82,21.29,43.45,3.39,0.0,93.8,20.74
2013-03-27,25.98,36.08,19.12,54.24,3.92,0.0,93.85,24.8
2013-03-28,25.69,35.06,17.89,53.17,4.1,0.0,93.93,23.16
2013-03-29,25.37,35.77,17.09,44.94,4.19,0.0,93.95,26.06
2013-03-30,26.28,37.46,16.2,33.02,3.34,0.0,93.83,27.05
2013-03-31,27.53,38.72,18.15,30.19,3.21,0.0,93.78,26.56
2013-04-01,27.33,38.47,18.67,39.42,3.43,0.0,93.82,26.03
2013-04-02,25.95,35.94,18.08,52.88,4.02,0.0,93.93,25.63
2013-04-03,25.89,36.26,18.11,51.0,3.8,0.0,93.96,26.95
2013-04-04,25.94,36.9,16.28,46.93,3.56,0.0,93.88,27.33
2013-04-05,27.09,38.57,17.57,41.89,3.2,0.0,93.76,27.58
2013-04-06,26.9,38.08,18.85,44.58,3.41,0.0,93.74,27.01
2013-04-07,26.26,37.68,17.2,41.36,3.77,0.0,93.71,27.61
2013-04-08,27.19,39.49,16.39,38.76,3.78,0.0,93.73,27.81
2013-04-09,27.71,39.45,17.68,44.62,3.97,0.0,93.75,27.3
2013-04-10,27.88,38.33,20.37,50.24,4.26,0.0,93.8,25.88
2013-04-11,27.36,37.7,19.0,41.37,4.26,0.0,93.82,23.52
2013-04-12,28.71,39.57,18.95,37.52,3.28,0.0,93.8,24.76
2013-04-13,30.03,39.76,21.79,40.13,3.75,0.05,93.87,24.31
2013-04-14,28.36,38.42,20.6,46.92,3.92,0.03,93.97,25.37
2013-04-15,27.06,37.69,18.64,45.66,4.35,0.0,93.88,27.83
2013-04-16,24.87,34.95,16.66,54.28,4.23,0.0,93.83,28.56
2013-04-17,25.46,35.65,17.94,59.18,4.15,0.0,93.69,28.26
2013-04-18,25.6,35.05,18.85,58.71,4.11,0.0,93.71,27.38
2013-04-19,25.88,34.66,19.7,59.48,4.44,0.0,93.75,25.22
2013-04-20,26.12,34.96,19.72,59.42,3.95,0.0,93.75,26.16
2013-04-21,26.98,36.55,19.49,57.48,3.69,0.0,93.74,26.34
2013-04-22,28.29,37.79,20.98,53.23,4.04,0.0,93.82,26.15
2013-04-23,28.55,38.74,20.77,52.21,3.79,0.0,93.94,25.92
2013-04-24,29.11,38.87,20.98,52.94,3.72,0.0,93.96,26.52
2013-04-25,30.51,39.65,21.78,47.7,3.18,0.25,93.89,24.15
2013-04-26,31.71,39.87,23.52,36.46,2.08,0.0,93.87,25.43
2013-04-27,31.71,40.81,24.06,29.64,3.45,0.0,93.85,26.59
2013-04-28,30.7,40.25,23.07,36.6,3.63,0.0,93.74,27.7
2013-04-29,30.25,40.56,21.34,47.44,3.68,0.0,93.72,27.33
2013-04-30,31.11,41.71,22.31,48.2,3.75,0.0,93.69,26.96
2013-05-01,31.67,40.28,25.08,42.39,3.56,0.03,93.61,25.42
2013-05-02,29.93,38.17,23.7,48.01,4.28,0.01,93.57,25.17
2013-05-03,28.48,37.91,19.86,47.74,4.12,0.0,93.55,28.21
2013-05-04,27.9,36.92,20.28,58.68,4.82,0.0,93.58,27.51
2013-05-05,28.97,39.21,20.89,53.74,4.73,0.0,93.6,28.03
2013-05-06,29.06,39.07,22.29,51.53,4.6,0.0,93.65,27.52
2013-05-07,28.54,39.14,21.39,57.83,4.47,0.0,93.69,26.17
2013-05-08,29.18,39.08,21.83,54.6,4.31,0.0,93.73,26.68
2013-05-09,29.16,39.16,21.79,51.72,4.63,0.0,93.77,26.92
2013-05-10,28.93,38.02,20.53,50.5,4.51,0.0,93.77,26.76
2013-05-11,29.1,37.72,22.36,53.4,4.8,0.0,93.59,26.65
2013-05-12,27.95,36.25,21.64,55.93,4.4,0.0,93.67,26.1
2013-05-13,27.91,36.95,20.47,58.93,4.64,0.0,93.61,25.55
2013-05-14,28.49,37.15,22.05,54.94,4.96,0.0,93.54,25.63
2013-05-15,27.34,34.97,22.79,61.4,4.56,0.02,93.57,24.03
2013-05-16,27.78,33.88,22.65,60.52,4.28,0.0,93.62,18.27
2013-05-17,29.1,37.56,22.96,55.06,4.95,0.0,93.72,21.73
2013-05-18,29.25,38.96,22.17,54.42,4.82,0.0,93.68,25.24
2013-05-19,29.63,38.4,22.76,54.42,4.31,0.04,93.65,24.49
2013-05-20,30.0,39.71,23.89,57.32,4.7,0.01,93.6,23.9
2013-05-21,29.29,37.59,23.56,56.94,5.32,0.0,93.74,17.52
2013-05-22,29.69,38.39,23.17,54.08,5.32,0.0,93.73,25.19
2013-05-23,29.17,38.29,22.84,57.1,5.72,0.0,93.7,25.84
2013-05-24,28.85,37.25,23.29,60.61,6.0,0.0,93.72,24.85
2013-05-25,28.6,36.38,23.43,63.22,6.12,0.04,93.75,24.23
2013-05-26,29.18,37.0,23.47,60.78,5.8,0.59,93.71,25.14
2013-05-27,28.67,35.76,23.72,64.12,5.73,0.2,93.71,24.2
2013-05-28,28.1,34.17,24.1,67.39,5.23,0.35,93.74,24.73
2013-05-29,27.86,33.96,23.98,69.67,5.83,0.41,93.65,23.65
2013-05-30,28.01,34.24,23.78,68.08,6.09,0.47,93.56,24.5
2013-05-31,28.75,35.75,23.46,62.16,5.7,0.06,93.46,24.58
2013-06-01,28.84,35.77,24.08,57.83,5.05,0.76,93.44,22.78
2013-06-02,26.07,29.14,23.67,74.7,4.45,6.36,93.44,22.06
2013-06-03,24.87,28.1,22.46,81.88,2.84,7.97,93.39,18.25
2013-06-04,25.65,31.68,21.87,77.13,3.72,32.99,93.54,18.96
2013-06-05,25.88,30.44,22.57,79.06,3.49,7.14,93.61,19.54
2013-06-06,25.13,27.32,23.72,88.57,3.91,39.16,93.5,18.23
2013-06-07,25.07,28.64,23.31,87.27,4.29,18.74,93.33,15.35
2013-06-08,24.29,27.9,22.5,88.28,5.85,15.94,93.23,14.82
2013-06-09,24.4,26.38,22.67,91.06,7.53,36.37,93.28,9.18
2013-06-10,24.52,26.34,23.14,91.03,6.82,32.91,93.32,7.28
2013-06-11,24.75,27.5,23.09,86.46,6.23,4.02,93.3,14.45
2013-06-12,24.67,27.98,22.27,83.97,6.5,3.42,93.12,12.67
2013-06-13,24.79,28.96,22.32,83.96,6.42,4.25,93.04,8.64
2013-06-14,24.18,27.54,22.53,89.65,7.02,19.13,92.96,6.48
2013-06-15,23.81,25.72,22.49,91.38,7.43,64.73,92.93,7.02
2013-06-16,23.81,25.24,22.25,93.67,9.69,97.0,92.88,3.86
2013-06-17,24.24,27.14,22.5,91.12,7.23,17.0,93.07,8.49
2013-06-18,23.95,26.57,22.36,91.41,6.66,27.14,93.22,6.33
2013-06-19,23.97,26.3,22.41,90.81,4.87,31.03,93.33,16.85
2013-06-20,24.4,27.15,22.65,89.09,5.54,3.22,93.44,13.45
2013-06-21,23.99,26.86,22.02,87.46,5.3,1.5,93.51,15.34
2013-06-22,24.28,27.38,22.15,85.89,5.3,1.99,93.47,16.14
2013-06-23,24.03,26.75,22.5,89.2,5.89,5.26,93.37,16.49
2013-06-24,24.26,27.2,22.38,88.73,5.92,23.69,93.28,6.76
2013-06-25,23.74,25.69,22.71,92.51,6.69,32.53,93.4,7.06
2013-06-26,24.43,27.22,22.81,89.42,7.57,10.84,93.55,10.53
2013-06-27,24.03,26.7,22.61,89.76,7.32,5.28,93.56,15.09
2013-06-28,24.23,27.9,22.0,86.37,7.84,5.34,93.55,13.62
2013-06-29,24.24,27.36,22.2,87.91,8.02,5.05,93.6,14.38
2013-06-30,23.95,26.3,22.41,89.42,8.33,6.3,93.62,12.67
2013-07-01,23.97,26.6,22.43,89.0,8.08,6.92,93.45,9.78
2013-07-02,23.62,25.69,22.26,92.15,6.48,10.1,93.31,9.43
2013-07-03,23.53,25.16,22.65,93.02,7.16,12.34,93.3,6.99
2013-07-04,23.68,26.44,21.59,87.92,7.3,3.84,93.24,12.66
2013-07-05,24.12,27.33,21.93,88.05,6.91,1.79,93.27,15.89
2013-07-06,23.81,26.65,22.16,90.38,6.18,5.71,93.42,10.08
2013-07-07,23.85,27.05,22.05,89.96,5.88,6.94,93.48,13.48
2013-07-08,23.5,26.61,21.89,89.58,6.02,6.25,93.42,9.89
2013-07-09,23.64,26.63,21.85,89.54,6.67,7.14,93.33,12.1
2013-07-10,23.06,24.56,22.14,92.92,7.57,12.58,93.28,6.97
2013-07-11,22.91,24.25,22.01,94.06,7.22,27.66,93.23,6.85
2013-07-12,22.76,24.63,20.68,93.79,7.0,38.81,93.26,5.44
2013-07-13,22.61,25.47,20.13,89.98,6.89,12.74,93.34,10.85
2013-07-14,23.48,26.66,21.6,90.03,5.99,6.0,93.44,13.57
2013-07-15,23.19,25.51,21.63,91.49,5.97,3.06,93.46,10.64
2013-07-16,22.95,24.66,21.86,93.1,6.98,12.93,93.37,7.13
2013-07-17,22.86,23.85,22.19,94.68,7.66,25.99,93.38,6.45
2013-07-18,23.52,26.05,22.08,90.75,8.45,10.32,93.35,7.2
2013-07-19,23.39,25.57,22.17,92.82,7.78,28.56,93.21,6.18
2013-07-20,23.14,24.99,22.32,93.7,7.57,31.05,93.29,7.79
2013-07-21,22.96,24.82,22.18,93.8,7.65,20.54,93.25,8.22
2013-07-22,22.78,24.2,22.01,94.32,7.69,20.15,93.13,10.5
2013-07-23,22.75,24.21,21.83,95.21,7.97,72.72,93.08,5.56
2013-07-24,22.83,24.6,21.67,94.0,9.26,30.05,93.12,7.92
2013-07-25,23.21,25.16,22.03,93.18,9.74,13.34,93.19,8.81
2013-07-26,22.68,24.36,21.28,93.74,8.65,10.77,93.18,9.41
2013-07-27,23.36,25.6,21.6,92.88,8.24,15.55,93.4,9.78
2013-07-28,23.39,25.73,22.03,92.37,8.98,11.57,93.63,10.78
2013-07-29,23.35,25.88,21.93,91.05,8.77,6.75,93.63,11.43
2013-07-30,22.52,24.31,21.47,92.98,9.32,11.29,93.42,7.78
2013-07-31,22.49,24.67,21.47,93.94,8.46,20.52,93.27,6.67
2013-08-01,22.28,23.13,21.06,95.73,8.46,34.78,93.13,6.28
2013-08-02,21.96,23.33,20.87,93.79,7.97,14.24,93.22,7.49
2013-08-03,22.79,25.82,20.85,91.83,6.08,4.33,93.43,17.03
2013-08-04,22.92,26.02,20.87,91.12,5.33,4.04,93.53,14.79
2013-08-05,22.81,25.75,20.56,91.29,4.73,1.21,93.55,13.96
2013-08-06,22.56,24.64,21.01,91.97,4.47,1.82,93.57,15.48
2013-08-07,23.14,26.4,20.86,90.63,5.18,3.72,93.64,12.87
2013-08-08,23.03,26.2,21.0,90.44,5.42,3.3,93.69,12.15
2013-08-09,22.91,25.84,21.44,91.03,5.78,3.43,93.67,9.04
2013-08-10,22.74,25.39,21.28,91.65,6.51,3.03,93.63,11.5
2013-08-11,22.68,25.55,21.01,90.81,6.5,1.86,93.65,12.36
2013-08-12,22.72,25.95,20.79,90.63,6.35,2.39,93.59,12.44
2013-08-13,22.81,25.75,21.21,91.38,6.08,4.01,93.38,7.4
2013-08-14,23.02,26.67,21.13,89.72,6.42,3.98,93.43,11.43
2013-08-15,23.36,27.18,21.18,89.27,5.49,1.25,93.56,14.8
2013-08-16,23.23,26.44,21.31,90.43,4.97,2.22,93.55,13.6
2013-08-17,23.53,26.7,21.79,91.36,5.06,5.68,93.51,12.71
2013-08-18,23.27,26.08,21.69,91.99,5.46,2.63,93.57,13.57
2013-08-19,23.25,26.6,21.23,89.7,5.95,1.17,93.61,15.81
2013-08-20,23.04,26.03,21.34,90.14,6.65,0.89,93.57,16.84
2013-08-21,23.12,26.33,21.27,88.93,7.16,1.78,93.52,16.33
2013-08-22,22.94,25.92,21.19,89.51,6.29,2.22,93.57,13.73
2013-08-23,22.88,26.05,21.02,89.5,6.24,1.9,93.57,14.7
2013-08-24,23.28,27.04,20.86,88.61,6.05,2.35,93.51,9.64
2013-08-25,22.76,25.46,21.06,89.91,5.38,4.24,93.56,9.34
2013-08-26,22.83,25.75,20.92,89.93,4.7,1.47,93.59,8.64
2013-08-27,23.04,26.69,20.46,88.56,4.02,0.62,93.63,12.74
2013-08-28,23.04,26.77,20.67,89.53,3.91,0.99,93.78,16.54
2013-08-29,23.28,27.32,20.24,88.55,3.62,1.64,93.88,15.95
2013-08-30,23.32,27.55,20.5,88.57,4.02,2.11,93.84,16.12
2013-08-31,23.37,28.06,20.03,87.66,3.17,0.91,93.79,18.39
2013-09-01,23.2,28.27,19.18,85.99,2.63,0.11,93.81,22.36
2013-09-02,23.47,28.46,19.58,86.55,2.79,0.01,93.88,21.39
2013-09-03,22.93,27.26,20.16,88.18,3.31,0.11,93.84,19.61
2013-09-04,22.72,26.99,19.65,87.3,3.53,0.24,93.87,19.24
2013-09-05,22.47,26.41,19.41,87.93,3.92,5.26,93.86,15.53
2013-09-06,22.75,27.2,19.54,87.18,3.24,1.35,93.89,19.49
2013-09-07,22.77,27.15,19.63,86.96,3.03,0.11,93.89,15.11
2013-09-08,22.79,26.75,19.54,87.2,2.95,7.39,93.85,15.19
2013-09-09,23.38,27.27,20.73,88.87,3.08,20.07,93.85,10.76
2013-09-10,23.38,25.73,21.7,93.27,2.55,59.13,93.67,10.98
2013-09-11,24.53,28.62,21.39,86.35,2.34,17.97,93.59,15.63
2013-09-12,24.83,29.35,21.3,86.98,2.85,3.44,93.68,18.91
2013-09-13,25.14,29.41,22.08,88.13,2.33,16.32,93.73,18.64
2013-09-14,25.01,28.66,22.47,89.09,1.87,9.89,93.64,18.99
2013-09-15,24.09,27.26,22.08,90.97,2.8,19.44,93.47,15.19
2013-09-16,23.84,26.89,21.67,88.53,2.2,3.14,93.4,13.85
2013-09-17,23.87,27.01,21.43,89.61,3.48,9.72,93.38,16.8
2013-09-18,23.61,26.06,22.11,94.16,3.32,63.32,93.33,8.11
2013-09-19,23.88,26.42,22.25,93.12,3.65,14.09,93.35,7.62
2013-09-20,23.81,27.16,21.84,90.76,4.36,1.29,93.38,13.41
2013-09-21,22.8,25.62,21.21,91.36,5.31,0.07,93.42,15.88
2013-09-22,22.48,25.23,20.98,91.34,6.1,2.27,93.44,16.36
2013-09-23,22.23,24.7,20.76,91.48,6.09,7.05,93.46,13.87
2013-09-24,22.68,25.96,20.86,91.4,5.37,10.46,93.5,9.39
2013-09-25,22.19,24.89,20.52,91.54,4.45,2.94,93.68,10.99
2013-09-26,23.23,27.27,20.41,90.24,4.4,3.46,93.86,15.14
2013-09-27,23.46,27.82,20.71,90.22,3.99,1.65,93.92,13.17
2013-09-28,22.85,26.73,19.96,90.03,3.63,0.95,93.93,15.4
2013-09-29,23.17,27.39,20.42,90.11,4.42,3.5,93.68,12.57
2013-09-30,23.2,26.93,20.72,90.36,4.35,0.28,93.55,17.73
2013-10-01,22.86,26.8,20.2,89.79,3.69,0.16,93.63,18.42
2013-10-02,23.13,27.19,20.24,89.62,3.3,0.65,93.71,18.7
2013-10-03,23.81,28.02,20.71,90.07,3.13,5.39,93.63,17.73
2013-10-04,23.06,26.05,20.95,92.94,3.53,5.39,93.62,14.78
2013-10-05,22.37,25.32,19.82,94.3,3.1,4.77,93.58,10.46
2013-10-06,23.17,27.17,20.41,89.9,2.8,3.75,93.73,19.67
2013-10-07,23.35,28.08,20.17,87.06,2.1,3.1,93.9,18.86
2013-10-08,23.3,28.16,20.07,87.37,2.51,0.2,93.97,17.77
2013-10-09,22.69,26.61,20.31,90.65,3.37,1.55,93.9,18.62
2013-10-10,22.47,26.51,19.59,89.86,2.97,4.32,93.94,19.67
2013-10-11,22.15,26.06,19.27,89.39,2.79,3.37,93.93,14.19
2013-10-12,22.74,27.08,19.53,88.7,2.56,2.17,93.74,17.05
2013-10-13,23.2,27.56,20.11,89.16,2.67,2.37,93.72,17.48
2013-10-14,23.35,27.49,20.25,89.26,2.4,1.79,93.87,17.13
2013-10-15,23.72,28.22,20.63,88.14,1.97,15.77,93.98,16.49
2013-10-16,23.87,28.5,20.39,85.42,2.26,5.81,93.95,15.93
2013-10-17,23.69,28.7,19.63,85.2,3.26,2.82,93.95,14.18
2013-10-18,23.29,28.75,19.74,78.82,3.47,0.22,94.02,17.83
2013-10-19,23.08,29.35,17.92,76.68,3.37,0.0,94.06,20.6
2013-10-20,22.77,28.71,17.88,76.13,3.22,0.0,94.01,17.55
2013-10-21,22.42,28.42,17.28,72.7,3.08,0.0,93.83,19.4
2013-10-22,22.55,28.53,17.7,76.86,3.69,0.03,93.82,18.12
2013-10-23,22.76,28.31,18.19,81.71,3.76,0.05,93.83,16.98
2013-10-24,23.13,28.54,18.18,83.29,4.0,0.14,93.77,18.02
2013-10-25,23.77,28.43,19.89,85.92,2.56,0.89,93.68,16.67
2013-10-26,23.47,27.75,19.56,86.59,1.95,2.99,93.73,16.93
2013-10-27,23.53,28.2,20.09,87.82,2.02,0.92,93.91,16.26
2013-10-28,23.74,28.22,20.61,86.63,1.35,0.05,93.99,16.93
2013-10-29,23.3,28.23,19.73,81.24,1.54,0.0,94.12,18.64
2013-10-30,22.65,28.85,17.59,75.83,2.2,0.0,94.21,18.5
2013-10-31,21.36,28.08,15.74,74.58,2.71,0.0,94.22,19.35
2013-11-01,20.23,27.4,14.55,69.85,3.45,0.0,94.21,20.44
2013-11-02,21.7,28.18,15.88,76.27,3.47,0.14,94.16,18.82
2013-11-03,23.06,28.65,18.31,80.06,3.43,0.02,94.19,18.72
2013-11-04,22.92,27.98,18.89,80.68,3.75,0.0,94.35,17.0
2013-11-05,21.67,27.92,17.06,71.56,3.74,0.0,94.33,17.96
2013-11-06,21.44,27.27,16.58,73.29,2.86,0.0,94.26,17.45
2013-11-07,21.68,27.38,16.03,79.64,2.56,0.0,94.15,17.1
2013-11-08,22.53,27.8,18.41,79.51,2.41,0.0,94.08,16.68
2013-11-09,22.38,27.6,17.98,77.64,2.48,0.0,94.05,18.09
2013-11-10,21.09,27.46,16.07,73.54,3.53,0.0,94.14,18.52
2013-11-11,19.89,26.65,14.59,70.41,3.53,0.0,94.04,18.39
2013-11-12,20.23,26.98,14.47,67.2,2.68,0.0,94.0,18.92
2013-11-13,19.66,27.17,12.87,67.28,2.53,0.0,94.02,18.64
2013-11-14,19.74,27.14,13.57,70.96,2.81,0.0,94.07,18.61
2013-11-15,19.17,26.67,14.06,72.86,4.56,0.0,94.13,18.28
2013-11-16,19.02,26.6,13.66,69.24,4.22,0.0,94.19,18.85
2013-11-17,19.92,27.98,12.71,71.75,4.64,0.0,94.17,18.38
2013-11-18,22.7,28.78,17.59,77.59,3.69,0.0,94.23,17.68
2013-11-19,22.1,29.26,16.54,73.31,3.85,0.0,94.23,18.48
2013-11-20,20.03,28.24,13.89,62.33,3.31,0.0,94.07,19.23
2013-11-21,19.48,28.31,12.1,64.69,2.77,0.0,93.86,19.29
2013-11-22,19.83,28.11,13.33,67.29,3.1,0.0,93.97,18.66
2013-11-23,20.3,28.24,14.4,72.41,3.37,0.0,94.03,18.43
2013-11-24,22.14,28.5,16.76,78.63,2.36,3.36,94.07,16.27
2013-11-25,22.72,28.18,18.39,82.2,1.98,3.16,94.03,16.12
2013-11-26,23.08,28.76,19.0,83.4,2.52,3.08,93.94,13.31
2013-11-27,21.63,26.56,17.19,75.35,2.88,0.0,94.06,15.25
2013-11-28,19.56,27.54,14.05,62.7,4.61,0.0,94.14,18.44
2013-11-29,20.87,28.41,13.4,72.91,3.69,0.01,94.14,17.01
2013-11-30,22.84,28.23,19.2,78.71,2.92,0.03,94.17,10.61
2013-12-01,23.0,28.52,18.16,77.65,2.71,0.85,94.23,14.8
2013-12-02,22.5,27.74,18.9,83.6,2.73,3.99,94.2,14.29
2013-12-03,22.73,27.71,18.63,80.61,2.3,0.45,94.08,15.24
2013-12-04,22.44,28.18,17.81,78.12,3.43,0.0,94.14,14.64
2013-12-05,21.77,28.25,16.83,72.33,3.74,0.0,94.13,16.25
2013-12-06,19.77,27.21,14.3,67.71,3.64,0.0,94.06,17.44
2013-12-07,18.12,26.42,12.18,62.82,3.61,0.0,94.07,18.53
2013-12-08,17.72,26.69,10.68,57.47,3.6,0.0,94.03,18.82
2013-12-09,17.57,26.87,10.58,59.74,3.57,0.0,93.93,18.93
2013-12-10,18.21,27.17,11.17,58.05,3.35,0.0,93.93,18.88
2013-12-11,17.77,26.6,11.25,59.08,3.37,0.0,94.07,18.73
2013-12-12,16.97,26.06,10.55,59.71,3.95,0.0,94.1,18.58
2013-12-13,17.2,26.17,9.9,55.12,3.84,0.0,94.14,18.82
2013-12-14,17.65,26.93,9.98,54.31,3.22,0.0,94.15,18.76
2013-12-15,18.01,27.89,10.38,55.56,2.76,0.0,94.19,18.97
2013-12-16,17.96,27.2,10.13,56.23,2.69,0.0,94.23,18.66
2013-12-17,17.36,26.38,9.61,54.86,3.15,0.0,94.13,18.71
2013-12-18,17.57,26.4,9.63,52.52,3.04,0.0,94.06,18.33
2013-12-19,17.67,27.08,10.09,55.64,2.43,0.0,94.08,18.18
2013-12-20,18.01,26.66,12.13,61.32,2.04,0.0,94.13,17.18
2013-12-21,17.92,26.73,11.63,63.82,2.24,0.0,94.12,17.21
2013-12-22,18.49,27.23,10.45,58.48,2.21,0.0,94.19,17.88
2013-12-23,19.1,26.77,12.42,66.01,3.81,0.0,94.31,17.52
2013-12-24,19.75,26.74,14.8,64.05,4.24,0.0,94.41,17.7
2013-12-25,19.29,26.95,12.81,64.05,2.8,0.0,94.43,17.56
2013-12-26,19.46,26.42,13.03,62.86,3.09,0.0,94.31,17.23
2013-12-27,18.62,26.13,13.06,68.96,3.15,0.0,94.21,16.76
2013-12-28,18.37,26.95,12.22,74.02,2.84,0.0,94.2,15.42
2013-12-29,18.79,26.88,12.94,71.89,2.38,0.0,94.15,14.77
2013-12-30,18.61,26.09,13.38,76.33,3.22,0.0,94.15,13.93
2013-12-31,18.54,27.0,12.06,71.54,3.2,0.0,94.24,15.37
2014-01-01,19.93,27.73,13.31,65.52,3.37,0.0,94.23,17.07
2014-01-02,20.27,27.84,14.07,61.93,3.9,0.0,94.33,16.91
2014-01-03,20.13,27.92,13.81,63.11,3.17,0.0,94.35,16.76
2014-01-04,19.94,28.3,13.82,66.36,2.64,0.0,94.2,16.55
2014-01-05,18.91,27.11,13.85,68.96,2.26,0.0,94.07,16.65
2014-01-06,18.74,27.67,11.24,51.75,2.02,0.0,94.05,17.96
2014-01-07,20.22,29.27,13.22,62.73,3.0,0.0,94.09,17.69
2014-01-08,20.12,29.38,13.48,61.99,3.43,0.0,94.2,17.42
2014-01-09,19.9,29.47,13.77,66.45,2.4,0.0,94.16,17.97
2014-01-10,18.36,27.47,11.75,57.89,3.02,0.0,94.18,17.46
2014-01-11,16.41,26.55,9.34,54.35,2.46,0.0,94.24,18.39
2014-01-12,18.4,29.05,10.16,59.8,3.1,0.0,94.3,18.56
2014-01-13,20.07,29.31,12.7,69.68,2.13,0.0,94.29,16.51
2014-01-14,20.46,29.41,14.41,68.18,2.15,0.0,94.21,15.26
2014-01-15,20.19,29.36,14.56,61.55,2.36,0.0,94.26,17.49
2014-01-16,19.89,29.26,12.99,55.4,3.09,0.0,94.27,17.59
2014-01-17,19.34,26.73,13.69,64.21,3.05,0.0,94.26,17.41
2014-01-18,18.2,27.31,10.39,58.66,2.27,0.0,94.3,19.09
2014-01-19,19.88,29.41,12.94,59.46,3.16,0.0,94.41,19.04
2014-01-20,21.15,28.36,14.07,60.29,2.23,0.0,94.42,14.4
2014-01-21,20.93,26.71,16.27,64.9,2.53,0.15,94.39,11.42
2014-01-22,21.69,28.95,16.44,63.09,3.27,0.04,94.3,17.13
2014-01-23,21.34,28.94,16.17,68.1,3.13,0.32,94.3,15.37
2014-01-24,21.17,27.5,16.59,66.08,1.67,0.06,94.23,14.92
2014-01-25,22.11,29.62,15.56,60.75,3.08,0.0,94.19,16.72
2014-01-26,22.1,29.76,15.72,57.99,3.93,0.0,94.25,15.33
2014-01-27,21.27,29.1,15.41,52.04,4.97,0.0,94.31,16.39
2014-01-28,20.44,28.72,13.44,44.52,3.98,0.0,94.3,18.71
2014-01-29,20.48,29.38,12.75,44.3,3.03,0.0,94.25,18.29
2014-01-30,21.8,29.6,13.99,46.83,2.99,0.0,94.26,16.78
2014-01-31,21.52,29.39,14.87,45.02,3.94,0.0,94.27,16.27
2014-02-01,21.22,29.67,14.26,42.79,4.03,0.0,94.26,17.47
2014-02-02,21.33,29.17,14.6,45.47,3.66,0.0,94.21,16.84
2014-02-03,21.63,30.95,14.49,46.79,2.66,0.0,94.08,18.89
2014-02-04,21.88,32.08,13.75,46.7,2.74,0.0,93.93,18.7
2014-02-05,22.81,32.42,15.96,44.68,2.22,0.0,93.85,19.38
2014-02-06,22.63,32.73,14.95,46.31,2.92,0.0,93.9,19.62
2014-02-07,22.35,32.83,15.34,43.22,2.79,0.0,93.93,20.54
2014-02-08,20.99,31.42,13.59,49.44,3.3,0.0,93.9,21.7
2014-02-09,19.11,29.66,11.37,49.95,3.48,0.0,93.91,22.38
2014-02-10,18.84,28.68,11.41,39.27,3.7,0.0,93.95,22.35
2014-02-11,18.87,28.56,11.8,51.24,3.43,0.0,93.86,22.1
2014-02-12,19.38,29.88,12.08,53.04,3.41,0.0,93.79,22.34
2014-02-13,19.0,26.14,13.46,74.72,4.3,0.0,93.96,18.77
2014-02-14,18.9,25.79,14.14,65.3,4.42,0.0,94.06,20.43
2014-02-15,18.15,25.32,12.48,66.95,4.02,0.06,93.96,20.41
2014-02-16,18.36,26.41,13.14,64.1,2.48,0.02,94.04,22.75
2014-02-17,19.99,30.41,11.34,42.95,3.98,0.0,94.26,22.76
2014-02-18,21.94,31.5,12.93,29.87,4.36,0.0,94.29,22.39
2014-02-19,22.91,32.86,13.73,40.68,3.12,0.0,94.12,21.18
2014-02-20,23.37,32.9,16.4,49.98,3.19,0.0,94.03,19.75
2014-02-21,22.02,28.98,17.07,71.42,3.26,0.0,94.13,14.68
2014-02-22,21.37,29.39,15.84,71.18,2.84,0.0,94.19,19.98
2014-02-23,22.71,31.49,14.91,61.67,2.42,0.0,94.16,21.28
2014-02-24,25.13,33.7,18.61,50.72,4.0,0.0,94.14,19.67
2014-02-25,25.12,34.36,17.52,53.56,3.17,0.0,94.18,21.91
2014-02-26,24.01,32.73,17.69,64.23,2.88,1.45,94.11,19.72
2014-02-27,22.97,31.38,17.83,64.98,3.71,0.16,94.11,21.03
2014-02-28,20.25,28.22,14.23,60.94,4.12,0.0,94.13,22.34
2014-03-01,18.79,28.33,11.82,48.6,3.25,0.0,94.14,24.26
2014-03-02,20.26,30.66,10.12,34.73,2.94,0.0,94.08,24.44
2014-03-03,21.93,31.04,13.31,52.27,3.86,1.14,93.98,20.55
2014-03-04,22.18,30.95,16.28,66.21,3.18,0.84,94.1,21.32
2014-03-05,22.37,31.7,15.63,63.74,4.01,0.12,94.12,20.3
2014-03-06,22.32,31.71,15.22,59.92,2.64,0.05,94.07,22.64
2014-03-07,23.34,32.6,15.59,59.01,2.19,0.0,94.11,23.56
2014-03-08,23.91,32.85,16.78,57.0,3.56,0.67,94.19,23.25
2014-03-09,23.17,30.44,16.88,64.56,3.56,2.3,94.16,20.63
2014-03-10,23.91,32.84,17.03,58.3,2.96,0.31,94.11,24.22
2014-03-11,24.11,33.59,16.85,45.1,2.61,0.0,94.13,24.34
2014-03-12,25.84,34.69,18.53,45.26,2.72,1.3,94.15,21.21
2014-03-13,26.64,34.58,19.73,53.39,3.04,1.81,94.17,22.19
2014-03-14,27.62,36.01,19.52,44.6,2.86,0.0,94.14,24.14
2014-03-15,28.63,36.62,21.39,38.99,2.33,0.0,94.26,22.81
2014-03-16,29.21,36.53,22.24,38.47,2.18,0.0,94.35,22.61
2014-03-17,27.84,31.95,24.2,44.71,2.02,0.0,94.33,19.28
2014-03-18,28.05,34.13,23.43,43.24,2.2,0.0,94.27,21.2
2014-03-19,29.41,37.67,22.19,34.22,2.57,0.0,94.12,21.89
2014-03-20,28.56,37.45,21.44,26.22,3.11,0.0,94.02,23.46
2014-03-21,27.07,36.85,19.96,26.73,4.06,0.0,93.95,25.46
2014-03-22,25.31,34.78,18.33,34.63,3.78,0.0,93.86,25.72
2014-03-23,26.62,37.9,16.83,38.07,2.64,0.0,93.84,26.07
2014-03-24,26.48,37.14,17.86,49.72,3.75,0.0,93.97,24.67
2014-03-25,26.65,36.71,18.01,42.33,3.34,0.0,93.95,24.97
2014-03-26,28.24,38.49,18.64,33.63,2.86,0.0,93.89,25.46
2014-03-27,28.16,38.98,20.33,37.17,3.96,0.0,93.97,24.27
2014-03-28,27.95,38.28,20.12,38.63,3.16,0.0,94.05,24.72
2014-03-29,29.24,39.04,20.5,26.95,2.69,0.0,93.96,24.52
2014-03-30,29.77,39.69,20.95,26.49,3.28,0.0,93.87,24.67
2014-03-31,29.51,39.43,21.57,33.56,3.3,0.0,93.85,23.79
2014-04-01,27.37,37.25,19.62,35.67,4.07,0.0,93.85,25.16
2014-04-02,27.0,37.35,17.73,36.65,3.39,0.0,93.82,26.67
2014-04-03,28.53,38.83,18.8,25.76,3.1,0.0,93.88,26.81
2014-04-04,30.23,40.15,20.91,28.1,3.32,0.0,93.92,23.77
2014-04-05,30.1,39.89,21.47,27.73,2.76,0.0,93.96,24.05
2014-04-06,29.52,38.69,21.89,34.02,2.92,0.0,94.0,17.12
2014-04-07,29.33,37.02,23.26,36.54,3.27,0.0,94.07,19.22
2014-04-08,28.11,36.89,21.49,47.22,2.01,0.0,94.07,21.31
2014-04-09,27.75,37.69,20.55,44.36,3.17,0.0,94.08,25.0
2014-04-10,27.9,38.35,19.89,36.92,2.77,0.0,94.08,26.37
2014-04-11,27.32,37.17,19.37,33.41,4.02,0.0,94.07,27.53
2014-04-12,26.84,37.54,18.0,32.68,3.8,0.0,93.92,28.34
2014-04-13,26.82,38.43,18.04,40.7,3.28,0.0,93.91,27.67
2014-04-14,27.6,38.89,18.92,39.31,2.61,0.0,93.96,27.44
2014-04-15,28.23,39.06,19.27,42.0,2.51,0.0,94.03,27.15
2014-04-16,29.27,40.05,20.21,48.73,2.6,0.07,93.91,24.77
2014-04-17,28.49,37.29,22.82,50.76,2.97,0.02,93.83,24.2
2014-04-18,28.4,38.98,21.07,53.5,3.18,0.01,94.0,24.01
2014-04-19,29.46,39.25,21.43,48.8,2.34,0.48,93.96,25.08
2014-04-20,30.49,38.42,23.42,39.66,2.26,0.01,93.86,23.47
2014-04-21,30.9,38.31,23.7,37.45,2.29,3.08,93.86,24.15
2014-04-22,30.18,37.02,24.64,39.83,2.31,0.74,94.03,24.01
2014-04-23,31.79,38.33,25.48,35.04,2.26,0.0,93.95,22.93
2014-04-24,31.3,39.02,24.99,28.12,2.81,0.01,93.82,24.93
2014-04-25,30.22,40.0,21.98,29.46,3.58,0.0,93.86,26.11
2014-04-26,30.59,41.02,20.89,34.9,3.37,0.0,93.78,25.92
2014-04-27,30.57,40.73,20.71,43.61,3.17,0.01,93.85,24.03
2014-04-28,30.59,39.87,23.12,45.31,3.09,0.0,93.86,25.82
2014-04-29,30.51,40.13,22.74,46.3,3.5,0.0,93.8,24.99
2014-04-30,30.12,38.64,23.19,48.41,2.71,0.07,93.83,23.5
2014-05-01,30.59,40.46,22.44,46.06,3.35,0.13,93.79,24.97
2014-05-02,29.87,39.75,22.33,47.75,3.69,0.0,93.75,26.39
2014-05-03,30.19,39.64,22.04,40.56,3.07,0.33,93.72,24.38
2014-05-04,29.57,39.34,20.7,41.98,3.29,0.0,93.69,27.59
2014-05-05,29.71,39.36,20.4,42.3,3.51,0.0,93.7,27.12
2014-05-06,31.12,38.88,23.08,36.66,2.56,0.0,93.74,24.25
2014-05-07,31.72,37.87,26.79,37.66,2.47,1.25,93.68,20.5
2014-05-08,29.96,36.33,25.76,45.92,2.41,0.43,93.69,16.88
2014-05-09,29.18,35.61,24.87,51.47,3.33,1.77,93.61,19.71
2014-05-10,28.13,36.55,22.17,52.36,4.64,0.15,93.67,26.86
2014-05-11,27.42,36.45,19.47,51.96,4.28,0.0,93.9,28.31
2014-05-12,27.65,36.56,20.27,54.61,3.99,0.0,93.95,27.9
2014-05-13,27.98,36.67,21.47,55.62,4.54,0.0,93.93,27.66
2014-05-14,27.95,36.93,21.62,56.59,4.69,0.26,93.9,26.9
2014-05-15,28.37,37.13,22.08,55.55,4.52,0.81,93.8,25.96
2014-05-16,28.5,37.21,22.1,55.47,4.4,0.0,93.78,26.4
2014-05-17,28.71,37.56,22.19,56.0,3.72,0.17,93.89,24.9
2014-05-18,29.1,37.1,22.87,57.55,3.63,0.6,93.86,18.42
2014-05-19,29.67,36.72,23.54,55.01,3.12,0.01,93.79,20.42
2014-05-20,30.56,37.72,25.35,46.21,3.51,0.01,93.74,16.8
2014-05-21,29.5,37.88,22.99,53.67,3.77,0.0,93.7,20.03
2014-05-22,28.89,37.28,22.77,52.89,4.42,0.0,93.68,24.22
2014-05-23,29.51,39.13,22.57,53.2,4.55,0.0,93.62,26.64
2014-05-24,29.86,39.35,22.28,50.43,4.73,0.0,93.64,27.21
2014-05-25,29.4,39.01,22.05,53.15,4.53,0.0,93.67,27.03
2014-05-26,30.39,39.95,23.45,53.94,4.4,0.01,93.67,24.67
2014-05-27,29.57,38.2,24.36,60.0,3.7,4.45,93.67,21.36
2014-05-28,29.51,38.29,23.17,59.08,3.65,1.86,93.74,25.01
2014-05-29,29.49,38.16,23.81,60.26,4.33,0.06,93.79,23.36
2014-05-30,29.1,37.24,23.97,59.61,5.06,0.15,93.74,24.32
2014-05-31,29.13,38.43,22.95,54.69,4.85,0.0,93.65,26.84
2014-06-01,29.62,39.15,22.41,56.6,4.65,0.0,93.6,26.88
2014-06-02,30.67,40.76,23.59,57.55,4.74,0.19,93.6,24.98
2014-06-03,28.7,34.6,24.65,65.67,3.98,1.86,93.56,14.98
2014-06-04,28.62,35.4,24.18,67.42,4.16,4.4,93.48,19.77
2014-06-05,28.35,35.17,23.75,66.73,4.4,0.85,93.42,11.79
2014-06-06,28.31,35.5,23.38,64.98,5.15,0.43,93.41,22.65
2014-06-07,28.23,35.1,23.49,62.52,5.37,0.03,93.38,23.18
2014-06-08,28.96,36.29,23.94,60.03,5.73,0.0,93.27,24.83
2014-06-09,28.62,35.76,24.32,67.37,5.06,5.43,93.25,15.41
2014-06-10,28.18,35.45,23.53,67.93,5.14,2.92,93.3,22.73
2014-06-11,27.47,33.22,22.86,68.22,6.33,0.1,93.4,23.69
2014-06-12,27.59,34.57,23.63,65.48,6.12,1.11,93.45,22.38
2014-06-13,26.98,32.91,22.74,67.84,6.08,1.35,93.52,22.14
2014-06-14,26.73,32.33,23.05,73.46,6.01,4.14,93.58,19.1
2014-06-15,26.38,31.52,23.05,75.66,6.78,5.2,93.58,17.31
2014-06-16,26.56,31.51,23.61,78.4,7.19,8.25,93.45,15.6
2014-06-17,26.34,31.58,23.04,75.63,6.68,2.6,93.45,12.87
2014-06-18,26.56,32.06,22.84,74.6,6.77,1.14,93.3,16.71
2014-06-19,26.34,31.76,23.23,76.41,6.9,2.83,93.23,11.98
2014-06-20,26.22,30.96,23.12,76.38,7.89,1.22,93.35,16.43
2014-06-21,26.53,31.76,23.21,74.76,8.45,0.23,93.55,15.27
2014-06-22,26.48,31.93,23.19,74.68,8.32,0.02,93.76,19.6
2014-06-23,26.47,31.96,23.01,75.11,8.12,0.09,93.77,18.78
2014-06-24,26.43,32.08,22.87,74.17,7.86,0.02,93.61,18.84
2014-06-25,26.51,32.32,22.51,72.6,7.08,0.04,93.62,19.5
2014-06-26,27.08,33.29,22.49,68.98,5.42,0.01,93.76,23.37
2014-06-27,27.65,34.92,22.38,65.76,4.73,0.0,93.86,22.62
2014-06-28,27.53,34.71,22.32,65.58,5.09,0.17,93.81,19.3
2014-06-29,27.15,33.57,22.54,67.34,5.32,0.05,93.71,23.08
2014-06-30,26.77,33.31,22.59,69.25,5.63,0.16,93.68,22.92
2014-07-01,26.75,32.7,22.65,69.73,5.81,1.47,93.78,19.2
2014-07-02,26.38,32.01,23.0,72.06,6.31,1.61,93.82,15.76
2014-07-03,25.71,31.27,22.73,77.67,5.99,6.88,93.59,13.16
2014-07-04,25.92,31.45,22.72,77.21,5.56,5.45,93.5,13.95
2014-07-05,26.25,31.93,22.91,75.42,4.77,1.08,93.53,20.15
2014-07-06,25.66,29.46,23.09,78.66,4.53,2.28,93.65,20.15
2014-07-07,24.95,27.87,22.95,83.53,4.84,17.55,93.66,16.69
2014-07-08,25.0,28.68,22.73,82.21,5.47,9.39,93.59,18.26
2014-07-09,24.88,28.57,22.82,81.87,4.74,8.39,93.53,13.93
2014-07-10,24.24,27.99,21.82,80.99,5.14,20.85,93.57,11.11
2014-07-11,24.37,27.92,21.59,85.43,8.37,27.03,93.51,9.62
2014-07-12,23.83,26.28,22.16,89.34,7.38,26.05,93.4,8.59
2014-07-13,24.88,28.44,22.74,86.1,6.77,9.39,93.34,10.71
2014-07-14,24.63,28.58,22.61,86.18,6.61,10.3,93.3,12.57
2014-07-15,24.36,27.26,22.62,89.96,8.06,36.81,93.15,8.0
2014-07-16,23.74,26.07,22.29,90.94,9.38,25.28,93.18,6.66
2014-07-17,24.8,27.92,23.02,86.97,9.91,23.72,93.22,11.65
2014-07-18,24.54,27.9,22.96,87.64,9.79,16.38,93.28,10.34
2014-07-19,23.82,26.24,22.39,89.03,8.96,9.93,93.37,12.07
2014-07-20,23.87,26.67,22.37,88.37,8.49,8.98,93.52,10.14
2014-07-21,23.89,27.17,22.18,88.77,8.27,29.99,93.51,8.74
2014-07-22,23.28,24.63,22.61,92.73,7.97,28.5,93.49,7.96
2014-07-23,23.57,25.29,22.65,91.48,9.44,24.42,93.4,5.56
2014-07-24,24.35,28.09,22.33,85.96,8.63,5.65,93.45,15.7
2014-07-25,24.48,28.54,22.15,85.86,7.12,5.31,93.6,14.66
2014-07-26,24.55,28.45,22.35,84.86,6.56,1.88,93.76,15.6
2014-07-27,24.12,27.05,22.06,88.17,7.62,30.6,93.79,6.99
2014-07-28,23.37,24.83,22.59,92.97,8.71,43.09,93.53,6.75
2014-07-29,23.26,24.5,22.56,94.01,8.99,91.55,93.39,6.5
2014-07-30,23.53,24.96,22.6,94.69,7.43,111.15,93.35,5.66
2014-07-31,23.46,24.61,22.72,95.1,6.71,56.22,93.35,4.89
2014-08-01,23.98,27.17,21.93,89.7,7.42,9.76,93.34,11.97
2014-08-02,23.81,27.14,21.57,89.16,8.52,9.51,93.43,11.15
2014-08-03,23.87,27.04,21.98,89.44,8.03,20.19,93.42,14.25
2014-08-04,23.15,24.73,21.83,93.81,7.77,48.83,93.35,5.69
2014-08-05,23.22,25.42,21.71,92.23,7.94,22.55,93.37,11.89
2014-08-06,23.23,25.99,21.8,91.86,7.96,14.06,93.46,12.8
2014-08-07,23.52,26.88,21.57,89.8,7.73,7.19,93.48,14.88
2014-08-08,23.58,27.19,21.37,89.46,6.7,4.4,93.5,14.05
2014-08-09,23.6,27.01,21.32,88.95,5.98,5.64,93.63,13.42
2014-08-10,23.69,27.28,21.65,89.42,5.85,2.83,93.69,12.12
2014-08-11,23.69,27.57,21.35,88.71,4.61,2.39,93.61,11.61
2014-08-12,23.38,27.15,20.91,89.09,5.09,0.66,93.65,12.69
2014-08-13,23.36,27.22,20.91,88.62,5.72,0.29,93.74,14.69
2014-08-14,23.41,26.93,21.35,89.27,6.27,3.02,93.77,14.32
2014-08-15,23.52,27.47,21.29,88.28,6.67,3.23,93.75,13.97
2014-08-16,23.32,27.09,21.08,87.85,6.14,3.53,93.77,13.55
2014-08-17,23.49,27.54,21.02,88.08,4.1,2.09,93.78,15.42
2014-08-18,23.48,27.58,20.46,87.61,2.38,0.44,93.87,18.35
2014-08-19,24.33,28.33,21.06,88.79,2.44,22.25,93.87,13.35
2014-08-20,25.0,28.89,22.29,89.84,1.85,10.85,93.72,15.46
2014-08-21,24.31,27.0,22.77,93.23,1.21,8.51,93.49,13.52
2014-08-22,24.53,27.79,22.1,90.37,1.74,40.91,93.51,14.13
2014-08-23,24.98,28.99,21.94,87.8,1.73,34.71,93.57,17.47
2014-08-24,25.52,29.56,22.1,86.22,1.9,68.73,93.62,18.69
2014-08-25,24.24,26.71,22.18,91.28,2.64,11.61,93.73,16.15
2014-08-26,23.1,25.57,21.53,92.34,3.19,8.22,93.75,7.12
2014-08-27,22.67,25.98,20.83,91.65,3.68,14.49,93.66,11.31
2014-08-28,21.98,24.3,20.52,92.92,2.8,7.45,93.59,9.15
2014-08-29,23.02,26.24,20.35,92.19,2.13,29.56,93.43,11.68
2014-08-30,22.73,23.98,21.77,94.61,3.85,18.6,93.35,10.57
2014-08-31,23.08,24.24,21.75,95.58,5.41,29.2,93.09,6.67
2014-09-01,22.33,23.73,21.49,95.07,6.72,21.32,93.07,7.72
2014-09-02,22.76,25.67,20.91,92.13,7.51,11.32,93.25,12.27
2014-09-03,23.69,27.19,21.15,91.67,7.18,8.47,93.44,11.87
2014-09-04,23.79,26.56,22.34,91.64,7.62,10.12,93.51,13.35
2014-09-05,23.37,26.36,21.71,92.16,6.36,18.38,93.6,6.84
2014-09-06,22.72,24.77,21.48,93.59,4.46,5.22,93.65,16.25
2014-09-07,22.74,26.0,21.15,92.36,4.55,1.8,93.66,13.1
2014-09-08,22.29,23.52,21.34,95.23,5.76,10.8,93.65,8.56
2014-09-09,22.51,25.3,20.31,91.72,6.55,4.77,93.71,11.63
2014-09-10,21.8,24.39,19.67,91.12,4.24,10.91,93.77,12.87
2014-09-11,22.09,25.87,19.63,88.83,3.67,2.72,93.88,13.15
2014-09-12,21.95,25.45,19.41,91.3,3.59,0.24,93.94,14.85
2014-09-13,22.76,26.59,19.61,90.56,3.61,0.07,93.85,13.43
2014-09-14,22.79,26.58,20.15,90.18,3.17,0.14,93.81,15.77
2014-09-15,22.83,26.96,19.61,88.08,2.58,0.02,93.75,19.83
2014-09-16,22.9,26.93,20.1,88.86,3.03,0.04,93.68,19.82
2014-09-17,22.78,26.67,19.86,88.83,2.5,0.98,93.66,16.63
2014-09-18,23.22,27.38,20.17,89.45,3.09,0.94,93.76,13.39
2014-09-19,23.52,27.72,20.84,90.12,3.67,1.54,93.81,14.38
2014-09-20,23.07,26.92,20.62,89.45,3.43,4.25,93.76,10.44
2014-09-21,22.91,27.19,19.75,88.76,2.69,0.99,93.82,19.28
2014-09-22,23.27,27.89,20.01,87.28,2.36,0.34,93.93,21.15
2014-09-23,23.44,28.45,20.06,86.02,2.4,0.0,93.93,21.44
2014-09-24,23.9,28.48,20.49,87.24,2.12,15.43,93.92,17.78
2014-09-25,24.07,28.12,21.17,90.07,1.82,53.14,93.9,17.6
2014-09-26,24.18,28.03,21.11,86.38,2.38,3.0,94.01,18.24
2014-09-27,23.92,29.95,18.21,75.48,2.49,0.05,94.08,21.54
2014-09-28,23.89,29.45,18.86,76.13,3.34,0.01,94.09,22.82
2014-09-29,24.21,29.22,19.06,74.98,3.21,0.88,94.06,21.42
2014-09-30,24.08,28.4,19.34,79.0,2.43,7.69,94.04,19.46
2014-10-01,23.73,27.86,20.08,81.33,2.33,4.96,94.1,13.16
2014-10-02,23.86,29.04,19.56,80.06,2.66,0.55,94.09,21.4
2014-10-03,24.35,28.95,20.49,79.95,2.19,0.0,94.02,21.04
2014-10-04,24.36,28.59,20.24,79.25,1.83,0.09,94.09,19.95
2014-10-05,24.02,28.75,20.48,82.9,2.33,1.07,94.13,21.65
2014-10-06,23.77,28.72,19.74,83.53,2.23,1.26,94.09,19.34
2014-10-07,23.95,28.3,20.32,83.68,2.09,4.94,93.87,16.01
2014-10-08,23.76,27.79,20.13,83.09,1.92,0.55,93.87,13.67
2014-10-09,24.28,28.66,20.14,83.26,1.74,0.98,93.9,16.79
2014-10-10,24.88,29.75,20.42,83.07,2.53,0.01,93.82,17.65
2014-10-11,24.48,30.04,19.78,79.23,2.96,0.0,93.77,20.66
2014-10-12,22.47,29.18,16.94,73.38,3.5,0.0,93.75,20.5
2014-10-13,22.01,28.65,16.58,67.41,2.73,0.0,93.69,21.68
2014-10-14,23.07,29.02,19.16,55.59,1.28,0.0,93.87,22.72
2014-10-15,23.55,29.92,16.52,72.81,2.52,0.0,94.08,20.37
2014-10-16,24.64,29.71,20.55,80.19,3.08,0.0,94.09,19.64
2014-10-17,24.65,28.74,21.1,82.39,1.96,0.93,94.12,17.64
2014-10-18,24.65,29.13,20.97,80.84,1.7,2.68,94.06,19.46
2014-10-19,24.63,29.48,20.01,76.54,2.24,0.81,94.03,19.93
2014-10-20,23.88,29.48,18.78,75.55,3.19,0.02,94.1,21.18
2014-10-21,23.51,29.3,17.95,75.27,3.63,1.01,94.21,20.34
2014-10-22,23.34,29.24,18.87,76.11,3.93,0.15,94.26,19.49
2014-10-23,22.6,28.72,16.87,68.28,3.75,0.0,94.17,19.52
2014-10-24,21.7,27.3,17.53,74.0,3.1,0.44,94.09,14.38
2014-10-25,19.13,21.92,17.4,87.41,4.79,12.89,94.12,5.53
2014-10-26,19.1,22.62,16.52,88.82,5.03,1.62,94.2,8.97
2014-10-27,20.35,23.14,18.4,88.45,2.36,0.14,94.27,11.13
2014-10-28,22.17,27.58,17.56,77.83,2.34,0.0,94.17,19.55
2014-10-29,21.21,27.3,16.29,68.53,3.21,0.0,94.19,19.28
2014-10-30,20.58,27.72,15.53,69.2,3.96,0.0,94.11,19.51
2014-10-31,20.63,27.9,14.8,70.71,3.47,0.0,94.1,20.28
2014-11-01,20.98,28.4,15.13,70.89,3.8,0.0,94.13,20.4
2014-11-02,21.39,28.35,15.82,70.79,3.51,0.0,94.23,19.54
2014-11-03,21.58,28.43,16.21,69.53,3.45,0.0,94.25,19.21
2014-11-04,21.47,28.51,15.6,66.35,2.46,0.0,94.2,17.5
2014-11-05,21.27,28.48,14.97,65.35,2.38,0.0,94.26,18.37
2014-11-06,20.74,28.11,14.57,67.35,2.39,0.0,94.17,18.45
2014-11-07,20.52,28.38,13.74,66.04,2.94,0.0,94.15,19.23
2014-11-08,20.24,27.78,14.13,65.94,3.71,0.0,94.19,18.35
2014-11-09,20.88,27.32,14.19,64.51,3.58,0.0,94.2,17.92
2014-11-10,22.43,28.71,16.23,69.67,2.92,0.0,94.09,17.34
2014-11-11,24.01,29.13,19.98,78.97,2.59,0.35,94.01,16.82
2014-11-12,23.58,29.39,17.99,74.31,2.73,0.59,94.07,18.29
2014-11-13,23.33,28.62,20.12,80.5,4.71,0.07,94.16,16.56
2014-11-14,21.96,26.31,19.04,85.26,4.63,8.79,94.29,7.88
2014-11-15,21.05,23.82,19.17,91.06,2.97,11.32,94.27,5.84
2014-11-16,21.55,25.59,18.8,86.11,3.13,3.34,94.2,15.65
2014-11-17,20.95,25.09,18.2,85.97,3.76,0.58,94.22,17.11
2014-11-18,22.5,27.8,18.51,81.18,3.53,0.1,94.31,15.46
2014-11-19,22.38,27.85,18.11,78.15,3.45,0.0,94.3,15.12
2014-11-20,20.95,27.79,15.92,68.2,3.41,0.0,94.25,17.98
2014-11-21,20.87,27.32,14.12,63.22,2.41,0.0,94.19,17.08
2014-11-22,20.69,27.85,14.3,66.94,2.36,0.0,94.1,17.51
2014-11-23,20.87,27.89,14.95,69.52,2.79,0.0,94.11,17.12
2014-11-24,20.1,27.36,14.61,69.93,3.83,0.0,94.16,17.31
2014-11-25,19.54,27.15,13.66,65.54,3.67,0.0,94.18,17.54
2014-11-26,19.39,27.18,12.25,58.62,3.27,0.0,94.03,18.93
2014-11-27,19.49,27.49,11.96,56.43,2.62,0.0,94.02,18.45
2014-11-28,19.57,27.74,11.98,56.44,2.89,0.0,94.12,17.88
2014-11-29,19.47,27.52,12.02,57.08,2.93,0.0,94.16,17.29
2014-11-30,18.75,26.96,12.28,61.17,3.79,0.0,94.18,17.75
2014-12-01,18.84,26.66,12.82,60.96,3.88,0.0,94.19,16.67
2014-12-02,20.24,28.0,13.23,58.27,3.34,0.0,94.2,18.0
2014-12-03,20.44,28.1,13.62,63.51,2.76,0.0,94.23,17.77
2014-12-04,20.63,28.27,14.17,60.87,3.14,0.0,94.21,17.28
2014-12-05,19.62,28.07,13.11,59.06,3.49,0.06,94.26,17.06
2014-12-06,18.99,27.79,12.44,58.4,4.08,0.0,94.24,18.16
2014-12-07,19.58,27.85,12.36,56.92,3.32,0.0,94.19,18.2
2014-12-08,20.24,28.12,12.82,55.04,2.89,0.0,94.17,17.24
2014-12-09,21.57,29.02,13.84,55.0,2.27,0.0,94.2,16.41
2014-12-10,22.04,28.88,15.26,63.42,2.33,0.0,94.15,15.93
2014-12-11,22.03,28.33,16.66,73.62,2.89,0.19,94.1,14.11
2014-12-12,21.24,25.85,17.37,85.44,2.44,26.71,94.16,12.17
2014-12-13,20.44,24.37,17.77,88.73,2.85,4.48,94.21,12.67
2014-12-14,19.35,26.12,13.07,77.5,2.19,0.0,94.24,17.11
2014-12-15,17.25,26.06,9.66,59.72,2.69,0.0,94.29,18.29
2014-12-16,17.58,26.51,11.09,58.78,4.88,0.0,94.36,17.59
2014-12-17,16.43,25.11,10.23,56.81,4.61,0.0,94.41,14.96
2014-12-18,15.97,24.66,9.39,54.98,4.87,0.0,94.41,18.08
2014-12-19,16.68,24.9,10.79,55.47,4.67,0.0,94.47,16.64
2014-12-20,17.01,25.31,12.11,57.6,4.02,0.0,94.33,15.31
2014-12-21,17.13,26.3,9.81,53.14,3.38,0.0,94.16,16.63
2014-12-22,17.29,26.5,10.1,53.01,3.41,0.0,94.11,17.28
2014-12-23,18.17,26.86,10.23,55.73,2.47,0.0,94.16,17.56
2014-12-24,19.16,27.04,11.49,52.43,2.43,0.0,94.31,17.24
2014-12-25,19.55,27.2,11.56,56.86,2.1,0.0,94.33,17.1
2014-12-26,17.98,26.09,11.74,62.26,3.62,0.0,94.2,17.24
2014-12-27,16.9,25.42,11.12,57.03,4.45,0.0,94.2,16.79
2014-12-28,16.64,25.13,9.99,56.12,4.22,0.0,94.21,17.13
2014-12-29,17.8,26.28,10.21,59.0,3.05,0.0,94.02,16.48
2014-12-30,18.11,26.83,10.89,71.39,3.18,0.0,93.79,14.28
2014-12-31,18.45,24.64,14.64,83.68,2.0,0.2,93.78,10.26
2015-01-01,17.97,24.3,13.59,75.39,2.12,0.23,93.83,11.05
2015-01-02,17.65,23.87,11.86,78.95,2.47,0.04,94.09,12.08
2015-01-03,17.92,24.56,12.45,78.15,2.12,0.0,94.26,14.25
2015-01-04,18.99,26.47,12.51,76.85,3.74,0.0,94.3,15.84
2015-01-05,19.6,26.66,13.5,66.22,4.04,0.0,94.3,15.44
2015-01-06,19.04,27.32,12.58,66.96,2.69,0.0,94.28,16.53
2015-01-07,18.26,26.84,11.79,58.73,2.32,0.0,94.25,17.61
2015-01-08,17.51,26.68,9.76,48.21,3.37,0.0,94.29,18.4
2015-01-09,17.47,26.95,10.13,48.06,3.98,0.0,94.4,18.23
2015-01-10,17.05,26.98,9.79,45.31,4.17,0.0,94.45,19.32
2015-01-11,16.89,27.6,9.13,44.95,4.23,0.0,94.45,19.82
2015-01-12,17.47,27.86,9.22,42.63,3.93,0.0,94.37,19.77
2015-01-13,17.87,27.98,9.17,43.07,2.97,0.0,94.25,19.85
2015-01-14,18.65,28.48,9.77,42.48,2.48,0.0,94.15,18.83
2015-01-15,18.58,27.8,9.69,44.01,2.73,0.0,94.17,18.55
2015-01-16,18.84,27.88,10.92,48.24,2.97,0.0,94.24,18.46
2015-01-17,19.23,28.02,10.58,44.76,2.97,0.0,94.29,18.0
2015-01-18,19.02,28.32,11.09,50.53,3.0,0.0,94.27,18.27
2015-01-19,19.48,28.76,11.58,54.88,2.63,0.0,94.2,17.91
2015-01-20,18.84,26.44,14.22,65.53,2.52,0.0,94.37,17.56
2015-01-21,18.66,27.66,11.6,67.03,2.6,0.0,94.48,18.11
2015-01-22,19.01,27.32,13.1,73.07,2.41,0.0,94.49,18.1
2015-01-23,19.26,27.44,12.53,71.96,2.56,0.0,94.3,15.86
2015-01-24,20.79,29.39,14.6,63.83,2.88,0.21,94.25,14.8
2015-01-25,21.1,29.26,16.04,61.89,3.0,0.17,94.33,15.6
2015-01-26,19.8,27.93,13.79,66.18,2.11,0.0,94.3,15.83
2015-01-27,19.53,29.5,12.47,63.25,2.93,0.0,94.17,17.79
2015-01-28,20.15,30.22,12.79,61.09,3.2,0.0,94.04,18.42
2015-01-29,20.64,29.43,12.98,59.88,1.78,0.0,94.16,18.62
2015-01-30,21.09,29.93,14.33,54.12,4.15,0.0,94.38,18.53
2015-01-31,21.71,30.56,14.48,46.87,3.93,0.0,94.37,18.39
2015-02-01,21.19,30.81,14.25,50.09,3.2,0.0,94.28,18.25
2015-02-02,21.66,31.44,13.63,50.09,2.71,0.0,94.29,19.17
2015-02-03,21.96,31.07,13.5,46.4,2.43,0.0,94.51,19.32
2015-02-04,22.19,30.86,14.31,40.66,3.42,0.0,94.51,20.23
2015-02-05,22.2,31.15,13.41,37.22,2.72,0.0,94.33,19.39
2015-02-06,21.82,30.53,13.91,42.43,3.04,0.0,94.27,17.28
2015-02-07,21.4,31.16,13.3,47.67,3.38,0.0,94.21,20.12
2015-02-08,19.99,29.2,13.95,50.83,2.5,0.0,94.23,21.27
2015-02-09,21.14,31.2,11.79,44.09,3.4,0.0,94.19,20.92
2015-02-10,23.55,31.75,17.57,47.64,3.49,0.08,94.25,19.98
2015-02-11,22.56,31.71,15.69,49.97,3.02,0.0,94.23,20.2
2015-02-12,22.08,31.62,14.6,46.66,2.61,0.0,94.22,20.57
2015-02-13,22.24,32.52,14.44,40.11,3.04,0.0,94.2,21.33
2015-02-14,22.28,32.79,14.18,37.52,2.59,0.0,94.12,21.75
2015-02-15,22.67,33.36,14.57,38.45,3.0,0.0,94.13,22.05
2015-02-16,23.12,34.23,14.22,37.29,2.8,0.0,94.22,22.55
2015-02-17,23.18,34.27,14.78,37.28,3.44,0.0,94.16,22.56
2015-02-18,22.18,32.55,14.67,37.83,3.19,0.0,94.07,23.38
2015-02-19,22.55,33.2,14.27,49.91,2.55,0.0,94.05,22.8
2015-02-20,23.16,33.55,14.61,40.9,2.74,0.0,94.12,22.75
2015-02-21,24.07,33.55,15.56,32.81,4.27,0.0,94.15,22.05
2015-02-22,24.72,34.14,16.42,33.54,3.61,0.0,94.21,21.98
2015-02-23,24.12,33.98,15.36,34.07,3.28,0.0,94.21,21.62
2015-02-24,24.38,34.44,16.52,42.31,2.22,0.0,94.05,21.94
2015-02-25,23.3,33.41,15.59,49.88,2.91,0.0,93.96,22.01
2015-02-26,21.7,31.79,14.61,51.85,3.49,0.0,93.9,22.44
2015-02-27,20.88,30.78,13.35,51.63,3.34,0.0,93.94,23.74
2015-02-28,20.87,29.95,14.49,66.25,3.45,14.91,93.9,11.2
2015-03-01,19.9,26.57,16.28,82.23,5.39,17.15,93.81,7.83
2015-03-02,19.17,25.75,14.06,74.75,4.4,1.13,94.15,20.03
2015-03-03,18.01,26.66,12.15,64.59,2.98,0.0,94.22,24.92
2015-03-04,18.13,28.39,9.9,55.22,2.16,0.0,94.15,25.02
2015-03-05,20.25,31.94,10.69,53.75,2.78,0.0,94.13,24.88
2015-03-06,22.26,33.33,12.76,48.04,2.59,0.0,94.26,24.54
2015-03-07,22.94,33.23,14.26,43.26,3.08,0.0,94.21,24.19
2015-03-08,23.24,33.4,15.03,45.81,2.71,0.0,94.21,24.17
2015-03-09,23.68,33.29,14.64,50.04,2.72,0.0,94.3,23.01
2015-03-10,25.59,33.18,19.51,58.9,3.56,0.8,94.33,20.34
2015-03-11,25.12,31.23,19.37,57.95,2.42,0.32,94.31,21.1
2015-03-12,26.24,34.29,18.51,45.78,2.97,0.0,94.28,23.7
2015-03-13,26.42,35.01,17.73,49.15,2.9,1.12,94.14,22.05
2015-03-14,26.14,34.3,19.75,54.76,3.62,1.58,94.13,22.63
2015-03-15,23.92,32.16,18.38,66.11,2.98,0.35,94.22,23.26
2015-03-16,23.31,32.45,16.66,63.04,2.98,0.01,94.32,23.76
2015-03-17,23.95,34.46,15.32,44.84,3.08,0.0,94.24,25.01
2015-03-18,25.72,35.24,16.3,40.82,2.47,0.0,94.01,24.95
2015-03-19,27.48,36.68,19.21,43.43,3.19,0.0,94.03,24.35
2015-03-20,28.02,36.95,19.96,41.8,3.11,0.0,94.12,22.59
2015-03-21,28.55,37.28,20.39,42.05,2.38,0.0,94.22,22.26
2015-03-22,28.96,37.95,21.24,41.01,2.32,0.0,94.16,23.4
2015-03-23,28.6,36.45,22.81,36.58,2.34,0.0,94.04,22.13
2015-03-24,29.31,38.75,21.07,34.55,2.38,0.0,93.94,23.98
2015-03-25,29.67,38.9,21.2,34.54,3.79,0.0,93.98,24.36
2015-03-26,30.09,38.36,23.76,40.1,2.01,0.0,94.12,21.12
2015-03-27,29.49,38.08,21.9,46.11,2.49,0.03,94.17,20.77
2015-03-28,29.1,38.06,21.83,48.14,1.97,0.12,94.04,21.77
2015-03-29,27.79,35.42,22.36,49.59,2.21,2.6,93.96,18.47
2015-03-30,27.81,34.61,22.34,47.2,2.48,0.41,93.94,21.61
2015-03-31,27.32,36.77,19.66,33.34,3.24,0.0,94.0,25.32
2015-04-01,27.39,37.63,18.81,29.11,2.83,0.0,93.94,25.72
2015-04-02,26.29,36.76,18.43,38.19,3.77,0.0,93.93,26.1
2015-04-03,25.55,35.13,18.19,52.84,4.38,0.0,93.85,26.75
2015-04-04,24.67,34.84,16.2,52.11,4.26,0.0,93.73,27.19
2015-04-05,25.83,36.24,16.97,56.74,3.7,0.0,93.74,25.7
2015-04-06,26.12,37.3,17.85,51.43,3.27,0.0,93.7,24.19
2015-04-07,25.78,36.84,16.34,54.56,3.42,0.0,93.77,25.04
2015-04-08,27.57,37.92,19.21,54.96,3.02,0.0,93.86,24.41
2015-04-09,28.33,38.61,20.3,53.11,2.92,0.0,93.88,23.16
2015-04-10,27.91,36.76,21.63,59.07,3.07,0.05,93.97,20.68
2015-04-11,27.66,36.12,21.36,56.63,2.92,0.24,94.03,22.3
2015-04-12,26.11,34.98,19.58,51.72,3.45,0.12,94.14,24.56
2015-04-13,25.23,34.11,18.09,52.62,3.07,0.37,94.11,23.49
2015-04-14,26.1,34.53,18.41,51.18,2.78,0.04,93.96,18.4
2015-04-15,27.81,35.14,20.02,46.46,2.0,0.0,94.0,24.09
2015-04-16,28.91,35.43,23.14,43.46,2.46,0.01,94.21,23.64
2015-04-17,29.74,38.08,23.02,45.29,2.74,0.0,94.06,23.45
2015-04-18,29.79,39.44,21.03,47.19,2.65,0.0,93.82,26.13
2015-04-19,31.12,40.39,22.58,35.32,2.53,0.0,93.78,24.83
2015-04-20,31.96,40.38,24.54,34.27,1.96,0.0,93.88,22.57
2015-04-21,31.47,39.87,24.6,37.16,2.49,0.0,93.89,23.88
2015-04-22,29.97,38.81,23.88,51.34,3.6,0.0,93.88,23.34
2015-04-23,29.22,38.77,22.07,49.93,4.04,0.0,93.93,24.12
2015-04-24,28.23,37.66,20.71,45.77,4.0,0.0,93.96,27.06
2015-04-25,27.53,37.54,18.47,47.95,3.51,0.0,93.86,27.67
2015-04-26,28.2,38.87,19.69,52.49,3.47,0.0,93.89,26.7
2015-04-27,29.57,39.91,21.28,49.93,3.05,0.0,93.97,26.19
2015-04-28,29.56,39.4,21.43,49.23,4.32,0.03,93.99,26.34
2015-04-29,29.23,39.49,20.97,52.88,4.49,0.0,93.89,27.2
2015-04-30,28.67,38.94,20.58,53.31,4.26,0.0,93.98,27.28
2015-05-01,28.3,37.85,20.54,53.8,4.02,0.0,93.93,27.8
2015-05-02,28.57,39.93,19.05,50.54,4.1,0.03,93.84,27.8
2015-05-03,28.27,38.42,19.76,53.3,4.03,0.05,93.87,27.61
2015-05-04,29.39,40.01,19.83,49.47,3.3,0.01,93.84,26.46
2015-05-05,30.62,39.91,22.62,45.15,1.92,1.57,93.81,22.5
2015-05-06,31.01,39.53,23.27,39.55,2.31,1.59,93.77,26.45
2015-05-07,30.4,39.82,21.75,43.78,3.16,0.01,93.85,25.92
2015-05-08,30.9,40.39,22.78,44.83,3.51,0.02,93.79,24.49
2015-05-09,30.52,39.29,23.18,46.6,3.62,0.64,93.67,24.17
2015-05-10,30.25,39.08,22.06,45.39,3.34,0.14,93.72,24.79
2015-05-11,30.74,40.28,23.04,43.96,4.0,0.1,93.77,25.1
2015-05-12,29.68,38.8,23.3,53.32,3.77,0.32,93.8,24.85
2015-05-13,26.79,33.48,23.07,67.29,2.71,30.91,93.82,21.68
2015-05-14,27.25,32.69,22.0,69.78,1.95,24.56,93.9,20.33
2015-05-15,27.75,32.21,22.86,67.98,1.75,1.56,93.91,20.81
2015-05-16,29.61,36.55,23.81,59.41,1.63,0.81,93.68,23.46
2015-05-17,28.66,36.21,23.49,61.3,3.47,0.02,93.57,25.77
2015-05-18,28.64,36.8,23.4,63.87,4.63,0.0,93.62,26.39
2015-05-19,27.87,35.82,22.52,66.32,5.06,0.0,93.74,26.63
2015-05-20,28.28,36.74,22.73,64.94,4.92,0.0,93.8,25.81
2015-05-21,27.99,36.19,22.85,66.07,5.26,0.0,93.82,25.17
2015-05-22,27.54,34.5,23.09,69.2,4.88,0.0,93.8,25.96
2015-05-23,26.86,32.46,23.58,71.53,5.05,0.0,93.79,25.92
2015-05-24,27.83,34.51,23.42,67.82,5.03,0.0,93.86,26.68
2015-05-25,27.31,33.28,23.72,71.56,5.15,0.0,93.89,26.04
2015-05-26,27.9,35.27,22.97,66.56,5.19,0.0,93.88,25.35
2015-05-27,28.51,36.97,23.02,64.24,5.53,0.01,93.82,26.42
2015-05-28,28.72,37.15,22.78,63.11,5.72,0.01,93.69,26.27
2015-05-29,28.68,35.9,23.64,64.24,4.83,0.58,93.72,18.14
2015-05-30,28.35,34.83,23.87,64.23,3.57,0.76,93.82,10.61
2015-05-31,29.22,37.62,22.89,57.62,4.57,0.04,93.62,24.85
2015-06-01,27.63,34.88,23.1,62.34,5.12,0.09,93.57,22.22
2015-06-02,27.2,34.07,22.17,64.3,4.81,0.01,93.7,26.29
2015-06-03,28.65,37.37,22.15,57.69,3.92,0.04,93.6,27.08
2015-06-04,29.19,36.73,23.05,57.28,3.34,4.3,93.6,26.06
2015-06-05,26.33,31.06,23.53,74.54,2.55,8.67,93.75,10.85
2015-06-06,27.37,33.03,23.38,69.72,1.87,1.61,93.63,24.44
2015-06-07,26.96,32.09,23.74,76.35,3.13,17.58,93.54,19.85
2015-06-08,26.29,31.37,22.44,76.93,3.74,7.26,93.58,23.18
2015-06-09,25.87,31.08,22.5,77.49,4.52,7.44,93.71,23.58
2015-06-10,25.98,30.56,23.1,78.75,4.45,5.88,93.67,23.63
2015-06-11,26.15,31.35,22.61,81.24,4.27,29.3,93.63,18.87
2015-06-12,24.68,27.18,22.8,86.17,5.01,26.5,93.62,17.58
2015-06-13,23.96,27.14,22.48,86.04,5.34,9.12,93.56,10.93
2015-06-14,23.48,26.84,21.31,86.86,4.9,13.28,93.55,11.27
2015-06-15,23.89,28.39,20.89,81.17,4.62,7.35,93.57,13.01
2015-06-16,24.38,29.8,20.98,79.17,4.97,6.61,93.5,18.6
2015-06-17,24.24,29.03,21.23,80.45,5.63,9.2,93.34,13.21
2015-06-18,24.3,28.05,21.7,85.39,6.42,60.78,93.29,12.81
2015-06-19,24.12,26.7,22.7,87.56,8.01,46.95,93.27,9.48
2015-06-20,24.52,27.42,22.48,89.6,9.64,33.33,93.06,8.95
2015-06-21,24.34,26.78,22.19,90.82,8.87,97.51,93.0,5.79
2015-06-22,24.08,25.47,23.09,92.71,9.65,39.46,93.04,7.5
2015-06-23,24.62,26.61,23.03,90.63,11.59,59.38,93.04,5.15
2015-06-24,24.01,26.31,22.43,90.41,9.65,29.29,93.35,10.06
2015-06-25,24.92,28.31,22.89,87.07,9.77,10.28,93.37,12.95
2015-06-26,24.81,28.55,22.62,86.01,8.92,0.75,93.39,13.48
2015-06-27,24.77,28.97,22.17,85.06,6.97,0.17,93.48,16.3
2015-06-28,24.72,28.94,22.14,85.99,5.71,0.54,93.7,18.86
2015-06-29,24.68,29.0,21.63,84.97,5.03,2.77,93.82,15.87
2015-06-30,24.26,27.94,21.78,86.35,4.63,3.36,93.8,12.95
2015-07-01,24.36,28.66,21.33,85.38,4.59,1.32,93.85,17.33
2015-07-02,24.56,29.44,21.04,84.54,4.52,0.1,93.92,21.8
2015-07-03,24.66,28.94,22.01,84.55,5.53,0.11,93.93,20.76
2015-07-04,24.68,28.73,22.3,85.29,6.61,0.11,93.9,19.69
2015-07-05,24.84,29.09,22.27,84.16,6.83,0.08,93.78,18.41
2015-07-06,24.42,28.28,22.0,84.94,7.93,0.08,93.66,17.3
2015-07-07,24.59,28.6,22.19,84.83,7.66,0.46,93.48,13.58
2015-07-08,24.51,28.37,22.05,85.51,7.07,2.08,93.59,13.6
2015-07-09,24.61,28.49,22.36,86.08,7.32,2.02,93.69,15.03
2015-07-10,24.41,27.87,22.13,86.02,8.2,1.78,93.45,12.77
2015-07-11,24.38,28.16,21.98,84.82,7.32,3.55,93.42,15.51
2015-07-12,24.8,29.52,21.84,83.8,5.68,1.0,93.56,16.9
2015-07-13,24.84,29.4,21.56,84.55,4.53,0.25,93.65,19.24
2015-07-14,25.08,29.99,21.69,83.65,4.37,0.11,93.58,19.65
2015-07-15,24.63,28.89,22.07,84.54,5.44,0.3,93.42,17.84
2015-07-16,24.47,28.63,22.09,85.06,6.35,1.69,93.22,12.4
2015-07-17,24.23,28.33,21.87,86.22,6.57,1.94,93.24,12.63
2015-07-18,24.73,29.13,22.35,84.59,7.49,3.48,93.39,13.33
2015-07-19,24.18,27.42,22.32,88.19,7.82,5.0,93.42,12.79
2015-07-20,23.73,25.69,22.61,90.93,6.68,21.96,93.37,12.69
2015-07-21,23.92,26.35,22.59,90.13,6.69,26.35,93.36,5.89
2015-07-22,24.27,27.61,22.44,88.61,6.73,15.58,93.39,9.2
2015-07-23,24.84,28.87,22.44,86.31,6.41,9.16,93.42,9.87
2015-07-24,23.73,26.86,21.68,87.69,6.82,13.13,93.6,10.19
2015-07-25,23.95,27.9,21.6,86.83,6.83,9.16,93.57,12.27
2015-07-26,24.16,28.1,21.78,86.13,7.42,3.77,93.57,14.86
2015-07-27,23.82,27.37,21.53,86.82,8.58,12.43,93.69,11.89
2015-07-28,23.11,25.58,21.63,89.18,8.17,15.76,93.77,12.44
2015-07-29,23.1,26.21,21.38,88.07,8.13,10.0,93.79,9.02
2015-07-30,23.6,27.33,21.36,86.86,7.42,7.72,93.79,10.78
2015-07-31,23.66,27.19,21.58,87.28,6.81,5.24,93.8,15.21
2015-08-01,23.74,27.54,21.2,86.87,5.86,2.84,93.92,18.57
2015-08-02,23.88,28.15,21.01,86.31,5.78,0.71,93.96,16.68
2015-08-03,23.59,27.44,21.03,86.39,5.98,1.05,93.85,13.53
2015-08-04,23.5,27.24,21.75,88.54,6.63,3.12,93.72,9.21
2015-08-05,23.35,25.93,22.06,90.35,6.86,8.25,93.62,8.16
2015-08-06,23.83,27.43,21.67,87.49,6.92,3.76,93.54,10.19
2015-08-07,24.2,28.31,21.4,86.42,5.82,2.19,93.56,12.5
2015-08-08,24.27,28.29,21.82,86.07,5.44,2.81,93.58,10.13
2015-08-09,24.21,28.19,21.69,87.45,4.65,2.98,93.39,11.62
2015-08-10,23.93,27.93,21.9,88.16,4.42,1.74,93.37,11.43
2015-08-11,23.07,25.66,21.49,90.57,3.47,4.22,93.57,13.15
2015-08-12,23.13,26.15,21.19,89.35,3.8,2.24,93.63,9.44
2015-08-13,23.78,27.42,21.51,87.58,4.93,2.59,93.61,11.53
2015-08-14,24.16,28.83,21.34,85.92,5.16,4.27,93.61,15.0
2015-08-15,24.39,29.31,21.44,85.68,4.89,2.32,93.73,15.88
2015-08-16,23.99,28.41,21.05,86.38,4.12,2.88,93.85,15.41
2015-08-17,24.26,28.81,21.02,86.08,3.51,3.89,93.72,14.65
2015-08-18,24.71,29.1,21.58,84.32,2.38,0.21,93.81,17.66
2015-08-19,25.07,30.18,21.47,83.66,2.64,0.04,93.89,22.18
2015-08-20,24.24,28.88,21.25,85.33,3.02,0.1,93.92,18.68
2015-08-21,24.01,28.45,20.98,85.72,4.47,0.66,93.88,16.06
2015-08-22,23.76,28.0,21.37,85.71,5.2,0.74,93.8,13.93
2015-08-23,23.63,28.07,21.07,86.59,4.81,0.49,93.8,16.79
2015-08-24,23.67,28.04,20.73,85.26,4.87,0.92,93.89,17.53
2015-08-25,23.84,28.45,20.84,85.28,5.27,5.77,93.83,10.27
2015-08-26,24.09,28.73,21.24,85.54,4.85,3.13,93.73,16.57
2015-08-27,24.01,28.46,20.75,85.49,4.23,3.28,93.66,13.85
2015-08-28,23.94,28.04,21.08,87.04,3.86,8.07,93.72,7.64
2015-08-29,23.99,28.17,21.6,87.21,4.1,4.66,93.71,15.91
2015-08-30,23.87,28.01,21.19,86.65,4.34,3.11,93.75,12.94
2015-08-31,22.73,25.5,20.8,89.72,3.63,1.83,93.85,16.07
2015-09-01,23.18,27.62,20.12,86.29,3.58,0.81,93.78,20.13
2015-09-02,22.94,27.42,19.63,84.83,3.1,0.27,93.73,17.07
2015-09-03,23.26,29.16,19.37,81.32,2.55,0.01,93.82,19.72
2015-09-04,24.04,30.51,19.62,78.21,2.19,0.1,94.04,22.33
2015-09-05,24.14,30.67,18.99,81.53,2.58,0.11,94.06,22.96
2015-09-06,23.84,29.06,20.15,82.35,2.83,0.12,94.03,23.13
2015-09-07,23.47,28.74,19.82,82.3,2.67,0.15,93.97,21.53
2015-09-08,23.01,26.72,19.91,86.6,1.78,16.08,93.93,19.3
2015-09-09,23.54,27.41,21.05,88.4,2.58,24.3,93.91,10.98
2015-09-10,24.48,29.19,21.59,88.1,2.22,23.83,93.89,12.78
2015-09-11,25.18,30.16,21.87,82.9,1.5,4.32,93.84,17.88
2015-09-12,24.85,29.18,21.85,86.16,2.18,35.13,93.83,17.27
2015-09-13,23.85,26.59,22.43,90.75,2.93,23.36,93.89,15.96
2015-09-14,24.09,27.81,21.63,89.03,3.85,7.37,93.8,12.87
2015-09-15,23.66,26.85,21.62,90.19,3.6,22.65,93.71,11.77
2015-09-16,23.97,27.69,21.83,90.46,4.0,9.73,93.6,12.42
2015-09-17,24.12,27.74,21.75,90.86,4.18,9.81,93.49,11.84
2015-09-18,23.66,26.07,22.48,93.09,6.08,33.28,93.45,3.5
2015-09-19,23.76,27.23,21.39,90.23,5.56,22.47,93.5,13.6
2015-09-20,23.38,27.12,21.08,89.55,5.44,13.7,93.53,8.5
2015-09-21,23.54,27.09,21.38,89.32,5.4,8.63,93.58,15.07
2015-09-22,23.53,27.8,20.78,89.23,3.9,1.44,93.72,16.59
2015-09-23,23.46,28.57,19.78,87.63,2.38,1.62,93.94,20.14
2015-09-24,23.79,28.8,20.17,85.49,1.85,0.19,93.91,21.66
2015-09-25,23.15,28.3,19.3,87.26,2.44,0.0,93.83,22.4
2015-09-26,22.36,28.8,18.07,80.07,1.82,0.01,93.84,24.18
2015-09-27,22.42,28.87,17.26,80.49,2.29,0.0,93.88,24.2
2015-09-28,22.99,29.64,17.16,78.53,2.62,0.0,93.83,22.15
2015-09-29,24.35,30.38,19.46,77.68,3.91,0.0,93.83,20.98
2015-09-30,24.86,30.82,20.19,77.63,4.57,0.05,93.94,20.86
2015-10-01,25.06,30.52,20.78,81.95,3.19,3.62,94.02,18.33
2015-10-02,25.0,29.34,21.68,85.32,1.89,15.2,94.13,13.7
2015-10-03,24.47,28.42,21.88,89.43,2.01,19.56,94.13,14.17
2015-10-04,24.13,27.59,22.04,89.46,2.43,8.47,94.09,12.99
2015-10-05,24.88,29.13,21.53,83.01,1.96,1.98,93.98,17.61
2015-10-06,24.16,30.39,19.89,75.65,3.78,0.0,93.88,21.63
2015-10-07,23.99,30.66,17.8,71.74,3.38,0.0,93.91,21.95
2015-10-08,24.44,30.78,18.76,73.62,2.25,0.01,93.92,20.95
2015-10-09,24.98,30.49,21.0,79.42,1.25,0.17,93.85,18.16
2015-10-10,24.13,27.59,22.32,89.03,1.68,4.25,93.92,18.61
2015-10-11,24.11,27.59,21.67,88.82,1.52,15.21,94.04,16.73
2015-10-12,24.36,27.93,21.48,84.54,1.56,7.01,94.15,18.46
2015-10-13,24.47,29.41,20.18,79.75,2.01,0.06,94.15,17.06
2015-10-14,24.96,30.94,19.63,68.87,2.79,0.0,94.21,20.61
2015-10-15,24.25,31.08,19.15,67.01,3.37,0.0,94.17,20.76
2015-10-16,24.01,30.56,18.55,70.86,3.55,0.0,94.16,20.19
2015-10-17,24.71,30.07,19.99,74.93,3.37,0.0,94.19,19.06
2015-10-18,24.76,30.05,20.47,75.18,2.71,0.0,94.26,17.07
2015-10-19,24.44,30.36,19.6,70.45,2.58,0.0,94.24,19.71
2015-10-20,23.93,30.75,17.66,66.13,2.7,0.0,94.08,18.83
2015-10-21,24.56,30.72,19.74,68.81,2.74,0.0,94.02,18.83
2015-10-22,24.76,31.12,19.83,69.15,2.73,0.0,94.1,18.84
2015-10-23,24.85,30.59,20.26,70.62,2.66,0.0,94.1,18.55
2015-10-24,25.32,30.51,20.74,70.31,2.03,0.01,94.05,16.66
2015-10-25,24.9,29.93,20.4,73.25,2.38,2.08,94.1,15.03
2015-10-26,23.59,28.49,20.32,78.71,2.33,1.03,94.21,15.33
2015-10-27,22.68,26.51,19.91,79.36,2.48,0.01,94.22,15.09
2015-10-28,23.93,29.94,18.66,72.64,2.4,0.0,94.12,16.7
2015-10-29,23.71,29.41,18.91,72.67,1.68,0.0,94.09,17.12
2015-10-30,23.45,30.2,18.31,74.14,2.88,0.0,94.04,19.09
2015-10-31,23.0,29.48,18.03,74.4,3.39,0.0,94.03,18.86
2015-11-01,22.93,29.15,17.65,74.18,3.09,0.0,94.07,17.44
2015-11-02,22.83,29.19,17.11,70.64,2.98,0.0,94.15,17.28
2015-11-03,22.65,29.37,17.2,70.44,2.6,0.0,94.16,18.92
2015-11-04,22.99,29.16,17.87,74.7,2.3,0.3,94.13,18.25
2015-11-05,23.08,29.96,17.82,74.13,2.12,0.03,94.12,17.5
2015-11-06,23.08,30.0,17.25,69.87,2.46,0.0,94.05,17.89
2015-11-07,22.92,30.01,17.64,66.86,2.69,0.0,94.1,17.31
2015-11-08,22.85,29.91,16.09,65.62,2.88,0.0,94.18,16.99
2015-11-09,22.73,29.45,17.39,64.77,3.52,0.0,94.13,16.56
2015-11-10,21.13,28.81,15.86,62.21,4.39,0.0,94.05,15.35
2015-11-11,22.06,29.44,16.7,64.67,5.21,0.0,94.08,18.25
2015-11-12,22.22,30.39,16.5,62.69,4.88,0.0,94.24,18.3
2015-11-13,21.51,29.6,15.38,62.99,3.8,0.0,94.29,18.52
2015-11-14,21.75,29.7,16.12,61.09,3.65,0.0,94.09,18.22
2015-11-15,21.26,29.49,14.79,61.66,3.47,0.0,94.0,17.25
2015-11-16,21.94,29.44,15.84,61.11,3.53,0.0,93.97,17.68
2015-11-17,21.61,29.71,15.76,60.93,3.84,0.0,93.97,18.15
2015-11-18,20.64,29.06,14.6,56.22,4.88,0.0,94.1,18.7
2015-11-19,20.75,29.08,14.93,56.17,5.26,0.0,94.18,18.18
2015-11-20,22.36,29.83,15.4,64.3,4.57,0.02,94.06,17.26
2015-11-21,23.19,28.43,19.02,82.33,2.36,2.42,94.04,12.15
2015-11-22,22.44,25.42,20.48,88.68,1.99,25.22,94.09,13.48
2015-11-23,21.62,24.07,20.15,91.97,2.59,25.62,94.17,13.64
2015-11-24,21.59,25.04,19.21,87.0,2.2,0.17,94.17,11.69
2015-11-25,22.45,28.16,18.64,78.82,2.89,0.07,94.17,14.08
2015-11-26,22.28,28.41,16.88,70.94,2.42,0.01,94.16,16.35
2015-11-27,22.26,27.84,17.89,70.24,1.94,0.0,94.0,14.75
2015-11-28,21.67,27.92,16.24,70.12,1.97,0.0,94.12,16.0
2015-11-29,21.39,28.69,15.62,68.62,3.22,0.0,94.29,17.65
2015-11-30,22.1,28.92,16.62,69.26,3.6,0.0,94.34,17.28
2015-12-01,22.4,29.27,17.04,74.07,2.88,0.0,94.22,16.54
2015-12-02,22.31,29.07,16.74,72.09,2.47,0.0,94.2,16.13
2015-12-03,21.75,28.74,16.56,71.33,3.0,0.0,94.27,16.23
2015-12-04,20.87,28.77,14.75,62.07,3.37,0.0,94.23,16.63
2015-12-05,20.48,28.44,14.4,63.13,3.86,0.0,94.24,16.86
2015-12-06,20.04,28.06,14.02,61.31,4.15,0.0,94.22,17.29
2015-12-07,19.93,28.1,13.7,57.69,3.94,0.0,94.28,17.19
2015-12-08,20.07,28.06,12.93,55.28,3.59,0.0,94.26,17.01
2015-12-09,19.64,26.57,13.7,60.42,2.98,0.0,94.26,17.86
2015-12-10,21.15,28.98,14.59,62.78,2.8,0.0,94.18,17.34
2015-12-11,21.24,27.57,17.22,72.87,2.03,0.0,94.06,15.68
2015-12-12,20.9,28.61,15.98,69.06,1.83,0.0,94.0,17.18
2015-12-13,20.69,28.95,14.47,61.66,2.31,0.0,94.05,17.66
2015-12-14,21.63,29.57,15.57,65.28,2.33,0.0,94.12,16.7
2015-12-15,22.56,30.41,16.67,63.99,2.9,0.0,94.1,16.66
2015-12-16,22.68,29.89,18.35,64.78,1.92,0.0,94.11,16.16
2015-12-17,21.6,29.06,17.44,55.97,1.85,0.0,94.08,16.25
2015-12-18,20.86,29.58,13.39,55.24,2.72,0.0,94.17,16.55
2015-12-19,21.06,29.58,14.24,64.44,2.65,0.0,94.34,16.48
2015-12-20,21.12,28.46,15.77,70.3,1.94,0.0,94.35,15.43
2015-12-21,20.42,27.66,15.51,67.72,2.32,0.0,94.33,17.11
2015-12-22,18.34,26.1,12.03,55.14,2.19,0.0,94.46,18.46
2015-12-23,17.53,27.97,9.57,50.59,2.86,0.0,94.44,18.39
2015-12-24,17.6,27.24,10.11,44.47,3.8,0.0,94.41,17.59
2015-12-25,16.68,26.83,10.17,35.48,5.27,0.0,94.48,17.2
2015-12-26,16.68,26.74,9.43,35.36,4.63,0.0,94.54,17.4
2015-12-27,18.25,28.61,11.23,38.14,4.94,0.0,94.59,17.95
2015-12-28,19.55,30.1,12.64,37.67,5.23,0.0,94.66,18.17
2015-12-29,20.35,30.6,12.84,39.94,4.46,0.0,94.54,18.17
2015-12-30,21.23,31.11,13.21,37.73,3.67,0.0,94.37,18.09
2015-12-31,20.98,31.03,13.41,40.85,3.77,0.0,94.46,18.43
2016-01-01,21.45,30.74,13.81,41.07,3.3,0.0,94.59,18.39
2016-01-02,20.73,30.33,13.06,44.04,2.62,0.0,94.65,17.81
2016-01-03,20.01,29.77,11.99,41.41,2.65,0.0,94.48,18.05
2016-01-04,20.05,29.77,11.84,40.66,3.08,0.0,94.47,18.08
2016-01-05,20.21,29.28,12.09,42.54,2.84,0.0,94.4,17.39
2016-01-06,20.77,29.35,12.74,43.5,2.53,0.0,94.37,16.0
2016-01-07,20.89,29.13,13.38,47.91,2.59,0.0,94.43,14.36
2016-01-08,21.18,28.79,14.38,50.01,2.01,0.0,94.44,14.6
2016-01-09,20.62,29.29,13.66,48.4,2.6,0.0,94.29,16.64
2016-01-10,20.4,29.23,12.54,42.87,2.93,0.0,94.36,17.38
2016-01-11,20.09,29.52,12.2,45.99,2.81,0.0,94.37,17.72
2016-01-12,20.16,29.63,13.67,50.56,2.28,0.0,94.22,16.38
2016-01-13,19.69,28.98,13.18,54.19,2.09,0.0,94.12,16.14
2016-01-14,19.44,28.24,13.93,55.98,2.57,0.0,94.12,16.72
2016-01-15,19.19,28.61,11.88,66.34,2.63,0.0,94.09,15.37
2016-01-16,19.83,27.5,15.28,66.44,2.28,0.0,94.04,16.1
2016-01-17,18.76,26.19,14.23,68.43,2.25,0.0,94.03,18.47
2016-01-18,18.02,25.39,13.47,65.29,2.61,0.0,94.01,19.0
2016-01-19,17.59,25.65,12.23,60.36,2.72,0.0,94.06,18.61
2016-01-20,17.31,27.27,9.15,43.07,2.81,0.0,94.19,19.75
2016-01-21,18.06,28.11,10.47,39.97,4.07,0.0,94.32,19.01
2016-01-22,18.56,28.8,10.71,29.47,4.59,0.0,94.35,18.66
2016-01-23,19.79,29.18,12.04,34.67,3.9,0.0,94.37,18.15
2016-01-24,20.7,29.83,13.84,44.26,3.02,0.0,94.38,16.81
2016-01-25,20.56,30.53,13.18,43.17,2.52,0.0,94.26,19.26
2016-01-26,20.63,31.12,13.98,40.96,2.37,0.0,94.2,20.07
2016-01-27,20.43,31.89,13.15,44.29,2.5,0.0,94.23,20.35
2016-01-28,21.38,32.85,11.82,38.24,2.96,0.0,94.24,20.36
2016-01-29,22.69,33.7,13.74,33.8,3.38,0.0,94.35,20.25
2016-01-30,22.55,33.92,13.29,34.97,2.91,0.0,94.35,19.71
2016-01-31,22.6,33.58,14.08,38.66,2.58,0.0,94.27,19.75
2016-02-01,22.45,33.11,14.14,41.21,2.7,0.0,94.3,19.39
2016-02-02,22.5,33.47,14.67,36.82,2.89,0.0,94.32,20.34
2016-02-03,21.77,33.68,12.87,36.26,2.81,0.0,94.25,21.37
2016-02-04,21.43,33.15,11.57,33.99,2.62,0.0,94.18,21.87
2016-02-05,22.2,33.52,13.24,38.66,2.52,0.0,94.1,19.75
2016-02-06,20.07,29.2,14.25,63.38,2.89,0.0,94.02,19.76
2016-02-07,19.14,28.96,12.15,66.41,2.9,0.0,94.23,21.58
2016-02-08,20.83,32.19,11.41,53.99,2.64,0.0,94.18,21.01
2016-02-09,22.58,33.1,14.27,48.29,2.58,0.0,94.11,19.04
2016-02-10,21.86,29.89,16.53,61.32,2.72,0.0,94.1,17.96
2016-02-11,20.73,29.52,14.98,66.79,3.21,0.0,94.08,20.4
2016-02-12,19.45,29.25,13.56,67.12,3.03,0.0,94.1,21.65
2016-02-13,19.46,29.97,13.18,61.27,2.51,0.0,94.16,22.13
2016-02-14,21.3,32.19,11.88,48.62,2.71,0.0,94.1,20.98
2016-02-15,22.8,32.45,15.28,43.21,2.49,0.0,94.15,19.31
2016-02-16,23.77,34.1,15.46,46.56,2.57,0.0,94.13,20.2
2016-02-17,24.22,33.07,16.89,52.74,2.12,0.0,94.17,20.25
2016-02-18,24.58,34.2,15.93,45.89,3.13,0.0,94.15,21.49
2016-02-19,24.75,34.35,17.42,59.08,3.25,0.0,94.29,19.07
2016-02-20,25.42,33.85,18.66,55.71,2.34,0.0,94.31,19.83
2016-02-21,26.64,35.39,19.61,47.66,2.75,0.0,94.21,19.39
2016-02-22,26.0,36.11,19.32,34.95,3.1,0.0,94.27,20.7
2016-02-23,26.08,37.79,17.78,31.45,3.15,0.0,94.08,21.92
2016-02-24,23.94,33.47,17.13,42.3,3.42,0.0,94.06,22.63
2016-02-25,23.68,33.44,16.54,52.42,2.57,0.0,94.13,20.46
2016-02-26,24.65,33.49,18.26,41.65,2.14,0.0,94.21,19.69
2016-02-27,25.99,35.7,17.17,35.81,2.79,0.0,94.26,21.15
2016-02-28,26.93,35.94,19.85,37.59,2.38,0.39,94.36,19.28
2016-02-29,28.03,36.05,21.65,42.88,1.69,1.41,94.33,17.52
2016-03-01,27.98,34.96,22.31,46.81,2.61,0.27,94.2,17.52
2016-03-02,27.53,35.08,21.2,53.11,2.26,2.65,94.25,18.74
2016-03-03,27.21,34.12,21.5,51.2,2.89,0.64,94.35,18.89
2016-03-04,27.95,34.35,22.03,46.28,1.62,1.5,94.21,17.45
2016-03-05,27.62,35.78,21.29,39.9,2.41,0.0,94.08,22.3
2016-03-06,26.09,34.49,19.44,35.08,2.98,0.0,94.07,19.74
2016-03-07,26.31,36.09,19.17,30.05,2.73,0.0,94.01,23.89
2016-03-08,26.45,36.61,17.72,30.97,2.73,0.0,93.92,22.76
2016-03-09,26.4,35.84,18.8,31.33,3.05,0.0,94.03,23.68
2016-03-10,28.29,38.38,19.09,27.14,2.23,0.0,94.06,24.35
2016-03-11,28.3,38.42,19.94,29.7,2.9,0.0,94.1,22.95
2016-03-12,26.65,36.4,19.95,37.44,3.66,0.0,94.04,22.61
2016-03-13,23.74,32.97,17.35,50.41,4.05,0.0,94.13,24.41
2016-03-14,23.72,33.86,14.63,54.89,3.4,0.0,94.15,25.73
2016-03-15,24.57,35.59,15.16,50.28,3.13,0.0,94.04,25.27
2016-03-16,25.02,35.59,16.01,48.39,2.73,0.0,93.99,25.05
2016-03-17,25.86,36.08,18.39,44.59,2.98,0.0,94.06,24.91
2016-03-18,27.7,38.57,18.76,41.91,3.05,0.0,94.02,24.63
2016-03-19,28.51,38.8,19.6,36.07,3.5,0.0,94.03,24.53
2016-03-20,28.69,38.52,20.47,29.74,4.12,0.0,94.1,24.81
2016-03-21,28.08,37.42,20.85,28.06,4.11,0.0,94.06,25.48
2016-03-22,27.82,38.51,18.83,20.44,2.72,0.0,93.88,26.28
2016-03-23,28.86,39.53,19.64,20.77,2.3,0.0,93.88,25.65
2016-03-24,29.54,39.91,21.02,29.53,1.71,0.0,94.07,23.78
2016-03-25,29.19,39.7,21.77,43.9,2.91,0.0,94.14,21.63
2016-03-26,29.96,39.55,22.88,39.88,2.94,0.0,94.11,22.12
2016-03-27,29.48,39.2,22.0,35.66,2.94,0.03,94.08,22.03
2016-03-28,29.65,39.28,21.78,31.05,2.55,0.01,94.1,24.18
2016-03-29,28.81,38.64,21.39,28.65,2.79,0.0,94.14,25.1
2016-03-30,28.75,39.56,19.86,35.16,2.92,0.0,94.14,25.51
2016-03-31,27.64,37.74,18.67,42.62,3.61,0.0,94.08,26.1
2016-04-01,27.98,39.09,18.28,43.87,3.18,0.0,93.91,26.49
2016-04-02,28.67,40.56,19.13,46.16,2.87,0.0,93.95,25.42
2016-04-03,28.73,39.65,20.19,51.43,3.61,0.0,94.07,23.31
2016-04-04,29.77,38.12,22.06,44.28,3.01,0.02,93.93,19.91
2016-04-05,28.96,36.57,23.11,45.62,2.91,0.38,93.91,14.15
2016-04-06,28.77,38.44,20.87,42.96,2.99,0.28,93.97,22.48
2016-04-07,28.54,38.86,19.79,41.94,3.54,0.05,93.93,25.52
2016-04-08,29.2,39.58,19.91,29.41,3.32,0.0,93.87,25.55
2016-04-09,28.92,38.94,20.04,28.73,3.18,0.0,93.94,23.84
2016-04-10,29.14,39.14,20.29,37.7,3.51,0.0,94.04,24.5
2016-04-11,30.02,39.32,21.49,36.43,3.75,0.0,94.0,24.23
2016-04-12,29.87,40.21,21.41,32.9,3.81,0.0,93.87,26.44
2016-04-13,28.59,38.78,19.92,42.2,3.77,0.0,93.76,27.45
2016-04-14,29.08,40.98,18.77,45.42,3.21,0.0,93.74,27.72
2016-04-15,29.54,41.5,19.51,37.18,3.61,0.0,93.83,28.07
2016-04-16,29.01,40.56,19.48,44.68,4.08,0.0,93.84,26.8
2016-04-17,27.99,38.77,18.3,48.9,3.96,0.0,93.8,27.94
2016-04-18,29.9,41.06,20.85,49.43,3.71,0.0,93.78,27.18
2016-04-19,30.0,40.24,21.79,49.22,3.6,0.56,93.8,23.93
2016-04-20,30.38,40.33,23.02,50.62,4.15,0.57,93.94,17.35
2016-04-21,29.65,39.76,23.19,46.29,4.23,0.0,93.91,25.27
2016-04-22,27.15,36.68,20.38,50.97,4.81,0.0,93.9,27.58
2016-04-23,26.43,36.51,18.64,57.58,4.4,0.0,93.77,28.26
2016-04-24,26.73,36.06,18.66,57.03,4.14,0.0,93.66,27.92
2016-04-25,27.55,38.37,19.3,50.8,3.3,0.0,93.7,28.02
2016-04-26,28.99,40.23,18.59,44.39,3.34,0.0,93.85,27.79
2016-04-27,30.84,41.0,21.66,31.52,3.29,0.0,93.76,26.38
2016-04-28,31.25,40.81,23.44,31.61,2.9,0.0,93.73,23.36
2016-04-29,30.12,39.17,22.91,41.53,3.51,0.0,93.82,25.29
2016-04-30,30.0,40.6,21.22,45.29,3.72,0.0,93.86,26.79
2016-05-01,29.45,39.72,20.99,42.9,3.69,0.0,93.83,27.42
2016-05-02,29.29,39.47,21.12,49.72,4.58,0.0,93.85,27.92
2016-05-03,29.75,40.48,20.19,44.96,3.89,0.0,93.77,27.89
2016-05-04,28.61,38.29,20.13,47.71,3.77,0.0,93.79,27.07
2016-05-05,28.49,37.88,21.72,54.97,3.9,0.0,93.85,25.92
2016-05-06,28.11,37.19,20.64,51.84,4.01,0.0,93.84,27.89
2016-05-07,28.46,37.67,20.79,53.22,3.29,0.01,93.81,27.77
2016-05-08,28.9,38.55,21.25,55.95,3.54,0.45,93.9,24.43
2016-05-09,29.82,38.22,22.86,50.49,2.95,1.68,93.86,25.06
2016-05-10,29.76,37.8,23.41,50.51,2.68,1.79,93.87,20.93
2016-05-11,30.28,39.0,24.14,48.89,3.17,0.38,93.82,23.73
2016-05-12,30.17,39.22,22.72,51.75,3.87,0.88,93.65,25.13
2016-05-13,29.77,39.08,22.89,58.25,4.01,0.42,93.67,25.34
2016-05-14,30.35,38.69,24.27,56.39,3.73,1.37,93.78,22.42
2016-05-15,31.01,39.28,24.34,51.04,4.17,0.0,93.76,24.29
2016-05-16,30.52,39.72,22.75,51.8,3.75,0.0,93.57,26.29
2016-05-17,29.59,38.24,23.52,58.13,3.88,0.0,93.4,26.29
2016-05-18,30.04,38.9,23.93,61.08,4.85,0.0,93.3,22.46
2016-05-19,29.25,36.7,24.29,62.68,5.62,0.01,93.33,24.57
2016-05-20,28.71,35.85,24.44,64.63,6.87,0.0,93.42,24.07
2016-05-21,28.49,35.88,23.78,66.41,7.03,0.0,93.6,24.85
2016-05-22,28.95,37.37,23.83,64.24,6.27,0.0,93.78,26.05
2016-05-23,28.65,36.48,23.88,66.61,6.52,0.08,93.84,24.79
2016-05-24,28.93,36.73,23.95,63.06,5.68,0.03,93.8,25.82
2016-05-25,28.28,34.87,23.76,65.69,6.1,0.01,93.73,24.92
2016-05-26,28.62,35.25,24.12,67.11,5.41,0.03,93.72,24.91
2016-05-27,29.04,36.37,23.92,65.38,5.22,0.02,93.82,24.97
2016-05-28,28.93,36.38,23.85,65.51,5.43,0.0,93.79,25.09
2016-05-29,28.89,36.17,23.77,63.04,5.48,0.01,93.71,25.88
2016-05-30,29.09,37.1,22.99,59.68,4.89,0.02,93.66,26.9
2016-05-31,29.17,37.53,22.99,58.85,4.87,0.0,93.74,26.26
2016-06-01,29.79,38.36,23.46,57.12,4.86,0.31,93.74,24.53
2016-06-02,29.5,37.84,23.57,59.42,4.94,1.74,93.7,23.56
2016-06-03,29.33,37.84,23.65,61.92,4.8,0.85,93.63,23.29
2016-06-04,28.22,35.29,24.21,70.37,5.15,14.89,93.65,17.77
2016-06-05,27.04,32.54,24.11,77.29,4.69,11.47,93.65,17.68
2016-06-06,26.52,31.1,23.63,75.32,4.17,5.91,93.67,7.48
2016-06-07,27.62,33.91,23.5,71.17,4.9,0.13,93.64,18.8
2016-06-08,27.19,31.94,24.25,76.15,4.92,0.71,93.61,19.48
2016-06-09,26.83,31.97,24.27,76.61,4.85,1.55,93.6,21.59
2016-06-10,26.42,30.27,23.6,78.74,5.0,3.64,93.65,14.58
2016-06-11,25.45,28.62,23.54,81.9,5.54,7.09,93.76,11.37
2016-06-12,25.94,30.06,23.5,81.16,6.15,4.37,93.75,16.25
2016-06-13,26.11,30.24,23.81,81.7,6.58,2.34,93.76,19.77
2016-06-14,26.44,31.94,23.4,77.37,6.4,1.35,93.69,20.35
2016-06-15,26.47,31.92,22.8,75.43,6.97,0.83,93.56,20.39
2016-06-16,26.77,32.48,23.3,73.65,6.55,0.24,93.49,20.35
2016-06-17,26.54,32.33,23.0,72.91,6.09,0.72,93.51,20.13
2016-06-18,26.42,31.84,22.97,75.06,6.13,1.73,93.53,14.3
2016-06-19,25.48,29.12,23.31,79.08,5.81,6.07,93.47,7.18
2016-06-20,24.31,27.85,22.26,85.18,4.55,21.12,93.33,10.3
2016-06-21,24.56,28.35,22.21,86.88,5.71,20.25,93.28,15.9
2016-06-22,24.66,29.76,21.8,83.4,3.95,5.27,93.51,18.99
2016-06-23,24.41,29.6,21.66,82.68,5.81,11.27,93.55,16.38
2016-06-24,24.49,27.4,22.35,85.22,5.55,22.18,93.47,12.88
2016-06-25,23.96,25.74,22.53,91.27,5.73,63.89,93.49,9.03
2016-06-26,24.47,28.72,21.95,84.76,6.18,30.29,93.49,11.52
2016-06-27,24.37,28.46,22.16,87.7,6.19,19.65,93.38,11.32
2016-06-28,24.8,28.03,22.88,88.55,6.22,35.48,93.33,8.42
2016-06-29,24.64,27.84,22.88,87.55,6.54,15.58,93.39,9.71
2016-06-30,24.69,27.88,23.11,88.39,6.2,18.79,93.4,10.88
2016-07-01,24.63,27.68,22.66,89.4,7.0,28.58,93.31,9.73
2016-07-02,24.19,25.89,23.37,93.24,7.99,78.15,93.28,6.3
2016-07-03,24.15,26.21,22.62,93.61,7.63,64.35,93.35,6.89
2016-07-04,24.31,26.82,22.6,91.81,7.05,38.18,93.42,9.15
2016-07-05,24.14,26.19,22.83,92.03,6.74,22.98,93.47,7.89
2016-07-06,24.31,27.58,22.75,90.06,6.85,12.4,93.49,8.83
2016-07-07,24.38,27.8,22.31,87.63,7.07,9.52,93.51,8.7
2016-07-08,23.87,26.14,22.32,91.05,7.07,21.3,93.45,8.56
2016-07-09,23.43,24.77,22.38,93.62,8.37,30.57,93.34,6.87
2016-07-10,23.62,25.17,22.92,94.53,8.8,69.76,93.33,4.97
2016-07-11,23.58,25.39,22.56,94.36,8.59,44.15,93.31,5.12
2016-07-12,23.55,25.94,22.25,92.7,7.77,23.05,93.37,10.1
2016-07-13,23.97,27.08,21.9,89.97,7.26,18.15,93.39,13.69
2016-07-14,23.83,27.22,21.47,89.92,5.84,12.1,93.42,11.19
2016-07-15,23.81,27.58,21.49,90.12,5.03,8.55,93.51,9.65
2016-07-16,23.81,27.65,21.36,89.76,5.62,8.71,93.54,13.12
2016-07-17,23.72,27.18,21.52,89.34,4.58,8.67,93.73,11.0
2016-07-18,23.61,26.86,21.45,90.23,5.62,21.13,93.79,6.87
2016-07-19,23.13,25.33,21.62,92.08,6.03,31.84,93.78,5.98
2016-07-20,23.11,25.41,21.85,92.69,5.59,21.62,93.7,8.58
2016-07-21,22.91,25.57,21.59,92.93,4.84,9.92,93.57,9.44
2016-07-22,22.96,25.34,21.81,93.09,5.4,14.92,93.47,7.73
2016-07-23,23.13,26.34,21.55,92.54,4.87,11.9,93.42,11.24
2016-07-24,23.19,26.21,21.24,91.88,4.31,3.63,93.47,15.94
2016-07-25,23.13,26.1,21.19,90.93,3.68,3.99,93.51,16.2
2016-07-26,23.27,26.48,20.86,90.31,3.21,11.03,93.53,12.94
2016-07-27,23.15,26.52,20.85,90.45,3.46,8.86,93.58,11.01
2016-07-28,23.17,26.36,20.87,91.23,4.47,11.98,93.65,12.47
2016-07-29,22.62,24.54,21.05,93.02,4.81,31.19,93.58,13.06
2016-07-30,23.09,25.49,21.7,92.99,5.28,17.06,93.53,9.73
2016-07-31,23.0,24.53,22.13,94.66,6.13,52.4,93.57,8.35
2016-08-01,22.88,23.96,22.18,95.43,7.87,79.12,93.48,7.02
2016-08-02,22.54,23.46,22.0,95.7,8.46,93.27,93.26,4.56
2016-08-03,22.8,23.9,21.92,96.0,8.18,92.52,93.25,6.84
2016-08-04,23.2,25.03,22.08,93.9,8.0,30.04,93.35,13.79
2016-08-05,23.43,25.18,22.46,94.85,8.89,54.15,93.37,5.39
2016-08-06,23.32,25.48,22.11,92.95,8.91,27.39,93.42,9.5
2016-08-07,22.86,24.53,21.72,93.37,8.0,16.68,93.51,12.1
2016-08-08,23.18,25.98,21.46,92.12,7.86,17.34,93.63,9.9
2016-08-09,23.24,25.78,21.81,92.72,7.63,19.2,93.58,13.14
2016-08-10,23.18,25.93,21.71,92.01,7.58,21.66,93.62,11.3
2016-08-11,22.98,25.37,21.48,92.38,6.22,17.57,93.76,10.94
2016-08-12,23.4,26.79,21.29,91.56,5.86,11.08,93.76,13.49
2016-08-13,23.25,26.43,21.48,91.14,5.93,4.31,93.68,14.52
2016-08-14,22.86,26.03,21.06,90.83,6.51,1.83,93.67,13.52
2016-08-15,22.99,26.29,21.03,90.82,7.03,3.43,93.63,13.55
2016-08-16,23.16,26.53,21.16,90.53,7.0,2.41,93.54,16.27
2016-08-17,23.2,26.99,21.1,89.64,6.47,2.45,93.47,17.5
2016-08-18,22.95,26.73,20.68,89.71,5.35,5.74,93.49,15.56
2016-08-19,22.72,26.31,20.22,90.29,4.4,2.33,93.54,18.41
2016-08-20,22.52,25.48,20.57,91.59,4.86,1.89,93.53,18.96
2016-08-21,23.62,27.32,21.24,89.7,5.84,3.83,93.57,15.12
2016-08-22,23.41,27.32,21.01,90.14,5.28,8.76,93.61,11.46
2016-08-23,23.46,26.51,21.43,91.58,4.86,20.81,93.57,10.71
2016-08-24,23.55,27.02,21.25,90.86,4.85,12.93,93.54,9.93
2016-08-25,22.92,26.68,20.54,89.77,3.71,5.15,93.67,13.19
2016-08-26,23.15,27.29,20.36,90.72,3.75,14.34,93.64,9.69
2016-08-27,23.12,26.71,21.09,91.58,4.14,31.43,93.59,10.27
2016-08-28,23.24,27.23,20.88,92.36,3.86,21.75,93.64,9.57
2016-08-29,23.58,27.83,20.89,91.69,3.99,7.11,93.6,10.99
2016-08-30,23.37,26.78,21.37,92.37,3.65,7.82,93.52,11.77
2016-08-31,23.03,26.66,20.82,90.47,3.58,2.62,93.55,14.88
2016-09-01,22.87,26.37,20.53,90.66,4.24,6.64,93.65,13.29
2016-09-02,22.75,26.32,20.36,90.02,3.88,6.65,93.7,13.46
2016-09-03,22.41,25.83,20.18,90.13,4.05,6.05,93.72,10.71
2016-09-04,22.17,26.12,19.34,89.84,3.79,1.75,93.9,18.34
2016-09-05,21.96,26.01,19.41,90.02,3.85,1.78,93.98,20.56
2016-09-06,21.96,26.2,18.95,89.3,3.93,1.85,94.0,19.76
2016-09-07,21.8,26.04,19.13,89.22,3.79,2.36,93.92,18.79
2016-09-08,21.78,26.31,18.4,88.88,3.29,1.67,93.94,18.23
2016-09-09,21.86,25.8,18.54,89.52,2.89,1.62,94.02,19.62
2016-09-10,21.9,25.01,19.58,90.64,2.55,2.9,93.96,13.9
2016-09-11,22.19,25.55,19.79,90.19,2.99,4.47,93.82,13.38
2016-09-12,22.31,26.73,19.03,88.5,2.41,0.67,93.78,17.74
2016-09-13,22.95,27.2,19.87,86.18,2.16,1.74,93.8,18.04
2016-09-14,23.12,27.0,20.51,89.43,2.77,9.37,93.78,12.33
2016-09-15,23.06,26.69,21.06,92.29,3.85,18.08,93.67,6.27
2016-09-16,23.04,24.96,21.78,95.12,4.73,35.18,93.5,9.25
2016-09-17,22.97,23.91,22.43,96.17,6.42,80.09,93.43,6.95
2016-09-18,22.75,24.32,21.48,95.7,6.86,32.38,93.53,8.34
2016-09-19,22.15,24.97,20.46,92.31,6.09,14.68,93.78,11.07
2016-09-20,22.48,25.55,20.66,92.72,6.19,24.94,93.72,8.66
2016-09-21,22.82,25.27,21.3,94.52,4.33,45.97,93.7,7.85
2016-09-22,23.2,25.43,22.06,94.49,4.68,39.67,93.69,8.42
2016-09-23,23.42,25.42,22.11,94.91,3.82,32.39,93.55,9.09
2016-09-24,23.13,25.42,22.0,94.35,5.08,29.47,93.45,8.54
2016-09-25,23.17,25.63,21.65,93.75,4.21,5.57,93.57,14.29
2016-09-26,23.17,26.2,21.26,93.01,4.07,4.68,93.75,12.68
2016-09-27,23.44,27.65,20.51,91.29,3.64,5.44,93.83,12.21
2016-09-28,23.45,27.71,20.36,90.37,3.31,1.71,93.79,18.08
2016-09-29,23.13,27.32,20.08,90.81,3.52,0.8,93.74,15.62
2016-09-30,22.33,25.73,19.75,91.01,3.53,0.3,93.7,18.43
2016-10-01,22.03,25.02,19.88,93.32,3.31,27.58,93.67,5.83
2016-10-02,22.27,25.66,20.0,93.74,3.46,14.74,93.77,6.23
2016-10-03,23.19,26.8,21.05,92.98,4.52,12.1,93.69,6.62
2016-10-04,22.42,25.02,20.27,92.81,5.08,16.27,93.77,7.56
2016-10-05,22.06,25.66,20.0,92.24,4.62,6.77,93.82,11.93
2016-10-06,22.05,25.98,19.41,91.94,3.69,2.25,93.86,14.95
2016-10-07,22.91,27.59,19.45,90.9,2.6,0.95,93.83,18.97
2016-10-08,22.85,26.94,19.67,90.44,2.32,0.69,93.87,19.49
2016-10-09,23.73,28.35,20.11,89.62,2.06,4.54,93.81,17.22
2016-10-10,23.82,28.6,20.43,86.6,2.05,7.07,93.82,17.33
2016-10-11,23.68,28.44,20.44,86.6,1.81,2.8,93.89,18.7
2016-10-12,23.16,28.34,19.93,86.45,2.0,1.06,93.9,18.91
2016-10-13,22.67,28.28,18.25,83.73,1.78,0.03,93.95,19.43
2016-10-14,22.58,28.13,17.67,81.63,2.32,1.15,93.98,18.98
2016-10-15,22.2,27.63,17.34,77.22,2.49,0.03,94.04,18.79
2016-10-16,21.69,27.56,16.12,75.07,2.52,0.0,94.11,18.69
2016-10-17,22.0,27.54,16.94,73.31,2.38,0.0,94.06,13.71
2016-10-18,21.03,27.32,15.68,72.49,3.0,0.0,93.98,19.97
2016-10-19,21.24,27.77,15.14,72.13,2.69,0.0,93.92,19.9
2016-10-20,21.39,28.05,15.23,69.77,2.55,0.0,93.83,21.29
2016-10-21,21.13,27.86,14.71,69.91,2.58,0.0,93.9,20.42
2016-10-22,20.93,27.92,14.66,73.31,2.34,0.0,94.04,19.95
2016-10-23,20.95,27.98,14.96,75.69,2.33,0.0,94.08,19.25
2016-10-24,20.51,26.93,15.45,79.57,2.19,0.0,94.04,16.53
2016-10-25,20.05,27.08,14.77,78.28,2.13,0.0,93.99,19.63
2016-10-26,19.58,26.74,13.76,74.93,3.02,0.0,94.05,20.09
2016-10-27,20.0,27.15,14.5,75.0,3.67,0.0,94.22,19.44
2016-10-28,19.97,27.25,13.72,68.46,3.1,0.0,94.15,20.81
2016-10-29,19.38,26.73,12.97,62.53,2.54,0.0,94.07,20.71
2016-10-30,19.63,27.16,12.02,70.77,2.84,0.0,94.12,19.63
2016-10-31,21.64,27.68,17.31,83.02,3.92,0.0,94.29,17.66
2016-11-01,20.0,27.02,15.3,73.13,3.98,0.0,94.25,19.66
2016-11-02,19.4,26.95,13.41,69.45,3.41,0.0,94.18,19.9
2016-11-03,18.85,26.22,13.57,72.03,3.64,0.0,94.2,20.02
2016-11-04,19.07,25.71,12.56,68.2,2.36,0.0,94.09,19.99
2016-11-05,19.27,26.31,12.86,71.8,2.44,0.0,93.96,19.05
2016-11-06,19.01,25.84,12.78,68.77,2.64,0.0,94.08,18.75
2016-11-07,18.72,26.47,13.03,68.16,3.27,0.0,94.25,19.03
2016-11-08,18.63,26.53,12.1,64.62,3.33,0.0,94.28,19.25
2016-11-09,18.44,26.12,12.09,64.67,3.35,0.0,94.34,19.65
2016-11-10,18.31,26.21,11.72,63.2,3.26,0.0,94.27,19.86
2016-11-11,18.08,26.16,11.14,61.52,3.14,0.0,94.19,19.28
2016-11-12,17.69,26.02,11.05,64.84,3.61,0.0,94.23,18.39
2016-11-13,18.52,26.38,11.51,66.57,3.12,0.0,94.31,17.21
2016-11-14,19.8,27.14,13.48,70.75,3.02,0.0,94.26,15.83
2016-11-15,20.9,27.87,15.13,74.55,3.06,0.01,94.19,14.92
2016-11-16,21.41,28.15,16.45,79.99,3.59,0.03,94.22,15.02
2016-11-17,19.92,26.99,15.28,72.32,4.41,0.0,94.31,16.96
2016-11-18,19.07,26.73,13.17,66.77,4.17,0.0,94.19,15.01
2016-11-19,18.58,25.97,13.64,61.47,3.88,0.0,94.1,16.98
2016-11-20,18.35,27.06,11.29,58.06,3.55,0.0,94.1,18.56
2016-11-21,18.33,27.03,10.96,58.34,3.14,0.0,94.12,18.71
2016-11-22,18.81,27.25,11.53,57.27,3.2,0.0,94.1,18.67
2016-11-23,18.65,27.27,11.41,59.36,3.25,0.0,94.07,18.85
2016-11-24,18.71,27.03,12.38,59.26,3.8,0.0,94.12,18.32
2016-11-25,18.46,27.12,11.99,59.0,4.26,0.0,94.12,18.78
2016-11-26,19.14,28.13,11.81,55.51,3.61,0.0,94.17,19.21
2016-11-27,19.34,28.59,11.9,56.75,3.43,0.0,94.2,19.24
2016-11-28,20.41,29.52,12.26,53.23,2.84,0.0,94.19,18.98
2016-11-29,20.56,29.54,12.57,54.2,2.48,0.0,94.24,19.02
2016-11-30,20.08,28.69,12.21,54.73,2.76,0.0,94.27,18.73
2016-12-01,20.19,28.19,12.28,56.47,2.7,0.0,94.24,16.75
2016-12-02,19.22,27.32,13.11,64.72,3.82,0.0,94.23,17.71
2016-12-03,20.16,28.35,13.64,69.8,4.79,0.0,94.28,17.36
2016-12-04,21.97,28.21,17.0,79.42,4.18,0.0,94.39,14.83
2016-12-05,21.45,27.54,16.51,73.69,3.26,0.0,94.35,15.76
2016-12-06,19.16,26.68,14.08,62.8,3.8,0.0,94.29,17.49
2016-12-07,18.02,26.66,11.71,61.46,4.19,0.0,94.3,17.2
2016-12-08,18.44,26.7,11.09,56.4,2.86,0.0,94.25,17.8
2016-12-09,17.8,26.21,9.99,52.27,2.75,0.0,94.13,18.45
2016-12-10,16.92,26.1,8.91,52.13,2.84,0.0,94.11,18.32
2016-12-11,17.32,26.82,9.47,55.88,3.53,0.0,94.03,18.53
2016-12-12,18.18,27.68,10.87,56.0,3.62,0.0,94.0,18.47
2016-12-13,18.58,28.15,11.56,57.69,4.06,0.0,93.98,18.43
2016-12-14,19.99,27.34,14.03,68.74,4.53,0.0,94.09,11.78
2016-12-15,21.59,28.2,15.87,75.73,3.8,0.0,94.18,13.97
2016-12-16,21.99,28.52,15.81,68.38,3.52,0.0,94.31,15.17
2016-12-17,21.35,28.1,15.64,67.97,2.68,0.0,94.35,14.79
2016-12-18,20.2,27.86,14.1,65.03,2.4,0.0,94.34,17.18
2016-12-19,19.47,27.54,11.78,56.87,2.44,0.0,94.35,17.76
2016-12-20,18.57,27.46,11.52,53.06,3.7,0.0,94.28,18.04
2016-12-21,18.79,27.65,10.63,47.77,2.99,0.0,94.38,17.66
2016-12-22,18.82,28.73,10.58,49.45,3.03,0.0,94.32,18.15
2016-12-23,19.1,28.96,10.46,46.14,2.9,0.0,94.18,18.6
2016-12-24,20.22,29.58,11.21,42.6,2.34,0.0,93.98,18.55
2016-12-25,19.78,28.84,11.58,46.74,2.36,0.0,94.08,18.15
2016-12-26,19.11,28.41,10.96,49.07,3.03,0.0,94.22,17.3
2016-12-27,17.98,27.69,10.67,43.3,3.93,0.0,94.23,17.95
2016-12-28,18.24,27.71,10.5,41.79,3.85,0.0,94.22,17.77
2016-12-29,18.27,28.07,10.33,47.16,3.71,0.0,94.26,18.05
2016-12-30,19.26,28.1,10.99,45.1,3.19,0.0,94.3,17.36
2016-12-31,19.42,27.75,10.98,49.3,2.32,0.0,94.22,17.25
2017-01-01,19.59,27.69,12.05,54.49,1.88,0.0,94.22,16.79
2017-01-02,19.29,27.95,12.14,51.82,2.33,0.0,94.32,16.64
2017-01-03,18.2,27.87,11.35,45.65,3.93,0.0,94.34,18.01
2017-01-04,18.3,27.53,10.14,44.55,2.9,0.0,94.27,18.41
2017-01-05,18.61,27.82,10.0,46.13,2.5,0.0,94.19,18.29
2017-01-06,18.3,27.66,11.66,51.7,2.4,0.0,94.11,18.27
2017-01-07,17.56,26.62,11.68,58.88,1.85,0.0,93.94,18.42
2017-01-08,17.46,26.81,11.47,73.29,2.23,0.0,93.91,18.6
2017-01-09,17.58,26.37,11.81,73.29,2.59,0.0,93.99,18.18
2017-01-10,17.12,27.15,9.07,51.85,2.28,0.0,94.09,19.14
2017-01-11,16.39,26.82,8.46,48.41,2.92,0.0,94.14,18.59
2017-01-12,17.01,26.72,8.2,47.47,2.53,0.0,94.03,18.51
2017-01-13,18.58,27.11,11.48,49.83,1.79,0.0,94.0,17.62
2017-01-14,18.57,27.3,11.31,58.74,3.42,0.0,94.12,15.33
2017-01-15,19.97,28.15,13.15,69.48,2.42,0.0,94.29,15.0
2017-01-16,19.9,27.87,13.45,66.65,2.22,0.0,94.31,14.05
2017-01-17,20.14,28.37,14.27,59.64,2.08,0.0,94.27,14.72
2017-01-18,20.43,28.75,13.12,51.64,2.73,0.0,94.31,16.11
2017-01-19,19.51,28.02,13.15,49.84,3.92,0.0,94.38,17.5
2017-01-20,19.48,28.19,12.58,46.43,4.23,0.0,94.4,16.02
2017-01-21,20.57,29.72,12.62,47.22,3.3,0.0,94.41,18.72
2017-01-22,22.09,31.06,13.85,46.64,2.89,0.0,94.48,19.07
2017-01-23,22.35,31.09,14.8,45.55,3.34,0.0,94.45,18.99
2017-01-24,22.42,31.13,15.34,44.72,3.7,0.0,94.38,17.61
2017-01-25,22.18,30.58,14.75,44.22,3.47,0.0,94.4,17.61
2017-01-26,21.81,31.19,14.37,48.57,3.02,0.0,94.32,17.25
2017-01-27,21.16,30.27,14.1,50.98,2.2,0.0,94.28,18.88
2017-01-28,21.04,30.85,13.91,40.74,4.33,0.0,94.28,18.84
2017-01-29,21.6,31.17,13.33,34.17,3.57,0.0,94.32,18.8
2017-01-30,22.37,31.92,13.5,35.46,2.42,0.0,94.26,19.38
2017-01-31,22.27,32.17,14.59,39.33,2.25,0.0,94.17,19.5
2017-02-01,22.78,32.65,13.56,36.51,2.11,0.0,94.17,19.97
2017-02-02,23.78,32.62,14.39,34.45,2.1,0.0,94.31,19.83
2017-02-03,22.91,32.07,14.75,46.55,2.55,0.0,94.33,19.41
2017-02-04,22.37,32.32,15.02,53.54,2.56,0.0,94.21,19.51
2017-02-05,21.24,31.35,14.7,66.75,2.59,0.0,94.18,19.56
2017-02-06,20.74,31.01,13.33,57.05,2.39,0.0,94.19,20.04
2017-02-07,21.34,31.9,12.59,41.15,2.51,0.0,94.16,20.97
2017-02-08,22.52,33.24,14.67,43.95,2.66,0.0,94.19,19.91
2017-02-09,22.28,32.58,14.49,43.92,2.3,0.0,94.11,19.91
2017-02-10,22.51,33.01,14.53,42.91,3.07,0.0,93.98,19.81
2017-02-11,21.91,30.91,15.68,47.24,2.72,0.0,94.08,20.61
2017-02-12,21.88,32.26,13.1,47.01,2.29,0.0,94.25,20.12
2017-02-13,23.75,32.74,15.28,38.33,2.84,0.0,94.36,20.84
2017-02-14,23.6,32.7,16.34,39.25,4.7,0.0,94.55,21.49
2017-02-15,23.82,32.6,17.4,40.45,4.66,0.0,94.58,20.31
2017-02-16,23.61,33.43,15.66,35.81,4.86,0.0,94.44,21.38
2017-02-17,24.28,34.43,16.29,32.57,4.72,0.0,94.32,21.63
2017-02-18,24.84,35.13,16.38,30.77,4.27,0.0,94.39,23.06
2017-02-19,25.07,35.15,16.81,31.36,3.04,0.0,94.32,23.49
2017-02-20,24.99,34.99,18.41,35.88,2.99,0.0,94.06,22.93
2017-02-21,22.76,32.27,15.99,51.56,3.39,0.0,94.01,23.62
2017-02-22,23.23,34.6,14.87,51.33,2.82,0.0,94.06,23.86
2017-02-23,24.99,36.33,15.36,37.42,2.73,0.0,94.15,23.87
2017-02-24,25.65,36.12,17.09,28.82,3.43,0.0,94.25,24.05
2017-02-25,25.36,35.92,16.86,20.27,4.34,0.0,94.24,23.89
2017-02-26,25.73,36.04,16.55,20.39,2.67,0.0,94.03,24.26
2017-02-27,25.98,35.93,15.6,20.2,2.63,0.0,94.07,24.3
2017-02-28,25.57,36.15,15.67,25.85,2.83,0.0,94.16,22.67
2017-03-01,26.01,36.29,16.84,26.76,2.71,0.0,94.07,23.57
2017-03-02,25.77,36.02,16.86,29.29,2.92,0.0,93.92,22.87
2017-03-03,25.32,35.85,17.42,34.61,3.12,0.0,93.74,23.17
2017-03-04,24.42,34.76,17.46,34.19,2.92,0.0,93.75,24.72
2017-03-05,24.2,35.25,15.18,38.07,2.6,0.0,93.78,25.26
2017-03-06,24.25,34.53,17.61,36.69,2.62,0.0,93.76,25.28
2017-03-07,23.07,32.87,15.7,44.6,2.89,0.0,93.77,25.19
2017-03-08,23.54,33.07,15.79,47.8,3.37,0.0,93.81,24.06
2017-03-09,23.34,33.19,15.89,42.64,3.41,0.0,93.78,25.42
2017-03-10,21.14,29.51,14.62,66.74,4.43,0.0,93.86,23.13
2017-03-11,21.41,30.28,14.83,59.54,4.1,0.0,94.02,24.26
2017-03-12,21.13,32.71,10.97,39.65,2.22,0.0,94.03,26.0
2017-03-13,23.66,35.12,13.57,27.02,2.89,0.0,94.01,25.77
2017-03-14,25.1,35.72,16.17,26.08,2.27,0.0,93.99,25.61
2017-03-15,26.31,35.86,16.95,33.74,2.83,0.01,94.03,23.75
2017-03-16,25.9,35.68,18.91,39.96,2.97,0.0,94.04,24.83
2017-03-17,25.3,35.3,17.23,36.14,3.25,0.0,94.05,25.81
2017-03-18,25.83,36.09,17.23,37.97,3.15,0.0,94.09,24.8
2017-03-19,25.63,35.74,17.99,37.36,3.71,0.0,94.13,25.46
2017-03-20,25.43,36.38,15.79,39.02,2.53,0.0,94.06,26.1
2017-03-21,26.5,37.13,16.86,39.08,2.46,0.0,94.13,26.21
2017-03-22,27.6,38.23,17.82,30.59,2.27,0.0,94.1,25.69
2017-03-23,28.69,39.01,19.79,28.74,2.6,0.0,94.0,25.26
2017-03-24,28.7,38.9,19.49,33.28,2.67,0.0,93.98,24.47
2017-03-25,29.56,39.67,20.19,31.02,2.34,0.0,93.98,24.07
2017-03-26,30.05,39.92,21.04,26.54,2.75,0.0,94.05,23.94
2017-03-27,30.62,40.89,20.99,22.66,2.8,0.0,94.02,25.38
2017-03-28,30.42,41.2,22.28,33.84,2.78,0.01,94.03,23.96
2017-03-29,29.59,40.96,20.81,49.8,3.04,0.01,94.0,23.55
2017-03-30,29.26,39.51,21.42,53.73,2.82,0.01,94.04,22.69
2017-03-31,30.3,39.84,20.99,41.15,2.39,0.22,94.07,23.06
2017-04-01,29.52,38.78,22.47,33.67,3.41,0.09,94.01,20.09
2017-04-02,28.26,37.74,21.04,38.58,3.96,0.0,93.95,25.05
2017-04-03,27.72,37.8,19.91,39.83,3.7,0.0,93.95,25.98
2017-04-04,27.61,37.6,19.95,45.06,3.81,0.0,94.02,26.97
2017-04-05,27.31,37.54,19.09,54.06,3.9,0.0,93.95,26.7
2017-04-06,27.48,37.49,19.25,52.15,3.74,0.0,93.89,27.47
2017-04-07,26.66,37.03,17.81,46.98,4.0,0.0,93.93,27.29
2017-04-08,27.89,40.06,17.09,31.68,2.7,0.0,93.87,28.3
2017-04-09,30.05,41.02,19.57,20.31,2.54,0.0,93.83,26.88
2017-04-10,31.04,40.55,22.99,15.93,2.04,0.0,93.79,26.34
2017-04-11,30.39,40.59,20.52,19.37,2.97,0.0,93.82,26.26
2017-04-12,30.37,40.82,21.71,19.09,2.48,0.0,93.85,27.33
2017-04-13,30.48,41.55,21.15,22.93,2.53,0.0,93.84,26.95
2017-04-14,30.33,41.37,21.62,31.48,3.11,0.0,93.77,26.23
2017-04-15,29.35,40.42,20.14,47.27,3.39,0.0,93.69,26.33
2017-04-16,29.83,41.34,19.89,38.64,3.78,0.0,93.69,26.23
2017-04-17,29.94,41.28,20.51,39.43,3.74,0.0,93.81,26.09
2017-04-18,30.32,41.21,20.6,31.92,4.14,0.0,93.81,26.8
2017-04-19,29.25,39.59,20.85,37.05,4.0,0.0,93.81,27.03
2017-04-20,28.18,39.13,19.88,51.29,4.44,0.0,93.76,27.23
2017-04-21,27.42,37.96,19.45,52.79,4.3,0.0,93.82,26.88
2017-04-22,26.66,36.16,18.73,53.44,4.43,0.0,93.9,27.07
2017-04-23,26.92,36.46,18.79,53.71,4.07,0.0,93.92,26.93
2017-04-24,26.82,36.28,18.92,53.41,4.14,0.0,93.96,27.28
2017-04-25,26.76,36.45,18.73,49.6,4.21,0.0,93.96,27.46
2017-04-26,27.31,37.93,19.15,52.25,3.92,0.0,93.93,28.25
2017-04-27,28.85,39.78,19.53,46.57,3.16,0.0,93.93,28.22
2017-04-28,28.83,39.58,19.08,43.57,3.1,0.0,93.92,26.48
2017-04-29,28.82,38.81,20.41,42.25,2.99,0.0,93.99,26.53
2017-04-30,28.25,38.45,20.32,43.04,3.2,0.0,93.92,27.52
2017-05-01,29.25,39.52,20.5,45.52,2.92,0.0,93.9,26.79
2017-05-02,29.64,39.4,20.96,41.13,3.82,0.0,93.99,26.59
2017-05-03,30.03,40.04,21.13,46.47,3.02,0.0,93.95,25.44
2017-05-04,30.87,39.76,22.99,43.43,2.55,0.23,93.94,23.83
2017-05-05,32.06,41.38,24.01,41.7,2.72,0.23,93.9,24.55
2017-05-06,31.18,41.05,23.24,42.92,3.55,0.57,93.98,24.95
2017-05-07,30.33,39.65,22.05,45.79,3.91,0.27,94.04,23.92
2017-05-08,30.87,39.71,23.91,40.65,3.87,0.01,93.96,25.94
2017-05-09,29.93,39.92,21.62,48.33,4.0,0.01,93.82,27.4
2017-05-10,30.02,40.14,21.42,43.92,3.75,0.0,93.82,27.5
2017-05-11,30.37,40.22,21.47,44.43,3.55,0.01,93.82,26.62
2017-05-12,30.93,39.1,23.07,47.73,2.37,5.63,93.8,24.85
2017-05-13,30.74,38.8,24.11,51.89,2.25,2.85,93.75,21.72
2017-05-14,28.74,35.29,24.62,61.42,3.19,2.07,93.77,21.08
2017-05-15,28.45,36.09,23.43,61.65,4.63,0.1,93.73,21.7
2017-05-16,28.68,37.06,22.16,55.5,4.14,0.0,93.63,25.84
2017-05-17,28.67,36.96,22.72,57.82,4.22,0.0,93.66,26.43
2017-05-18,28.76,37.7,21.53,56.01,4.14,0.0,93.74,27.18
2017-05-19,28.35,36.77,22.11,56.99,4.67,0.0,93.86,26.44
2017-05-20,28.62,38.39,21.42,57.17,4.58,0.0,93.76,27.92
2017-05-21,28.38,36.95,22.16,56.67,5.16,0.0,93.66,26.74
2017-05-22,29.27,38.61,21.76,54.68,4.86,0.01,93.7,25.86
2017-05-23,30.93,40.66,23.02,52.56,4.59,0.24,93.68,25.74
2017-05-24,28.91,36.68,23.12,57.44,4.36,0.39,93.66,25.76
2017-05-25,29.04,38.36,22.09,59.98,4.75,0.0,93.58,23.05
2017-05-26,29.08,38.52,22.5,58.73,4.76,0.01,93.58,23.3
2017-05-27,28.45,36.24,23.43,62.11,5.76,0.02,93.56,25.61
2017-05-28,28.39,36.03,23.22,62.42,6.18,0.02,93.56,24.09
2017-05-29,28.13,34.69,23.45,68.47,6.57,0.66,93.48,22.79
2017-05-30,27.82,33.58,24.18,72.8,7.25,5.75,93.38,18.62
2017-05-31,28.31,34.79,24.04,72.65,4.71,2.32,93.3,21.74
2017-06-01,27.93,33.87,24.72,74.02,2.83,3.78,93.33,20.77
2017-06-02,27.89,33.14,24.37,73.93,2.03,2.74,93.42,21.03
2017-06-03,28.35,36.42,23.7,69.75,4.1,4.37,93.57,21.61
2017-06-04,26.51,31.79,23.45,75.18,4.28,1.83,93.69,20.5
2017-06-05,27.11,32.27,23.24,72.22,4.74,0.53,93.73,22.02
2017-06-06,26.96,32.61,23.22,73.82,5.04,2.18,93.78,21.12
2017-06-07,25.7,29.97,23.59,79.08,5.01,9.93,93.85,16.67
2017-06-08,25.28,29.26,22.82,80.47,4.65,10.91,93.75,15.2
2017-06-09,24.5,28.15,22.45,84.36,4.42,20.97,93.62,14.93
2017-06-10,25.1,29.9,21.92,83.01,4.66,11.08,93.43,13.83
2017-06-11,25.61,29.65,23.62,84.66,4.75,18.41,93.27,16.29
2017-06-12,24.97,28.35,22.92,84.65,3.64,37.99,93.35,15.77
2017-06-13,24.93,28.51,22.52,84.37,3.44,8.14,93.44,11.97
2017-06-14,25.63,30.87,21.83,82.42,3.42,12.55,93.61,14.48
2017-06-15,24.5,27.84,22.12,84.24,2.8,9.8,93.69,15.49
2017-06-16,24.88,28.72,21.57,85.89,3.42,10.9,93.58,19.0
2017-06-17,25.24,28.28,22.65,86.62,3.1,16.88,93.61,21.47
2017-06-18,25.54,29.53,22.83,84.84,4.1,7.24,93.62,19.74
2017-06-19,25.58,30.05,22.56,83.07,4.73,3.65,93.52,16.54
2017-06-20,25.36,29.8,22.59,82.04,5.92,2.82,93.52,18.31
2017-06-21,25.5,30.45,22.49,81.15,6.42,4.17,93.55,18.51
2017-06-22,25.35,29.56,22.79,83.2,6.68,9.01,93.62,14.59
2017-06-23,25.53,29.57,23.05,83.61,6.07,7.77,93.57,17.98
2017-06-24,25.63,29.45,23.29,84.18,6.75,20.57,93.3,14.52
2017-06-25,25.18,28.07,23.66,88.82,6.25,46.63,93.13,8.12
2017-06-26,24.46,26.46,23.41,90.83,6.99,38.81,93.27,10.7
2017-06-27,24.76,27.37,23.08,88.83,8.72,27.54,93.32,10.34
2017-06-28,24.48,27.39,22.37,88.24,8.86,27.97,93.33,9.05
2017-06-29,24.84,27.76,23.16,88.42,9.26,37.95,93.35,9.19
2017-06-30,24.67,27.84,22.91,87.96,9.08,25.12,93.35,14.97
2017-07-01,24.62,27.79,22.73,88.94,8.72,28.11,93.36,13.15
2017-07-02,24.57,27.01,23.23,90.08,8.14,24.04,93.43,11.41
2017-07-03,24.95,28.41,22.79,86.73,7.24,10.49,93.54,18.1
2017-07-04,24.8,28.06,22.79,86.87,8.02,9.83,93.58,13.93
2017-07-05,24.23,27.11,22.24,88.17,6.88,8.01,93.63,14.33
2017-07-06,24.18,27.36,21.76,87.73,5.78,9.41,93.64,12.05
2017-07-07,24.15,27.72,21.91,87.37,5.54,10.11,93.68,16.71
2017-07-08,23.9,27.29,21.59,87.64,4.29,8.33,93.67,20.09
2017-07-09,24.14,27.83,21.57,87.35,3.81,9.26,93.65,16.21
2017-07-10,24.06,27.56,21.44,87.04,3.68,6.87,93.74,19.12
2017-07-11,24.12,27.46,22.18,88.03,5.64,7.66,93.76,14.46
2017-07-12,23.75,26.38,21.92,89.69,6.36,8.18,93.7,16.71
2017-07-13,23.91,26.44,22.3,91.41,7.71,39.92,93.58,9.68
2017-07-14,23.96,26.46,22.4,90.96,9.19,68.17,93.48,8.54
2017-07-15,23.68,26.13,22.33,90.87,8.86,39.01,93.52,11.73
2017-07-16,23.56,26.58,21.8,90.07,8.09,28.59,93.49,10.35
2017-07-17,23.59,25.64,22.13,92.8,7.82,51.41,93.42,5.67
2017-07-18,23.59,24.98,22.83,94.58,7.59,51.94,93.32,6.79
2017-07-19,23.7,25.11,22.54,94.74,7.03,63.36,93.11,9.03
2017-07-20,23.66,25.13,22.57,94.87,8.4,35.63,93.08,9.41
2017-07-21,23.85,26.24,22.6,93.05,9.55,43.22,93.27,11.37
2017-07-22,23.57,26.01,22.37,92.72,9.07,38.68,93.4,10.72
2017-07-23,23.04,24.52,21.82,94.8,8.7,31.64,93.44,10.1
2017-07-24,23.7,26.07,22.29,92.53,8.4,23.17,93.47,11.35
2017-07-25,23.51,26.35,21.89,91.79,7.83,10.55,93.43,13.3
2017-07-26,23.31,26.14,21.64,91.11,7.46,9.3,93.49,11.75
2017-07-27,23.2,25.77,21.47,91.88,6.88,14.28,93.55,11.4
2017-07-28,23.73,26.69,21.81,91.26,7.06,20.55,93.65,11.3
2017-07-29,23.99,26.93,21.82,90.54,6.24,17.99,93.72,13.47
2017-07-30,23.51,26.53,21.3,90.81,5.35,8.99,93.73,16.63
2017-07-31,23.48,27.45,21.22,91.05,5.46,14.17,93.72,10.8
2017-08-01,23.66,27.61,21.15,90.24,5.31,11.23,93.75,11.74
2017-08-02,23.46,27.25,21.03,89.72,5.3,4.99,93.79,13.14
2017-08-03,23.52,26.57,21.26,90.6,6.16,8.99,93.65,9.11
2017-08-04,23.53,27.05,21.97,91.54,5.83,5.16,93.41,15.98
2017-08-05,23.56,27.09,21.68,90.54,4.98,1.34,93.4,16.12
2017-08-06,23.71,27.28,21.47,89.82,4.16,1.58,93.45,17.32
2017-08-07,23.75,27.67,20.9,89.42,3.92,2.16,93.52,13.88
2017-08-08,23.75,27.53,21.58,90.31,3.71,2.21,93.59,15.76
2017-08-09,23.61,27.24,21.39,89.98,4.25,3.35,93.64,14.78
2017-08-10,23.52,27.22,20.98,89.12,4.74,5.7,93.65,13.65
2017-08-11,23.81,27.67,21.4,88.68,4.34,6.82,93.72,13.54
2017-08-12,23.47,26.88,21.47,89.82,4.65,4.32,93.77,15.96
2017-08-13,23.09,26.42,20.94,89.9,4.78,3.4,93.85,15.08
2017-08-14,23.45,27.05,21.03,89.11,3.78,9.9,93.92,14.05
2017-08-15,23.27,26.7,20.85,89.6,2.89,8.74,93.88,14.08
2017-08-16,23.44,27.54,20.47,89.46,3.48,3.79,93.74,14.99
2017-08-17,23.55,27.3,20.94,89.21,3.94,2.56,93.53,16.37
2017-08-18,23.37,27.35,21.0,89.62,3.8,3.19,93.43,13.4
2017-08-19,23.0,25.88,21.44,91.68,5.13,15.52,93.46,6.87
2017-08-20,21.57,22.34,20.65,94.76,6.55,80.9,93.34,3.06
2017-08-21,20.85,21.98,19.31,92.68,5.75,10.74,93.25,9.4
2017-08-22,22.59,26.76,18.66,90.0,3.99,5.98,93.39,17.6
2017-08-23,23.65,27.63,20.79,89.87,3.85,4.8,93.64,17.38
2017-08-24,23.53,27.02,20.95,90.56,4.37,10.8,93.66,15.26
2017-08-25,23.32,26.06,21.7,94.14,5.44,25.61,93.5,6.37
2017-08-26,23.7,26.66,22.01,92.43,5.61,27.22,93.35,11.32
2017-08-27,23.38,25.42,22.08,93.97,5.62,33.76,93.27,7.81
2017-08-28,22.56,23.76,21.89,94.69,5.04,68.33,93.13,6.14
2017-08-29,22.62,25.14,21.08,93.86,7.29,59.97,93.02,4.78
2017-08-30,23.22,26.13,21.4,92.23,6.83,17.03,93.34,15.23
2017-08-31,23.27,26.69,20.95,91.43,4.99,5.39,93.69,18.04
2017-09-01,23.06,26.57,20.42,91.02,3.72,3.67,93.79,17.18
2017-09-02,23.34,27.44,20.32,90.64,3.47,9.55,93.73,16.17
2017-09-03,23.33,27.25,20.44,90.97,3.39,4.6,93.78,12.07
2017-09-04,23.49,27.96,20.18,89.36,2.8,0.24,93.88,19.27
2017-09-05,23.38,27.44,20.02,89.06,2.73,0.06,93.88,17.86
2017-09-06,23.89,28.17,20.77,88.05,2.32,0.04,93.75,20.21
2017-09-07,24.01,27.57,21.33,90.77,2.38,3.51,93.69,18.58
2017-09-08,24.39,27.72,22.31,90.91,1.98,15.67,93.65,15.36
2017-09-09,24.83,28.68,21.98,89.44,1.68,2.74,93.58,15.81
2017-09-10,24.89,28.06,22.79,92.35,1.87,10.39,93.62,17.28
2017-09-11,25.85,29.84,22.26,85.66,2.05,4.72,93.72,19.38
2017-09-12,25.75,29.0,22.54,84.25,2.37,18.61,93.82,17.45
2017-09-13,25.24,29.08,21.72,85.26,1.97,7.64,93.83,17.87
2017-09-14,24.44,27.83,22.34,89.05,2.16,17.08,93.75,16.98
2017-09-15,23.32,26.43,21.14,89.98,2.28,19.42,93.7,16.8
2017-09-16,23.3,27.0,20.38,89.85,2.75,6.07,93.62,14.84
2017-09-17,23.25,27.04,20.45,90.44,2.9,3.3,93.6,12.26
2017-09-18,23.67,25.7,21.99,95.09,4.59,35.92,93.5,13.79
2017-09-19,23.16,24.69,22.01,95.74,6.69,66.34,93.2,7.0
2017-09-20,22.81,24.77,21.49,95.27,6.23,77.99,93.47,4.54
2017-09-21,22.57,25.57,20.67,92.18,3.15,23.78,93.62,6.95
2017-09-22,22.93,26.77,20.49,91.61,2.82,22.89,93.75,14.99
2017-09-23,23.49,27.66,20.25,89.98,2.28,0.82,93.91,17.6
2017-09-24,24.14,28.94,20.76,88.84,2.16,1.08,93.93,16.05
2017-09-25,24.09,28.85,20.9,88.12,2.1,0.1,93.8,19.54
2017-09-26,24.23,29.26,20.49,86.99,1.98,4.39,93.78,19.69
2017-09-27,24.48,29.06,21.12,87.24,2.05,1.92,93.82,16.9
2017-09-28,24.5,29.08,20.92,86.92,2.17,2.95,93.74,18.04
2017-09-29,24.44,28.19,21.49,88.95,2.09,15.09,93.73,13.3
2017-09-30,24.84,29.63,21.49,85.62,2.04,5.8,93.85,18.24
2017-10-01,24.78,29.52,21.21,85.55,2.11,0.94,93.85,20.56
2017-10-02,24.73,29.71,20.72,82.67,2.15,1.65,93.73,18.97
2017-10-03,24.4,28.81,20.8,81.89,2.12,0.82,93.76,15.05
2017-10-04,23.82,28.67,19.49,75.69,2.47,0.01,93.84,20.07
2017-10-05,24.04,30.07,18.52,72.81,2.91,0.0,93.7,19.85
2017-10-06,23.12,26.89,19.06,85.93,2.86,15.15,93.66,13.01
2017-10-07,24.85,28.87,21.47,86.75,2.61,7.26,93.64,13.79
2017-10-08,24.46,28.27,21.32,88.84,1.85,15.27,93.59,15.76
2017-10-09,24.32,27.92,21.42,90.03,1.75,5.4,93.49,10.44
2017-10-10,23.81,26.99,22.12,92.86,1.63,9.01,93.44,11.49
2017-10-11,23.51,27.61,20.08,88.95,2.57,9.89,93.56,10.95
2017-10-12,24.09,29.02,20.42,86.09,1.82,2.48,93.65,19.04
2017-10-13,24.58,28.56,21.82,88.62,1.3,62.18,93.63,15.13
2017-10-14,23.99,26.61,22.19,92.86,1.9,39.17,93.58,12.17
2017-10-15,23.9,26.42,21.88,90.02,2.28,6.98,93.71,12.28
2017-10-16,24.72,29.26,20.26,81.32,1.62,2.62,93.8,15.51
2017-10-17,24.47,29.37,20.82,77.86,1.87,0.44,93.83,18.65
2017-10-18,23.2,29.09,18.15,67.33,2.24,0.0,93.81,17.65
2017-10-19,22.44,28.71,16.44,64.69,2.2,0.0,93.78,20.18
2017-10-20,22.2,28.07,18.25,67.35,1.93,0.0,93.82,19.77
2017-10-21,22.18,26.39,18.45,89.98,1.94,0.02,93.9,12.4
2017-10-22,23.0,26.92,20.1,91.11,2.11,4.06,93.93,15.5
2017-10-23,23.67,28.59,19.7,81.31,1.95,5.47,94.02,17.53
2017-10-24,21.88,28.52,16.74,69.77,2.69,0.0,94.18,21.56
2017-10-25,21.0,28.0,14.77,67.03,2.71,0.0,94.27,21.93
2017-10-26,21.37,28.09,15.08,70.67,2.96,0.0,94.27,20.18
2017-10-27,21.69,27.85,16.83,76.0,2.44,2.66,94.21,16.91
2017-10-28,21.78,28.24,15.8,71.73,2.29,0.06,94.2,18.56
2017-10-29,20.99,27.25,15.73,74.94,2.95,0.0,94.27,18.5
2017-10-30,20.47,26.97,15.59,74.61,3.43,0.0,94.29,18.99
2017-10-31,20.05,26.78,15.05,73.33,3.67,0.0,94.16,18.75
2017-11-01,19.91,27.2,14.7,72.21,3.94,0.0,94.19,19.33
2017-11-02,19.15,26.3,13.98,71.83,3.89,0.0,94.16,19.55
2017-11-03,18.84,26.19,13.32,72.92,4.21,0.0,94.07,19.72
2017-11-04,18.51,25.69,13.3,74.27,4.96,0.0,94.1,20.3
2017-11-05,19.3,26.37,13.32,77.7,4.84,0.0,94.12,19.85
2017-11-06,20.35,27.56,15.37,77.88,4.18,0.0,94.15,20.03
2017-11-07,19.81,26.83,14.04,68.68,3.28,0.0,94.18,19.98
2017-11-08,19.83,26.79,13.72,70.27,2.97,0.0,94.17,20.07
2017-11-09,19.56,26.68,13.69,73.72,2.7,0.0,94.09,19.35
2017-11-10,19.48,26.28,13.83,74.25,3.31,0.0,94.1,19.01
2017-11-11,18.86,25.92,13.78,72.29,3.59,0.0,94.14,17.9
2017-11-12,18.42,25.68,12.26,66.74,3.25,0.0,94.02,19.09
2017-11-13,18.42,25.68,11.2,65.66,2.44,0.0,93.84,18.64
2017-11-14,19.51,26.45,13.62,66.47,1.87,0.0,93.79,17.83
2017-11-15,19.7,26.46,13.31,75.38,2.12,0.0,93.83,18.38
2017-11-16,20.21,26.27,15.1,79.66,2.39,0.0,93.9,15.94
2017-11-17,20.14,26.69,14.58,74.76,2.46,0.0,93.93,16.28
2017-11-18,20.34,27.6,14.97,73.14,2.63,0.0,94.0,16.35
2017-11-19,20.6,27.29,14.74,75.06,3.0,0.0,94.1,14.0
2017-11-20,21.63,26.84,18.41,80.48,3.16,2.76,94.17,11.2
2017-11-21,22.04,27.44,17.41,79.85,2.85,0.33,94.09,13.48
2017-11-22,22.27,27.87,17.9,80.94,2.43,0.41,94.03,14.62
2017-11-23,21.74,28.7,16.96,75.43,2.61,0.0,94.03,17.05
2017-11-24,20.14,27.64,14.09,68.69,2.36,0.0,94.18,19.16
2017-11-25,20.14,27.34,13.44,72.65,2.84,0.0,94.2,17.88
2017-11-26,19.81,26.91,14.11,71.23,3.22,0.0,94.31,17.71
2017-11-27,19.18,26.8,12.37,60.49,3.17,0.0,94.19,17.61
2017-11-28,19.21,26.49,11.95,59.47,2.4,0.0,94.13,18.1
2017-11-29,18.57,26.3,11.1,61.65,2.86,0.0,94.19,17.99
2017-11-30,18.61,26.13,11.94,65.2,3.38,0.0,94.12,18.07
2017-12-01,18.45,26.25,12.25,69.79,4.04,0.0,94.01,14.85
2017-12-02,19.89,26.3,14.52,78.31,4.32,0.0,94.05,15.82
2017-12-03,19.97,26.05,14.23,74.25,3.99,0.0,94.06,14.26
2017-12-04,19.06,23.05,15.28,79.48,4.0,1.68,93.94,13.75
2017-12-05,21.24,26.02,17.57,88.01,5.84,15.12,93.64,5.97
2017-12-06,21.25,25.64,18.24,89.62,3.89,1.02,93.79,10.22
2017-12-07,20.98,26.15,17.22,86.62,1.52,0.01,93.95,16.05
2017-12-08,21.39,27.3,16.35,73.66,2.49,0.0,94.03,15.43
2017-12-09,20.96,27.39,15.01,72.08,2.67,0.0,94.07,14.96
2017-12-10,20.67,26.84,14.78,71.5,2.71,0.0,94.15,15.43
2017-12-11,19.6,26.62,14.29,78.45,2.29,0.0,94.23,14.14
2017-12-12,18.56,25.61,14.25,83.14,1.9,0.0,94.26,17.19
2017-12-13,17.99,25.14,13.1,85.23,2.22,0.0,94.28,17.41
2017-12-14,18.41,25.8,13.15,81.75,1.91,0.0,94.29,17.64
2017-12-15,20.24,26.94,14.0,75.02,2.32,0.0,94.33,14.73
2017-12-16,20.13,27.11,15.42,72.25,3.48,0.0,94.44,15.91
2017-12-17,18.99,26.17,13.53,66.82,4.23,0.0,94.52,14.58
2017-12-18,18.49,25.34,13.72,69.75,4.34,0.0,94.55,12.01
2017-12-19,17.95,25.18,12.78,59.37,4.35,0.0,94.5,16.57
2017-12-20,17.45,26.59,10.6,52.59,4.27,0.0,94.49,16.81
2017-12-21,17.31,26.27,10.59,54.51,4.54,0.0,94.52,17.24
2017-12-22,16.91,23.45,12.82,58.76,4.35,0.0,94.38,15.48
2017-12-23,18.57,25.73,12.97,53.85,3.56,0.0,94.21,16.66
2017-12-24,18.65,27.01,10.68,55.48,2.56,0.0,94.16,16.49
2017-12-25,18.58,27.08,11.79,57.34,2.74,0.0,94.25,16.54
2017-12-26,16.87,25.81,10.4,57.19,4.14,0.0,94.32,16.42
2017-12-27,17.22,25.95,9.97,53.9,3.48,0.0,94.27,16.43
2017-12-28,17.36,26.04,9.87,48.26,3.72,0.0,94.18,18.19
2017-12-29,18.39,26.27,9.52,48.06,2.41,0.0,94.22,16.59
2017-12-30,18.9,26.17,11.43,49.44,2.03,0.0,94.18,17.6
2017-12-31,18.36,26.13,11.15,57.72,2.35,0.0,94.08,17.55
2018-01-01,17.79,26.01,11.47,62.4,2.32,0.0,93.93,17.8
2018-01-02,17.7,26.04,10.3,61.28,2.42,0.0,93.92,17.28
2018-01-03,17.98,26.48,10.71,61.77,2.91,0.0,94.07,16.56
2018-01-04,18.54,26.42,11.53,60.74,1.91,0.0,94.13,15.47
2018-01-05,18.03,26.18,11.27,63.35,2.28,0.0,94.05,15.51
2018-01-06,17.38,25.58,11.37,61.9,2.38,0.0,94.01,15.47
2018-01-07,17.04,24.84,10.48,61.79,2.11,0.0,94.08,16.97
2018-01-08,17.82,25.9,10.26,60.65,2.26,0.0,94.11,15.81
2018-01-09,17.56,25.37,11.0,64.34,3.45,0.0,94.3,14.97
2018-01-10,18.79,26.61,12.11,62.44,3.71,0.0,94.35,15.04
2018-01-11,20.77,28.34,13.66,60.19,2.99,0.0,94.3,16.46
2018-01-12,21.52,28.38,15.07,59.77,3.25,0.0,94.24,15.24
2018-01-13,21.85,28.96,15.14,58.56,3.04,0.0,94.2,13.66
2018-01-14,22.16,29.57,15.08,57.07,2.57,0.0,94.24,13.59
2018-01-15,22.72,29.75,16.33,63.38,2.53,0.0,94.26,14.57
2018-01-16,22.18,29.09,15.92,60.43,2.65,0.0,94.14,14.88
2018-01-17,21.7,28.93,16.53,56.19,2.22,0.0,94.1,18.62
2018-01-18,20.68,28.56,13.03,54.36,2.45,0.0,94.18,19.01
2018-01-19,20.4,28.07,12.76,52.93,2.12,0.0,94.21,18.7
2018-01-20,20.57,27.85,12.03,43.41,2.46,0.0,94.18,18.95
2018-01-21,20.64,28.23,11.65,41.33,2.0,0.0,94.06,19.59
2018-01-22,19.77,28.24,11.89,49.3,2.31,0.0,93.91,18.58
2018-01-23,18.36,26.61,12.77,69.02,2.28,10.23,93.95,18.48
2018-01-24,17.39,26.11,9.99,67.95,2.19,0.0,94.01,19.96
2018-01-25,17.8,26.93,9.49,53.74,2.46,0.0,93.96,20.15
2018-01-26,18.2,27.18,9.74,46.09,2.72,0.0,93.98,19.01
2018-01-27,18.11,27.44,9.65,47.55,2.43,0.0,93.97,19.54
2018-01-28,18.44,28.07,10.03,52.14,2.39,0.0,94.05,18.48
2018-01-29,19.26,28.69,10.62,48.18,3.08,0.0,94.2,18.62
2018-01-30,19.19,28.8,11.49,43.86,4.0,0.0,94.27,19.13
2018-01-31,20.37,29.51,11.6,37.9,3.31,0.0,94.29,20.45
2018-02-01,20.85,29.88,11.45,36.66,2.39,0.0,94.25,21.37
2018-02-02,20.78,30.43,11.92,39.93,2.14,0.0,94.1,20.9
2018-02-03,20.88,30.08,12.26,44.46,2.2,0.0,94.08,20.51
2018-02-04,22.21,30.81,14.18,41.17,1.62,0.0,94.07,19.82
2018-02-05,22.45,30.69,14.88,40.67,2.16,0.0,94.23,19.31
2018-02-06,20.98,28.41,14.75,44.84,2.53,0.0,94.28,16.04
2018-02-07,21.26,28.2,16.53,51.71,2.56,0.0,94.2,12.78
2018-02-08,20.52,28.86,14.72,63.01,2.33,0.0,94.13,21.34
2018-02-09,20.68,28.79,14.04,50.06,2.6,0.0,94.12,20.76
2018-02-10,21.97,29.31,17.74,44.68,2.04,0.0,94.17,17.59
2018-02-11,20.89,29.99,14.61,57.59,3.14,0.0,94.15,19.32
2018-02-12,19.63,28.35,12.87,67.98,2.58,0.0,94.37,21.89
2018-02-13,20.14,30.11,13.01,52.78,2.18,0.0,94.47,22.71
2018-02-14,21.86,30.91,13.65,52.43,4.31,0.0,94.5,19.13
2018-02-15,23.16,30.89,16.52,54.37,3.99,0.0,94.56,19.29
2018-02-16,22.57,31.43,15.47,50.43,2.96,0.0,94.49,19.12
2018-02-17,22.61,32.54,14.6,44.59,2.61,0.0,94.15,21.13
2018-02-18,22.74,32.89,14.22,39.95,2.58,0.0,94.0,21.89
2018-02-19,23.28,32.95,15.4,40.74,2.33,0.0,94.02,21.15
2018-02-20,23.43,33.29,15.54,43.06,2.54,0.0,94.03,21.17
2018-02-21,23.68,33.12,15.34,41.74,2.39,0.0,93.93,21.17
2018-02-22,24.38,33.37,16.57,42.82,2.19,0.0,93.9,20.52
2018-02-23,25.04,33.78,17.81,43.97,2.21,0.0,93.94,19.47
2018-02-24,25.32,34.01,17.62,42.07,2.45,0.0,94.08,19.81
2018-02-25,25.64,33.87,16.9,34.98,2.94,0.0,94.16,22.64
2018-02-26,25.3,34.62,16.74,35.99,2.39,0.0,94.12,22.9
2018-02-27,25.92,34.95,17.32,35.51,3.0,0.0,94.02,21.89
2018-02-28,26.06,35.11,17.11,33.97,2.9,0.0,94.0,22.42
2018-03-01,26.28,34.65,20.04,36.41,1.22,0.0,93.96,21.49
2018-03-02,26.27,34.88,19.39,38.84,1.51,0.0,93.93,21.52
2018-03-03,26.24,34.51,20.82,36.44,2.14,0.0,93.9,21.04
2018-03-04,25.01,33.78,18.63,47.53,2.23,0.0,93.87,21.38
2018-03-05,25.21,34.86,17.6,41.98,2.58,0.0,93.96,21.87
2018-03-06,26.03,35.88,17.2,37.86,2.78,0.0,93.98,20.96
2018-03-07,26.36,35.93,18.67,39.73,3.47,0.0,93.93,20.9
2018-03-08,25.77,35.49,18.45,45.18,2.1,0.0,93.99,21.03
2018-03-09,26.29,36.1,17.78,43.85,2.55,0.0,93.99,21.65
2018-03-10,26.71,36.13,19.29,37.51,3.04,0.0,94.02,21.14
2018-03-11,27.3,36.27,19.86,32.89,3.47,0.0,94.02,20.39
2018-03-12,27.84,36.13,20.98,29.76,3.21,0.0,94.06,21.37
2018-03-13,27.49,36.3,19.95,35.04,2.92,0.0,94.02,20.39
2018-03-14,27.06,36.31,20.18,27.3,3.04,0.0,93.95,20.22
2018-03-15,26.34,32.3,22.08,31.46,1.48,0.02,93.98,6.95
2018-03-16,26.23,32.59,20.99,42.09,1.69,0.05,93.91,14.22
2018-03-17,26.55,32.66,21.01,47.02,1.62,0.0,93.91,20.84
2018-03-18,26.84,33.86,21.34,48.07,2.57,0.85,93.97,18.58
2018-03-19,26.36,35.24,19.84,46.51,2.63,0.39,94.13,24.04
2018-03-20,25.13,34.64,17.65,46.64,3.37,0.0,94.08,25.07
2018-03-21,24.17,34.19,16.28,50.69,3.56,0.0,94.03,26.31
2018-03-22,23.13,33.53,14.59,48.58,3.49,0.0,93.95,27.21
2018-03-23,23.26,33.47,14.8,45.48,2.42,0.0,93.92,27.06
2018-03-24,26.42,36.74,16.75,31.49,2.91,0.0,94.02,26.38
2018-03-25,27.85,36.6,18.8,24.34,3.58,0.0,94.14,25.67
2018-03-26,28.95,38.22,20.53,24.62,3.64,0.0,94.15,24.08
2018-03-27,29.19,38.0,22.77,29.61,2.64,0.0,94.03,24.4
2018-03-28,27.84,37.43,20.7,36.98,2.78,0.0,93.99,25.59
2018-03-29,27.68,38.49,20.39,39.17,3.05,0.0,93.96,25.78
2018-03-30,26.93,38.63,17.9,46.5,3.12,0.0,93.88,26.06
2018-03-31,26.43,36.27,18.43,54.19,2.87,0.0,93.85,24.79
2018-04-01,27.63,38.81,18.11,46.34,2.91,0.0,93.78,26.57
2018-04-02,28.2,38.9,19.25,37.09,3.22,0.0,93.86,25.45
2018-04-03,28.16,39.27,18.22,40.36,2.6,0.0,93.85,25.15
2018-04-04,28.92,39.51,20.03,32.55,2.84,0.0,93.7,24.86
2018-04-05,28.94,38.96,20.71,40.43,3.13,0.0,93.62,24.45
2018-04-06,27.53,35.39,20.73,42.92,2.64,0.0,93.74,18.27
2018-04-07,28.75,38.75,19.98,37.91,2.21,0.0,93.84,23.6
2018-04-08,28.57,37.67,20.69,37.17,2.78,0.13,93.91,25.25
2018-04-09,29.05,38.16,21.22,27.05,2.28,0.0,93.91,24.52
2018-04-10,29.57,38.29,22.31,27.75,2.04,0.0,93.83,25.4
2018-04-11,29.15,37.9,23.07,34.15,2.06,0.0,93.83,24.19
2018-04-12,28.68,38.3,21.67,38.15,2.74,0.0,93.79,26.15
2018-04-13,28.91,38.77,19.87,41.69,2.88,0.0,93.8,26.59
2018-04-14,29.48,38.89,21.33,39.93,3.25,0.0,93.79,25.43
2018-04-15,29.8,38.67,22.17,40.3,2.63,0.0,93.82,22.33
2018-04-16,31.13,39.99,22.13,44.66,2.53,0.01,93.9,24.03
2018-04-17,32.16,39.96,25.06,40.01,2.47,0.35,93.97,19.76
2018-04-18,31.56,41.01,23.66,40.01,3.4,0.12,93.95,23.6
2018-04-19,30.78,40.08,23.24,34.55,3.69,0.0,93.76,24.94
2018-04-20,28.53,37.55,21.41,50.44,4.41,0.0,93.85,27.4
2018-04-21,28.98,38.58,20.13,44.87,4.09,0.0,93.84,27.97
2018-04-22,29.5,40.04,20.5,29.67,3.74,0.0,93.81,27.92
2018-04-23,29.26,40.2,19.92,37.52,3.44,0.0,93.85,28.0
2018-04-24,29.16,39.99,19.74,36.7,3.42,0.0,93.85,28.27
2018-04-25,28.99,39.39,20.38,29.38,3.6,0.0,93.8,28.69
2018-04-26,28.21,39.17,18.85,43.99,3.31,0.0,93.74,27.96
2018-04-27,29.25,40.95,18.85,43.76,3.06,0.0,93.8,27.95
2018-04-28,30.02,41.3,20.16,47.41,3.56,0.0,93.86,25.84
2018-04-29,29.39,39.68,21.4,52.16,4.28,0.0,93.82,26.25
2018-04-30,28.7,38.71,21.07,51.98,4.69,0.0,93.76,27.38
2018-05-01,28.71,38.91,20.2,50.48,4.27,0.0,93.82,27.79
2018-05-02,28.37,39.93,19.03,51.13,4.12,0.0,93.79,27.78
2018-05-03,28.91,39.85,19.31,49.63,3.6,0.0,93.79,26.89
2018-05-04,30.02,40.61,21.96,38.4,2.94,0.0,93.8,26.84
2018-05-05,29.67,39.1,22.31,43.84,3.31,0.0,93.85,26.04
2018-05-06,30.13,40.97,22.62,44.59,3.39,0.01,93.88,25.95
2018-05-07,29.46,38.2,23.17,47.12,4.33,0.01,93.88,25.53
2018-05-08,29.06,38.61,20.14,46.76,3.95,0.0,93.78,26.66
2018-05-09,30.03,40.28,20.5,47.41,3.85,0.0,93.75,27.19
2018-05-10,30.91,40.59,22.56,42.37,2.85,0.04,93.87,25.62
2018-05-11,30.08,39.3,23.39,51.07,4.34,0.05,93.84,26.09
2018-05-12,27.9,34.3,22.94,56.27,4.04,0.01,93.86,26.02
2018-05-13,29.14,38.25,21.47,55.48,3.61,0.42,93.81,24.62
2018-05-14,29.64,38.47,22.73,53.31,4.23,0.73,93.79,25.97
2018-05-15,29.01,38.33,21.75,54.95,3.75,0.01,93.73,25.84
2018-05-16,29.76,39.26,22.21,53.89,3.83,0.07,93.64,24.31
2018-05-17,31.01,39.61,22.64,47.48,3.7,1.13,93.61,23.54
2018-05-18,29.81,38.39,23.36,52.17,4.65,1.12,93.65,24.28
2018-05-19,29.28,37.7,22.98,52.25,4.08,0.01,93.6,25.63
2018-05-20,29.09,38.7,22.04,54.54,4.53,0.01,93.65,25.4
2018-05-21,28.98,38.24,21.69,52.44,4.31,0.0,93.64,25.33
2018-05-22,28.79,36.98,22.35,49.45,3.99,0.0,93.7,22.23
2018-05-23,29.41,39.27,22.65,48.8,3.88,0.0,93.59,22.75
2018-05-24,28.59,36.97,22.82,57.59,4.83,0.01,93.56,17.48
2018-05-25,28.7,37.36,22.37,55.93,5.37,0.0,93.56,23.22
2018-05-26,30.36,39.48,23.12,54.83,4.67,0.01,93.44,25.5
2018-05-27,29.47,37.22,24.63,63.04,3.57,1.89,93.46,22.8
2018-05-28,29.2,37.34,24.45,64.05,5.45,0.77,93.36,19.7
2018-05-29,28.02,33.69,24.45,68.6,5.69,0.03,93.4,19.63
2018-05-30,28.09,34.66,23.87,68.63,5.49,0.03,93.41,21.07
2018-05-31,28.8,35.6,24.37,66.96,4.82,0.33,93.51,22.68
2018-06-01,27.68,33.35,24.31,67.55,2.55,7.12,93.64,19.7
2018-06-02,27.1,32.52,23.53,73.06,2.33,9.6,93.65,17.78
2018-06-03,25.83,29.43,23.4,79.99,2.95,5.81,93.6,19.92
2018-06-04,25.83,31.82,22.37,78.34,3.13,5.67,93.46,19.2
2018-06-05,26.37,31.24,23.01,76.62,2.33,2.73,93.49,19.93
2018-06-06,26.1,30.29,23.56,78.62,3.31,7.81,93.69,16.09
2018-06-07,26.1,30.6,23.73,83.1,5.07,7.88,93.47,9.2
2018-06-08,24.79,27.47,23.15,88.16,5.66,11.35,93.29,16.28
2018-06-09,24.99,27.74,23.24,86.23,6.79,22.48,93.21,12.45
2018-06-10,25.85,30.13,23.29,83.71,7.68,16.98,93.25,12.81
2018-06-11,25.88,29.69,23.73,85.1,7.48,6.67,93.38,15.26
2018-06-12,25.97,29.59,23.77,82.99,7.6,0.9,93.4,17.42
2018-06-13,26.46,31.25,23.64,79.75,6.78,0.4,93.44,17.96
2018-06-14,26.35,31.23,23.48,79.74,6.25,0.43,93.54,18.9
2018-06-15,25.95,30.09,23.38,81.23,5.97,8.02,93.62,19.44
2018-06-16,26.21,30.72,23.46,78.85,6.03,9.19,93.7,15.81
2018-06-17,25.51,29.22,23.01,82.37,6.97,23.83,93.62,11.33
2018-06-18,25.57,29.58,23.0,84.4,5.82,11.35,93.45,12.81
2018-06-19,25.69,30.03,23.26,84.77,3.83,1.16,93.44,18.11
2018-06-20,25.74,29.87,23.23,84.05,4.08,2.84,93.45,16.8
2018-06-21,24.51,26.2,23.39,90.42,5.22,35.92,93.46,11.68
2018-06-22,24.9,28.85,22.32,85.16,5.22,15.67,93.47,16.68
2018-06-23,24.75,27.85,23.27,87.64,5.1,27.78,93.41,10.0
2018-06-24,23.87,27.01,21.04,87.51,6.73,38.91,93.45,8.87
2018-06-25,24.27,26.71,22.64,88.27,7.07,33.41,93.37,5.72
2018-06-26,24.33,26.65,23.09,90.2,7.9,21.37,93.27,11.76
2018-06-27,24.39,27.55,22.69,87.66,7.36,5.72,93.22,16.18
2018-06-28,24.74,28.6,22.57,86.25,6.24,12.2,93.26,10.76
2018-06-29,24.17,27.12,22.56,87.87,5.15,10.66,93.36,14.86
2018-06-30,24.56,28.47,21.63,83.85,4.94,9.03,93.52,18.13
2018-07-01,24.43,28.64,21.15,82.65,4.67,2.62,93.59,21.24
2018-07-02,24.54,28.45,22.48,87.36,5.87,11.56,93.47,12.49
2018-07-03,24.14,26.89,22.52,88.59,7.59,31.05,93.53,9.49
2018-07-04,24.04,26.21,22.79,91.13,7.89,42.7,93.55,9.31
2018-07-05,23.79,25.97,22.7,92.57,6.93,46.66,93.57,8.4
2018-07-06,24.24,26.71,22.67,90.46,5.91,20.5,93.53,10.7
2018-07-07,23.63,25.71,22.06,93.0,6.14,48.78,93.45,6.11
2018-07-08,23.7,26.48,21.98,90.68,6.15,30.71,93.35,8.47
2018-07-09,23.27,24.96,22.23,93.26,5.31,46.1,93.31,5.55
2018-07-10,23.39,26.02,21.48,92.01,7.01,40.36,93.33,8.22
2018-07-11,23.51,26.35,21.38,90.32,7.29,13.89,93.35,9.84
2018-07-12,23.61,25.23,22.79,93.5,8.02,21.7,93.27,8.94
2018-07-13,23.71,26.34,22.16,91.53,7.17,25.12,93.24,8.22
2018-07-14,23.8,26.73,22.0,91.02,7.89,28.08,93.19,12.06
2018-07-15,23.19,24.75,22.22,95.2,8.19,51.83,93.08,5.99
2018-07-16,23.4,24.73,22.6,95.57,8.97,74.82,93.09,6.79
2018-07-17,23.5,25.49,22.41,93.02,9.61,38.68,93.22,7.44
2018-07-18,23.61,26.25,21.97,91.91,8.23,16.73,93.33,10.71
2018-07-19,23.34,26.22,21.73,91.33,7.91,16.09,93.36,11.32
2018-07-20,23.06,24.39,21.95,94.36,7.41,19.83,93.33,9.72
2018-07-21,23.04,25.39,21.76,92.32,8.12,13.33,93.41,9.79
2018-07-22,23.02,25.24,21.45,92.52,7.74,11.65,93.43,5.72
2018-07-23,22.91,25.38,21.31,91.48,8.01,9.62,93.39,7.04
2018-07-24,23.15,25.93,21.48,91.48,7.9,5.69,93.53,8.23
2018-07-25,23.17,25.66,21.5,91.33,7.2,5.61,93.56,13.08
2018-07-26,23.19,26.11,21.78,91.3,7.8,5.19,93.61,8.48
2018-07-27,23.1,26.28,21.42,90.63,7.71,3.78,93.57,7.16
2018-07-28,23.45,26.9,21.52,90.22,6.74,1.19,93.56,12.19
2018-07-29,23.51,26.71,21.69,90.13,6.08,0.31,93.54,12.48
2018-07-30,23.47,27.18,21.48,89.19,6.1,1.23,93.5,9.81
2018-07-31,23.6,27.27,21.27,89.3,6.36,2.12,93.51,13.21
2018-08-01,22.97,24.99,21.71,91.7,6.59,5.5,93.61,11.14
2018-08-02,23.36,27.08,21.41,89.62,6.58,4.38,93.73,9.51
2018-08-03,23.1,26.13,21.5,90.38,6.6,9.01,93.83,12.12
2018-08-04,22.65,25.12,21.3,91.42,7.08,12.38,93.78,7.85
2018-08-05,23.09,26.52,21.23,89.27,7.39,3.03,93.74,13.53
2018-08-06,22.85,26.0,20.98,89.55,8.07,3.27,93.6,9.82
2018-08-07,23.13,26.34,21.1,89.26,7.64,5.08,93.43,11.08
2018-08-08,22.69,25.12,21.48,91.97,6.62,5.6,93.41,11.54
2018-08-09,23.36,26.88,21.5,89.76,7.31,5.48,93.62,10.56
2018-08-10,23.39,26.92,21.35,89.23,7.13,7.82,93.8,13.14
2018-08-11,23.4,26.89,21.54,89.84,7.9,15.18,93.67,9.97
2018-08-12,22.84,25.27,21.42,90.9,8.69,18.63,93.41,10.11
2018-08-13,22.67,24.43,21.45,92.09,8.39,24.22,93.33,9.18
2018-08-14,23.6,27.07,21.75,90.72,7.16,11.48,93.37,7.69
2018-08-15,22.71,24.39,21.79,93.75,6.44,14.91,93.38,7.09
2018-08-16,22.64,25.23,21.39,93.16,8.06,25.95,93.32,5.0
2018-08-17,22.58,25.11,21.23,92.85,8.65,17.17,93.25,8.43
2018-08-18,22.91,26.04,21.02,91.15,7.67,11.74,93.36,9.39
2018-08-19,23.09,26.16,21.26,91.11,7.51,20.31,93.46,11.89
2018-08-20,22.73,25.38,21.14,92.74,6.99,27.9,93.52,7.32
2018-08-21,22.35,23.89,21.36,95.24,6.24,35.83,93.55,5.73
2018-08-22,22.98,26.0,21.26,92.45,7.02,28.81,93.62,9.09
2018-08-23,22.96,26.28,21.13,91.65,6.26,13.16,93.72,12.62
2018-08-24,22.93,26.3,20.89,91.09,5.89,11.0,93.73,12.93
2018-08-25,22.71,25.6,21.01,91.73,6.11,13.03,93.69,12.03
2018-08-26,22.72,25.48,20.96,91.67,6.19,17.5,93.57,10.07
2018-08-27,22.94,25.62,21.29,91.82,5.95,14.12,93.55,11.21
2018-08-28,22.75,25.86,21.01,91.66,4.75,6.94,93.54,11.11
2018-08-29,22.87,26.48,20.65,91.25,4.48,3.41,93.68,14.93
2018-08-30,22.65,26.34,20.1,90.95,4.72,3.21,93.7,15.42
2018-08-31,22.54,26.09,20.05,91.06,4.29,4.47,93.74,16.23
2018-09-01,22.68,26.44,20.42,90.42,4.68,8.04,93.82,15.06
2018-09-02,22.59,26.0,20.71,90.73,5.65,13.76,93.83,11.33
2018-09-03,22.64,26.22,20.28,90.17,5.65,9.04,93.82,14.21
2018-09-04,22.21,26.24,19.8,90.18,5.15,3.16,93.9,14.56
2018-09-05,22.43,26.36,19.99,89.63,5.33,1.91,93.84,17.26
2018-09-06,22.2,26.09,19.87,89.67,4.55,1.13,93.75,18.81
2018-09-07,22.09,25.92,19.67,89.23,4.26,2.5,93.77,12.79
2018-09-08,21.48,24.97,18.86,89.4,3.68,1.58,93.78,19.25
2018-09-09,21.64,26.22,17.93,88.42,2.95,0.97,93.89,23.14
2018-09-10,22.24,27.54,18.56,85.07,2.23,0.16,94.08,20.85
2018-09-11,22.86,28.47,18.9,83.23,2.08,0.03,94.12,23.23
2018-09-12,22.08,26.94,18.85,86.89,2.7,0.38,93.99,22.66
2018-09-13,21.85,26.72,17.97,88.63,2.9,0.86,93.9,19.59
2018-09-14,22.6,27.6,18.61,88.03,2.6,1.87,93.92,20.89
2018-09-15,23.38,28.05,19.93,87.3,2.25,4.45,93.97,19.32
2018-09-16,23.3,28.04,20.19,87.73,2.87,2.5,93.84,16.36
2018-09-17,22.59,27.38,19.35,86.55,3.07,1.32,93.78,22.25
2018-09-18,22.71,27.83,18.85,85.47,2.44,1.36,93.81,22.22
2018-09-19,22.83,26.78,20.55,88.12,2.55,2.54,93.81,10.68
2018-09-20,23.89,28.84,20.41,87.22,2.66,4.93,93.6,15.6
2018-09-21,24.16,28.95,21.06,86.64,2.84,3.43,93.55,15.81
2018-09-22,23.32,26.73,20.75,88.96,4.17,0.31,93.74,12.25
2018-09-23,23.44,28.21,20.29,86.4,2.39,0.23,94.02,18.75
2018-09-24,23.48,28.53,20.16,85.85,2.21,0.09,94.06,20.99
2018-09-25,23.87,29.45,19.98,85.64,2.32,0.16,93.99,22.69
2018-09-26,24.63,29.57,20.46,84.83,1.84,1.94,93.86,21.37
2018-09-27,24.34,28.54,20.53,83.07,1.63,5.19,93.84,17.0
2018-09-28,24.56,29.35,19.83,80.19,2.33,8.36,93.9,18.29
2018-09-29,24.97,30.42,20.66,77.99,2.98,1.03,93.92,14.92
2018-09-30,24.82,30.85,20.2,76.51,3.01,0.45,93.92,18.95
2018-10-01,25.37,31.29,19.87,76.54,2.62,6.26,93.88,19.27
2018-10-02,25.07,30.15,20.18,79.43,2.39,2.34,93.97,19.07
2018-10-03,24.83,28.85,21.6,82.92,2.01,2.98,93.95,20.88
2018-10-04,24.45,27.68,21.44,82.94,1.92,2.66,93.95,16.7
2018-10-05,24.81,28.85,21.15,78.25,3.18,0.26,93.97,16.12
2018-10-06,24.0,29.87,19.88,72.7,3.39,0.0,93.96,21.8
2018-10-07,25.12,31.05,20.1,68.84,3.48,0.0,93.9,21.23
2018-10-08,25.02,30.52,20.45,73.06,2.72,0.09,93.88,17.14
2018-10-09,24.01,30.33,18.42,71.55,2.03,0.0,93.84,19.93
2018-10-10,24.03,30.47,19.11,71.13,1.99,0.0,93.84,17.95
2018-10-11,23.45,30.67,17.83,73.51,2.81,0.0,93.84,19.65
2018-10-12,24.57,30.85,19.41,72.31,2.52,0.01,93.9,19.01
2018-10-13,23.68,30.65,17.94,66.06,3.07,0.0,94.05,19.47
2018-10-14,23.52,30.62,16.84,64.89,2.69,0.0,94.12,21.11
2018-10-15,23.58,30.55,17.71,65.49,2.77,0.0,94.15,20.06
2018-10-16,23.72,30.72,17.67,71.39,3.16,0.08,94.16,19.71
2018-10-17,23.81,28.87,20.9,77.4,1.43,0.55,94.13,14.85
2018-10-18,23.06,27.63,20.31,83.13,1.39,5.24,94.1,15.45
2018-10-19,23.88,28.37,20.02,75.88,1.31,2.88,94.13,17.89
2018-10-20,24.07,30.24,18.77,71.56,2.04,0.01,94.21,20.41
2018-10-21,23.61,30.29,17.99,69.81,2.11,0.0,94.27,19.24
2018-10-22,23.87,30.77,18.11,68.4,2.11,0.01,94.21,19.37
2018-10-23,23.66,30.71,17.3,57.88,2.44,0.02,94.18,20.06
2018-10-24,23.77,31.04,16.16,58.3,2.09,0.01,94.13,19.98
2018-10-25,23.5,28.2,20.17,72.73,3.24,0.34,94.27,17.42
2018-10-26,24.06,30.09,19.55,64.94,2.6,0.06,94.34,18.81
2018-10-27,22.72,30.3,16.5,59.5,3.57,0.0,94.33,20.0
2018-10-28,21.93,30.08,15.93,57.88,3.83,0.0,94.25,20.44
2018-10-29,21.13,29.24,14.82,57.17,3.68,0.0,94.14,20.51
2018-10-30,20.53,28.52,13.96,56.55,3.65,0.0,94.1,20.95
2018-10-31,21.17,29.7,14.68,59.81,4.13,0.0,94.08,21.27
2018-11-01,21.44,28.98,14.12,58.43,3.56,0.0,94.05,20.4
2018-11-02,22.96,29.74,15.34,65.79,2.66,0.0,94.01,18.52
2018-11-03,24.53,29.99,19.59,74.36,2.61,0.23,94.06,16.74
2018-11-04,24.34,29.29,20.15,80.72,1.94,3.51,94.13,17.52
2018-11-05,23.15,25.74,21.38,87.82,1.64,9.25,94.18,15.96
2018-11-06,23.77,29.64,19.63,74.49,2.15,0.43,94.2,16.95
2018-11-07,23.25,29.99,18.19,65.82,2.86,0.0,94.22,18.55
2018-11-08,22.59,30.36,15.42,65.11,2.8,0.0,94.12,18.83
2018-11-09,22.79,30.42,16.2,64.15,2.41,0.0,94.04,18.85
2018-11-10,22.22,29.75,15.91,60.26,2.35,0.0,94.14,18.72
2018-11-11,21.44,29.74,14.53,57.68,2.53,0.0,94.22,18.87
2018-11-12,20.97,29.22,13.49,54.19,2.52,0.0,94.14,19.53
2018-11-13,20.8,29.01,13.68,51.59,2.15,0.0,93.98,19.44
2018-11-14,20.86,28.95,13.76,55.66,1.98,0.0,93.98,18.29
2018-11-15,20.35,30.38,12.6,51.3,3.57,0.0,94.11,19.23
2018-11-16,21.07,30.0,13.65,48.52,3.51,0.0,94.16,19.11
2018-11-17,21.51,29.95,13.78,55.53,2.88,0.0,94.06,19.76
2018-11-18,22.98,30.31,16.2,63.73,2.3,0.0,94.05,16.75
2018-11-19,23.73,29.54,18.56,66.46,1.7,0.05,94.22,14.98
2018-11-20,24.17,28.67,20.27,72.64,1.59,0.45,94.3,13.32
2018-11-21,23.98,28.44,19.52,71.59,2.27,0.01,94.28,15.95
2018-11-22,22.87,29.35,18.0,62.17,3.46,0.0,94.3,17.33
2018-11-23,21.78,29.57,16.31,54.29,4.39,0.0,94.45,18.31
2018-11-24,21.65,29.34,15.19,56.89,3.12,0.0,94.49,17.92
2018-11-25,21.44,28.35,14.74,53.78,2.52,0.0,94.38,14.43
2018-11-26,21.01,28.62,14.36,54.76,2.81,0.0,94.21,16.12
2018-11-27,20.87,28.8,13.64,45.01,3.36,0.0,94.23,18.07
2018-11-28,19.74,27.16,14.01,50.15,3.5,0.0,94.28,17.72
2018-11-29,19.94,28.12,12.67,48.8,3.32,0.0,94.39,17.67
2018-11-30,20.05,28.47,12.65,48.67,3.33,0.0,94.4,17.65
2018-12-01,19.52,26.59,12.97,52.81,3.17,0.0,94.2,15.5
2018-12-02,20.19,27.76,13.78,54.75,2.42,0.0,94.04,15.8
2018-12-03,21.07,28.05,14.67,59.29,2.96,0.0,94.11,15.42
2018-12-04,21.14,27.12,16.24,62.57,3.15,0.0,94.22,14.28
2018-12-05,21.47,29.05,15.64,61.1,2.55,0.0,94.15,15.32
2018-12-06,20.9,28.77,15.14,63.0,2.36,0.0,94.04,16.69
2018-12-07,20.69,29.47,13.74,57.19,2.48,0.0,94.05,15.66
2018-12-08,21.28,29.56,15.38,59.19,2.44,0.0,94.13,16.02
2018-12-09,21.05,29.32,15.33,57.96,2.53,0.0,94.11,17.6
2018-12-10,19.89,27.06,14.04,50.23,2.27,0.0,94.12,18.74
2018-12-11,17.94,27.67,9.94,50.01,2.71,0.0,94.16,18.18
2018-12-12,18.37,26.82,12.78,59.6,2.46,0.0,94.24,17.83
2018-12-13,18.15,27.13,10.84,55.84,3.57,0.0,94.32,17.79
2018-12-14,19.17,27.22,12.9,54.54,5.07,0.0,94.35,14.65
2018-12-15,20.54,27.25,15.08,59.77,4.65,0.0,94.36,12.76
2018-12-16,18.91,26.64,12.79,50.38,4.24,0.0,94.39,14.91
2018-12-17,17.89,26.32,11.07,52.54,3.77,0.0,94.28,15.93
2018-12-18,18.8,27.33,12.98,59.52,3.95,0.0,94.35,17.37
2018-12-19,17.71,27.22,10.76,47.16,3.96,0.0,94.36,18.75
2018-12-20,18.64,27.51,10.62,48.45,3.39,0.0,94.33,18.41
2018-12-21,19.37,28.3,12.21,57.59,2.61,0.0,94.26,17.67
2018-12-22,20.14,29.13,11.77,50.54,2.31,0.0,94.22,17.2
2018-12-23,21.53,29.39,13.91,56.32,2.25,0.0,94.24,16.15
2018-12-24,22.03,30.1,15.87,62.94,2.73,0.0,94.23,15.12
2018-12-25,21.93,30.28,16.02,58.07,2.43,0.0,94.22,15.87
2018-12-26,20.58,28.88,15.25,54.29,2.92,0.0,94.22,17.68
2018-12-27,17.92,28.29,10.11,35.34,3.09,0.0,94.22,18.99
2018-12-28,16.78,26.94,9.06,26.19,4.0,0.0,94.22,18.65
2018-12-29,17.17,27.93,8.98,26.77,3.82,0.0,94.34,18.54
2018-12-30,17.4,28.02,9.81,27.99,4.37,0.0,94.52,17.88
2018-12-31,18.13,28.45,10.25,29.18,4.26,0.0,94.58,16.9
2019-01-01,19.42,29.66,10.32,26.85,2.97,0.0,94.6,18.28
2019-01-02,20.31,30.49,10.51,29.01,1.98,0.0,94.56,18.06
2019-01-03,20.83,30.15,12.91,31.66,1.94,0.0,94.61,18.36
2019-01-04,20.67,30.66,10.98,30.66,2.37,0.0,94.51,18.31
2019-01-05,20.4,30.62,12.16,38.25,2.74,0.0,94.37,17.92
2019-01-06,19.43,30.34,11.75,38.53,2.7,0.0,94.26,17.92
2019-01-07,18.93,29.39,11.49,33.15,4.21,0.0,94.29,18.12
2019-01-08,18.97,29.75,10.63,28.1,3.32,0.0,94.31,18.38
2019-01-09,19.56,30.78,10.46,30.5,2.32,0.0,94.24,18.65
2019-01-10,19.69,30.71,10.29,29.95,2.94,0.0,94.19,18.06
2019-01-11,19.82,30.65,11.13,36.49,2.77,0.0,94.23,17.64
2019-01-12,20.33,30.06,15.0,36.78,2.39,0.0,94.2,17.74
2019-01-13,19.48,29.98,11.03,40.7,2.47,0.0,94.26,17.91
2019-01-14,20.07,30.0,12.71,41.09,3.8,0.0,94.24,17.18
2019-01-15,20.91,30.12,13.36,38.8,3.75,0.0,94.32,17.39
2019-01-16,21.69,31.11,13.52,43.06,2.67,0.0,94.31,17.03
2019-01-17,21.65,31.3,13.03,36.0,2.55,0.0,94.22,17.37
2019-01-18,21.6,31.56,12.79,32.27,2.49,0.0,94.21,18.04
2019-01-19,21.74,31.27,13.15,31.33,3.12,0.0,94.27,17.83
2019-01-20,22.44,31.51,13.44,32.48,2.63,0.0,94.34,17.98
2019-01-21,20.6,30.84,13.46,45.73,3.48,0.0,94.18,18.87
2019-01-22,18.81,27.82,13.13,69.84,2.66,0.0,94.2,18.88
2019-01-23,18.73,27.56,13.29,68.19,2.58,0.0,94.25,19.06
2019-01-24,18.33,29.33,10.12,47.82,3.07,0.0,94.26,20.37
2019-01-25,17.29,28.09,9.29,38.74,3.1,0.0,94.23,20.45
2019-01-26,18.06,28.38,8.67,41.05,3.09,0.0,94.25,18.2
2019-01-27,19.6,27.51,12.54,58.5,4.62,0.0,94.38,17.13
2019-01-28,18.49,26.99,12.08,38.34,4.88,0.0,94.49,18.42
2019-01-29,18.09,28.28,10.48,25.56,4.74,0.0,94.48,18.54
2019-01-30,19.11,29.57,9.94,25.3,2.81,0.0,94.38,20.25
2019-01-31,20.58,30.82,11.8,32.72,2.06,0.0,94.27,19.73
2019-02-01,21.1,30.96,13.13,42.88,2.66,0.0,94.24,19.22
2019-02-02,21.51,31.12,13.89,43.26,2.79,0.0,94.16,18.14
2019-02-03,22.89,31.28,14.97,43.35,2.89,0.0,94.26,16.94
2019-02-04,23.38,32.22,15.76,40.92,3.96,0.0,94.42,18.7
2019-02-05,23.26,32.41,15.46,44.95,2.35,0.0,94.4,19.1
2019-02-06,22.26,32.43,15.28,48.4,3.29,0.0,94.14,19.64
2019-02-07,18.46,27.71,12.03,62.65,3.88,0.0,94.19,21.32
2019-02-08,16.73,26.85,9.95,55.37,3.67,0.0,94.35,22.96
2019-02-09,17.26,30.07,7.2,30.71,3.43,0.0,94.32,23.29
2019-02-10,20.07,32.31,10.47,22.67,4.27,0.0,94.37,22.37
2019-02-11,22.37,32.98,12.78,28.83,2.4,0.0,94.34,21.19
2019-02-12,25.23,33.74,16.54,39.24,2.41,0.0,94.38,17.34
2019-02-13,26.05,34.21,18.92,40.27,2.06,0.0,94.46,18.82
2019-02-14,24.9,34.36,17.75,39.92,3.13,0.0,94.24,19.93
2019-02-15,22.79,32.3,16.34,44.66,3.48,0.0,94.28,22.13
2019-02-16,21.47,32.44,12.85,38.73,2.57,0.0,94.28,23.41
2019-02-17,21.65,32.59,13.03,29.74,2.59,0.0,94.17,22.61
2019-02-18,23.18,35.27,13.72,27.99,2.54,0.0,94.02,21.51
2019-02-19,24.99,36.61,15.99,28.22,2.47,0.0,94.03,22.17
2019-02-20,25.2,37.18,15.78,34.08,3.67,0.0,94.24,21.55
2019-02-21,25.94,36.12,17.76,50.63,2.77,0.0,94.45,20.61
2019-02-22,27.49,35.57,20.34,37.91,2.22,0.0,94.32,19.25
2019-02-23,27.69,37.03,19.99,30.62,3.38,0.0,94.12,21.83
2019-02-24,26.29,36.43,19.2,23.18,3.65,0.0,94.01,22.82
2019-02-25,25.24,35.38,17.77,26.87,3.3,0.0,93.96,23.88
2019-02-26,23.19,31.94,16.41,33.45,4.12,0.0,93.96,22.8
2019-02-27,21.57,30.26,14.93,47.79,3.93,0.0,93.93,23.05
2019-02-28,21.67,31.36,13.24,43.68,2.12,0.0,93.97,24.57
2019-03-01,22.93,34.09,12.79,26.05,2.12,0.0,93.91,24.2
2019-03-02,24.84,37.06,15.58,34.71,3.65,0.0,93.96,23.74
2019-03-03,23.59,34.12,16.56,59.28,3.0,0.0,93.99,24.09
2019-03-04,23.34,33.46,16.9,64.13,3.96,0.0,93.91,23.73
2019-03-05,23.14,33.01,17.17,59.49,3.68,0.0,93.91,23.53
2019-03-06,21.93,32.57,14.07,55.2,3.41,0.0,94.01,24.14
2019-03-07,22.96,34.31,12.87,40.9,3.07,0.0,93.96,25.27
2019-03-08,25.47,36.4,16.11,27.08,3.31,0.0,94.08,24.03
2019-03-09,25.9,36.16,17.77,29.82,3.42,0.0,94.16,24.57
2019-03-10,25.84,37.32,16.96,30.31,3.56,0.0,94.13,24.95
2019-03-11,25.07,35.59,17.15,38.21,3.51,0.0,94.23,24.91
2019-03-12,25.36,36.29,15.98,39.24,2.88,0.0,94.26,24.39
2019-03-13,24.67,35.07,16.36,43.19,3.81,0.0,94.27,23.29
2019-03-14,24.76,35.15,16.29,39.89,3.73,0.0,94.27,23.44
2019-03-15,26.18,36.78,16.95,24.12,3.1,0.0,94.2,24.87
2019-03-16,27.29,38.11,18.18,22.85,3.11,0.0,94.1,25.16
2019-03-17,26.5,36.81,18.98,24.75,3.39,0.0,94.15,25.4
2019-03-18,26.51,37.56,17.77,25.89,3.45,0.0,94.13,25.08
2019-03-19,26.75,37.73,18.0,25.72,3.4,0.0,93.93,25.96
2019-03-20,26.32,37.26,18.17,31.9,3.33,0.0,93.93,25.42
2019-03-21,25.55,36.65,16.05,41.53,3.26,0.0,94.08,25.69
2019-03-22,26.2,37.15,16.64,29.97,3.07,0.0,94.15,26.32
2019-03-23,28.21,38.99,18.15,21.9,2.96,0.0,94.08,25.81
2019-03-24,29.21,39.52,19.31,18.41,2.9,0.0,93.96,25.46
2019-03-25,30.6,40.3,20.91,20.81,3.18,0.0,93.95,23.4
2019-03-26,30.25,40.16,21.45,21.44,3.05,0.0,94.07,25.28
2019-03-27,29.25,40.11,20.8,29.66,2.27,0.0,94.22,25.62
2019-03-28,29.34,40.36,19.54,22.37,2.5,0.0,94.13,25.95
2019-03-29,29.84,40.69,19.6,27.78,2.68,0.0,93.96,25.98
2019-03-30,29.79,40.46,20.98,32.82,3.23,0.0,93.91,24.69
2019-03-31,28.66,38.76,20.65,42.91,3.51,0.0,94.01,24.77
2019-04-01,27.65,38.76,19.23,39.64,3.61,0.0,94.02,26.7
2019-04-02,28.38,39.93,18.95,38.44,2.7,0.0,93.96,27.51
2019-04-03,29.5,40.87,18.84,38.82,2.8,0.0,93.92,26.48
2019-04-04,30.08,41.41,20.82,33.83,3.29,0.01,93.98,24.94
2019-04-05,28.91,39.7,20.85,48.97,3.1,0.0,94.1,25.27
2019-04-06,29.19,39.94,20.42,40.66,3.6,0.0,94.08,26.07
2019-04-07,28.86,39.16,20.46,39.22,3.55,0.0,93.95,26.55
2019-04-08,29.34,40.31,19.72,39.3,3.79,0.0,93.81,27.01
2019-04-09,28.53,38.91,20.31,39.51,3.96,0.0,93.94,26.92
2019-04-10,29.29,40.3,19.9,30.94,3.51,0.0,93.96,27.37
2019-04-11,29.69,40.52,19.62,37.09,3.32,0.0,93.89,27.08
2019-04-12,29.99,40.31,21.18,39.81,3.23,0.02,93.86,26.09
2019-04-13,31.46,41.32,21.76,28.87,2.78,0.02,93.83,24.46
2019-04-14,31.31,39.34,23.23,33.63,2.32,0.78,93.91,22.8
2019-04-15,29.86,37.27,24.74,36.61,3.06,1.17,93.9,23.83
2019-04-16,28.16,35.54,22.23,51.31,3.81,0.6,93.89,22.32
2019-04-17,26.22,35.42,19.24,48.69,4.17,0.0,94.04,27.19
2019-04-18,26.1,37.66,15.04,39.01,3.4,0.0,93.98,28.57
2019-04-19,27.63,38.62,18.35,46.72,3.68,0.0,93.85,26.53
2019-04-20,27.96,38.26,18.99,40.35,3.59,0.0,93.69,28.17
2019-04-21,27.89,37.78,19.26,47.02,3.93,0.0,93.7,28.1
2019-04-22,28.28,38.33,19.17,39.08,3.83,0.0,93.77,28.54
2019-04-23,29.49,40.65,19.02,37.35,3.3,0.0,93.85,27.17
2019-04-24,31.05,41.71,21.21,33.89,3.13,0.0,93.86,26.29
2019-04-25,31.65,41.89,21.51,39.06,2.87,0.0,93.85,25.52
2019-04-26,33.03,43.2,23.5,31.62,3.52,0.0,93.72,25.82
2019-04-27,33.59,42.96,24.1,32.96,3.11,0.0,93.67,23.44
2019-04-28,33.52,42.52,26.02,27.23,3.83,0.0,93.66,24.23
2019-04-29,31.15,40.33,22.71,39.9,4.03,0.0,93.72,23.85
2019-04-30,30.01,38.7,23.0,38.14,4.27,0.0,93.68,25.22
2019-05-01,27.52,36.93,20.75,52.89,4.81,0.0,93.61,25.49
2019-05-02,26.92,36.75,19.78,51.79,4.47,0.0,93.62,26.91
2019-05-03,26.44,35.87,19.16,55.73,4.5,0.0,93.77,27.47
2019-05-04,26.85,35.71,20.31,60.49,4.56,0.0,93.98,26.69
2019-05-05,27.69,36.89,21.1,55.5,4.28,0.0,94.08,27.09
2019-05-06,28.79,38.68,20.57,52.18,3.62,0.0,93.91,26.93
2019-05-07,28.44,37.91,20.54,54.3,4.37,0.0,93.86,26.81
2019-05-08,27.95,36.95,22.11,59.73,4.98,0.0,93.95,25.69
2019-05-09,27.49,36.52,21.67,56.54,5.02,0.0,93.88,26.7
2019-05-10,27.57,36.87,21.28,55.08,4.79,0.0,93.87,28.13
2019-05-11,28.44,39.1,20.44,53.34,4.54,0.0,93.91,28.09
2019-05-12,29.1,40.07,20.7,53.75,4.33,0.0,93.84,27.85
2019-05-13,29.19,39.67,21.7,51.96,4.7,0.0,93.8,27.83
2019-05-14,28.69,38.9,20.72,50.78,4.41,0.0,93.8,28.73
2019-05-15,28.63,38.82,20.31,49.47,4.26,0.0,93.88,28.59
2019-05-16,28.53,38.68,20.19,49.32,3.95,0.13,93.93,28.42
2019-05-17,28.97,39.2,19.61,48.47,4.38,0.0,93.93,27.73
2019-05-18,30.13,39.91,21.01,41.4,4.44,0.0,93.84,27.47
2019-05-19,31.25,40.62,22.95,32.33,4.57,0.0,93.81,27.76
2019-05-20,31.54,41.61,22.83,34.77,4.19,0.0,93.82,27.83
2019-05-21,30.52,40.65,22.46,50.67,4.28,0.0,93.81,26.21
2019-05-22,30.31,39.92,22.93,54.29,4.33,0.0,93.78,26.73
2019-05-23,29.59,38.69,22.82,55.05,4.71,0.0,93.77,27.46
2019-05-24,29.47,38.43,22.22,55.67,4.31,0.0,93.81,27.11
2019-05-25,29.26,37.1,23.3,54.54,4.36,0.0,93.75,26.13
2019-05-26,29.24,37.79,22.33,50.61,4.45,0.0,93.68,27.48
2019-05-27,29.51,38.43,21.94,52.62,4.41,0.0,93.67,25.98
2019-05-28,30.21,40.01,22.59,52.63,5.08,0.0,93.62,27.28
2019-05-29,30.09,39.95,22.84,52.51,5.03,0.0,93.56,26.97
2019-05-30,29.7,38.92,22.55,56.49,5.24,0.0,93.53,26.98
2019-05-31,30.05,39.64,23.56,55.38,5.06,0.0,93.52,26.41
2019-06-01,30.07,39.8,23.87,55.02,4.87,0.0,93.68,25.18
2019-06-02,30.43,40.0,23.43,57.14,5.19,0.0,93.63,26.18
2019-06-03,27.52,31.84,24.0,64.48,4.36,0.01,93.69,22.98
2019-06-04,29.34,37.69,23.57,59.15,5.3,0.02,93.61,21.78
2019-06-05,30.2,38.72,22.91,54.83,4.36,0.06,93.54,24.19
2019-06-06,29.92,37.31,24.32,51.96,4.84,0.03,93.61,18.88
2019-06-07,30.17,38.63,23.19,53.86,4.45,0.19,93.63,22.88
2019-06-08,28.62,32.1,24.41,61.15,3.03,0.95,93.6,22.34
2019-06-09,28.09,31.85,24.96,66.67,2.56,5.27,93.52,20.21
2019-06-10,27.62,32.52,24.2,75.41,2.24,14.23,93.35,20.36
2019-06-11,27.29,33.56,24.31,77.03,3.21,10.93,93.24,20.94
2019-06-12,26.4,30.89,23.4,76.7,7.63,6.89,93.18,11.22
2019-06-13,25.95,30.86,22.67,73.65,7.7,5.97,93.4,18.44
2019-06-14,25.68,31.07,21.96,75.32,6.31,12.72,93.46,19.7
2019-06-15,26.07,31.22,22.73,76.76,6.22,12.67,93.57,16.78
2019-06-16,26.67,32.13,23.05,76.85,5.48,2.54,93.68,20.98
2019-06-17,26.37,31.44,23.11,76.99,5.95,2.08,93.74,19.38
2019-06-18,26.16,31.08,22.77,77.38,6.48,5.26,93.55,17.88
2019-06-19,26.1,30.71,23.17,79.27,5.42,7.58,93.47,13.25
2019-06-20,26.35,31.46,22.95,76.93,4.95,1.46,93.52,21.23
2019-06-21,26.91,33.23,22.15,72.29,4.23,0.04,93.49,21.77
2019-06-22,26.54,32.1,22.79,73.82,3.38,0.86,93.42,19.15
2019-06-23,25.44,29.62,23.24,79.97,3.45,3.21,93.34,15.02
2019-06-24,24.59,27.13,22.58,82.4,3.21,6.64,93.44,13.7
2019-06-25,26.29,31.97,22.66,78.84,3.6,4.66,93.51,19.22
2019-06-26,26.02,31.4,23.2,82.16,3.28,9.6,93.51,18.37
2019-06-27,24.98,28.97,22.85,87.12,5.02,58.54,93.44,13.72
2019-06-28,23.65,26.56,21.81,90.76,6.94,106.74,93.45,3.9
2019-06-29,23.5,25.17,21.7,92.59,6.33,39.67,93.43,7.99
2019-06-30,24.25,26.66,22.86,89.69,5.68,38.02,93.45,8.86
2019-07-01,23.83,25.6,22.72,90.95,5.2,55.88,93.43,6.24
2019-07-02,24.35,27.58,22.3,88.49,5.48,32.6,93.43,11.2
2019-07-03,23.89,26.3,21.93,89.78,4.83,12.79,93.46,11.09
2019-07-04,23.0,25.84,20.6,83.28,5.28,4.47,93.48,13.28
2019-07-05,24.3,26.55,20.71,91.46,7.36,35.31,93.29,9.07
2019-07-06,24.22,25.82,23.4,93.07,8.74,63.1,93.25,7.38
2019-07-07,24.12,25.57,23.26,93.98,7.92,45.42,93.32,12.0
2019-07-08,24.65,26.96,23.25,91.54,7.68,39.66,93.47,4.96
2019-07-09,24.73,26.84,23.64,92.66,7.59,29.36,93.36,11.93
2019-07-10,24.71,26.88,23.49,92.06,7.82,30.98,93.37,7.03
2019-07-11,24.13,25.38,23.19,93.71,7.35,36.32,93.57,10.55
2019-07-12,24.65,27.61,22.57,89.44,6.17,5.46,93.69,16.38
2019-07-13,24.51,27.21,22.76,90.72,5.81,7.02,93.78,16.28
2019-07-14,24.3,26.68,22.89,92.21,6.23,11.35,93.75,15.59
2019-07-15,24.44,27.56,22.46,89.7,5.55,8.54,93.61,15.06
2019-07-16,24.01,26.38,22.45,91.42,5.72,7.85,93.67,15.13
2019-07-17,24.01,26.8,22.02,89.81,4.6,2.4,93.64,16.1
2019-07-18,24.4,28.27,21.7,87.72,3.61,3.7,93.44,18.3
2019-07-19,24.92,28.98,21.64,87.21,2.23,14.57,93.26,21.45
2019-07-20,25.37,29.36,22.61,86.02,1.23,17.59,93.23,13.45
2019-07-21,25.12,28.83,22.7,88.37,2.18,11.95,93.12,18.02
2019-07-22,24.64,26.99,23.01,92.83,3.78,12.63,93.11,20.23
2019-07-23,24.8,28.84,22.56,90.22,3.84,10.95,93.22,15.45
2019-07-24,24.04,25.52,23.19,93.84,6.12,41.9,93.4,9.88
2019-07-25,24.19,26.23,23.08,93.44,6.58,24.46,93.58,7.58
2019-07-26,23.81,25.4,23.02,94.15,7.32,72.45,93.52,6.48
2019-07-27,23.4,24.24,22.6,95.4,8.55,62.85,93.5,4.6
2019-07-28,23.52,24.93,22.56,94.3,8.25,26.8,93.49,8.39
2019-07-29,23.28,24.29,22.52,95.47,8.07,55.34,93.42,4.3
2019-07-30,22.96,24.19,22.02,95.31,8.15,46.2,93.51,5.34
2019-07-31,23.15,24.46,22.04,94.78,7.93,32.18,93.62,8.71
2019-08-01,23.53,25.78,22.04,92.75,8.62,36.67,93.61,9.88
2019-08-02,23.27,25.19,21.89,93.85,9.11,52.34,93.5,7.78
2019-08-03,23.39,24.43,22.67,96.03,8.9,71.94,93.4,5.93
2019-08-04,23.38,24.5,22.57,96.42,8.36,103.69,93.35,4.81
2019-08-05,23.6,24.72,22.87,95.23,9.01,39.84,93.31,6.14
2019-08-06,23.51,24.5,22.85,95.25,9.04,27.76,93.27,7.34
2019-08-07,23.44,24.4,22.84,95.89,8.77,32.7,93.17,5.98
2019-08-08,23.25,24.86,22.48,95.08,9.16,22.64,93.07,7.46
2019-08-09,23.12,24.25,22.43,95.84,9.14,24.63,93.17,8.0
2019-08-10,23.26,25.58,21.53,93.32,9.36,22.81,93.32,8.8
2019-08-11,23.04,25.95,21.33,92.25,7.28,15.0,93.46,10.56
2019-08-12,23.17,25.47,21.37,92.78,5.23,7.28,93.53,12.13
2019-08-13,23.83,27.2,21.76,92.28,5.73,7.85,93.52,10.6
2019-08-14,23.42,25.47,22.31,94.52,4.66,6.7,93.59,11.97
2019-08-15,23.92,26.84,22.29,92.04,5.98,7.41,93.64,12.35
2019-08-16,23.9,27.23,21.83,90.95,6.1,7.02,93.61,14.0
2019-08-17,23.58,27.05,21.4,90.36,4.8,2.41,93.61,16.34
2019-08-18,23.44,27.0,21.11,90.57,4.19,2.53,93.75,13.43
2019-08-19,23.43,27.3,20.88,90.68,3.56,1.6,93.85,18.0
2019-08-20,23.32,26.89,20.96,90.58,3.4,2.02,93.84,17.4
2019-08-21,23.43,27.21,20.46,90.29,4.2,9.44,93.76,14.11
2019-08-22,23.27,26.77,20.93,90.11,3.8,7.53,93.71,15.75
2019-08-23,23.09,26.36,20.39,90.69,3.55,5.2,93.72,17.43
2019-08-24,23.35,26.64,21.2,90.0,4.21,5.24,93.68,18.76
2019-08-25,22.59,26.14,20.37,89.84,3.64,3.43,93.61,17.12
2019-08-26,22.48,26.0,19.87,90.36,4.0,1.69,93.61,16.83
2019-08-27,22.83,26.43,20.02,90.07,4.17,3.28,93.53,16.25
2019-08-28,23.67,27.59,20.66,89.11,3.64,1.47,93.5,18.81
2019-08-29,24.12,28.27,20.95,89.43,3.41,8.11,93.55,20.56
2019-08-30,24.02,27.4,21.9,90.72,4.4,17.11,93.42,10.58
2019-08-31,23.7,26.05,22.21,93.52,5.16,23.48,93.27,7.96
2019-09-01,23.47,25.3,22.49,92.9,4.91,15.58,93.38,7.92
2019-09-02,24.03,26.65,22.5,91.87,5.66,21.02,93.51,12.69
2019-09-03,23.24,25.81,21.36,93.01,6.03,55.34,93.52,9.26
2019-09-04,23.11,25.13,22.17,95.22,5.62,67.23,93.32,6.17
2019-09-05,23.52,25.06,22.32,95.25,6.64,45.24,93.29,8.95
2019-09-06,23.3,25.11,22.05,94.45,7.11,38.78,93.36,7.71
2019-09-07,23.28,25.32,21.67,94.21,7.19,54.96,93.37,7.85
2019-09-08,23.36,25.49,21.97,93.83,6.73,27.33,93.47,8.93
2019-09-09,23.62,25.91,22.26,93.73,6.47,23.5,93.45,9.19
2019-09-10,23.73,26.51,22.06,92.94,6.06,16.41,93.47,9.57
2019-09-11,23.21,25.43,21.75,93.2,5.76,9.0,93.7,9.68
2019-09-12,22.88,24.66,21.83,94.16,5.11,15.07,93.84,9.81
2019-09-13,23.53,26.24,21.93,93.34,5.89,30.05,93.83,11.54
2019-09-14,23.75,26.67,22.08,92.79,5.21,32.87,93.78,14.03
2019-09-15,23.27,26.86,20.99,91.6,3.66,10.27,93.84,10.16
2019-09-16,22.98,26.57,20.58,92.03,4.29,9.09,93.78,10.27
2019-09-17,23.48,26.38,21.69,92.45,4.05,14.08,93.66,8.45
2019-09-18,24.17,27.8,21.42,92.64,2.73,15.29,93.64,9.61
2019-09-19,24.37,28.34,22.06,90.66,1.87,22.14,93.53,11.29
2019-09-20,22.93,25.45,20.81,93.09,5.69,11.58,93.56,12.55
2019-09-21,23.18,27.57,19.61,90.46,3.41,6.57,93.6,16.61
2019-09-22,24.09,28.49,21.11,91.21,3.14,2.8,93.69,18.12
2019-09-23,24.13,28.28,21.05,88.86,2.3,16.22,93.82,20.08
2019-09-24,24.09,27.18,21.89,91.89,1.87,38.27,93.75,15.01
2019-09-25,24.01,26.78,22.35,92.25,2.94,45.5,93.67,12.98
2019-09-26,23.0,24.71,21.71,96.08,3.98,30.25,93.82,14.65
2019-09-27,22.7,26.06,20.58,92.39,4.08,2.52,94.12,13.55
2019-09-28,22.99,26.8,20.48,91.65,3.31,1.26,94.07,15.74
2019-09-29,22.76,26.42,19.82,91.86,3.1,0.77,94.13,19.21
2019-09-30,23.14,26.83,20.42,91.9,2.87,1.74,94.07,20.01
2019-10-01,23.16,27.59,20.0,89.54,2.72,0.6,94.09,20.72
2019-10-02,23.49,28.34,20.09,86.29,2.06,0.16,94.14,22.49
2019-10-03,24.09,29.04,20.39,86.41,1.78,1.74,94.05,19.12
2019-10-04,23.66,27.34,21.12,88.65,1.56,15.37,94.03,16.33
2019-10-05,23.77,27.13,20.83,85.97,1.13,16.83,93.95,19.37
2019-10-06,23.36,26.97,20.39,86.26,1.45,6.29,94.01,19.02
2019-10-07,23.65,27.42,20.57,87.82,1.54,6.71,94.05,19.17
2019-10-08,24.17,28.62,20.4,86.06,2.51,11.69,94.0,18.57
2019-10-09,24.09,28.27,20.77,85.57,2.68,12.94,93.95,15.86
2019-10-10,24.0,27.43,20.58,83.86,2.07,6.18,93.96,16.36
2019-10-11,23.8,27.03,20.56,83.88,1.5,2.72,93.94,18.29
2019-10-12,23.72,27.56,20.36,86.56,1.84,4.54,93.97,18.8
2019-10-13,23.31,26.22,21.26,91.23,2.33,5.39,94.08,16.59
2019-10-14,24.04,28.75,20.44,85.25,3.29,0.2,94.11,18.94
2019-10-15,22.96,28.08,18.95,81.11,3.92,0.0,94.11,19.79
2019-10-16,21.81,27.26,17.37,81.22,3.95,0.0,94.07,19.95
2019-10-17,22.77,27.16,19.02,85.9,3.6,0.03,94.07,18.4
2019-10-18,22.57,26.12,20.43,87.77,3.4,1.94,94.03,8.09
2019-10-19,21.64,23.93,19.61,94.09,4.09,31.91,94.08,6.28
2019-10-20,21.85,24.78,19.99,92.83,3.74,18.34,94.12,7.06
2019-10-21,22.03,24.31,20.28,93.52,3.11,19.05,93.97,16.33
2019-10-22,22.43,25.24,20.68,94.77,2.39,17.93,93.78,13.32
2019-10-23,22.47,24.93,20.7,91.61,2.11,14.99,93.71,9.4
2019-10-24,22.24,24.38,20.6,94.72,2.49,8.63,93.61,8.53
2019-10-25,22.27,24.94,20.42,93.27,5.64,4.57,93.49,8.0
2019-10-26,22.6,26.09,20.18,91.21,4.92,1.45,93.66,7.94
2019-10-27,21.73,25.36,18.27,84.27,2.6,1.07,93.95,16.88
2019-10-28,22.43,27.69,17.11,87.28,2.37,2.61,94.05,18.93
2019-10-29,23.91,28.19,20.39,88.61,2.1,1.05,94.08,18.52
2019-10-30,23.72,27.76,21.1,88.86,3.28,2.7,94.08,18.72
2019-10-31,22.47,25.74,20.52,89.88,4.24,0.74,93.95,11.84
2019-11-01,22.21,24.41,20.66,94.12,4.15,9.99,93.84,11.51
2019-11-02,22.3,26.2,18.89,87.65,2.37,5.98,94.07,17.76
2019-11-03,22.78,27.79,19.44,87.49,1.89,8.22,94.26,18.03
2019-11-04,23.14,28.18,19.22,88.93,1.99,12.55,94.3,15.82
2019-11-05,23.14,28.39,18.86,84.3,1.99,2.59,94.12,17.47
2019-11-06,22.94,27.84,19.05,83.22,1.78,1.87,93.93,16.3
2019-11-07,22.21,26.95,18.6,90.48,2.36,0.84,93.89,16.82
2019-11-08,21.57,26.43,18.46,89.69,2.46,2.72,93.96,18.72
2019-11-09,21.85,27.37,18.13,81.81,1.1,0.63,94.02,20.07
2019-11-10,22.03,27.81,16.71,82.16,1.77,0.0,94.05,19.95
2019-11-11,22.07,28.01,16.92,80.31,2.32,0.0,94.03,17.99
2019-11-12,21.91,27.1,17.19,83.02,2.98,0.0,94.1,15.85
2019-11-13,21.05,26.17,16.99,84.36,3.64,0.0,94.22,16.5
2019-11-14,20.58,26.14,14.91,83.02,3.36,0.01,94.2,17.67
2019-11-15,22.08,26.59,18.13,83.81,2.36,0.0,94.16,15.53
2019-11-16,22.2,27.19,17.92,86.3,2.96,0.0,94.15,16.6
2019-11-17,21.72,26.54,18.5,85.24,3.47,0.0,94.26,16.58
2019-11-18,20.65,26.65,16.58,83.1,3.65,0.0,94.26,17.66
2019-11-19,19.87,25.99,15.75,80.03,3.46,0.0,94.18,16.97
2019-11-20,20.82,27.12,14.65,78.97,2.78,0.0,94.08,15.08
2019-11-21,21.5,26.85,16.81,84.07,3.23,0.0,94.18,14.63
2019-11-22,20.97,26.45,16.39,81.23,3.12,0.0,94.29,15.79
2019-11-23,20.23,25.98,15.35,79.5,3.35,0.0,94.27,17.27
2019-11-24,19.31,25.18,15.35,79.71,3.5,0.0,94.23,17.36
2019-11-25,19.77,26.68,13.98,79.03,3.28,0.0,94.15,17.51
2019-11-26,19.95,26.34,15.02,78.98,3.52,0.0,94.1,17.5
2019-11-27,19.93,26.24,15.14,77.27,3.7,0.0,94.13,16.79
2019-11-28,20.78,26.97,14.77,79.39,3.26,0.0,94.17,17.14
2019-11-29,21.53,27.45,16.73,80.01,2.81,0.0,94.18,15.59
2019-11-30,21.91,27.31,17.03,80.19,3.26,0.0,94.17,15.06
2019-12-01,22.15,27.03,18.77,84.12,3.19,0.0,94.18,15.12
2019-12-02,21.64,26.86,18.19,83.17,4.13,0.04,94.17,16.34
2019-12-03,21.3,26.1,17.54,86.56,3.95,0.03,94.19,13.82
2019-12-04,21.47,25.03,18.75,87.66,3.93,0.07,94.29,11.93
2019-12-05,21.46,25.31,18.7,87.31,3.61,0.02,94.42,10.13
2019-12-06,20.17,25.06,16.04,80.87,3.93,0.0,94.37,14.74
2019-12-07,19.94,25.68,15.05,80.68,3.94,0.0,94.28,15.04
2019-12-08,20.46,26.48,14.41,78.71,2.88,0.0,94.3,14.52
2019-12-09,21.49,27.03,16.34,81.63,2.76,0.0,94.28,15.67
2019-12-10,21.6,26.96,17.0,78.66,2.38,0.0,94.18,15.6
2019-12-11,21.72,27.61,16.48,74.19,1.44,0.0,94.05,16.2
2019-12-12,20.7,26.86,15.94,82.14,2.03,0.0,94.02,15.01
2019-12-13,19.74,26.52,15.49,78.71,1.74,0.0,94.17,16.17
2019-12-14,19.91,26.78,14.18,79.91,2.24,0.0,94.36,16.65
2019-12-15,20.74,26.92,15.46,78.46,1.97,0.0,94.24,15.38
2019-12-16,20.96,26.35,17.19,82.01,2.52,0.0,94.24,15.81
2019-12-17,20.22,26.33,16.05,81.46,4.08,0.0,94.32,16.4
2019-12-18,19.79,25.93,15.48,81.43,4.04,0.0,94.4,16.5
2019-12-19,19.87,26.19,14.53,77.6,3.32,0.0,94.29,16.07
2019-12-20,20.62,26.42,14.67,73.02,2.53,0.0,94.19,14.08
2019-12-21,19.89,26.06,15.92,75.69,3.06,0.0,94.14,13.09
2019-12-22,20.35,26.28,15.15,80.98,3.93,0.0,94.13,10.18
2019-12-23,21.78,27.14,17.16,78.12,2.66,0.0,94.1,13.51
2019-12-24,21.57,26.95,17.02,82.58,2.76,0.0,94.2,12.48
2019-12-25,21.81,25.68,19.1,85.54,1.93,0.11,94.22,10.77
2019-12-26,21.34,26.02,17.93,85.76,1.86,0.13,94.17,13.41
2019-12-27,20.61,26.74,16.16,82.08,2.62,0.0,94.07,15.25
2019-12-28,19.53,26.5,13.37,78.07,4.06,0.0,94.07,13.86
2019-12-29,19.94,25.86,14.8,82.77,3.28,0.0,94.13,12.62
2019-12-30,19.75,26.05,15.4,86.31,2.7,0.0,94.1,15.19
2019-12-31,17.9,24.44,13.2,80.97,1.89,0.0,94.15,17.74
2020-01-01,17.41,25.4,11.18,76.18,2.28,0.0,94.23,18.57
2020-01-02,18.07,25.74,12.76,77.99,2.09,0.0,94.38,17.48
2020-01-03,17.3,24.37,12.48,80.61,1.94,0.0,94.34,17.47
2020-01-04,16.71,24.06,9.85,75.26,2.12,0.0,94.17,15.94
2020-01-05,17.09,24.46,11.7,79.12,4.94,0.0,94.18,16.64
2020-01-06,18.91,26.26,12.72,76.77,4.78,0.0,94.31,16.29
2020-01-07,20.29,26.89,14.79,83.01,3.48,0.0,94.24,14.29
2020-01-08,19.62,24.8,14.96,88.48,2.59,0.0,94.18,15.3
2020-01-09,17.67,25.32,11.27,79.48,2.42,0.0,94.22,17.26
2020-01-10,18.46,25.57,12.89,79.38,4.65,0.0,94.21,15.3
2020-01-11,18.88,26.09,13.01,74.8,4.44,0.0,94.32,14.86
2020-01-12,19.33,25.83,12.54,65.31,2.76,0.0,94.27,15.74
2020-01-13,19.26,25.95,14.76,74.37,1.98,0.0,94.09,14.21
2020-01-14,18.93,25.53,13.84,82.97,1.93,0.0,94.06,17.32
2020-01-15,17.62,25.64,12.15,82.48,2.75,0.0,94.06,17.58
2020-01-16,15.51,22.3,9.88,77.7,2.63,0.0,94.15,19.27
2020-01-17,14.9,23.99,7.25,61.93,2.02,0.0,94.15,19.79
2020-01-18,17.57,27.03,9.71,67.89,3.01,0.0,94.13,19.16
2020-01-19,18.97,27.15,11.69,70.25,2.43,0.0,94.19,17.77
2020-01-20,19.89,28.22,12.8,72.66,2.72,0.0,94.23,17.32
2020-01-21,20.94,28.38,14.92,70.85,2.03,0.0,94.27,17.13
2020-01-22,21.01,28.58,14.5,68.41,2.81,0.0,94.37,17.99
2020-01-23,20.94,27.93,14.54,64.63,3.22,0.0,94.34,19.09
2020-01-24,20.86,28.17,14.16,65.1,3.21,0.0,94.34,19.25
2020-01-25,21.69,28.68,14.76,63.27,2.58,0.0,94.3,18.78
2020-01-26,21.55,29.47,14.9,65.53,2.45,0.0,94.18,18.58
2020-01-27,20.56,28.18,14.88,70.07,2.86,0.0,94.08,18.6
2020-01-28,17.96,24.53,13.46,84.12,3.27,0.0,94.13,17.17
2020-01-29,17.18,23.68,11.2,78.82,2.95,0.0,94.33,18.62
2020-01-30,16.41,26.0,8.62,63.08,2.45,0.0,94.28,21.53
2020-01-31,17.22,26.67,9.97,60.88,2.59,0.0,94.09,20.91
2020-02-01,17.76,27.47,9.01,60.44,2.58,0.0,94.1,20.27
2020-02-02,18.93,27.92,13.07,69.05,4.04,0.0,94.3,20.04
2020-02-03,19.61,27.81,12.91,77.08,2.23,0.0,94.29,18.34
2020-02-04,19.43,27.1,14.14,74.87,2.45,0.0,94.18,18.73
2020-02-05,19.16,28.27,11.81,60.61,2.98,0.0,94.18,18.0
2020-02-06,18.78,27.35,12.74,59.68,2.51,0.0,94.16,20.35
2020-02-07,17.53,25.22,11.4,54.63,2.3,0.0,94.24,21.63
2020-02-08,18.14,26.05,9.65,69.76,3.29,0.0,94.28,17.69
2020-02-09,20.03,27.15,13.84,70.94,4.89,0.0,94.32,17.62
2020-02-10,21.45,28.34,15.71,69.63,4.27,0.0,94.25,18.16
2020-02-11,22.02,28.35,16.64,70.75,4.01,0.0,94.33,16.45
2020-02-12,22.64,29.52,16.94,65.44,3.71,0.0,94.48,13.51
2020-02-13,22.14,29.34,15.59,59.54,3.48,0.0,94.43,15.37
2020-02-14,21.64,29.93,14.43,58.76,2.4,0.0,94.23,19.99
2020-02-15,21.61,30.62,14.08,55.31,2.52,0.0,94.17,20.6
2020-02-16,23.04,31.97,14.54,51.55,2.77,0.0,94.23,20.64
2020-02-17,23.26,32.03,14.99,49.43,3.35,0.0,94.31,20.49
2020-02-18,23.11,31.74,15.6,49.35,3.28,0.0,94.3,20.83
2020-02-19,23.55,31.97,17.04,54.3,1.77,0.0,94.18,21.05
2020-02-20,23.32,32.2,16.88,54.83,2.37,0.0,94.11,20.59
2020-02-21,23.02,31.78,15.88,55.94,2.38,0.0,94.3,19.12
2020-02-22,23.78,32.27,16.09,52.98,2.51,0.0,94.42,20.8
2020-02-23,24.18,32.89,16.68,49.28,2.37,0.0,94.29,22.0
2020-02-24,23.72,33.26,16.51,45.37,2.78,0.0,94.1,22.25
2020-02-25,22.54,31.81,14.6,41.49,3.28,0.0,94.05,22.32
2020-02-26,22.38,31.5,14.83,36.52,4.07,0.0,94.15,23.18
2020-02-27,22.72,32.43,14.38,35.66,3.39,0.0,94.14,22.36
2020-02-28,23.21,33.19,14.39,41.12,3.28,0.0,93.97,22.43
2020-02-29,23.59,32.58,16.06,46.64,2.95,0.0,93.93,20.88
2020-03-01,23.99,32.04,18.65,51.98,1.99,0.38,94.03,20.87
2020-03-02,23.39,32.41,16.95,52.44,2.93,0.0,94.1,22.62
2020-03-03,21.89,29.99,16.41,58.74,3.34,0.0,94.14,23.97
2020-03-04,20.76,29.51,14.17,68.07,3.13,0.0,94.08,24.26
2020-03-05,20.99,30.14,14.78,66.38,2.89,0.0,93.94,23.76
2020-03-06,20.6,28.11,15.77,72.19,3.95,0.0,93.98,23.0
2020-03-07,20.62,29.28,14.83,66.13,3.14,0.0,94.15,24.72
2020-03-08,21.9,32.09,13.76,58.82,3.28,0.0,94.12,24.31
2020-03-09,21.99,30.98,15.63,63.27,3.09,0.0,94.04,24.31
2020-03-10,21.84,30.7,14.72,70.72,3.75,0.0,94.0,22.18
2020-03-11,21.2,29.5,15.2,67.48,4.09,0.0,94.05,25.75
2020-03-12,20.33,29.57,13.7,69.88,3.15,0.0,94.16,23.85
2020-03-13,20.06,30.22,13.14,60.89,3.08,0.0,94.19,25.64
2020-03-14,21.56,33.46,10.92,34.15,2.96,0.0,94.06,26.51
2020-03-15,24.3,34.9,13.85,32.97,3.52,0.0,93.99,25.16
2020-03-16,26.51,36.17,17.65,38.3,3.65,0.11,94.06,23.25
2020-03-17,27.94,36.43,21.09,38.02,2.68,0.0,94.13,22.32
2020-03-18,27.39,35.79,21.21,37.9,3.32,0.0,94.17,22.68
2020-03-19,25.18,34.51,18.12,39.14,3.54,0.0,94.14,25.85
2020-03-20,23.76,32.88,16.79,49.33,3.87,0.0,94.14,26.23
2020-03-21,23.95,33.78,16.07,52.85,3.31,0.0,94.08,25.96
2020-03-22,25.47,35.25,16.63,47.75,2.85,0.0,94.08,25.42
2020-03-23,26.99,36.5,18.74,44.27,2.69,0.0,93.97,24.96
2020-03-24,28.17,37.58,19.95,43.41,2.98,0.43,93.82,23.01
2020-03-25,27.6,33.42,23.44,51.72,1.86,2.99,93.86,19.79
2020-03-26,26.43,33.18,21.79,61.71,2.68,2.38,93.94,22.24
2020-03-27,27.3,34.97,21.47,57.43,2.47,0.36,94.09,21.11
2020-03-28,27.47,35.22,20.48,48.66,2.63,1.09,94.05,20.64
2020-03-29,28.65,37.15,21.44,45.3,3.07,1.04,93.89,23.2
2020-03-30,28.7,37.18,21.89,44.03,2.33,0.2,93.96,23.34
2020-03-31,28.04,37.37,20.12,41.7,2.52,0.09,94.03,23.94
2020-04-01,28.38,37.81,20.59,37.46,2.91,0.0,94.0,24.42
2020-04-02,28.58,38.22,20.24,33.91,3.56,0.0,93.87,25.49
2020-04-03,29.16,38.48,20.86,35.17,3.26,0.0,93.89,25.26
2020-04-04,28.74,38.65,20.8,39.12,3.25,0.01,93.96,25.31
2020-04-05,28.66,38.75,20.92,41.94,3.02,0.09,94.03,24.97
2020-04-06,27.16,37.15,19.0,51.3,3.08,0.07,94.08,26.21
2020-04-07,26.64,36.57,19.29,47.3,3.51,0.0,94.0,25.23
2020-04-08,25.39,35.15,17.44,46.11,3.56,0.0,94.09,27.62
2020-04-09,26.27,36.53,16.8,51.15,2.98,0.0,94.03,27.1
2020-04-10,28.48,38.05,19.19,42.53,2.68,0.0,94.0,24.95
2020-04-11,30.33,38.68,23.07,39.56,2.47,0.01,94.14,23.28
2020-04-12,30.82,38.73,24.5,35.09,2.14,0.63,94.07,24.18
2020-04-13,30.82,39.67,23.44,34.38,2.09,0.1,93.95,24.16
2020-04-14,30.94,40.26,21.78,33.02,2.37,0.32,93.96,24.81
2020-04-15,31.72,40.02,24.25,32.77,2.14,0.11,94.02,24.53
2020-04-16,30.78,40.16,23.21,42.39,2.83,0.07,93.92,24.69
2020-04-17,30.41,39.64,22.2,44.29,2.72,0.02,93.87,25.13
2020-04-18,30.91,40.05,23.12,42.24,3.05,0.05,93.92,24.85
2020-04-19,31.26,40.38,22.96,41.05,2.6,1.49,93.89,24.2
2020-04-20,31.59,39.63,25.58,34.04,2.15,0.02,93.88,26.07
2020-04-21,29.95,39.01,22.88,30.36,3.85,0.0,93.93,25.87
2020-04-22,29.52,39.54,20.28,41.93,3.29,0.0,93.84,27.54
2020-04-23,29.37,38.67,21.83,48.29,3.89,0.0,93.86,26.96
2020-04-24,28.95,37.8,21.54,51.97,4.03,0.0,93.79,27.43
2020-04-25,27.91,36.49,21.87,52.99,4.49,0.0,93.86,27.86
2020-04-26,28.3,38.91,18.61,46.93,3.73,0.0,93.86,28.53
2020-04-27,28.82,38.27,20.41,56.05,3.63,0.0,93.98,27.6
2020-04-28,30.91,40.47,21.73,47.24,3.36,0.01,93.88,24.94
2020-04-29,30.86,39.76,22.77,47.66,2.65,0.22,93.84,23.16
2020-04-30,30.22,40.24,23.57,51.64,3.36,0.88,93.93,24.09
2020-05-01,29.78,39.3,22.71,56.01,3.94,1.27,93.93,24.2
2020-05-02,29.77,39.0,22.93,57.53,3.82,5.2,93.78,26.14
2020-05-03,30.06,39.51,22.54,52.27,4.39,0.04,93.79,27.02
2020-05-04,29.53,39.36,21.35,48.36,3.93,0.01,93.9,27.92
2020-05-05,29.72,39.64,20.7,55.07,4.48,0.02,93.82,28.18
2020-05-06,30.86,40.09,22.31,47.9,3.88,0.05,93.74,27.41
2020-05-07,31.05,41.15,22.17,40.52,3.97,0.0,93.75,28.0
2020-05-08,30.05,40.45,21.05,48.32,3.59,0.0,93.8,27.94
2020-05-09,30.7,41.01,21.24,47.22,3.16,0.0,93.8,27.83
2020-05-10,30.81,40.27,22.51,48.15,2.15,1.22,93.83,24.98
2020-05-11,30.59,40.31,23.48,46.66,2.96,5.17,93.84,25.22
2020-05-12,29.81,39.03,22.41,43.71,3.09,0.08,93.8,27.7
2020-05-13,30.2,39.23,22.73,50.64,3.43,0.77,93.7,26.11
2020-05-14,30.96,38.74,24.21,52.7,2.48,1.28,93.66,24.44
2020-05-15,28.72,33.55,24.32,60.61,2.46,4.1,93.68,16.11
2020-05-16,28.8,35.45,23.49,58.92,3.07,0.25,93.67,19.31
2020-05-17,29.02,36.19,23.9,58.85,4.54,0.99,93.6,23.39
2020-05-18,27.97,33.63,23.6,60.17,5.21,0.31,93.54,22.43
2020-05-19,28.36,36.54,23.09,61.28,5.24,0.01,93.49,23.8
2020-05-20,29.37,38.35,22.6,57.49,4.97,0.01,93.48,27.38
2020-05-21,29.92,39.09,23.19,56.54,5.04,0.0,93.59,25.04
2020-05-22,30.09,38.81,23.75,53.84,5.17,0.0,93.68,25.95
2020-05-23,30.64,40.89,21.93,48.53,4.58,0.0,93.67,27.58
2020-05-24,30.81,40.53,23.29,50.84,4.47,0.0,93.74,26.96
2020-05-25,30.98,40.4,23.62,53.23,4.37,0.0,93.77,26.94
2020-05-26,30.51,39.75,23.68,54.26,4.75,0.0,93.79,26.03
2020-05-27,29.58,38.49,23.15,55.68,5.27,0.0,93.75,26.82
2020-05-28,29.06,37.4,23.33,60.87,5.89,0.0,93.68,28.03
2020-05-29,28.95,36.67,23.63,62.49,5.45,0.0,93.67,26.96
2020-05-30,29.17,35.09,25.03,61.12,4.67,0.0,93.71,26.84
2020-05-31,27.32,30.96,24.69,64.51,2.94,1.17,93.78,22.17
2020-06-01,26.25,29.95,23.38,70.3,2.3,7.12,93.85,8.89
2020-06-02,25.16,29.27,22.54,77.74,2.88,16.91,93.62,10.21
2020-06-03,24.7,27.42,22.94,87.83,9.31,79.26,92.96,3.16
2020-06-04,24.33,26.18,22.43,88.69,6.64,26.22,93.46,9.03
2020-06-05,25.07,30.59,21.06,76.29,3.78,2.25,93.67,23.09
2020-06-06,24.98,29.44,21.68,80.88,4.29,8.45,93.65,18.81
2020-06-07,25.46,29.44,22.33,82.6,3.94,5.22,93.62,20.88
2020-06-08,24.93,30.02,21.03,73.38,3.67,8.66,93.67,18.48
2020-06-09,24.13,29.8,19.41,77.87,4.08,3.36,93.68,21.33
2020-06-10,24.58,30.18,20.22,80.73,4.36,5.71,93.57,19.93
2020-06-11,24.55,27.72,22.04,85.85,3.68,5.32,93.32,19.5
2020-06-12,25.45,30.23,22.35,82.89,4.03,5.37,93.14,16.37
2020-06-13,24.52,28.01,21.76,88.0,4.43,15.09,93.12,16.66
2020-06-14,25.34,30.31,23.13,86.77,5.09,10.06,93.25,15.48
2020-06-15,25.06,28.74,23.09,90.39,4.58,19.36,93.16,14.49
2020-06-16,24.81,28.26,22.26,87.44,3.85,11.15,93.21,12.46
2020-06-17,25.0,27.82,23.15,87.83,4.29,26.86,93.25,12.44
2020-06-18,24.8,27.49,22.85,88.98,5.71,28.39,93.42,9.2
2020-06-19,25.45,28.93,22.93,86.01,4.85,8.61,93.57,17.88
2020-06-20,25.04,28.51,23.13,86.42,4.65,1.93,93.64,19.02
2020-06-21,24.84,28.14,22.77,86.88,4.59,4.05,93.54,16.81
2020-06-22,25.06,28.74,22.75,83.74,5.07,2.17,93.4,18.84
2020-06-23,25.32,29.78,22.4,80.69,4.38,2.34,93.48,18.08
2020-06-24,25.55,30.39,21.76,80.97,3.56,1.88,93.53,22.5
2020-06-25,26.31,31.43,22.36,81.01,2.58,8.8,93.44,22.47
2020-06-26,24.34,26.42,22.64,88.63,3.36,6.56,93.41,18.02
2020-06-27,25.21,29.53,22.25,84.91,2.62,4.38,93.46,20.33
2020-06-28,25.1,28.74,22.77,86.25,2.53,10.29,93.49,16.69
2020-06-29,25.27,29.98,22.49,86.5,3.53,28.3,93.37,17.4
2020-06-30,24.09,26.76,22.64,91.76,3.65,27.34,93.29,17.73
2020-07-01,24.16,27.43,21.84,86.62,4.54,4.86,93.4,16.53
2020-07-02,24.92,29.08,21.87,86.08,5.15,8.03,93.33,16.09
2020-07-03,23.59,24.96,22.26,90.63,7.1,23.72,93.33,11.95
2020-07-04,24.19,27.06,22.44,91.69,6.84,50.41,93.15,9.72
2020-07-05,23.97,26.88,22.44,90.09,8.58,34.17,93.17,9.25
2020-07-06,24.92,27.56,23.29,88.97,9.51,24.24,93.06,13.53
2020-07-07,24.3,26.87,22.66,91.09,9.08,43.03,93.17,9.05
2020-07-08,24.38,27.85,22.05,88.1,6.32,18.7,93.44,10.35
2020-07-09,24.59,28.06,22.04,87.81,5.56,19.19,93.48,13.01
2020-07-10,24.31,27.28,22.46,90.02,5.44,17.3,93.5,15.37
2020-07-11,24.55,27.26,22.83,89.46,5.42,11.92,93.5,17.6
2020-07-12,24.18,26.93,22.14,88.73,5.17,13.83,93.51,12.67
2020-07-13,24.08,27.7,21.38,89.96,4.13,11.57,93.41,13.45
2020-07-14,24.66,27.56,22.47,89.77,5.06,19.44,93.4,12.18
2020-07-15,23.71,24.81,22.85,93.71,4.87,38.04,93.21,8.11
2020-07-16,22.8,24.78,21.35,92.12,6.16,21.53,93.08,10.18
2020-07-17,23.78,27.71,21.09,89.5,5.89,17.49,93.06,10.99
2020-07-18,24.56,28.35,21.69,89.4,5.24,7.57,93.33,14.6
2020-07-19,24.51,28.34,22.26,90.07,4.54,4.46,93.51,16.48
2020-07-20,23.96,26.65,21.96,89.45,3.25,2.27,93.41,17.43
2020-07-21,24.24,28.36,21.23,87.77,2.53,1.21,93.46,17.96
2020-07-22,24.67,27.89,22.17,89.42,2.19,4.56,93.57,18.0
2020-07-23,24.14,26.68,22.13,90.71,2.51,8.06,93.53,14.24
2020-07-24,23.78,27.26,21.62,89.43,3.16,27.69,93.6,10.91
2020-07-25,23.12,25.6,21.03,90.15,2.51,11.32,93.64,17.34
2020-07-26,23.87,27.82,21.1,88.47,3.28,17.34,93.69,18.05
2020-07-27,23.88,27.12,21.61,90.8,4.32,12.2,93.73,12.47
2020-07-28,23.81,26.4,21.68,91.92,3.54,16.54,93.61,12.09
2020-07-29,23.92,26.53,21.86,92.79,3.19,5.9,93.43,14.01
2020-07-30,24.12,27.74,21.41,88.17,2.82,6.55,93.44,17.04
2020-07-31,23.61,25.78,21.41,91.79,2.42,6.7,93.42,15.09
2020-08-01,24.21,27.04,22.04,92.35,2.85,3.93,93.36,16.87
2020-08-02,24.22,26.92,21.81,91.89,3.56,7.4,93.28,17.4
2020-08-03,24.24,26.55,22.68,93.07,4.99,30.78,93.06,13.46
2020-08-04,23.86,25.54,22.8,95.14,8.26,92.3,92.84,6.14
2020-08-05,23.85,25.62,22.53,95.28,9.46,74.93,92.63,5.77
2020-08-06,22.98,24.42,21.24,94.77,8.35,52.36,92.78,7.47
2020-08-07,24.39,26.83,22.87,91.96,8.14,23.93,93.22,10.27
2020-08-08,24.04,26.74,22.31,91.35,7.42,12.04,93.48,13.47
2020-08-09,23.85,26.47,22.27,92.12,6.41,8.23,93.4,13.94
2020-08-10,23.64,25.37,22.6,94.1,5.87,33.99,93.37,10.1
2020-08-11,23.62,26.12,22.2,92.62,6.76,15.93,93.54,9.92
2020-08-12,23.32,25.55,22.31,93.6,7.6,28.97,93.65,6.71
2020-08-13,23.19,24.28,22.46,95.73,7.51,47.0,93.46,5.81
2020-08-14,23.49,25.1,22.52,94.5,8.29,49.34,93.27,6.64
2020-08-15,23.49,25.03,22.63,94.7,8.0,42.83,93.33,6.69
2020-08-16,23.31,24.53,22.69,95.52,7.6,30.39,93.41,7.65
2020-08-17,23.06,24.31,21.92,95.75,6.64,36.92,93.37,6.89
2020-08-18,23.46,26.02,21.95,93.24,6.46,22.18,93.47,10.54
2020-08-19,23.66,26.53,22.13,92.59,5.84,14.87,93.41,12.95
2020-08-20,23.2,24.33,22.25,95.92,5.92,33.49,93.31,8.03
2020-08-21,23.28,24.67,22.24,95.25,7.0,30.88,93.45,6.86
2020-08-22,23.95,26.51,22.42,93.26,7.17,13.86,93.53,12.5
2020-08-23,23.88,26.46,22.3,92.44,6.86,8.79,93.54,13.09
2020-08-24,23.62,26.29,21.81,92.04,6.28,6.7,93.62,12.59
2020-08-25,23.49,26.8,21.4,91.73,4.7,4.22,93.82,15.48
2020-08-26,23.4,27.19,20.77,91.14,3.67,2.49,93.85,13.45
2020-08-27,22.97,26.62,21.03,92.34,4.44,3.81,93.73,15.21
2020-08-28,23.22,26.41,21.09,92.63,4.44,29.57,93.58,9.14
2020-08-29,22.91,25.03,21.65,94.58,4.52,31.88,93.55,5.01
2020-08-30,23.07,24.95,21.94,94.43,5.23,21.22,93.6,9.43
2020-08-31,23.53,26.56,21.63,92.54,4.91,13.04,93.72,13.91
2020-09-01,23.64,27.23,20.82,91.65,3.23,3.73,93.8,16.12
2020-09-02,23.73,26.75,21.12,91.1,2.55,0.66,93.73,18.8
2020-09-03,24.28,27.59,21.59,90.16,1.63,4.61,93.67,17.01
2020-09-04,25.21,28.91,21.42,86.98,2.01,3.25,93.64,18.71
2020-09-05,25.79,29.62,21.89,86.2,1.92,9.45,93.58,21.43
2020-09-06,25.84,29.84,21.99,86.29,1.7,19.17,93.53,19.99
2020-09-07,25.54,29.16,22.99,88.44,1.82,15.52,93.6,18.39
2020-09-08,24.67,27.89,22.79,92.17,2.38,5.31,93.64,16.73
2020-09-09,24.1,27.83,21.67,89.68,2.23,15.54,93.57,18.65
2020-09-10,23.64,25.63,22.53,93.92,1.53,26.21,93.36,18.22
2020-09-11,23.9,26.4,22.15,92.19,2.06,13.89,93.32,16.63
2020-09-12,24.16,27.47,21.86,90.82,2.92,15.16,93.52,11.73
2020-09-13,23.54,26.88,21.81,92.95,4.34,4.18,93.63,12.49
2020-09-14,22.52,24.8,21.14,93.37,3.66,3.76,93.61,14.29
2020-09-15,22.47,24.35,20.96,93.78,2.52,4.23,93.58,12.36
2020-09-16,22.89,25.54,21.16,93.38,2.87,5.23,93.62,11.67
2020-09-17,23.28,26.2,21.37,93.25,3.52,7.01,93.68,10.41
2020-09-18,22.7,24.38,21.46,95.11,3.51,3.23,93.58,10.01
2020-09-19,23.27,25.88,20.98,94.2,2.54,13.64,93.29,9.58
2020-09-20,23.65,25.79,21.94,93.0,1.63,14.94,93.16,14.43
2020-09-21,23.88,26.79,22.3,94.37,3.45,12.62,93.03,10.56
2020-09-22,23.46,24.9,22.33,96.61,4.02,42.42,93.15,11.02
2020-09-23,23.38,25.19,22.27,95.49,4.56,35.13,93.32,8.42
2020-09-24,24.36,28.16,21.7,92.23,2.92,4.94,93.62,11.97
2020-09-25,23.21,25.39,21.74,94.49,3.43,13.34,93.69,10.82
2020-09-26,22.48,25.33,20.45,92.65,3.05,2.46,93.69,15.77
2020-09-27,22.78,26.67,19.67,89.82,2.53,2.08,93.83,20.13
2020-09-28,23.03,27.35,19.98,89.4,2.34,0.27,93.86,17.68
2020-09-29,22.85,26.64,20.26,90.18,2.62,0.29,93.78,20.38
2020-09-30,23.09,27.45,19.67,89.81,2.67,0.36,93.7,20.93
2020-10-01,23.33,27.32,20.3,89.13,2.12,0.35,93.74,18.95
2020-10-02,23.79,27.9,20.89,88.66,1.94,2.26,93.77,16.88
2020-10-03,24.59,28.9,21.26,87.69,1.74,5.87,93.77,14.84
2020-10-04,23.97,27.0,21.89,91.49,2.7,4.37,93.8,8.88
2020-10-05,23.84,27.81,21.29,88.84,2.34,0.52,93.8,15.69
2020-10-06,22.86,27.0,20.17,88.85,1.89,0.13,93.8,20.42
2020-10-07,24.02,28.82,20.61,82.59,2.06,0.09,93.87,19.25
2020-10-08,24.45,28.87,21.31,76.5,1.71,0.23,93.82,14.94
2020-10-09,24.26,28.15,20.21,82.04,1.51,0.07,93.78,17.28
2020-10-10,24.41,27.44,22.03,86.79,1.35,15.35,93.72,14.07
2020-10-11,23.58,27.15,21.48,88.33,1.76,12.85,93.6,7.59
2020-10-12,23.38,26.76,20.52,90.08,1.97,5.32,93.42,12.38
2020-10-13,24.59,28.23,22.08,87.26,1.1,19.0,93.36,14.63
2020-10-14,23.87,26.89,22.19,92.68,2.94,28.83,93.37,8.34
2020-10-15,23.91,26.03,22.43,94.88,4.32,41.91,93.06,9.82
2020-10-16,24.04,27.66,21.31,91.24,4.42,1.27,93.2,10.85
2020-10-17,23.4,27.56,19.78,89.35,2.53,2.15,93.54,15.37
2020-10-18,23.52,27.98,20.24,90.25,1.88,5.16,93.69,17.25
2020-10-19,23.54,27.18,21.45,91.73,2.29,13.99,93.71,12.66
2020-10-20,24.55,28.73,21.31,89.38,1.41,15.14,93.68,15.1
2020-10-21,25.24,28.7,23.02,88.48,1.27,4.94,93.72,15.58
2020-10-22,24.28,26.77,22.55,93.18,1.32,13.4,93.59,15.06
2020-10-23,23.42,26.08,21.47,91.17,2.33,6.31,93.65,16.89
2020-10-24,23.42,27.59,20.86,89.17,1.7,7.74,93.8,14.84
2020-10-25,23.75,27.71,20.36,82.65,1.39,6.64,93.97,16.63
2020-10-26,22.97,27.44,19.04,88.44,2.45,1.29,94.06,13.19
2020-10-27,23.13,27.44,18.97,83.07,2.37,0.01,94.03,18.89
2020-10-28,22.71,27.74,18.1,76.03,1.86,0.0,94.09,18.77
2020-10-29,21.98,28.13,16.37,74.79,2.11,0.0,94.11,20.04
2020-10-30,22.1,28.29,16.16,72.51,2.02,0.0,94.08,20.08
2020-10-31,21.89,27.88,16.3,77.22,2.24,0.0,94.06,19.11
2020-11-01,22.61,27.76,18.48,81.48,1.87,0.0,94.14,16.78
2020-11-02,22.14,25.51,19.47,83.89,2.11,0.0,94.25,17.38
2020-11-03,21.81,27.41,17.18,79.44,3.22,0.0,94.23,18.87
2020-11-04,21.79,27.96,16.74,75.07,2.5,0.0,94.18,18.29
2020-11-05,20.65,26.74,15.55,75.69,2.82,0.0,94.21,18.98
2020-11-06,19.3,26.05,14.49,73.46,3.57,0.0,94.35,20.08
2020-11-07,20.14,27.05,13.67,80.57,3.98,0.0,94.38,17.65
2020-11-08,21.14,27.21,16.12,82.86,3.77,0.0,94.4,17.74
2020-11-09,19.4,26.58,14.09,75.8,3.4,0.0,94.29,18.89
2020-11-10,17.69,25.02,12.57,72.99,4.13,0.0,94.11,20.17
2020-11-11,17.23,24.91,11.76,73.89,4.29,0.0,94.18,19.26
2020-11-12,18.6,25.75,12.09,78.32,3.61,0.0,94.24,19.99
2020-11-13,22.15,27.36,17.73,86.6,3.31,0.0,94.2,18.65
2020-11-14,23.22,28.12,19.13,84.55,2.77,0.0,94.06,18.58
2020-11-15,22.52,28.33,17.35,80.48,2.67,0.0,94.1,17.1
2020-11-16,22.48,28.07,17.18,84.19,3.27,0.0,94.12,18.68
2020-11-17,22.62,27.11,19.05,84.24,3.11,0.0,94.04,16.31
2020-11-18,22.7,27.69,18.2,85.66,2.28,0.05,93.98,16.08
2020-11-19,23.53,27.88,20.11,83.99,2.03,0.04,94.0,16.79
2020-11-20,23.71,28.15,19.41,82.69,1.73,0.87,94.08,16.13
2020-11-21,23.44,28.15,19.54,82.04,1.99,0.29,94.14,17.14
2020-11-22,21.97,26.29,18.67,86.02,2.63,0.01,94.21,16.65
2020-11-23,22.23,27.59,18.4,84.32,1.97,0.0,94.23,16.12
2020-11-24,21.51,27.13,17.09,80.46,2.3,0.0,94.15,14.37
2020-11-25,19.9,26.35,15.44,75.83,3.79,0.0,94.09,17.69
2020-11-26,19.98,26.71,14.59,79.74,3.59,0.0,94.13,17.41
2020-11-27,20.02,25.36,16.35,83.31,5.2,0.0,94.27,16.53
2020-11-28,20.52,25.86,16.25,84.68,5.19,0.0,94.27,11.88
2020-11-29,22.04,26.95,17.95,85.47,3.44,0.0,94.27,16.45
2020-11-30,22.8,27.56,18.76,86.17,1.98,0.0,94.29,15.42
2020-12-01,22.55,27.56,18.85,85.42,2.5,0.0,94.31,15.85
2020-12-02,20.71,26.69,16.55,80.34,3.22,0.0,94.22,17.2
2020-12-03,19.25,26.35,13.79,75.77,3.47,0.0,94.16,17.6
2020-12-04,19.41,26.88,13.42,72.41,3.39,0.0,94.06,17.07
2020-12-05,19.01,26.16,13.06,70.76,3.41,0.0,94.1,17.23
2020-12-06,18.5,26.27,13.11,72.56,3.9,0.0,94.23,18.34
2020-12-07,18.4,26.68,12.36,71.42,3.75,0.0,94.36,18.48
2020-12-08,19.16,26.89,12.99,69.31,3.74,0.0,94.36,18.12
2020-12-09,20.53,26.81,14.16,75.23,2.69,0.01,94.22,14.64
2020-12-10,21.85,27.43,16.59,76.34,2.07,0.2,94.14,15.66
2020-12-11,21.32,24.77,18.58,84.83,1.39,0.64,94.15,9.94
2020-12-12,21.72,26.54,17.11,80.64,2.08,0.05,94.1,12.22
2020-12-13,21.1,25.57,16.97,79.2,1.98,1.08,94.0,7.59
2020-12-14,21.42,26.28,17.51,81.36,1.92,4.56,94.01,8.56
2020-12-15,20.86,26.42,15.93,80.68,2.37,0.16,94.17,14.92
2020-12-16,21.01,26.79,16.14,78.72,2.39,0.0,94.29,16.59
2020-12-17,20.33,26.4,15.74,80.44,2.79,0.0,94.31,15.23
2020-12-18,19.37,25.86,14.78,79.54,3.47,0.0,94.29,16.44
2020-12-19,18.53,24.88,14.51,79.17,4.24,0.0,94.37,15.68
2020-12-20,17.71,25.14,13.33,72.37,4.62,0.0,94.42,17.15
2020-12-21,16.3,24.39,11.37,63.27,4.16,0.0,94.27,17.59
2020-12-22,16.12,24.46,9.56,63.1,3.35,0.0,94.15,15.83
2020-12-23,17.36,25.23,10.16,61.56,2.65,0.0,94.05,17.91
2020-12-24,17.82,25.87,10.39,66.48,3.03,0.0,93.98,17.54
2020-12-25,18.67,26.12,13.26,73.71,3.68,0.0,94.07,16.36
2020-12-26,19.61,26.65,13.24,70.6,3.24,0.0,94.17,15.72
2020-12-27,19.72,27.51,13.79,74.86,2.41,0.0,94.14,15.8
2020-12-28,19.38,26.67,12.95,74.01,1.93,0.0,94.06,17.01
2020-12-29,19.21,26.83,12.52,72.32,2.36,0.0,94.03,16.89
2020-12-30,19.3,26.76,12.82,72.16,2.55,0.0,94.05,16.37
2020-12-31,19.62,26.68,14.45,77.59,4.15,0.0,94.09,15.02
2021-01-01,21.19,26.8,15.76,78.45,2.87,0.01,94.13,13.75
2021-01-02,21.3,26.02,17.59,82.12,2.18,0.0,94.13,13.31
2021-01-03,20.89,26.13,16.65,77.4,2.09,0.0,94.0,14.32
2021-01-04,20.77,26.09,17.16,82.8,2.39,1.07,93.98,10.78
2021-01-05,20.71,25.07,16.53,81.44,1.97,0.13,94.08,11.21
2021-01-06,21.79,26.57,17.48,80.92,1.87,0.04,94.04,15.35
2021-01-07,21.1,24.34,19.22,90.06,2.55,1.84,93.87,11.42
2021-01-08,21.87,26.55,18.36,88.65,2.41,9.98,93.79,9.28
2021-01-09,22.72,27.2,18.74,83.79,1.89,3.4,93.86,11.97
2021-01-10,23.13,27.78,19.0,78.06,2.05,0.15,94.0,14.75
2021-01-11,22.65,28.88,17.28,72.05,2.77,0.0,94.09,18.06
2021-01-12,22.55,29.48,16.57,69.67,3.23,0.0,94.17,16.53
2021-01-13,22.46,28.2,17.05,69.94,2.81,0.0,94.13,16.94
2021-01-14,22.09,28.39,16.16,67.29,2.08,0.0,94.02,16.91
2021-01-15,21.07,28.93,14.6,70.39,2.76,0.0,93.96,17.77
2021-01-16,22.1,28.9,15.92,67.05,1.78,0.0,93.84,17.3
2021-01-17,23.08,29.66,17.54,72.42,1.72,0.0,93.92,16.59
2021-01-18,23.17,29.34,18.75,76.75,1.85,0.0,94.05,16.05
2021-01-19,22.18,29.35,16.73,73.0,1.94,0.0,94.06,16.08
2021-01-20,21.62,28.95,16.82,66.92,1.88,0.0,94.15,17.68
2021-01-21,20.0,28.07,13.81,60.8,2.22,0.0,94.12,19.29
2021-01-22,20.9,28.9,13.16,57.11,2.33,0.0,94.07,17.66
2021-01-23,20.94,29.23,15.0,62.16,1.99,0.0,94.06,17.94
2021-01-24,20.72,29.05,15.6,61.77,2.17,0.0,94.13,18.9
2021-01-25,19.62,29.28,12.24,59.07,2.45,0.0,94.18,19.19
2021-01-26,19.94,28.56,14.74,55.26,1.98,0.0,94.13,19.57
2021-01-27,19.56,28.21,13.19,55.19,2.18,0.0,94.11,19.63
2021-01-28,19.74,28.33,14.36,58.04,2.2,0.0,94.16,19.4
2021-01-29,19.52,28.3,12.45,57.96,2.47,0.0,94.22,18.37
2021-01-30,20.28,28.22,13.35,60.32,2.42,0.0,94.18,17.87
2021-01-31,20.26,28.45,13.19,62.03,2.73,0.0,94.22,17.88
2021-02-01,20.04,28.23,13.77,57.53,4.0,0.0,94.38,16.63
2021-02-02,19.89,28.36,13.01,47.43,3.87,0.0,94.41,19.49
2021-02-03,19.76,28.32,11.16,44.19,3.11,0.0,94.29,19.58
2021-02-04,19.88,28.52,11.55,50.39,2.49,0.0,94.25,20.12
2021-02-05,19.49,28.15,12.93,59.21,2.62,0.0,94.18,19.88
2021-02-06,19.0,28.29,11.29,52.36,3.56,0.0,94.15,20.44
2021-02-07,19.49,28.1,12.32,50.59,3.89,0.0,94.27,19.99
2021-02-08,19.28,28.6,11.42,45.12,3.9,0.0,94.31,21.44
2021-02-09,20.0,29.3,10.59,40.62,3.15,0.0,94.23,21.85
2021-02-10,20.71,29.95,11.62,41.32,2.48,0.0,94.09,21.33
2021-02-11,21.35,30.42,12.37,42.1,2.14,0.0,93.99,20.53
2021-02-12,21.62,30.64,14.25,48.51,2.06,0.0,94.03,19.74
2021-02-13,21.34,30.43,14.84,52.11,2.18,0.0,94.12,19.99
2021-02-14,21.66,30.24,15.48,55.07,1.93,0.0,94.14,18.96
2021-02-15,21.16,29.77,15.56,57.84,2.28,0.0,94.06,19.57
2021-02-16,20.99,29.65,14.68,63.86,2.4,0.0,94.02,19.79
2021-02-17,21.68,29.69,15.1,64.87,2.08,0.02,93.98,19.24
2021-02-18,22.15,29.3,16.75,65.04,2.07,3.38,94.09,17.72
2021-02-19,20.62,26.97,16.49,69.49,4.04,5.37,94.31,15.61
2021-02-20,20.81,28.33,14.28,59.84,4.39,0.0,94.27,19.7
2021-02-21,22.51,29.49,16.57,58.6,4.31,0.0,94.28,18.71
2021-02-22,23.82,30.24,16.9,58.67,2.46,0.0,94.31,19.17
2021-02-23,24.3,31.9,17.42,55.11,1.86,0.0,94.17,20.01
2021-02-24,23.66,32.45,15.82,49.37,2.39,0.0,94.07,20.97
2021-02-25,23.43,32.55,15.98,51.85,2.61,0.0,94.09,19.99
2021-02-26,23.88,32.61,17.26,50.9,3.04,0.0,94.0,20.37
2021-02-27,24.21,33.54,17.11,43.63,3.08,0.0,93.92,22.58
2021-02-28,24.83,34.22,16.35,42.43,2.74,0.0,93.93,22.84
2021-03-01,25.69,35.18,17.15,44.11,2.57,0.0,94.13,21.61
2021-03-02,25.05,34.64,17.14,39.36,2.97,0.0,94.22,23.02
2021-03-03,25.24,34.84,16.02,31.41,3.13,0.0,94.1,24.0
2021-03-04,24.8,35.14,15.48,33.7,2.84,0.0,94.08,23.57
2021-03-05,24.81,34.87,15.71,34.3,2.75,0.0,94.16,23.6
2021-03-06,25.34,34.63,18.96,42.41,1.79,0.0,94.18,23.46
2021-03-07,25.31,34.67,18.77,39.76,2.95,0.0,94.09,23.31
2021-03-08,25.02,34.97,17.02,38.95,2.73,0.0,94.09,23.95
2021-03-09,25.54,35.4,17.18,39.67,2.59,0.0,94.09,22.57
2021-03-10,26.13,35.11,20.19,40.03,2.2,0.0,94.12,22.15
2021-03-11,25.66,35.19,18.39,41.87,3.07,0.0,94.08,22.67
2021-03-12,25.79,35.06,18.24,41.04,2.52,0.0,94.18,23.17
2021-03-13,26.64,35.36,18.78,36.98,2.89,0.0,94.16,23.51
2021-03-14,26.84,35.76,19.1,38.02,2.39,0.0,94.01,23.78
2021-03-15,26.55,35.95,19.17,36.61,2.66,0.0,93.95,23.16
2021-03-16,26.75,35.7,19.83,36.29,2.77,0.0,93.98,22.98
2021-03-17,26.96,35.9,19.38,36.03,2.69,0.0,93.88,19.69
2021-03-18,26.92,34.56,21.06,38.49,2.58,0.0,93.9,19.53
2021-03-19,26.14,35.11,19.81,38.23,3.27,0.0,93.93,21.14
2021-03-20,25.97,35.3,19.02,39.68,2.98,0.02,93.8,22.73
2021-03-21,26.63,35.28,20.83,40.25,2.54,0.07,93.78,22.32
2021-03-22,26.16,33.16,21.06,47.35,1.85,2.57,93.98,20.32
2021-03-23,27.64,35.85,20.48,44.12,2.84,0.09,93.99,18.14
2021-03-24,28.63,36.02,23.0,39.24,2.45,0.02,94.04,21.97
2021-03-25,28.18,36.8,20.6,34.24,3.05,1.25,93.96,22.51
2021-03-26,28.03,37.56,19.54,29.86,2.71,0.0,93.91,23.76
2021-03-27,28.3,38.34,19.13,27.69,3.07,0.0,93.84,24.2
2021-03-28,28.43,38.12,19.67,28.94,2.33,0.0,93.81,24.62
2021-03-29,28.73,39.05,20.39,31.78,2.64,0.0,93.79,25.19
2021-03-30,27.14,36.87,19.51,38.76,3.59,0.0,93.77,25.56
2021-03-31,26.81,37.47,17.87,35.76,3.33,0.0,93.68,27.87
2021-04-01,26.5,36.61,18.64,51.54,3.33,0.0,93.64,26.84
2021-04-02,26.15,36.7,17.89,56.2,3.16,0.0,93.68,27.07
2021-04-03,26.61,37.3,18.54,57.69,2.84,0.0,93.74,26.65
2021-04-04,27.39,37.32,19.56,56.21,3.45,0.0,93.93,26.14
2021-04-05,28.78,38.95,20.43,44.24,3.31,0.0,93.92,25.78
2021-04-06,29.77,39.97,21.0,36.01,2.93,0.0,93.88,26.09
2021-04-07,29.77,39.47,21.58,29.61,3.5,0.0,93.94,24.68
2021-04-08,28.83,38.13,20.97,37.78,2.93,0.0,93.83,15.76
2021-04-09,28.85,35.89,22.44,40.38,1.71,0.11,93.79,23.36
2021-04-10,29.39,36.71,23.36,34.69,1.73,0.09,93.87,19.84
2021-04-11,29.34,36.73,22.68,40.46,2.37,0.83,94.03,20.79
2021-04-12,29.66,36.12,22.88,41.91,1.34,1.28,94.1,21.59
2021-04-13,29.31,34.24,25.33,46.03,0.67,5.59,94.08,20.4
2021-04-14,28.68,35.52,22.91,46.47,2.49,1.88,93.99,21.54
2021-04-15,28.43,36.15,22.81,42.72,2.38,0.5,93.95,24.17
2021-04-16,27.95,36.97,20.13,43.43,3.22,0.5,93.91,25.76
2021-04-17,28.52,37.9,19.58,40.94,3.8,0.0,93.96,25.8
2021-04-18,29.71,38.96,20.97,35.87,3.06,0.0,94.01,25.52
2021-04-19,28.68,37.64,21.35,44.36,3.48,0.0,93.89,26.56
2021-04-20,27.4,36.56,19.96,53.55,3.81,0.0,93.82,26.97
2021-04-21,27.33,35.99,20.91,53.38,3.77,0.0,93.97,25.71
2021-04-22,27.99,37.32,19.29,47.25,2.81,0.0,93.96,24.94
2021-04-23,28.02,37.77,19.95,49.31,3.43,0.0,93.91,23.22
2021-04-24,28.43,37.94,20.17,41.73,2.75,0.0,93.9,26.61
2021-04-25,30.33,39.85,21.07,37.71,2.83,0.0,93.81,24.61
2021-04-26,29.39,37.68,22.82,51.84,2.82,0.17,93.81,23.67
2021-04-27,29.93,38.84,22.61,46.56,2.4,1.87,93.86,23.25
2021-04-28,29.47,37.46,23.03,41.29,2.75,0.41,93.96,25.64
2021-04-29,29.27,38.48,21.43,48.67,2.94,0.17,93.89,23.66
2021-04-30,30.04,37.85,23.51,43.45,2.78,0.57,93.8,24.33
2021-05-01,30.32,37.94,24.28,40.37,2.51,0.11,93.75,17.36
2021-05-02,29.1,36.93,22.85,52.31,2.39,8.41,93.82,18.82
2021-05-03,28.74,35.35,23.08,59.91,1.8,4.82,93.76,22.9
2021-05-04,28.66,35.55,23.12,57.71,1.5,6.01,93.72,23.85
2021-05-05,29.16,36.76,23.01,52.42,2.21,0.55,93.73,24.18
2021-05-06,29.0,35.88,23.47,56.71,1.64,4.15,93.77,21.52
2021-05-07,28.9,35.29,22.8,60.71,1.31,1.91,93.88,21.58
2021-05-08,29.64,37.61,23.47,53.98,2.08,0.93,93.76,22.55
2021-05-09,29.49,37.15,23.74,54.35,2.85,0.56,93.69,22.65
2021-05-10,29.55,38.07,22.47,55.74,3.41,0.0,93.67,24.18
2021-05-11,29.0,36.85,21.88,53.69,3.87,0.0,93.7,26.05
2021-05-12,28.84,37.87,21.09,53.72,4.28,0.0,93.58,25.69
2021-05-13,28.6,35.87,23.19,50.28,3.89,0.01,93.51,22.9
2021-05-14,30.02,37.2,23.21,46.89,1.14,2.77,93.32,22.35
2021-05-15,29.1,33.53,25.22,60.63,4.82,6.15,93.11,17.12
2021-05-16,26.7,32.04,23.69,73.86,10.68,16.4,92.94,9.77
2021-05-17,24.68,27.31,23.07,86.71,11.97,129.13,93.01,3.74
2021-05-18,25.51,29.3,23.07,85.17,8.42,33.84,93.37,14.43
2021-05-19,25.29,28.1,22.74,86.89,5.28,13.78,93.49,14.14
2021-05-20,25.59,30.95,21.41,79.54,2.81,0.39,93.62,24.93
2021-05-21,26.25,31.83,21.94,76.72,2.91,0.9,93.69,22.46
2021-05-22,26.04,30.86,22.73,78.62,2.84,1.88,93.67,21.77
2021-05-23,25.81,31.23,21.89,77.83,3.58,0.98,93.74,21.7
2021-05-24,26.45,32.67,22.19,75.11,4.01,0.72,93.81,24.55
2021-05-25,26.66,32.59,22.71,77.21,4.88,0.12,93.66,22.76
2021-05-26,26.03,31.22,22.61,78.5,5.57,0.05,93.61,24.66
2021-05-27,26.15,31.64,21.95,76.3,5.74,0.05,93.6,21.62
2021-05-28,26.98,32.39,23.22,76.18,5.08,0.07,93.64,20.77
2021-05-29,26.88,31.82,23.45,78.7,3.35,11.49,93.72,19.74
2021-05-30,26.25,30.64,22.99,81.28,1.98,7.43,93.72,20.09
2021-05-31,25.78,29.25,23.4,83.65,2.7,11.8,93.53,18.34
2021-06-01,26.16,30.75,22.57,83.09,3.04,14.68,93.54,18.78
2021-06-02,26.21,30.33,23.23,82.56,1.7,15.72,93.62,19.53
2021-06-03,26.53,31.8,23.03,78.01,1.7,3.52,93.7,22.45
2021-06-04,26.09,30.1,22.98,80.0,1.44,2.32,93.76,17.14
2021-06-05,24.58,26.88,22.28,84.92,1.91,18.19,93.72,13.43
2021-06-06,25.19,29.92,21.67,80.35,3.07,8.48,93.72,19.55
2021-06-07,25.11,29.66,21.89,81.39,4.3,3.48,93.77,17.5
2021-06-08,25.17,29.7,21.4,84.23,4.49,17.34,93.68,14.81
2021-06-09,25.3,28.63,23.49,86.12,6.54,28.8,93.53,6.27
2021-06-10,24.34,26.25,22.67,90.54,6.89,28.5,93.46,14.45
2021-06-11,25.32,28.85,22.89,86.13,6.23,17.24,93.45,12.08
2021-06-12,25.46,27.62,24.14,91.31,6.04,23.48,93.39,12.01
2021-06-13,25.25,27.72,23.79,89.94,6.27,13.55,93.4,16.35
2021-06-14,25.42,29.0,22.99,85.51,5.6,4.07,93.29,18.4
2021-06-15,25.11,27.47,23.91,88.32,6.93,19.56,93.19,12.99
2021-06-16,24.74,26.39,23.64,92.35,6.69,41.31,93.26,11.44
2021-06-17,24.87,27.56,23.33,89.71,7.69,48.01,93.38,9.91
2021-06-18,24.92,27.65,23.37,89.59,8.39,51.5,93.45,12.73
2021-06-19,24.25,25.83,23.19,91.23,7.22,40.03,93.61,14.2
2021-06-20,24.45,27.48,22.69,88.66,6.07,13.86,93.71,17.97
2021-06-21,24.19,27.58,22.02,89.1,4.85,4.93,93.74,15.52
2021-06-22,24.23,27.56,21.76,88.1,4.85,5.14,93.71,18.41
2021-06-23,24.08,27.67,21.67,88.59,4.66,6.1,93.68,16.25
2021-06-24,23.99,27.12,21.93,88.09,4.77,7.22,93.72,10.46
2021-06-25,23.59,26.17,21.9,89.37,5.1,14.09,93.64,10.15
2021-06-26,24.1,27.63,21.63,87.88,4.93,5.47,93.59,19.09
2021-06-27,23.25,25.5,21.46,90.23,3.64,5.82,93.75,10.09
2021-06-28,23.63,26.37,21.17,91.03,3.32,17.92,93.64,15.52
2021-06-29,24.9,28.45,22.39,88.19,4.12,3.35,93.6,18.1
2021-06-30,24.26,27.3,22.32,90.04,3.64,2.96,93.63,15.71
2021-07-01,23.95,26.45,22.11,90.83,4.35,2.13,93.5,16.74
2021-07-02,24.53,28.25,21.68,87.47,5.0,0.5,93.53,19.52
2021-07-03,24.47,28.06,21.96,87.86,4.05,2.46,93.63,20.92
2021-07-04,24.51,28.59,21.29,86.51,3.38,1.24,93.68,22.15
2021-07-05,24.3,27.84,21.64,87.5,2.9,4.86,93.66,21.1
2021-07-06,24.55,28.85,21.45,86.6,2.38,2.6,93.53,19.04
2021-07-07,24.61,27.95,22.16,87.43,3.13,3.64,93.53,17.76
2021-07-08,24.14,26.54,22.44,90.81,3.43,15.74,93.54,13.61
2021-07-09,23.89,26.81,21.83,88.69,2.7,10.22,93.37,12.08
2021-07-10,24.14,28.29,21.05,83.22,2.62,9.34,93.23,12.75
2021-07-11,23.89,26.58,21.59,92.12,5.24,13.35,93.15,12.04
2021-07-12,23.53,25.03,22.55,93.43,6.64,48.58,93.05,9.51
2021-07-13,23.89,26.49,22.01,91.11,5.83,25.79,93.2,9.01
2021-07-14,23.49,25.18,21.86,92.65,6.22,17.09,93.25,9.01
2021-07-15,24.08,25.94,23.08,94.4,6.18,31.23,93.11,12.81
2021-07-16,24.42,27.22,22.17,90.34,5.13,14.18,93.41,10.94
2021-07-17,24.19,26.82,22.41,92.48,5.08,35.86,93.58,11.46
2021-07-18,24.17,25.61,23.23,94.09,7.47,44.84,93.45,10.06
2021-07-19,23.75,25.39,22.53,94.43,8.04,73.76,93.4,6.04
2021-07-20,23.75,25.45,22.44,93.77,7.38,37.97,93.6,11.62
2021-07-21,23.23,24.07,22.59,95.48,8.91,95.24,93.49,4.84
2021-07-22,23.27,25.21,22.05,93.74,9.43,60.77,93.25,3.71
2021-07-23,23.14,24.52,22.24,95.07,7.18,84.96,93.25,3.95
2021-07-24,24.18,26.97,22.27,91.69,6.38,38.04,93.33,14.87
2021-07-25,24.19,26.44,22.56,93.12,7.25,27.81,93.39,13.57
2021-07-26,23.95,26.44,22.48,92.03,8.51,19.62,93.43,13.11
2021-07-27,23.52,26.33,21.9,91.0,8.35,15.18,93.41,14.38
2021-07-28,23.36,25.95,21.85,90.86,8.62,12.1,93.47,11.89
2021-07-29,22.84,24.87,21.58,93.16,8.11,12.8,93.56,8.69
2021-07-30,22.81,24.98,21.6,92.27,7.95,10.8,93.62,6.25
2021-07-31,23.02,25.26,21.65,91.9,8.38,8.7,93.69,11.01
2021-08-01,22.98,25.92,21.29,90.65,7.89,6.13,93.62,11.77
2021-08-02,23.34,26.32,21.43,90.3,7.38,10.87,93.63,13.06
2021-08-03,23.78,26.91,21.8,90.73,7.48,14.36,93.71,13.62
2021-08-04,23.52,26.64,21.82,91.51,7.38,14.0,93.72,13.41
2021-08-05,23.5,26.96,21.65,90.72,7.24,7.33,93.56,14.27
2021-08-06,23.71,27.28,21.57,90.15,6.12,4.59,93.49,15.63
2021-08-07,23.91,27.81,21.21,89.15,4.1,2.57,93.55,13.81
2021-08-08,23.7,27.31,20.95,90.63,3.14,3.69,93.66,14.23
2021-08-09,23.96,27.76,21.41,89.59,3.21,1.7,93.74,17.19
2021-08-10,23.77,27.65,21.23,89.68,3.57,2.89,93.72,14.64
2021-08-11,23.73,27.27,21.02,89.42,3.68,3.84,93.74,14.44
2021-08-12,23.76,27.93,21.17,88.51,4.42,8.22,93.81,9.09
2021-08-13,23.84,27.86,21.32,88.74,4.4,5.89,93.7,13.91
2021-08-14,23.5,27.0,21.23,89.53,4.88,15.5,93.57,11.31
2021-08-15,23.6,27.22,21.17,89.68,4.81,12.77,93.58,8.44
2021-08-16,23.74,27.14,21.54,88.76,3.57,6.96,93.68,11.0
2021-08-17,22.63,24.82,20.8,92.31,3.11,9.96,93.71,8.2
2021-08-18,22.17,24.88,19.96,91.76,3.64,18.35,93.54,7.67
2021-08-19,22.4,25.1,20.59,92.7,3.23,17.24,93.51,7.83
2021-08-20,22.87,26.38,20.43,90.99,3.63,10.78,93.54,10.08
2021-08-21,22.47,25.17,20.61,92.2,3.53,19.3,93.68,8.89
2021-08-22,22.14,25.68,19.38,89.59,2.43,1.25,93.76,14.26
2021-08-23,23.13,27.71,19.12,87.03,2.44,0.24,93.74,21.44
2021-08-24,23.45,26.94,20.74,89.12,2.49,1.75,93.75,19.88
2021-08-25,23.65,27.53,20.78,89.56,3.01,1.55,93.64,18.25
2021-08-26,23.65,27.49,20.88,89.61,3.22,2.63,93.53,13.45
2021-08-27,23.82,27.95,20.64,88.76,3.15,3.16,93.47,13.04
2021-08-28,23.46,27.05,20.7,88.38,2.87,0.61,93.39,17.18
2021-08-29,23.29,26.84,20.47,87.65,2.84,0.63,93.39,16.08
2021-08-30,22.1,24.43,20.52,91.7,4.38,6.72,93.44,10.27
2021-08-31,21.93,23.92,20.12,95.38,4.73,38.89,93.34,4.87
2021-09-01,23.31,27.16,21.14,91.23,4.93,7.26,93.53,11.12
2021-09-02,22.73,25.04,20.76,93.14,3.9,4.8,93.59,14.49
2021-09-03,23.33,26.63,20.94,91.22,3.93,10.01,93.55,14.71
2021-09-04,23.65,27.4,20.8,90.75,3.75,12.94,93.58,14.88
2021-09-05,23.27,26.24,21.52,91.43,4.1,13.73,93.55,12.81
2021-09-06,23.07,25.56,21.04,93.26,3.94,14.16,93.47,16.04
2021-09-07,23.47,25.46,21.42,95.61,3.98,32.97,93.21,8.98
2021-09-08,23.48,24.82,22.14,96.01,6.02,23.7,93.32,11.4
2021-09-09,23.56,26.45,21.54,92.18,7.2,13.57,93.6,10.86
2021-09-10,23.74,26.59,21.97,91.86,7.0,14.38,93.63,10.98
2021-09-11,23.98,26.48,22.25,92.4,6.93,24.42,93.48,10.06
2021-09-12,24.08,26.01,22.77,93.82,6.16,36.74,93.29,11.65
2021-09-13,23.91,26.0,22.94,94.14,6.3,30.35,93.25,7.32
2021-09-14,23.57,25.91,21.94,92.66,6.48,12.28,93.33,12.98
2021-09-15,23.15,26.05,21.44,92.05,5.16,3.07,93.49,13.11
2021-09-16,23.2,26.48,21.14,91.65,4.75,0.64,93.56,17.11
2021-09-17,22.79,25.93,20.7,91.2,3.62,0.48,93.58,15.86
2021-09-18,23.11,27.09,20.11,90.5,3.63,1.53,93.74,14.76
2021-09-19,23.56,27.27,20.6,90.69,3.54,8.82,93.91,16.01
2021-09-20,23.67,26.94,21.26,91.48,3.58,9.98,93.84,13.52
2021-09-21,23.35,26.12,21.78,93.03,4.3,26.26,93.72,8.54
2021-09-22,23.39,26.69,21.51,91.97,4.21,18.93,93.55,7.02
2021-09-23,23.48,27.22,21.06,90.99,3.47,7.11,93.56,11.56
2021-09-24,23.11,26.75,20.25,90.05,2.55,1.24,93.68,15.34
2021-09-25,23.14,26.62,20.58,90.52,2.66,2.27,93.68,14.18
2021-09-26,23.15,26.49,20.7,90.29,2.54,2.03,93.53,13.41
2021-09-27,22.61,25.4,21.13,91.97,3.36,7.89,93.36,10.07
2021-09-28,21.83,23.89,20.72,93.96,4.8,34.57,93.32,7.56
2021-09-29,22.76,25.82,20.71,91.77,5.27,9.52,93.5,12.96
2021-09-30,23.78,27.49,21.19,90.66,3.03,4.46,93.77,13.54
2021-10-01,24.24,28.79,20.73,88.16,1.82,8.01,93.83,17.84
2021-10-02,24.63,27.64,22.44,89.23,1.98,3.05,93.78,17.98
2021-10-03,24.63,28.82,21.08,88.82,2.06,4.76,93.76,17.16
2021-10-04,25.1,28.94,21.97,88.67,1.69,9.89,93.67,18.93
2021-10-05,25.19,28.98,22.28,88.84,1.88,4.65,93.7,21.28
2021-10-06,24.4,27.56,21.09,87.2,1.42,11.38,93.66,16.4
2021-10-07,25.42,29.63,21.64,85.83,2.12,1.26,93.59,17.37
2021-10-08,23.89,25.55,22.66,94.37,2.32,3.85,93.65,15.15
2021-10-09,24.08,27.43,21.92,91.93,2.31,20.82,93.77,16.25
2021-10-10,24.02,27.41,21.63,89.16,1.57,5.75,93.79,16.56
2021-10-11,24.35,28.3,21.42,87.41,1.34,2.77,93.64,16.06
2021-10-12,24.69,28.84,20.82,84.95,1.61,4.47,93.61,18.85
2021-10-13,23.76,28.66,19.62,82.8,2.52,0.09,93.62,19.71
2021-10-14,23.57,28.05,18.96,80.93,2.38,0.13,93.62,19.44
2021-10-15,23.97,29.06,20.0,82.31,2.79,0.0,93.41,20.65
2021-10-16,23.31,28.77,18.47,79.96,2.01,0.0,93.35,20.25
2021-10-17,23.81,28.39,20.78,86.07,2.29,0.1,93.4,16.74
2021-10-18,22.68,26.91,19.61,88.52,3.12,0.15,93.69,18.07
2021-10-19,21.67,26.71,18.08,86.47,2.15,0.06,94.01,20.06
2021-10-20,22.26,28.28,17.52,82.97,1.62,0.0,94.19,20.84
2021-10-21,22.31,28.69,16.41,76.11,2.1,0.0,94.2,20.55
2021-10-22,21.95,28.12,16.51,77.97,2.21,0.0,94.2,21.0
2021-10-23,21.44,27.96,16.04,80.45,2.25,0.0,94.2,21.08
2021-10-24,20.8,27.17,15.83,84.57,2.18,0.0,94.22,20.27
2021-10-25,21.12,27.45,15.95,81.92,2.37,0.0,94.14,20.7
2021-10-26,20.86,26.9,15.13,78.52,2.45,0.0,94.05,20.37
2021-10-27,20.57,26.93,15.49,76.06,3.8,0.0,94.12,19.93
2021-10-28,20.62,26.52,15.86,80.51,3.97,0.0,94.16,18.03
2021-10-29,21.25,27.69,15.92,80.16,3.99,0.0,94.25,19.55
2021-10-30,21.65,28.17,16.12,78.82,4.06,0.0,94.25,19.22
2021-10-31,21.84,28.01,17.05,79.81,3.37,0.0,94.18,18.99
2021-11-01,22.07,28.47,16.9,81.15,2.81,0.0,94.04,16.61
2021-11-02,21.71,27.28,16.63,81.39,3.3,0.0,94.04,16.94
2021-11-03,22.09,26.89,18.06,84.58,3.42,0.0,94.07,16.37
2021-11-04,23.55,28.15,19.36,84.31,2.14,0.51,94.0,16.6
2021-11-05,22.56,25.99,20.49,89.55,3.41,4.59,93.98,16.36
2021-11-06,22.34,26.16,19.43,86.12,2.66,3.52,93.91,12.84
2021-11-07,22.14,26.23,18.91,85.47,2.78,2.19,93.91,11.73
2021-11-08,20.67,26.52,16.34,76.36,3.91,0.0,94.03,18.09
2021-11-09,19.28,26.27,14.52,73.52,4.45,0.0,94.11,18.86
2021-11-10,18.97,26.45,13.57,71.22,3.83,0.0,94.04,17.4
2021-11-11,18.65,25.66,13.85,72.89,4.44,0.0,93.9,16.94
2021-11-12,20.52,27.68,14.54,74.25,3.69,0.0,93.85,17.58
2021-11-13,23.22,28.81,19.08,85.05,3.12,0.0,93.84,15.37
2021-11-14,23.84,28.73,19.79,85.5,2.61,0.3,93.8,15.4
2021-11-15,24.32,28.67,21.08,86.44,1.84,0.22,93.66,13.96
2021-11-16,23.88,27.59,21.47,88.75,3.66,5.17,93.66,12.69
2021-11-17,23.6,26.94,21.74,90.26,4.19,4.26,93.82,12.13
2021-11-18,24.05,28.52,20.7,82.79,2.66,5.01,93.82,14.29
2021-11-19,23.7,28.12,20.04,84.5,2.41,0.87,93.63,13.56
2021-11-20,23.66,28.01,20.38,87.45,3.11,0.97,93.58,12.15
2021-11-21,24.24,28.92,20.81,84.75,3.47,11.45,93.78,8.89
2021-11-22,23.99,28.23,21.36,88.45,2.2,2.88,94.01,13.44
2021-11-23,24.26,28.64,21.38,87.95,1.39,0.02,93.99,17.23
2021-11-24,23.89,28.91,20.43,83.75,3.21,0.0,94.02,16.47
2021-11-25,22.24,27.06,18.61,80.88,2.71,0.0,94.1,16.64
2021-11-26,21.3,27.41,16.5,79.39,3.1,0.0,94.12,16.96
2021-11-27,20.61,27.18,15.17,75.33,3.16,0.0,94.13,17.26
2021-11-28,18.94,25.22,15.11,76.04,4.37,0.0,94.17,16.94
2021-11-29,19.9,26.03,14.49,76.57,4.84,0.0,94.19,14.96
2021-11-30,19.92,22.55,17.95,89.11,4.11,0.31,94.17,11.11
2021-12-01,18.74,20.71,17.32,92.73,4.43,64.48,94.12,3.22
2021-12-02,19.06,23.82,15.4,89.65,4.11,14.04,94.03,6.31
2021-12-03,21.11,26.61,17.21,88.62,1.94,0.47,94.05,10.18
2021-12-04,20.95,26.02,17.45,86.85,2.1,0.61,94.11,12.69
2021-12-05,19.59,25.62,15.36,84.18,1.88,0.02,94.16,17.35
2021-12-06,19.67,25.64,13.66,81.61,2.21,0.0,94.13,16.87
2021-12-07,19.8,26.14,14.75,79.68,3.36,0.0,94.16,15.7
2021-12-08,19.88,25.91,15.29,77.73,3.66,0.0,94.2,15.55
2021-12-09,20.08,26.37,14.85,79.12,2.95,0.0,94.32,15.2
2021-12-10,20.59,26.23,16.42,83.48,3.64,0.0,94.37,15.15
2021-12-11,20.69,26.13,16.34,82.85,3.62,0.0,94.33,15.23
2021-12-12,20.61,26.01,15.98,79.53,3.05,0.0,94.31,14.85
2021-12-13,19.95,24.9,15.52,81.74,2.19,0.0,94.25,14.18
2021-12-14,19.72,25.15,15.04,83.1,2.44,0.0,94.17,15.35
2021-12-15,19.52,25.07,15.38,83.51,2.72,0.0,94.21,12.73
2021-12-16,20.1,25.07,15.3,82.99,2.53,0.0,94.3,12.28
2021-12-17,19.64,24.97,15.54,79.19,2.19,0.0,94.35,16.4
2021-12-18,18.64,25.55,13.73,75.17,3.69,0.0,94.34,16.51
2021-12-19,17.67,24.48,12.57,74.78,3.93,0.0,94.43,16.71
2021-12-20,17.51,24.64,11.2,68.51,3.17,0.0,94.41,15.16
2021-12-21,17.5,25.33,10.61,68.48,2.55,0.0,94.37,15.88
2021-12-22,18.44,26.19,11.39,69.24,1.76,0.0,94.21,16.34
2021-12-23,18.42,26.61,11.93,72.03,2.09,0.0,94.16,16.01
2021-12-24,18.34,25.63,13.6,73.32,2.14,0.0,94.18,16.1
2021-12-25,18.25,26.35,12.37,70.95,1.84,0.0,94.21,16.42
2021-12-26,18.55,26.78,11.48,71.24,2.09,0.0,94.33,17.03
2021-12-27,19.74,26.83,12.28,64.69,1.98,0.0,94.33,15.86
2021-12-28,19.59,26.35,13.63,70.94,2.13,0.01,94.25,15.08
2021-12-29,18.1,25.16,11.6,71.43,2.36,0.0,94.25,17.03
2021-12-30,18.21,24.92,12.89,80.1,4.45,0.0,94.37,15.33
2021-12-31,19.32,25.83,14.35,78.23,4.5,0.0,94.48,15.08
2022-01-01,20.27,26.38,15.3,77.45,2.75,0.0,94.5,15.24
2022-01-02,20.29,26.31,14.78,78.85,2.56,0.0,94.37,14.85
2022-01-03,20.39,26.29,15.59,76.19,2.67,0.0,94.32,14.78
2022-01-04,20.2,26.69,14.85,71.59,2.85,0.0,94.31,15.97
2022-01-05,19.4,26.5,13.56,72.63,2.79,0.0,94.27,15.11
2022-01-06,19.51,26.42,14.32,76.88,2.21,0.0,94.17,15.23
2022-01-07,18.92,26.05,14.39,82.67,2.91,0.0,94.15,15.9
2022-01-08,18.94,25.01,15.04,84.99,2.22,0.51,94.22,13.29
2022-01-09,17.78,23.84,13.15,85.3,2.24,0.61,94.15,16.73
2022-01-10,16.71,24.93,10.95,75.33,2.42,0.0,94.13,18.94
2022-01-11,15.52,22.48,10.98,72.43,2.34,0.0,94.16,18.39
2022-01-12,15.63,23.81,8.65,81.69,2.42,0.0,94.1,16.68
2022-01-13,16.12,23.52,10.06,82.45,2.57,0.0,94.04,13.75
2022-01-14,17.0,24.12,11.67,82.16,1.7,0.0,94.07,15.08
2022-01-15,18.55,25.48,13.24,77.19,2.86,0.0,94.18,16.94
2022-01-16,19.38,26.48,13.27,77.01,3.93,0.0,94.26,16.73
2022-01-17,20.49,26.05,15.48,75.15,2.74,0.0,94.46,15.07
2022-01-18,20.19,27.4,14.54,71.4,2.38,0.0,94.38,18.46
2022-01-19,19.43,27.26,12.86,66.29,2.71,0.0,94.26,18.77
2022-01-20,19.41,27.31,14.23,61.32,2.71,0.0,94.07,19.92
2022-01-21,19.26,26.33,14.33,67.07,2.68,0.0,94.06,19.27
2022-01-22,18.59,24.79,13.87,85.35,3.25,0.05,93.92,15.91
2022-01-23,16.65,21.72,10.35,82.07,4.22,0.1,93.93,13.98
2022-01-24,13.41,21.25,6.96,68.24,2.02,0.0,93.96,18.77
2022-01-25,14.13,23.21,5.96,56.48,2.64,0.0,93.98,17.88
2022-01-26,15.97,24.91,7.71,56.84,2.54,0.0,94.03,19.08
2022-01-27,16.42,25.52,8.74,59.43,3.23,0.0,94.1,18.9
2022-01-28,17.12,26.18,9.96,57.7,4.12,0.0,94.21,19.22
2022-01-29,18.4,26.62,9.98,46.74,3.07,0.0,94.32,20.46
2022-01-30,19.05,27.69,10.4,48.46,2.33,0.0,94.18,20.79
2022-01-31,19.41,28.38,11.84,51.48,2.1,0.0,94.07,20.98
2022-02-01,19.21,28.92,11.29,52.33,2.33,0.0,94.01,21.44
2022-02-02,19.65,29.76,12.16,54.26,2.42,0.0,94.03,21.33
2022-02-03,18.19,26.36,12.47,69.39,2.92,0.0,93.98,21.73
2022-02-04,17.75,25.08,13.36,73.53,2.27,0.0,93.94,21.2
2022-02-05,17.81,27.43,9.47,56.67,2.46,0.0,93.98,21.67
2022-02-06,18.89,29.34,9.86,54.0,3.17,0.0,94.18,20.53
2022-02-07,19.14,28.05,12.93,70.15,1.99,0.0,94.22,20.3
2022-02-08,18.76,28.03,12.85,76.46,2.48,0.0,94.12,20.72
2022-02-09,18.43,27.36,13.01,73.9,2.57,0.0,94.12,21.62
2022-02-10,19.16,28.29,10.99,59.5,3.07,0.0,94.13,21.15
2022-02-11,20.17,29.17,13.1,51.47,3.88,0.0,94.12,19.64
2022-02-12,20.34,29.31,12.88,50.66,3.24,0.0,94.07,19.58
2022-02-13,20.63,29.29,13.1,55.26,2.65,0.0,93.91,20.05
2022-02-14,19.84,29.25,12.83,58.65,2.97,0.0,93.9,20.72
2022-02-15,18.98,28.4,12.42,64.95,2.78,0.0,93.93,21.86
2022-02-16,18.67,26.57,11.92,66.68,2.51,0.0,93.83,21.61
2022-02-17,19.85,27.99,12.79,59.9,2.65,0.0,93.73,22.17
2022-02-18,20.7,29.35,13.72,58.94,2.6,0.0,93.82,21.85
2022-02-19,21.54,31.02,13.84,63.29,2.43,0.0,94.05,20.89
2022-02-20,22.01,31.04,15.01,52.69,2.96,0.0,94.02,22.25
2022-02-21,22.03,32.03,14.86,43.39,2.04,0.0,93.93,22.63
2022-02-22,22.68,33.5,14.55,43.17,2.14,0.0,94.02,22.65
2022-02-23,23.42,33.55,14.29,48.61,2.63,0.0,94.17,21.99
2022-02-24,23.83,32.9,16.6,49.2,2.19,0.0,94.28,20.43
2022-02-25,24.04,32.93,17.06,48.31,2.4,0.0,94.2,20.7
2022-02-26,23.87,32.92,17.81,47.03,2.4,0.0,94.17,20.71
2022-02-27,22.99,32.6,15.11,46.4,2.73,0.0,94.23,21.25
2022-02-28,22.96,32.54,14.79,40.48,3.04,0.0,94.19,22.04
2022-03-01,23.4,32.89,15.29,39.71,3.11,0.0,94.19,21.6
2022-03-02,24.37,33.73,16.27,40.82,2.95,0.0,94.13,21.11
2022-03-03,24.67,33.55,16.55,40.68,2.64,0.0,94.11,20.44
2022-03-04,24.65,33.64,17.09,39.47,3.48,0.0,94.14,22.02
2022-03-05,25.06,33.89,17.12,39.91,2.97,0.0,94.08,21.71
2022-03-06,25.5,34.03,18.53,43.95,2.91,0.0,93.98,19.48
2022-03-07,25.9,33.2,19.89,46.33,3.06,0.06,94.0,18.86
2022-03-08,26.32,33.4,19.62,47.05,2.67,0.08,94.02,18.76
2022-03-09,26.69,34.51,21.13,44.53,2.61,0.04,94.0,17.41
2022-03-10,25.72,32.61,19.79,42.44,2.99,0.01,94.0,16.34
2022-03-11,27.06,33.94,20.28,45.46,2.15,0.68,93.97,17.56
2022-03-12,26.56,33.88,19.83,47.34,2.53,0.08,93.96,21.17
2022-03-13,25.98,35.0,18.33,37.46,3.63,0.0,93.98,22.11
2022-03-14,26.07,35.92,17.61,27.11,3.24,0.0,94.03,23.95
2022-03-15,26.6,36.95,17.24,32.59,3.09,0.0,93.9,24.99
2022-03-16,27.81,37.9,18.45,31.02,3.19,0.0,93.78,25.07
2022-03-17,28.1,38.38,18.87,31.26,2.9,0.0,93.74,25.1
2022-03-18,28.6,38.48,21.33,31.03,2.19,0.0,93.64,23.67
2022-03-19,27.62,37.83,20.79,40.12,3.0,0.0,93.62,23.51
2022-03-20,26.49,36.4,18.99,45.84,3.03,0.0,93.66,17.76
2022-03-21,26.62,36.43,18.44,46.31,2.79,0.0,93.76,19.64
2022-03-22,27.92,37.72,19.26,33.38,3.08,0.0,93.74,17.73
2022-03-23,28.57,37.96,19.81,34.59,2.72,0.01,93.7,18.06
2022-03-24,27.61,37.11,19.84,40.61,3.14,0.04,93.71,15.79
2022-03-25,27.39,37.32,20.11,47.32,2.03,0.04,93.82,17.57
2022-03-26,27.54,37.94,20.35,48.13,2.54,0.0,94.0,19.26
2022-03-27,28.26,39.15,19.58,48.61,2.27,0.0,94.03,22.45
2022-03-28,28.79,39.32,19.81,48.76,2.94,0.0,93.97,23.16
2022-03-29,28.79,39.47,20.05,38.44,3.69,0.0,93.86,25.12
2022-03-30,28.98,38.98,21.59,30.23,3.57,0.0,93.84,26.55
2022-03-31,27.99,38.21,20.78,31.33,3.68,0.0,93.91,26.59
2022-04-01,28.2,39.11,19.24,25.37,3.36,0.0,93.88,27.48
2022-04-02,28.99,39.59,21.28,28.08,2.61,0.0,93.94,25.84
2022-04-03,28.91,40.02,18.85,35.11,2.7,0.0,93.88,24.88
2022-04-04,29.5,39.94,20.72,33.39,2.61,0.0,93.91,21.65
2022-04-05,29.64,40.4,20.45,46.19,2.65,0.01,94.07,23.71
2022-04-06,29.83,40.32,20.52,49.51,2.46,0.04,94.09,23.92
2022-04-07,30.43,40.42,21.83,36.11,2.9,0.0,93.97,24.31
2022-04-08,30.57,39.96,22.51,29.15,2.64,0.39,93.85,23.66
2022-04-09,29.09,37.51,22.58,45.47,3.34,0.28,93.84,22.43
2022-04-10,28.18,36.41,21.28,53.5,3.0,0.01,93.83,23.72
2022-04-11,29.54,38.91,21.52,39.75,2.9,0.01,93.75,22.01
2022-04-12,30.38,39.43,22.91,35.42,2.07,0.0,93.68,21.07
2022-04-13,30.39,38.42,24.34,29.76,2.16,0.0,93.6,20.27
2022-04-14,28.89,36.06,23.71,35.85,2.95,0.0,93.65,22.45
2022-04-15,27.43,36.38,21.77,54.16,3.46,0.0,93.71,24.96
2022-04-16,28.28,38.33,19.85,48.85,3.32,0.0,93.63,26.25
2022-04-17,28.63,39.28,19.55,50.19,2.96,0.02,93.67,26.86
2022-04-18,28.95,39.1,20.69,50.57,3.3,0.0,93.85,26.35
2022-04-19,27.54,35.52,20.7,52.42,3.86,0.0,94.05,24.92
2022-04-20,28.8,37.64,21.38,49.36,3.48,0.0,93.85,23.15
2022-04-21,31.03,38.81,24.01,30.29,3.27,0.0,93.67,18.76
2022-04-22,31.6,39.56,24.61,33.74,2.99,6.3,93.74,23.6
2022-04-23,29.28,35.77,23.57,55.03,2.23,1.61,93.88,22.27
2022-04-24,28.71,36.06,23.18,49.0,2.43,0.11,93.83,16.72
2022-04-25,30.09,38.91,21.52,45.56,2.71,0.0,93.73,24.45
2022-04-26,30.09,39.02,22.57,37.55,2.57,0.85,93.75,26.05
2022-04-27,31.73,40.72,23.57,29.37,3.33,0.0,93.7,25.61
2022-04-28,32.36,41.0,24.5,29.64,3.59,0.0,93.76,24.74
2022-04-29,30.6,39.44,23.37,42.85,3.42,0.01,93.87,25.5
2022-04-30,29.94,39.25,22.67,40.44,4.09,0.0,93.72,27.08
2022-05-01,28.62,38.08,21.09,55.03,4.44,0.0,93.63,27.05
2022-05-02,27.8,36.22,21.29,58.85,3.74,0.0,93.63,27.42
2022-05-03,27.17,33.49,22.19,63.76,3.57,0.0,93.71,26.73
2022-05-04,28.99,38.48,21.91,54.02,3.4,0.0,93.77,26.67
2022-05-05,29.32,38.81,21.71,52.77,4.41,0.0,93.74,25.99
2022-05-06,29.42,39.3,21.39,53.92,4.05,0.0,93.67,25.75
2022-05-07,29.61,38.87,22.91,54.97,4.81,0.0,93.65,25.47
2022-05-08,30.68,40.74,22.5,50.11,4.1,0.0,93.49,22.91
2022-05-09,30.05,39.19,23.41,52.46,5.83,0.0,93.41,21.07
2022-05-10,28.47,37.15,23.25,61.8,6.25,0.0,93.39,19.73
2022-05-11,29.2,38.77,23.32,63.19,5.35,0.0,93.38,19.08
2022-05-12,28.99,37.13,24.11,63.7,5.52,0.01,93.46,14.37
2022-05-13,28.57,35.53,23.75,61.62,5.84,0.0,93.45,19.74
2022-05-14,28.92,37.3,23.6,60.54,5.98,0.01,93.48,24.51
2022-05-15,28.81,37.1,23.37,60.77,5.65,0.0,93.58,24.65
2022-05-16,30.0,39.3,23.61,58.59,4.7,0.01,93.53,25.36
2022-05-17,29.28,37.22,23.82,60.73,4.06,0.02,93.43,22.29
2022-05-18,28.52,35.22,23.91,61.1,4.23,0.0,93.52,21.76
2022-05-19,28.48,35.86,24.12,59.91,3.55,2.31,93.57,17.93
2022-05-20,27.05,32.84,23.27,65.63,4.75,0.98,93.66,13.2
2022-05-21,26.81,33.7,22.67,68.54,6.49,0.07,93.61,22.97
2022-05-22,27.0,33.72,22.71,69.67,7.23,0.06,93.45,23.77
2022-05-23,27.53,33.87,23.32,71.1,6.72,0.95,93.41,24.0
2022-05-24,27.99,34.89,23.71,68.23,5.93,0.64,93.64,21.68
2022-05-25,27.94,35.71,22.83,63.19,4.97,0.11,93.82,24.24
2022-05-26,27.51,35.56,21.5,60.37,5.21,0.0,93.79,24.35
2022-05-27,27.81,34.98,22.62,60.43,6.02,0.0,93.76,25.71
2022-05-28,27.96,35.06,22.68,60.28,5.87,0.0,93.68,24.85
2022-05-29,27.66,34.52,23.12,61.35,6.12,0.0,93.68,23.76
2022-05-30,27.96,35.85,22.36,62.37,5.8,0.0,93.63,23.26
2022-05-31,28.08,36.03,22.81,62.01,5.69,2.17,93.55,23.86
2022-06-01,27.86,35.04,22.41,63.34,4.33,2.79,93.54,14.99
2022-06-02,28.02,35.43,23.37,60.0,5.35,0.04,93.59,20.57
2022-06-03,28.32,36.24,23.17,60.4,5.57,0.02,93.57,24.57
2022-06-04,28.21,35.59,22.88,59.74,5.06,0.01,93.54,24.3
2022-06-05,28.48,37.14,23.11,60.68,4.61,2.12,93.51,23.64
2022-06-06,27.4,34.13,22.65,64.64,4.6,2.65,93.57,17.85
2022-06-07,27.58,33.69,23.35,64.67,4.96,0.1,93.61,16.34
2022-06-08,27.64,33.86,23.41,67.58,4.95,0.14,93.59,19.8
2022-06-09,27.68,33.88,23.52,68.82,4.07,1.32,93.5,17.98
2022-06-10,26.96,32.99,23.63,74.06,4.14,9.37,93.5,18.57
2022-06-11,25.08,29.5,22.58,82.24,5.03,13.7,93.57,16.76
2022-06-12,25.43,30.74,22.33,76.54,5.11,3.16,93.55,18.77
2022-06-13,26.18,32.24,21.61,72.12,4.44,0.92,93.67,22.54
2022-06-14,26.77,33.27,22.5,67.12,4.43,0.26,93.67,23.41
2022-06-15,26.38,31.9,22.74,74.37,5.31,1.78,93.59,23.71
2022-06-16,25.98,31.13,23.17,77.15,4.9,5.65,93.56,20.07
2022-06-17,25.73,30.67,22.75,77.13,4.33,3.68,93.5,17.27
2022-06-18,25.7,31.32,21.33,74.4,4.54,3.03,93.53,19.14
2022-06-19,25.64,30.06,22.98,81.28,6.06,16.32,93.53,16.28
2022-06-20,25.46,29.87,23.09,81.61,6.43,9.69,93.47,8.89
2022-06-21,25.11,28.9,23.08,83.45,6.34,6.85,93.31,11.63
2022-06-22,25.36,28.76,22.9,83.31,4.26,11.24,93.43,15.14
2022-06-23,25.06,30.37,21.58,78.95,2.28,13.46,93.53,16.16
2022-06-24,24.21,28.31,22.0,86.16,3.75,11.14,93.38,13.72
2022-06-25,24.15,26.53,22.0,91.41,5.46,9.82,93.1,15.44
2022-06-26,24.45,27.98,22.22,88.86,4.91,15.06,93.17,14.66
2022-06-27,24.39,27.62,22.19,86.25,5.77,13.7,93.4,9.7
2022-06-28,24.92,28.4,22.6,84.11,5.49,9.09,93.47,12.34
2022-06-29,24.9,28.75,22.78,86.89,6.12,20.41,93.33,16.69
2022-06-30,24.04,26.23,22.5,87.92,5.84,28.71,93.37,11.77
2022-07-01,24.23,27.38,22.36,88.76,5.67,33.1,93.41,9.23
2022-07-02,24.56,27.78,22.68,86.91,6.77,17.97,93.26,14.74
2022-07-03,24.7,28.43,22.84,86.08,7.12,13.19,93.23,15.99
2022-07-04,24.02,25.62,23.14,91.92,7.39,41.88,93.2,10.89
2022-07-05,23.62,25.53,22.45,92.13,7.53,61.67,93.12,6.48
2022-07-06,24.1,27.03,22.37,90.07,7.32,55.4,93.21,7.97
2022-07-07,23.48,25.41,22.22,91.74,7.35,36.87,93.49,6.46
2022-07-08,23.31,24.81,22.32,93.76,8.2,48.67,93.45,7.36
2022-07-09,23.49,25.49,22.47,92.05,8.45,33.7,93.31,4.61
2022-07-10,22.95,23.82,22.42,94.61,8.07,41.09,93.36,9.13
2022-07-11,22.96,24.1,21.95,94.98,8.64,63.9,93.47,5.65
2022-07-12,22.57,23.74,21.96,94.79,8.89,60.15,93.45,6.35
2022-07-13,22.56,23.85,21.7,95.44,9.75,78.23,93.17,3.65
2022-07-14,22.51,23.27,21.99,95.35,8.6,81.98,92.97,6.24
2022-07-15,22.85,24.1,21.77,93.61,8.7,31.37,93.07,7.71
2022-07-16,23.56,26.16,21.78,92.63,8.5,27.59,93.21,10.87
2022-07-17,23.9,26.82,22.09,91.97,6.91,14.72,93.42,13.87
2022-07-18,22.69,24.26,21.68,94.22,6.0,14.52,93.5,7.07
2022-07-19,23.5,26.48,21.65,91.77,6.6,14.54,93.53,13.03
2022-07-20,23.43,26.7,21.49,91.13,6.25,9.52,93.62,11.15
2022-07-21,23.24,26.19,21.43,91.88,5.46,8.5,93.62,12.48
2022-07-22,23.04,25.57,21.46,92.02,4.99,6.07,93.67,14.29
2022-07-23,23.29,25.95,21.59,92.97,6.3,17.64,93.5,10.88
2022-07-24,23.33,25.61,21.87,91.95,6.58,16.73,93.46,9.84
2022-07-25,23.08,26.26,21.31,91.24,5.57,11.58,93.62,12.76
2022-07-26,23.33,26.94,20.96,90.46,4.2,4.9,93.76,10.64
2022-07-27,23.92,27.84,21.02,88.82,2.51,12.17,93.73,14.91
2022-07-28,23.89,27.0,21.47,89.59,2.29,19.51,93.8,18.92
2022-07-29,24.4,27.78,22.11,90.32,1.89,4.42,93.78,16.24
2022-07-30,24.08,27.02,22.01,91.48,2.93,3.3,93.69,17.8
2022-07-31,23.94,27.26,21.49,90.45,3.4,2.73,93.53,19.59
2022-08-01,23.95,27.53,21.19,89.45,4.01,0.98,93.53,17.53
2022-08-02,23.67,27.05,21.47,91.08,3.69,3.5,93.45,15.42
2022-08-03,23.78,26.9,21.64,92.64,3.65,13.01,93.39,16.52
2022-08-04,23.85,26.79,21.79,91.75,3.37,14.99,93.29,15.53
2022-08-05,23.88,27.37,21.69,91.69,4.21,13.22,93.21,12.7
2022-08-06,23.43,26.48,21.74,90.57,5.62,19.67,93.13,12.72
2022-08-07,23.31,25.28,21.79,95.03,6.32,36.61,93.02,10.92
2022-08-08,23.12,24.29,22.09,96.02,7.7,51.92,92.92,8.4
2022-08-09,22.87,24.83,21.45,94.63,9.21,55.66,92.88,7.46
2022-08-10,22.99,25.05,21.84,94.3,10.26,37.21,92.85,7.62
2022-08-11,22.9,24.71,21.93,94.26,10.54,34.88,93.03,11.24
2022-08-12,23.03,25.07,21.72,92.71,9.93,21.6,93.31,9.8
2022-08-13,23.03,25.28,21.57,92.51,8.08,18.25,93.47,12.7
2022-08-14,22.72,25.67,21.02,92.13,7.78,12.84,93.59,11.18
2022-08-15,21.87,23.3,20.66,95.25,6.86,26.02,93.61,8.89
2022-08-16,22.12,23.56,20.99,94.39,7.75,22.92,93.61,6.74
2022-08-17,22.86,25.14,21.4,92.92,7.41,16.4,93.71,12.12
2022-08-18,22.87,25.77,21.05,92.44,6.07,10.63,93.67,12.03
2022-08-19,23.17,26.45,20.99,92.09,6.0,10.11,93.66,11.18
2022-08-20,23.19,26.41,21.43,91.83,6.18,9.55,93.67,10.66
2022-08-21,22.74,25.51,21.24,92.69,6.19,7.61,93.58,11.34
2022-08-22,23.01,25.68,21.35,92.36,7.2,13.38,93.46,11.75
2022-08-23,23.56,26.66,21.72,91.77,6.84,14.47,93.46,11.55
2022-08-24,23.31,26.38,21.16,90.85,5.58,9.03,93.7,10.76
2022-08-25,23.1,26.77,20.95,91.21,4.2,4.66,93.68,14.63
2022-08-26,23.02,26.68,20.03,90.24,3.1,1.34,93.67,17.48
2022-08-27,22.82,26.23,20.12,89.45,3.09,0.24,93.69,19.58
2022-08-28,22.91,26.66,20.03,89.33,3.0,0.4,93.67,17.81
2022-08-29,23.44,27.52,20.34,86.7,2.54,0.34,93.77,17.91
2022-08-30,24.16,28.92,20.55,88.22,2.25,5.07,93.76,14.34
2022-08-31,24.85,28.75,22.04,90.63,2.61,15.17,93.61,18.18
2022-09-01,24.35,27.03,22.56,92.36,2.37,6.36,93.61,20.14
2022-09-02,25.06,29.03,21.25,86.22,1.31,2.08,93.71,19.34
2022-09-03,25.12,29.62,21.06,87.24,2.54,5.38,93.71,19.25
2022-09-04,24.13,27.25,21.74,91.02,2.66,5.58,93.72,13.14
2022-09-05,23.93,26.87,21.87,91.41,2.85,5.57,93.73,17.25
2022-09-06,23.98,27.61,21.24,88.84,2.1,10.69,93.69,18.09
2022-09-07,24.16,28.08,21.39,90.37,1.85,13.17,93.62,16.56
2022-09-08,24.34,27.37,22.14,88.74,1.5,47.46,93.54,14.74
2022-09-09,24.32,27.57,21.99,90.0,2.46,9.34,93.46,16.04
2022-09-10,24.36,27.98,21.68,89.5,0.94,7.54,93.4,15.05
2022-09-11,24.26,27.92,22.13,91.92,2.95,23.9,93.2,14.66
2022-09-12,22.99,25.03,21.92,95.46,4.86,27.18,93.14,12.22
2022-09-13,23.45,26.15,22.08,93.25,6.64,23.45,93.38,6.05
2022-09-14,23.22,25.89,21.8,92.98,6.67,19.98,93.65,10.71
2022-09-15,23.52,26.07,22.03,93.5,7.89,32.29,93.73,12.1
2022-09-16,23.05,24.38,22.07,95.59,6.78,39.53,93.62,3.2
2022-09-17,23.36,26.56,21.49,92.53,5.1,21.65,93.66,13.23
2022-09-18,22.68,26.2,20.11,91.79,3.93,18.1,93.82,9.08
2022-09-19,21.86,25.4,19.35,91.04,3.82,7.98,93.87,9.1
2022-09-20,21.58,24.63,19.44,92.8,3.63,6.85,93.82,7.12
2022-09-21,21.45,24.01,19.82,93.48,3.58,2.54,93.8,8.79
2022-09-22,21.18,24.02,19.28,92.71,3.44,2.35,93.85,11.21
2022-09-23,21.65,24.38,19.09,92.98,3.83,5.64,93.86,13.45
2022-09-24,22.25,25.95,19.46,91.28,3.64,3.51,93.8,16.86
2022-09-25,22.75,27.09,19.64,90.65,3.06,4.31,93.76,16.05
2022-09-26,22.02,24.81,19.54,92.15,2.79,3.64,93.92,14.96
2022-09-27,22.81,27.52,20.12,90.26,2.41,1.35,93.79,14.25
2022-09-28,22.65,26.23,20.12,92.09,3.08,1.49,93.7,11.08
2022-09-29,22.93,26.6,20.78,91.9,2.92,9.11,93.69,13.22
2022-09-30,23.95,28.06,20.37,89.48,2.36,15.29,93.75,18.45
2022-10-01,23.7,27.23,21.33,91.2,2.96,9.24,93.8,15.51
2022-10-02,22.91,26.65,20.17,90.24,2.8,5.55,93.82,19.23
2022-10-03,22.67,26.87,19.73,89.59,2.87,0.57,93.85,20.57
2022-10-04,23.29,28.04,19.32,88.07,2.73,1.83,93.84,19.05
2022-10-05,23.25,26.79,20.77,89.67,3.22,1.75,93.72,14.37
2022-10-06,21.82,24.32,19.04,90.21,3.01,9.27,93.61,10.52
2022-10-07,22.63,25.3,21.18,94.12,5.36,30.66,93.47,9.45
2022-10-08,22.68,25.93,20.72,92.5,4.87,8.37,93.72,9.5
2022-10-09,23.3,28.05,19.34,86.81,2.01,0.21,93.88,21.12
2022-10-10,24.02,28.33,20.69,89.62,2.22,3.17,93.91,14.07
2022-10-11,24.05,27.45,21.52,90.91,2.23,12.95,93.81,11.7
2022-10-12,23.32,25.38,21.96,95.15,1.75,13.42,93.87,11.62
2022-10-13,22.88,26.21,20.2,90.07,3.44,7.38,93.92,10.18
2022-10-14,23.11,26.75,20.51,91.15,3.21,34.28,93.88,13.88
2022-10-15,23.0,27.28,19.9,87.66,4.05,4.76,93.82,16.87
2022-10-16,22.58,28.0,17.1,85.38,3.98,0.91,93.93,17.26
2022-10-17,24.35,27.68,21.49,89.94,2.55,24.58,94.03,13.88
2022-10-18,22.97,25.09,20.82,94.15,1.88,24.22,93.99,12.73
2022-10-19,23.62,28.03,20.02,88.64,1.46,4.18,93.97,17.16
2022-10-20,23.51,27.76,20.69,88.15,2.33,4.27,94.0,16.67
2022-10-21,23.41,26.57,21.29,91.54,2.5,12.67,94.11,15.27
2022-10-22,21.71,25.16,17.56,85.48,4.02,0.11,94.28,15.07
2022-10-23,19.49,25.09,15.32,78.91,4.23,0.0,94.27,21.8
2022-10-24,20.11,25.83,14.48,72.74,2.54,0.0,94.07,21.51
2022-10-25,20.36,26.29,15.19,69.13,1.97,0.0,94.08,21.64
2022-10-26,19.61,26.09,13.76,76.26,2.87,0.0,94.22,21.29
2022-10-27,19.58,25.76,14.34,77.22,3.19,0.0,94.2,20.76
2022-10-28,18.97,25.12,14.55,76.26,3.51,0.0,94.15,20.96
2022-10-29,18.69,25.47,13.09,75.13,4.06,0.0,94.15,21.43
2022-10-30,19.35,26.05,14.05,79.4,3.97,0.0,94.16,21.21
2022-10-31,19.68,25.97,14.51,81.59,3.66,0.0,94.12,19.86
2022-11-01,19.29,25.34,14.61,80.96,3.4,0.0,94.19,19.42
2022-11-02,20.25,27.12,14.71,81.07,3.42,0.0,94.14,17.79
2022-11-03,19.64,26.3,14.76,77.89,4.01,0.0,94.14,19.62
2022-11-04,19.59,26.69,13.85,76.32,3.44,0.0,94.22,19.65
2022-11-05,20.05,27.23,14.69,73.19,3.74,0.0,94.32,19.72
2022-11-06,19.97,27.21,14.2,70.24,3.41,0.0,94.36,19.38
2022-11-07,20.59,26.66,15.24,71.17,2.73,0.0,94.28,18.45
2022-11-08,21.02,27.12,15.85,75.39,2.66,0.0,94.27,17.58
2022-11-09,20.77,27.1,15.55,78.23,2.6,0.0,94.26,17.87
2022-11-10,19.48,25.83,14.53,79.63,4.38,0.0,94.29,18.93
2022-11-11,19.18,25.81,13.82,80.85,4.65,0.0,94.3,18.34
2022-11-12,19.91,26.16,15.47,83.8,4.45,0.0,94.27,18.45
2022-11-13,19.77,26.17,15.17,80.57,3.79,0.0,94.17,18.31
2022-11-14,20.54,27.34,14.92,81.42,2.85,0.0,94.2,17.27
2022-11-15,20.32,26.74,15.82,79.07,2.65,0.0,94.24,17.54
2022-11-16,18.85,25.33,13.83,78.71,2.82,0.0,94.19,18.21
2022-11-17,18.1,25.1,12.62,78.63,3.65,0.0,94.18,18.6
2022-11-18,17.87,24.67,12.64,78.57,3.81,0.0,94.17,18.08
2022-11-19,17.61,24.32,13.05,77.6,4.17,0.0,94.19,17.42
2022-11-20,16.08,23.25,10.67,74.98,4.06,0.0,94.09,18.91
2022-11-21,16.66,24.42,10.4,71.88,3.07,0.0,94.04,18.4
2022-11-22,19.07,25.86,12.67,77.79,3.05,0.0,94.05,17.23
2022-11-23,20.79,26.76,16.8,82.06,3.01,0.0,94.1,16.59
2022-11-24,21.16,27.72,15.81,80.64,2.69,0.0,94.09,16.13
2022-11-25,21.73,27.32,16.91,84.25,2.93,0.11,94.12,14.22
2022-11-26,21.63,27.67,17.42,83.86,2.76,0.07,94.02,13.11
2022-11-27,21.0,27.0,16.18,82.03,2.4,0.0,93.86,14.86
2022-11-28,21.17,27.79,16.4,79.48,2.01,0.0,93.9,15.88
2022-11-29,20.24,27.63,14.31,75.11,2.37,0.0,94.02,16.7
2022-11-30,19.25,25.87,14.95,76.38,3.25,0.0,94.11,16.67
2022-12-01,18.77,25.84,13.44,70.97,3.37,0.0,94.09,17.5
2022-12-02,19.54,26.9,12.74,70.78,2.42,0.0,94.02,16.43
2022-12-03,20.96,27.21,15.3,77.6,2.56,0.0,94.04,14.71
2022-12-04,22.29,27.11,18.24,82.96,2.37,0.0,94.12,13.47
2022-12-05,21.94,26.8,18.59,82.99,2.82,0.0,94.19,14.48
2022-12-06,20.75,26.59,16.14,77.83,3.36,0.0,94.17,15.54
2022-12-07,19.93,26.32,15.28,81.28,3.19,0.0,94.15,15.06
2022-12-08,17.82,25.02,12.97,76.08,3.9,0.0,94.1,13.12
2022-12-09,16.33,24.39,10.15,66.33,4.73,0.0,93.96,18.35
2022-12-10,18.31,26.5,11.86,71.23,3.54,0.0,93.89,18.13
2022-12-11,21.45,27.58,16.15,81.03,3.23,0.1,93.95,14.85
2022-12-12,22.08,26.96,18.39,85.37,3.4,0.02,93.93,11.38
2022-12-13,21.69,26.85,18.47,85.57,4.01,0.01,94.03,10.85
2022-12-14,22.19,27.19,18.44,84.31,3.61,0.51,94.1,13.31
2022-12-15,22.48,27.61,18.81,83.51,2.82,0.12,94.05,14.6
2022-12-16,22.8,28.21,19.01,80.57,3.2,0.01,94.03,15.59
2022-12-17,22.47,28.28,18.25,79.88,3.16,0.0,94.13,14.89
2022-12-18,21.5,27.53,17.32,78.64,3.48,0.0,94.12,15.24
2022-12-19,19.59,26.68,14.63,71.14,3.51,0.0,94.02,18.14
2022-12-20,19.34,27.41,13.29,66.45,3.24,0.0,93.95,17.9
2022-12-21,19.94,27.76,13.86,67.87,3.29,0.0,94.01,17.28
2022-12-22,20.15,27.63,13.8,66.06,2.95,0.0,94.01,17.16
2022-12-23,19.74,27.89,13.62,70.07,2.71,0.0,93.98,16.9
2022-12-24,19.25,27.51,13.85,62.81,2.07,0.0,94.07,17.38
2022-12-25,19.25,27.25,12.01,66.0,2.18,0.0,94.09,17.41
2022-12-26,19.79,27.73,12.29,74.78,2.8,0.0,94.2,17.51
2022-12-27,21.01,27.89,15.25,79.39,2.81,0.0,94.31,16.74
2022-12-28,21.35,28.62,15.26,69.39,2.29,0.0,94.4,17.34
2022-12-29,20.54,27.85,13.99,66.87,2.29,0.0,94.53,17.49
2022-12-30,20.21,27.65,13.8,63.87,2.36,0.0,94.59,16.91
2022-12-31,18.95,27.48,12.78,65.49,2.65,0.0,94.51,17.41
2023-01-01,18.44,27.07,11.18,64.42,2.51,0.0,94.44,17.69
2023-01-02,18.86,27.64,12.13,65.4,3.16,0.0,94.43,17.4
2023-01-03,18.71,27.21,12.08,66.97,2.97,0.0,94.41,15.89
2023-01-04,19.13,26.52,12.42,67.0,2.76,0.0,94.28,14.59
2023-01-05,20.01,26.93,14.51,76.19,3.95,0.0,94.38,14.13
2023-01-06,20.56,26.28,16.33,79.36,4.29,0.0,94.54,14.21
2023-01-07,20.07,26.4,15.41,77.07,3.93,0.0,94.52,12.03
2023-01-08,18.45,25.91,13.06,68.71,3.46,0.0,94.42,16.93
2023-01-09,17.48,26.1,10.52,54.17,3.33,0.0,94.52,19.19
2023-01-10,17.62,26.82,9.93,50.62,3.49,0.0,94.45,19.25
2023-01-11,18.18,27.58,10.45,52.59,2.79,0.0,94.26,18.58
2023-01-12,18.19,26.85,12.33,49.16,2.19,0.0,94.13,18.78
2023-01-13,16.48,25.38,9.58,68.05,2.42,0.0,94.19,19.36
2023-01-14,16.32,26.33,8.87,67.07,2.86,0.0,94.17,19.15
2023-01-15,17.33,27.58,9.78,62.33,2.85,0.0,94.06,18.74
2023-01-16,18.16,26.92,12.85,58.05,2.04,0.0,94.11,19.2
2023-01-17,18.45,27.88,11.73,57.32,2.27,0.0,94.16,19.36
2023-01-18,19.37,28.42,11.64,54.3,2.14,0.0,94.25,19.48
2023-01-19,19.93,28.65,11.61,56.03,2.64,0.0,94.24,19.18
2023-01-20,20.03,28.09,14.59,58.38,2.12,0.0,94.19,18.57
2023-01-21,18.7,27.67,11.92,67.36,2.29,0.0,94.2,18.33
2023-01-22,18.17,27.32,12.52,67.64,2.37,0.0,94.13,18.35
2023-01-23,17.96,27.32,12.4,63.98,2.21,0.0,94.05,18.6
2023-01-24,17.28,25.63,11.95,67.42,2.48,0.01,94.07,17.54
2023-01-25,18.0,26.37,12.15,69.26,2.23,0.06,94.06,16.73
2023-01-26,19.99,27.63,14.39,73.66,2.67,0.02,94.07,16.04
2023-01-27,21.99,29.52,16.73,63.71,3.57,0.0,94.09,18.2
2023-01-28,21.32,29.81,13.62,55.1,3.06,0.0,94.03,20.26
2023-01-29,20.65,28.17,15.34,75.7,2.37,0.0,93.92,17.25
2023-01-30,20.84,28.44,15.6,75.73,2.39,0.0,94.12,17.01
2023-01-31,20.95,28.91,14.75,64.69,3.77,0.0,94.15,16.62
2023-02-01,20.91,28.25,15.14,63.99,4.27,0.0,94.19,13.53
2023-02-02,20.78,28.85,14.86,59.23,4.31,0.0,94.21,16.71
2023-02-03,20.22,28.91,12.75,43.51,3.43,0.0,94.25,20.27
2023-02-04,20.69,30.18,11.99,42.78,2.71,0.0,94.1,20.43
2023-02-05,20.85,30.81,12.57,45.52,2.72,0.0,94.04,20.68
2023-02-06,20.99,30.32,14.89,42.14,2.59,0.0,94.08,20.56
2023-02-07,20.11,30.43,11.45,44.98,2.54,0.0,94.04,20.75
2023-02-08,21.57,32.07,12.79,41.86,3.4,0.0,94.11,20.78
2023-02-09,22.13,32.76,13.46,39.14,3.42,0.0,94.17,21.56
2023-02-10,22.34,32.52,13.72,37.87,2.95,0.0,94.24,22.05
2023-02-11,22.02,32.99,13.75,35.84,2.92,0.0,94.28,22.1
2023-02-12,21.96,33.07,13.59,35.5,4.35,0.0,94.33,22.52
2023-02-13,22.6,32.9,14.72,31.4,4.6,0.0,94.36,22.8
2023-02-14,22.45,33.34,13.5,27.88,3.91,0.0,94.31,23.3
2023-02-15,22.39,33.5,12.85,28.23,3.98,0.0,94.17,23.44
2023-02-16,23.09,34.43,13.86,28.85,4.11,0.0,94.22,23.29
2023-02-17,23.44,34.39,14.32,29.87,4.35,0.0,94.25,23.37
2023-02-18,23.55,33.99,14.47,29.51,4.25,0.0,94.23,23.55
2023-02-19,23.6,34.61,14.16,29.76,4.23,0.0,94.22,23.45
2023-02-20,23.54,34.0,14.31,31.7,2.64,0.0,94.2,22.94
2023-02-21,23.87,34.57,16.37,31.44,2.3,0.0,94.22,22.73
2023-02-22,23.39,34.64,14.56,34.06,2.81,0.0,94.18,20.92
2023-02-23,23.98,34.54,14.69,30.43,2.77,0.0,94.14,22.59
2023-02-24,24.15,34.58,14.07,26.83,3.43,0.0,94.25,22.79
2023-02-25,23.94,34.19,14.01,29.55,2.89,0.0,94.38,22.47
2023-02-26,23.96,34.2,14.83,30.25,3.05,0.0,94.43,22.37
2023-02-27,23.63,34.5,14.46,29.1,3.25,0.0,94.38,21.97
2023-02-28,24.1,33.59,15.62,33.61,2.45,0.0,94.39,21.19
2023-03-01,24.59,33.63,16.17,34.46,2.66,0.0,94.43,21.89
2023-03-02,25.53,33.94,16.91,34.85,3.17,0.0,94.48,21.72
2023-03-03,26.09,34.31,17.36,35.2,3.12,0.0,94.52,21.1
2023-03-04,26.54,34.42,19.25,37.73,2.59,0.0,94.51,19.09
2023-03-05,26.24,33.91,19.45,39.73,2.22,0.0,94.45,18.62
2023-03-06,26.24,34.03,18.68,39.31,3.09,0.21,94.29,19.81
2023-03-07,24.92,32.42,18.98,40.3,3.78,1.35,94.28,15.71
2023-03-08,25.53,33.47,18.17,37.95,2.99,0.03,94.29,20.84
2023-03-09,25.52,33.43,18.92,38.43,3.24,0.0,94.27,18.91
2023-03-10,25.11,33.63,17.22,35.85,2.94,0.0,94.2,20.82
2023-03-11,26.13,34.38,18.17,36.2,3.29,0.0,94.17,20.54
2023-03-12,27.23,34.68,19.74,35.34,3.1,0.0,94.14,18.58
2023-03-13,26.79,34.15,19.63,35.48,2.92,0.0,94.05,18.34
2023-03-14,27.25,33.85,20.66,37.07,2.13,0.0,93.93,19.25
2023-03-15,26.16,33.61,20.53,41.05,2.51,0.67,93.82,13.62
2023-03-16,25.0,31.53,18.84,51.48,2.18,2.29,93.92,15.64
2023-03-17,24.05,30.75,17.94,59.47,2.4,1.09,93.96,20.51
2023-03-18,24.0,31.25,17.87,55.44,2.76,0.35,93.87,20.58
2023-03-19,22.72,30.82,17.42,58.48,3.13,0.36,93.84,24.33
2023-03-20,22.02,30.12,15.96,64.67,3.52,0.76,93.8,25.24
2023-03-21,21.99,28.5,16.81,70.36,3.17,4.72,93.88,17.83
2023-03-22,22.61,31.25,16.27,63.48,3.29,0.01,93.94,24.62
2023-03-23,22.31,30.65,14.99,64.02,3.76,0.0,93.96,24.15
2023-03-24,23.69,33.21,16.45,61.25,3.46,0.0,93.94,26.2
2023-03-25,22.95,33.6,14.53,51.5,3.43,0.0,94.03,26.78
2023-03-26,22.87,33.26,14.42,48.55,3.45,0.0,94.02,27.03
2023-03-27,23.22,34.07,15.05,59.53,3.23,0.0,94.0,26.88
2023-03-28,24.1,34.58,15.71,57.19,2.91,0.0,93.96,26.45
2023-03-29,24.61,36.2,15.7,55.21,3.48,0.0,93.98,26.1
2023-03-30,23.88,33.75,16.02,60.25,3.59,0.0,93.95,25.31
2023-03-31,23.64,31.69,17.62,62.97,3.92,0.0,93.93,22.73
2023-04-01,24.54,34.37,16.14,46.02,3.03,0.0,93.93,27.83
2023-04-02,24.56,34.57,16.9,58.9,3.4,0.0,93.9,27.21
2023-04-03,24.71,35.41,16.24,56.37,3.07,0.0,93.86,27.08
2023-04-04,26.1,36.49,17.05,52.79,3.13,0.0,93.94,26.38
2023-04-05,27.48,37.84,18.95,42.46,3.13,0.0,93.91,26.13
2023-04-06,28.17,36.77,19.63,40.75,2.8,0.57,93.93,23.33
2023-04-07,28.38,35.34,22.55,38.98,2.74,1.34,94.11,19.55
2023-04-08,28.69,34.46,22.93,45.43,2.66,0.57,94.26,20.42
2023-04-09,28.72,35.92,22.25,48.68,2.34,2.07,94.22,21.59
2023-04-10,29.75,38.09,21.89,40.98,3.15,0.05,94.07,24.5
2023-04-11,30.25,38.45,21.82,38.64,2.97,0.01,94.1,23.33
2023-04-12,30.92,37.57,24.62,37.54,2.32,0.51,94.07,23.61
2023-04-13,30.57,35.71,26.06,35.98,2.41,0.03,94.07,16.65
2023-04-14,27.77,34.03,24.14,50.13,2.52,8.04,94.09,18.62
2023-04-15,27.84,35.15,21.32,52.14,2.96,0.85,94.04,22.06
2023-04-16,28.97,37.21,23.02,47.4,2.12,2.29,93.88,23.23
2023-04-17,28.92,37.17,22.63,42.42,2.42,0.0,93.9,21.06
2023-04-18,30.92,39.33,22.89,35.19,2.39,0.0,93.95,24.61
2023-04-19,31.13,39.83,23.24,32.41,3.28,0.01,93.74,23.77
2023-04-20,29.36,38.29,22.17,38.63,3.26,1.48,93.58,21.59
2023-04-21,27.44,37.24,19.71,44.96,3.56,0.29,93.62,26.22
2023-04-22,26.02,35.15,18.37,54.58,4.05,0.0,93.69,27.52
2023-04-23,26.78,36.33,18.46,54.39,3.91,0.0,93.68,26.47
2023-04-24,28.54,36.95,20.91,37.74,2.74,0.0,93.72,26.96
2023-04-25,29.07,38.28,21.48,30.2,3.58,0.0,93.75,26.47
2023-04-26,26.61,33.97,20.5,57.62,3.5,0.01,93.81,23.34
2023-04-27,27.79,36.05,20.38,54.1,2.97,0.18,93.81,22.18
2023-04-28,27.83,35.52,22.15,54.63,2.99,0.45,93.9,21.07
2023-04-29,27.21,34.55,20.79,57.0,3.25,2.55,93.85,24.68
2023-04-30,26.33,34.77,19.17,53.83,3.86,0.02,93.71,26.26
2023-05-01,26.09,34.82,19.63,50.56,3.92,0.01,93.71,26.49
2023-05-02,25.95,34.99,17.79,54.56,3.33,0.55,93.77,22.92
2023-05-03,26.48,34.67,20.68,61.26,3.8,0.58,93.89,24.04
2023-05-04,27.07,35.14,19.72,57.14,3.04,0.71,93.82,23.56
2023-05-05,27.61,35.71,20.98,55.5,3.1,0.01,93.72,23.7
2023-05-06,28.25,35.43,22.14,56.33,3.52,0.03,93.73,21.83
2023-05-07,27.46,34.38,22.77,62.64,3.09,1.9,93.79,17.8
2023-05-08,28.39,34.26,23.04,60.72,2.07,2.77,93.7,19.15
2023-05-09,28.74,35.5,23.38,61.47,2.46,3.08,93.75,17.12
2023-05-10,30.62,39.08,22.46,50.21,2.61,0.4,93.68,23.31
2023-05-11,31.06,40.32,23.08,41.03,2.79,0.0,93.73,23.93
2023-05-12,30.16,39.34,21.9,51.75,3.73,0.0,93.79,25.91
2023-05-13,29.93,38.61,22.63,53.63,4.32,0.0,93.83,26.22
2023-05-14,28.83,37.2,22.85,55.19,4.88,0.0,93.79,27.34
2023-05-15,28.19,36.12,22.1,59.39,4.75,0.0,93.86,26.62
2023-05-16,27.97,35.52,22.37,62.79,4.38,0.0,93.98,26.75
2023-05-17,29.27,38.0,22.12,56.33,4.36,0.0,93.99,27.92
2023-05-18,29.76,38.73,21.78,51.44,4.04,0.0,94.08,26.75
2023-05-19,30.02,38.86,22.06,48.77,4.03,0.0,93.95,27.54
2023-05-20,29.21,37.71,22.2,55.34,4.04,0.0,93.91,27.25
2023-05-21,29.54,38.52,22.75,55.83,4.42,0.01,93.94,26.68
2023-05-22,29.88,39.15,22.27,50.45,4.23,0.16,94.01,25.72
2023-05-23,30.15,39.77,21.91,45.39,3.17,0.0,94.0,25.47
2023-05-24,29.11,37.44,22.45,50.19,4.33,0.0,94.01,25.75
2023-05-25,28.09,36.29,22.21,57.16,5.49,0.11,94.02,26.35
2023-05-26,27.8,34.79,22.85,62.18,5.58,2.27,94.07,24.62
2023-05-27,27.69,35.46,22.1,60.52,5.41,0.02,93.97,24.86
2023-05-28,28.69,37.02,22.84,58.93,5.2,0.07,93.88,26.72
2023-05-29,29.93,39.42,22.52,55.51,4.0,2.03,93.81,26.06
2023-05-30,29.44,37.51,22.72,54.23,3.69,2.74,93.84,25.31
2023-05-31,29.99,37.92,23.16,52.77,3.41,0.34,93.81,25.25
2023-06-01,29.37,37.72,22.58,53.39,3.93,0.87,93.81,25.61
2023-06-02,27.79,35.2,22.86,61.51,5.04,2.21,93.88,26.98
2023-06-03,27.42,33.7,22.6,67.17,4.7,0.14,93.83,25.91
2023-06-04,27.17,32.72,23.26,71.49,3.95,3.36,93.82,18.79
2023-06-05,26.72,32.64,23.1,71.16,3.8,4.27,93.76,23.78
2023-06-06,28.06,35.6,22.47,66.89,4.3,0.02,93.71,23.43
2023-06-07,28.35,35.61,23.24,63.66,4.65,0.03,93.68,26.1
2023-06-08,28.66,35.54,23.62,65.23,3.93,1.46,93.72,24.85
2023-06-09,27.77,33.12,23.78,71.77,4.13,3.38,93.6,23.26
2023-06-10,27.48,32.83,24.08,72.54,5.43,2.2,93.49,23.99
2023-06-11,27.72,33.46,23.82,66.91,6.61,0.23,93.42,21.56
2023-06-12,27.56,33.36,23.36,66.93,7.29,2.47,93.44,22.35
2023-06-13,27.03,32.79,22.9,70.79,7.15,1.69,93.54,18.17
2023-06-14,26.8,32.26,23.03,73.39,6.99,6.14,93.67,18.1
2023-06-15,26.88,32.46,23.12,74.77,7.14,1.66,93.71,21.59
2023-06-16,27.15,32.65,23.54,74.93,8.15,1.37,93.63,16.97
2023-06-17,27.03,32.31,23.89,76.03,7.49,1.11,93.67,17.59
2023-06-18,27.06,32.5,23.51,74.77,6.81,0.37,93.67,17.98
2023-06-19,27.14,32.73,23.52,73.77,5.74,0.08,93.61,18.82
2023-06-20,27.53,33.43,23.54,72.79,5.64,0.08,93.55,20.26
2023-06-21,26.71,31.21,23.79,74.03,5.11,0.22,93.58,19.83
2023-06-22,27.15,32.82,23.58,71.15,5.24,0.9,93.58,20.97
2023-06-23,26.97,32.77,23.08,72.15,5.14,1.42,93.55,19.39
2023-06-24,25.51,29.34,22.66,82.1,5.16,39.91,93.49,10.83
2023-06-25,24.64,28.04,22.21,83.48,4.76,33.15,93.5,9.31
2023-06-26,23.89,26.6,21.64,87.72,6.01,46.52,93.57,11.7
2023-06-27,23.09,25.21,20.98,89.01,5.64,38.73,93.57,9.91
2023-06-28,23.58,26.37,21.46,89.34,7.48,26.72,93.64,7.79
2023-06-29,23.4,26.62,21.51,84.87,7.47,16.77,93.7,9.78
2023-06-30,23.86,26.32,21.49,90.17,8.23,64.8,93.6,7.64
2023-07-01,23.88,26.27,22.18,89.49,7.21,24.84,93.7,8.91
2023-07-02,24.88,28.18,22.82,88.04,6.89,19.11,93.61,10.46
2023-07-03,25.04,27.85,23.41,90.18,5.72,27.65,93.45,14.29
2023-07-04,24.71,27.69,23.17,90.8,5.06,20.32,93.26,11.61
2023-07-05,24.31,28.22,22.46,89.44,5.53,10.79,93.11,12.55
2023-07-06,23.93,25.87,22.22,91.56,5.9,30.37,93.22,11.27
2023-07-07,24.49,27.27,23.25,90.99,8.83,38.2,93.4,9.2
2023-07-08,24.4,27.22,22.47,88.16,8.62,17.81,93.54,13.3
2023-07-09,24.06,27.44,22.24,88.9,7.66,8.16,93.61,14.84
2023-07-10,24.3,27.7,22.08,87.83,6.33,4.56,93.65,14.38
2023-07-11,24.23,27.78,21.67,87.6,5.73,3.32,93.69,12.23
2023-07-12,23.94,26.52,21.83,88.52,4.78,4.58,93.6,12.41
2023-07-13,23.47,25.98,21.29,87.7,4.91,12.12,93.61,13.37
2023-07-14,24.22,27.16,22.41,87.95,5.63,16.84,93.67,9.06
2023-07-15,24.32,27.36,22.17,88.38,6.16,9.22,93.73,14.87
2023-07-16,24.1,26.35,22.83,91.65,6.21,15.26,93.65,13.09
2023-07-17,24.09,26.12,22.82,90.93,6.86,31.63,93.54,6.75
2023-07-18,24.05,26.49,22.82,92.17,8.5,82.44,93.44,7.53
2023-07-19,23.58,25.3,22.16,93.23,8.28,94.4,93.26,5.67
2023-07-20,23.03,24.91,21.26,94.27,8.48,45.73,93.27,10.36
2023-07-21,22.55,24.55,20.67,93.97,7.24,42.9,93.46,7.84
2023-07-22,23.09,24.65,21.73,94.9,7.25,40.17,93.47,7.32
2023-07-23,23.82,25.77,21.77,93.18,8.4,38.31,93.43,9.33
2023-07-24,23.95,26.2,22.57,93.14,8.08,47.54,93.44,10.29
2023-07-25,23.35,24.44,22.62,95.26,7.04,44.66,93.61,6.76
2023-07-26,23.42,24.81,22.25,95.31,7.37,64.93,93.69,7.11
2023-07-27,23.21,24.34,22.34,95.41,8.08,58.67,93.72,3.65
2023-07-28,23.54,26.05,21.99,92.99,8.09,34.73,93.73,6.94
2023-07-29,23.37,25.91,21.59,92.5,7.5,18.67,93.75,10.67
2023-07-30,23.57,26.18,22.1,92.6,7.13,15.89,93.68,13.37
2023-07-31,23.84,26.14,22.62,92.84,7.76,17.48,93.58,8.21
2023-08-01,23.73,26.2,22.38,92.73,7.99,16.68,93.59,9.42
2023-08-02,23.0,25.21,21.59,93.6,7.8,6.12,93.67,8.54
2023-08-03,23.14,25.83,21.56,92.0,7.98,5.94,93.65,8.53
2023-08-04,23.51,26.63,21.63,91.3,7.96,11.05,93.75,10.61
2023-08-05,23.25,25.72,21.55,91.76,6.89,7.09,93.92,10.12
2023-08-06,23.42,26.66,21.49,90.64,7.02,5.75,93.82,11.19
2023-08-07,23.24,26.33,21.51,90.78,7.04,3.11,93.67,11.02
2023-08-08,23.33,26.38,21.6,90.47,6.5,3.51,93.72,11.3
2023-08-09,23.4,26.36,21.64,91.19,5.42,4.99,93.92,13.63
2023-08-10,23.25,26.87,21.25,91.09,4.93,5.51,93.97,13.71
2023-08-11,23.45,27.47,20.64,89.71,4.68,3.03,93.91,16.45
2023-08-12,23.17,26.89,20.6,89.82,5.19,4.51,93.9,15.04
2023-08-13,22.7,25.44,21.09,91.33,5.42,6.16,93.79,12.95
2023-08-14,23.04,26.28,21.09,89.89,5.41,2.77,93.82,14.85
2023-08-15,23.03,26.46,20.95,89.34,4.79,2.98,93.87,10.88
2023-08-16,23.23,27.05,20.73,89.38,4.42,3.69,93.9,16.89
2023-08-17,23.31,27.13,20.64,89.4,4.98,4.11,93.9,13.03
2023-08-18,22.95,26.22,21.12,90.83,4.98,3.4,93.78,13.62
2023-08-19,23.31,26.91,21.39,90.65,5.34,8.48,93.68,11.23
2023-08-20,23.46,26.51,21.24,89.97,5.55,8.48,93.64,11.93
2023-08-21,23.17,27.02,20.51,89.41,4.55,3.92,93.69,15.48
2023-08-22,23.16,26.92,20.28,89.84,4.3,6.1,93.72,10.14
2023-08-23,23.13,26.13,20.9,90.59,4.5,3.85,93.74,16.05
2023-08-24,23.57,26.98,20.96,89.63,5.21,9.84,93.67,14.73
2023-08-25,23.97,27.36,21.65,90.66,5.17,14.53,93.65,11.31
2023-08-26,23.85,27.1,21.88,90.42,5.41,13.71,93.78,13.39
2023-08-27,23.91,27.74,21.64,89.33,5.37,12.2,93.87,14.42
2023-08-28,23.55,27.07,21.35,90.3,4.71,9.05,93.82,16.03
2023-08-29,23.57,27.51,20.63,89.27,3.35,1.65,93.8,20.02
2023-08-30,23.7,27.94,20.2,87.57,2.58,0.18,93.87,21.79
2023-08-31,24.28,28.79,20.59,86.84,2.12,1.37,93.84,22.3
2023-09-01,24.83,29.85,21.25,86.79,2.42,12.8,93.82,18.76
2023-09-02,23.57,26.55,21.78,92.04,3.31,17.73,93.78,7.45
2023-09-03,23.52,27.31,21.12,90.05,3.46,3.86,93.7,9.01
2023-09-04,23.34,27.35,20.91,89.37,4.28,2.43,93.61,15.34
2023-09-05,23.07,27.48,19.41,88.51,3.58,0.35,93.6,23.05
2023-09-06,23.38,27.39,20.26,89.93,4.2,3.73,93.58,18.31
2023-09-07,22.72,24.36,21.69,93.73,5.85,38.47,93.55,7.05
2023-09-08,23.22,24.6,22.15,95.5,6.54,46.07,93.58,3.73
2023-09-09,24.08,26.88,22.75,92.45,5.94,16.04,93.63,10.7
2023-09-10,24.14,27.16,22.28,90.93,5.28,7.67,93.61,14.85
2023-09-11,24.12,27.93,21.71,90.36,5.24,4.07,93.66,18.01
2023-09-12,23.35,27.06,20.66,90.58,4.49,1.52,93.75,19.82
2023-09-13,23.13,26.54,20.63,90.94,4.29,3.62,93.71,18.07
2023-09-14,23.06,26.65,20.41,90.16,3.23,3.62,93.72,15.17
2023-09-15,22.94,25.65,20.41,91.87,3.47,1.66,93.69,16.64
2023-09-16,23.38,25.38,22.02,92.9,5.66,4.85,93.67,10.44
2023-09-17,24.04,27.19,22.14,90.6,5.94,5.88,93.58,13.7
2023-09-18,24.18,27.73,22.02,90.26,5.81,12.01,93.57,14.79
2023-09-19,24.04,27.38,21.98,90.55,5.13,10.48,93.73,14.62
2023-09-20,24.22,27.97,21.65,90.98,4.44,14.18,93.77,13.08
2023-09-21,24.31,27.67,22.5,92.81,3.8,23.02,93.75,14.82
2023-09-22,23.78,26.51,21.79,91.81,2.65,15.92,93.8,10.71
2023-09-23,23.35,26.56,21.63,93.13,3.2,29.98,93.83,9.53
2023-09-24,22.91,26.51,20.76,91.3,3.07,7.92,93.86,11.99
2023-09-25,23.14,27.42,19.74,90.72,2.76,7.28,93.77,15.56
2023-09-26,23.86,27.33,21.43,91.74,2.57,22.38,93.74,16.0
2023-09-27,24.22,27.31,22.16,91.38,2.9,20.12,93.67,8.8
2023-09-28,24.5,28.15,22.01,90.11,2.81,16.02,93.62,12.74
2023-09-29,24.44,27.95,21.72,90.28,3.45,14.33,93.57,15.23
2023-09-30,24.56,28.5,21.91,89.1,3.63,12.5,93.56,15.7
2023-10-01,23.58,26.5,21.21,92.79,4.57,25.36,93.55,6.45
2023-10-02,22.42,25.18,20.65,92.18,2.96,8.84,93.85,12.28
2023-10-03,23.42,27.59,20.47,88.5,2.41,0.12,93.96,18.24
2023-10-04,23.49,28.21,20.37,87.99,2.36,0.0,94.02,19.59
2023-10-05,22.76,27.65,19.19,85.94,2.43,0.0,94.0,21.4
2023-10-06,23.27,28.71,19.43,85.22,2.09,0.0,93.92,21.42
2023-10-07,24.15,29.77,19.99,83.74,1.69,0.0,93.94,21.58
2023-10-08,24.25,30.05,19.17,81.92,1.96,0.0,94.04,20.76
2023-10-09,23.87,29.81,18.97,81.79,2.26,0.0,94.17,20.18
2023-10-10,23.44,29.15,19.08,83.26,2.47,0.0,94.18,20.36
2023-10-11,23.65,29.13,19.32,84.11,2.16,0.0,94.15,18.68
2023-10-12,24.12,29.74,19.31,78.77,2.57,0.0,94.18,19.09
2023-10-13,24.3,29.82,19.18,75.38,3.1,0.0,94.25,20.23
2023-10-14,23.97,29.62,18.58,74.33,2.33,0.0,94.23,19.98
2023-10-15,24.03,29.07,19.39,79.28,2.24,0.05,94.09,17.74
2023-10-16,24.23,28.9,19.68,77.45,2.28,0.07,94.1,16.58
2023-10-17,24.08,29.09,19.54,79.11,2.29,0.93,94.2,18.03
2023-10-18,23.74,29.24,19.35,80.47,2.92,0.15,94.27,18.33
2023-10-19,24.23,29.09,19.49,76.22,2.17,0.12,94.23,16.23
2023-10-20,24.07,28.46,20.08,79.17,2.31,0.12,94.24,13.07
2023-10-21,23.7,28.29,20.39,81.07,2.63,0.02,94.3,15.24
2023-10-22,23.43,28.83,19.22,79.57,2.61,0.0,94.32,17.95
2023-10-23,22.9,28.81,17.8,76.3,2.82,0.0,94.23,19.07
2023-10-24,22.74,28.59,18.06,78.05,2.68,0.0,94.18,19.33
2023-10-25,22.17,28.47,17.32,74.26,3.09,0.0,94.31,18.21
2023-10-26,21.09,27.36,16.28,69.38,3.62,0.0,94.36,19.84
2023-10-27,20.73,27.27,14.66,66.73,3.24,0.0,94.22,20.48
2023-10-28,20.85,28.04,14.92,69.58,3.0,0.0,94.18,20.33
2023-10-29,21.17,28.74,14.59,69.04,2.7,0.0,94.14,19.41
2023-10-30,20.9,28.16,15.13,70.19,3.31,0.0,94.11,17.85
2023-10-31,20.65,27.78,14.8,72.45,3.49,0.0,94.18,17.38
2023-11-01,20.65,28.0,15.18,75.65,3.44,0.0,94.24,19.77
2023-11-02,21.21,28.17,15.47,74.68,2.93,0.0,94.18,18.94
2023-11-03,21.6,28.61,15.81,73.67,3.03,0.0,94.03,17.6
2023-11-04,22.46,29.16,16.1,71.42,3.62,0.0,93.97,17.01
2023-11-05,22.63,27.93,18.58,78.89,3.31,0.0,94.12,14.62
2023-11-06,21.73,27.5,18.08,76.0,4.12,0.0,94.23,14.08
2023-11-07,22.87,28.26,18.02,81.69,3.05,0.01,94.21,15.47
2023-11-08,22.95,26.8,19.87,86.06,2.98,3.55,94.17,11.46
2023-11-09,23.44,27.84,19.93,86.53,2.12,0.52,94.2,14.72
2023-11-10,22.67,25.88,20.78,89.82,2.46,13.34,94.32,13.24
2023-11-11,22.69,27.62,18.65,80.57,3.31,2.8,94.4,16.13
2023-11-12,22.24,28.76,17.61,72.84,3.7,0.0,94.4,17.29
2023-11-13,21.93,28.2,16.9,74.19,3.34,0.0,94.34,16.74
2023-11-14,21.25,27.49,16.19,75.72,2.72,0.0,94.26,15.92
2023-11-15,20.84,27.69,14.98,72.93,2.53,0.0,94.24,16.43
2023-11-16,20.07,27.46,14.36,70.86,3.14,0.0,94.29,16.92
2023-11-17,20.22,27.41,14.26,68.44,3.1,0.0,94.26,16.6
2023-11-18,20.79,28.43,14.39,71.94,2.9,0.0,94.2,15.9
2023-11-19,22.56,28.85,16.51,74.01,2.65,0.0,94.19,15.15
2023-11-20,22.56,28.58,17.75,74.84,3.14,0.0,94.24,14.95
2023-11-21,21.07,28.1,16.08,71.41,3.59,0.0,94.24,17.0
2023-11-22,20.1,27.48,14.52,69.44,3.36,0.0,94.15,17.18
2023-11-23,21.03,27.7,14.39,72.41,2.64,0.0,93.99,15.62
2023-11-24,22.65,28.42,17.43,77.27,3.22,0.0,94.0,15.03
2023-11-25,22.9,28.75,18.32,79.77,3.48,3.33,94.16,14.83
2023-11-26,22.73,27.14,19.83,85.69,3.56,6.34,94.2,12.22
2023-11-27,22.57,27.22,19.51,87.18,2.5,3.32,94.09,12.77
2023-11-28,22.12,26.88,18.72,86.2,1.92,0.27,94.0,12.36
2023-11-29,21.56,27.15,17.73,86.76,2.08,0.2,94.02,16.53
2023-11-30,21.59,27.78,17.29,85.93,2.63,1.38,94.09,16.0
2023-12-01,21.32,27.52,17.44,84.23,1.95,0.75,94.09,16.64
2023-12-02,22.08,28.37,16.47,78.37,3.03,0.29,94.03,15.28
2023-12-03,22.92,29.23,17.06,73.09,3.32,0.0,94.08,16.99
2023-12-04,22.78,28.66,17.89,77.09,3.12,0.0,94.02,16.34
2023-12-05,21.68,27.91,17.4,75.98,3.66,0.01,93.91,14.57
2023-12-06,20.9,26.04,16.71,79.05,3.32,0.01,93.98,13.55
2023-12-07,20.99,26.2,16.84,78.64,2.5,0.0,94.05,14.15
2023-12-08,20.89,27.39,15.41,76.04,2.65,0.0,94.09,16.09
2023-12-09,20.99,28.01,14.87,75.25,2.37,0.0,94.19,17.04
2023-12-10,20.89,27.76,15.21,75.86,2.73,0.0,94.13,16.79
2023-12-11,20.33,27.66,14.28,74.77,2.34,0.0,94.16,17.18
2023-12-12,20.15,27.45,13.93,74.54,2.11,0.0,94.06,16.57
2023-12-13,20.27,27.2,13.88,72.25,2.5,0.0,94.11,16.47
2023-12-14,19.62,26.56,14.64,70.31,3.93,0.0,94.25,16.23
2023-12-15,18.83,26.03,13.22,67.53,3.5,0.0,94.31,16.89
2023-12-16,18.46,26.01,11.53,70.29,2.62,0.0,94.25,16.01
2023-12-17,19.9,26.77,14.57,75.69,3.76,0.0,94.19,13.1
2023-12-18,19.76,25.42,15.61,71.2,5.2,0.0,94.29,12.18
2023-12-19,18.5,24.49,15.14,66.47,5.69,0.0,94.38,13.68
2023-12-20,18.42,24.6,13.78,58.88,4.58,0.0,94.37,12.91
2023-12-21,18.52,24.02,14.66,58.77,3.9,0.0,94.32,13.94
2023-12-22,20.2,28.59,14.52,55.08,2.84,0.0,94.27,11.27
2023-12-23,20.71,29.44,13.46,53.41,3.12,0.0,94.34,16.49
2023-12-24,20.0,28.34,14.01,59.99,4.19,0.0,94.49,14.84
2023-12-25,20.57,29.21,14.5,55.2,4.06,0.0,94.44,16.21
2023-12-26,20.08,29.09,13.54,58.01,3.49,0.0,94.44,16.95
2023-12-27,19.84,28.3,13.71,62.16,4.0,0.0,94.46,15.8
2023-12-28,20.38,28.57,13.64,61.0,3.57,0.0,94.34,16.49
2023-12-29,20.76,28.85,14.05,60.67,3.35,0.0,94.33,17.44
2023-12-30,21.2,28.8,14.37,61.43,2.51,0.0,94.28,17.83
2023-12-31,21.15,28.64,13.82,58.41,2.58,0.0,94.25,17.92
2024-01-01,20.83,28.19,13.87,62.72,2.4,0.0,94.25,16.72
2024-01-02,20.28,28.22,13.83,66.23,2.42,0.0,94.18,16.07
2024-01-03,20.01,27.92,14.05,70.21,3.0,0.0,94.1,14.74
2024-01-04,19.78,27.91,14.59,65.84,2.53,0.0,94.12,15.18
2024-01-05,18.91,27.06,13.37,62.72,2.42,0.0,94.12,14.58
2024-01-06,20.03,27.92,13.25,66.01,3.11,0.0,94.12,14.85
2024-01-07,21.36,28.53,14.85,67.35,2.98,0.0,94.15,15.77
2024-01-08,22.38,29.19,16.46,59.48,4.46,0.01,94.21,16.92
2024-01-09,20.72,27.35,17.14,70.37,4.4,2.44,94.28,9.62
2024-01-10,21.51,27.73,16.1,68.86,3.43,0.37,94.28,8.89
2024-01-11,22.37,29.26,16.69,67.12,3.22,0.04,94.3,17.61
2024-01-12,22.29,30.12,16.12,59.5,3.41,0.0,94.29,17.98
2024-01-13,21.63,30.2,15.42,63.24,2.86,0.0,94.34,17.73
2024-01-14,20.37,28.94,13.94,59.77,2.99,0.0,94.36,18.72
2024-01-15,18.74,28.09,12.2,54.13,3.01,0.0,94.28,20.11
2024-01-16,18.43,28.65,10.92,52.72,2.83,0.0,94.08,19.96
2024-01-17,19.04,27.68,13.79,61.35,2.18,0.0,94.01,18.51
2024-01-18,18.3,26.15,12.94,69.71,2.05,0.0,94.15,17.44
2024-01-19,19.14,28.07,12.48,60.25,2.63,0.0,94.14,18.69
2024-01-20,19.26,26.87,14.22,69.02,3.05,0.0,94.26,18.81
2024-01-21,19.44,28.75,11.42,57.99,2.53,0.0,94.27,19.12
2024-01-22,19.54,29.95,11.93,56.6,3.69,0.0,94.32,19.06
2024-01-23,17.94,27.65,10.22,49.2,2.92,0.0,94.29,19.64
2024-01-24,18.21,28.1,9.71,43.64,2.94,0.0,94.27,19.67
2024-01-25,19.06,28.8,10.77,36.35,3.76,0.0,94.4,19.6
2024-01-26,19.86,29.57,11.82,41.66,3.21,0.0,94.52,18.03
2024-01-27,21.6,30.49,13.17,44.82,2.58,0.0,94.51,17.02
2024-01-28,21.35,30.13,13.78,47.52,2.77,0.0,94.46,16.72
2024-01-29,21.26,30.24,13.91,48.8,2.44,0.0,94.44,16.15
2024-01-30,20.55,29.95,13.07,49.7,2.68,0.0,94.32,17.42
2024-01-31,20.79,30.08,14.78,55.24,2.67,0.0,94.29,19.04
2024-02-01,19.39,28.01,13.52,63.7,2.33,0.0,94.35,20.1
2024-02-02,20.01,29.05,12.24,60.52,2.54,0.0,94.35,20.01
2024-02-03,22.11,31.56,14.48,46.8,3.93,0.0,94.39,19.86
2024-02-04,23.45,32.5,16.06,50.26,2.71,0.0,94.46,19.03
2024-02-05,23.43,32.64,16.97,51.44,2.48,0.0,94.48,18.77
2024-02-06,23.51,32.98,16.36,50.16,2.48,0.0,94.45,19.12
2024-02-07,23.37,33.44,16.01,49.11,2.6,0.0,94.49,20.18
2024-02-08,22.81,33.07,15.32,43.51,3.36,0.0,94.42,21.31
2024-02-09,22.35,33.4,13.8,43.21,3.16,0.0,94.38,21.57
2024-02-10,21.88,32.8,13.75,44.13,3.25,0.0,94.46,22.04
2024-02-11,22.02,32.75,14.3,40.84,2.98,0.0,94.49,21.7
2024-02-12,22.42,32.62,14.5,43.73,2.8,0.0,94.43,20.32
2024-02-13,22.19,32.21,15.08,43.44,3.09,0.0,94.4,19.58
2024-02-14,22.35,32.77,14.12,39.1,2.66,0.0,94.33,16.56
2024-02-15,23.89,33.46,15.65,41.34,3.32,0.0,94.29,19.98
2024-02-16,25.63,33.86,18.65,40.89,2.91,0.0,94.33,20.5
2024-02-17,24.42,33.86,16.33,38.5,2.5,0.0,94.22,21.89
2024-02-18,24.09,33.4,16.82,45.77,2.34,0.0,94.11,21.42
2024-02-19,24.24,33.13,18.36,37.7,2.44,0.0,94.18,22.34
2024-02-20,22.9,32.34,16.16,45.68,3.26,0.0,94.21,23.19
2024-02-21,21.61,30.77,14.79,61.83,3.5,0.0,94.18,23.4
2024-02-22,21.31,30.67,15.18,63.81,3.33,0.0,94.23,23.11
2024-02-23,20.56,31.2,12.05,55.69,2.62,0.0,94.18,23.83
2024-02-24,21.28,32.61,13.33,33.95,3.23,0.0,94.11,24.14
2024-02-25,21.87,33.65,11.26,28.81,3.43,0.0,94.01,23.38
2024-02-26,25.05,34.81,15.34,43.15,3.01,0.0,94.01,19.77
2024-02-27,26.21,34.46,19.72,45.73,3.15,0.28,94.16,19.04
2024-02-28,27.09,34.85,19.99,45.75,2.83,0.07,94.1,19.5
2024-02-29,28.26,35.5,21.84,42.02,2.18,0.02,94.1,19.94
2024-03-01,27.89,34.75,22.64,45.76,2.42,0.49,94.17,18.44
2024-03-02,25.18,33.6,19.64,57.25,3.83,0.04,94.18,21.82
2024-03-03,22.41,29.41,16.16,68.96,4.78,0.0,94.19,22.09
2024-03-04,20.78,30.89,12.91,51.19,3.45,0.0,94.23,25.0
2024-03-05,22.65,34.35,13.29,36.71,3.37,0.0,94.17,24.7
2024-03-06,23.17,33.1,16.58,32.21,3.21,0.0,94.17,24.87
2024-03-07,24.13,35.32,14.45,28.66,2.72,0.0,94.11,24.69
2024-03-08,25.04,35.37,16.04,32.57,3.24,0.0,94.16,24.51
2024-03-09,25.43,35.9,16.23,31.08,3.38,0.0,94.13,24.98
2024-03-10,25.74,36.43,16.93,29.64,3.15,0.0,94.24,24.56
2024-03-11,26.25,36.92,17.12,30.08,3.07,0.0,94.36,24.05
2024-03-12,26.59,37.21,18.47,35.5,3.51,0.0,94.28,23.88
2024-03-13,25.24,35.26,17.15,43.13,3.55,0.0,94.22,25.44
2024-03-14,24.36,35.15,16.06,45.7,3.45,0.0,94.23,25.32
2024-03-15,24.02,34.68,15.56,42.63,3.16,0.0,94.14,25.22
2024-03-16,24.35,34.88,16.4,43.26,3.3,0.0,94.11,24.34
2024-03-17,25.65,35.7,18.44,38.36,3.17,0.0,94.11,24.05
2024-03-18,25.28,34.89,18.63,37.38,3.2,0.0,94.14,24.14
2024-03-19,25.15,35.33,16.83,43.79,3.36,0.0,94.09,25.53
2024-03-20,26.35,36.82,16.43,22.58,3.16,0.0,94.07,26.23
2024-03-21,26.84,35.99,18.31,26.25,3.15,0.0,94.0,24.12
2024-03-22,27.95,37.57,20.56,28.03,2.56,0.0,93.9,23.7
2024-03-23,27.5,37.43,18.85,30.8,3.22,0.0,93.92,23.85
2024-03-24,28.22,38.31,19.74,36.98,2.73,0.0,94.04,22.99
2024-03-25,28.7,38.87,19.72,37.5,3.05,0.0,94.07,23.79
2024-03-26,29.46,39.48,21.57,36.41,2.61,0.0,94.08,23.01
2024-03-27,29.85,39.37,22.54,43.5,2.79,0.0,94.21,22.28
2024-03-28,29.89,37.97,23.53,44.52,2.89,0.02,94.1,21.09
2024-03-29,30.23,38.5,23.72,44.38,2.66,0.26,93.99,18.39
2024-03-30,29.79,39.27,21.61,44.54,3.18,0.01,94.09,19.62
2024-03-31,30.43,38.06,24.69,35.27,3.51,0.0,94.16,20.52
2024-04-01,30.45,39.31,23.76,29.79,3.08,0.0,93.95,22.12
2024-04-02,29.23,39.69,21.04,33.77,3.1,0.0,93.84,24.5
2024-04-03,29.02,39.5,20.83,37.36,3.33,0.0,93.93,23.96
2024-04-04,29.36,39.69,20.12,33.98,3.64,0.0,93.97,23.56
2024-04-05,30.01,39.68,21.5,33.28,3.33,0.0,93.92,23.86
2024-04-06,29.71,38.98,21.26,32.01,3.36,0.0,93.83,23.89
2024-04-07,29.02,38.99,22.08,32.41,4.0,0.0,93.8,24.78
2024-04-08,29.15,39.56,19.96,33.13,3.12,0.0,93.86,26.38
2024-04-09,29.33,39.71,20.81,41.26,3.0,0.0,93.87,25.96
2024-04-10,29.88,39.9,22.26,35.89,2.73,0.0,93.9,25.31
2024-04-11,29.31,38.01,22.2,32.02,2.26,0.0,93.96,23.14
2024-04-12,29.36,38.99,21.92,33.48,2.94,0.0,93.91,23.85
2024-04-13,28.74,38.66,21.41,42.13,3.17,0.01,93.95,26.16
2024-04-14,29.11,39.75,19.41,48.23,2.86,0.0,93.97,26.76
2024-04-15,31.78,40.79,21.99,45.48,2.55,0.0,94.0,23.38
2024-04-16,33.42,40.35,27.14,33.59,3.92,0.0,93.9,21.83
2024-04-17,32.85,39.11,26.63,33.09,2.53,0.0,93.88,20.76
2024-04-18,31.09,38.06,24.97,41.95,2.57,0.0,93.83,21.77
2024-04-19,31.25,39.78,24.2,44.71,3.42,0.0,93.65,21.28
2024-04-20,30.35,39.33,24.39,49.47,3.42,3.59,93.72,19.31
2024-04-21,29.82,38.23,22.79,46.12,3.28,0.43,93.75,21.17
2024-04-22,29.42,38.37,22.15,47.51,3.51,0.02,93.83,24.36
2024-04-23,29.76,39.65,21.02,44.45,2.89,0.07,93.7,24.54
2024-04-24,30.85,39.49,24.29,43.0,2.54,1.45,93.65,21.37
2024-04-25,31.25,40.12,24.25,44.08,2.78,0.38,93.66,23.15
2024-04-26,31.16,39.43,23.9,46.09,3.68,0.05,93.68,23.43
2024-04-27,32.71,41.08,24.1,38.64,3.02,0.0,93.67,23.07
2024-04-28,33.57,41.79,25.95,34.09,3.05,0.0,93.68,23.58
2024-04-29,33.2,41.88,25.25,33.06,3.19,0.0,93.77,23.92
2024-04-30,32.59,42.11,24.89,29.48,3.68,0.0,93.71,25.56
2024-05-01,30.06,39.54,22.3,39.61,4.12,0.0,93.62,26.48
2024-05-02,29.46,40.47,20.24,39.68,3.7,0.0,93.61,28.52
2024-05-03,28.81,39.98,18.75,43.51,3.62,0.0,93.73,28.48
2024-05-04,29.26,39.88,19.27,46.03,3.67,0.0,93.77,27.79
2024-05-05,30.12,40.62,21.55,50.84,4.14,0.0,93.67,27.02
2024-05-06,29.41,39.58,22.12,54.91,4.37,0.01,93.74,27.76
2024-05-07,29.45,39.96,22.08,57.19,4.66,0.0,93.82,27.68
2024-05-08,29.83,40.5,21.52,52.14,3.76,0.02,93.76,27.5
2024-05-09,29.75,39.98,21.24,53.14,3.48,0.04,93.72,25.47
2024-05-10,29.79,39.27,22.95,55.23,2.53,6.57,93.81,23.02
2024-05-11,29.3,37.98,23.37,59.81,2.49,17.09,93.89,21.52
2024-05-12,28.79,35.39,22.57,64.55,1.66,2.36,93.93,18.83
2024-05-13,29.67,36.52,23.48,59.12,2.3,3.47,93.88,20.96
2024-05-14,29.3,36.56,22.92,60.64,2.53,5.88,93.88,21.93
2024-05-15,29.13,35.58,22.85,60.96,2.15,6.22,93.91,25.02
2024-05-16,29.79,35.72,24.44,60.93,1.48,2.21,93.89,20.4
2024-05-17,29.6,35.63,24.87,60.16,1.7,1.54,93.8,22.27
2024-05-18,29.94,37.27,23.42,58.66,1.97,1.71,93.58,21.84
2024-05-19,30.32,38.84,23.37,58.79,2.59,2.47,93.42,23.6
2024-05-20,29.63,37.53,24.59,64.35,2.38,5.15,93.47,22.6
2024-05-21,30.15,38.79,24.17,61.16,2.43,3.14,93.46,24.55
2024-05-22,31.03,39.51,24.63,61.64,1.72,0.97,93.4,20.85
2024-05-23,31.02,39.17,25.14,59.53,2.63,2.46,93.32,21.42
2024-05-24,29.5,37.87,23.18,62.49,4.29,0.13,93.29,23.78
2024-05-25,28.28,35.57,23.81,65.41,5.58,0.02,93.37,20.63
2024-05-26,28.39,35.75,24.31,66.24,5.53,0.03,93.47,20.3
2024-05-27,28.46,35.61,23.91,66.74,6.08,0.0,93.47,8.97
2024-05-28,28.66,35.67,24.47,67.88,6.69,0.0,93.47,23.99
2024-05-29,28.68,35.18,24.5,70.62,6.03,0.01,93.48,25.05
2024-05-30,29.26,36.71,24.42,67.49,5.64,0.01,93.56,24.54
2024-05-31,29.38,37.22,23.88,64.0,5.04,0.03,93.63,25.47
2024-06-01,29.58,36.98,24.39,63.36,4.93,0.05,93.63,23.63
2024-06-02,29.56,36.86,24.67,61.28,4.41,0.22,93.63,23.3
2024-06-03,27.89,33.45,24.64,72.9,3.34,8.28,93.67,16.94
2024-06-04,27.36,32.68,24.37,76.87,3.4,13.79,93.76,20.67
2024-06-05,27.14,32.53,23.66,77.68,3.57,13.24,93.79,18.98
2024-06-06,27.64,33.61,23.6,75.54,3.12,10.72,93.81,18.74
2024-06-07,27.14,32.14,23.67,76.72,2.78,5.37,93.67,17.11
2024-06-08,26.57,31.73,23.72,79.05,4.12,36.55,93.55,17.37
2024-06-09,25.15,27.6,23.31,88.47,4.2,43.36,93.56,9.34
2024-06-10,24.81,28.13,22.51,84.83,4.26,14.18,93.66,13.53
2024-06-11,24.92,28.42,22.9,81.66,5.17,8.31,93.76,14.74
2024-06-12,25.0,28.33,22.75,84.35,4.68,7.56,93.81,19.44
2024-06-13,25.5,29.67,22.15,81.12,4.0,11.46,93.76,17.53
2024-06-14,25.19,28.15,22.9,85.85,4.64,8.72,93.68,15.03
2024-06-15,25.92,30.51,22.71,82.33,3.92,2.35,93.59,17.83
2024-06-16,26.06,31.02,22.56,81.04,3.06,2.17,93.61,21.13
2024-06-17,25.58,29.37,23.19,82.74,3.42,2.64,93.67,18.14
2024-06-18,25.33,29.72,22.56,81.85,4.85,9.39,93.62,18.88
2024-06-19,24.77,27.76,22.42,86.39,5.87,12.99,93.46,14.82
2024-06-20,25.44,28.49,23.25,87.64,6.21,24.04,93.39,10.0
2024-06-21,25.91,28.86,23.92,86.95,6.17,12.67,93.41,12.11
2024-06-22,26.47,29.92,24.65,84.33,4.64,9.58,93.27,18.68
2024-06-23,25.06,27.94,22.43,87.1,4.34,10.92,93.19,18.63
2024-06-24,25.37,31.22,21.78,81.43,3.94,6.47,93.04,17.16
2024-06-25,24.82,27.42,21.9,88.93,5.23,13.0,92.88,17.69
2024-06-26,25.29,28.06,21.92,91.01,6.4,18.78,92.87,12.0
2024-06-27,24.33,27.51,21.88,87.58,9.87,18.9,93.09,11.31
2024-06-28,23.7,25.42,22.45,91.4,9.1,28.34,93.29,9.51
2024-06-29,25.29,28.32,23.45,87.39,6.54,15.14,93.4,13.65
2024-06-30,25.12,28.96,22.74,88.39,7.6,15.81,93.43,8.46
2024-07-01,25.54,28.8,23.63,86.75,9.89,20.81,93.36,12.88
2024-07-02,25.44,28.07,23.7,88.42,10.08,26.42,93.31,11.53
2024-07-03,25.53,29.15,23.4,86.14,8.1,6.51,93.38,13.79
2024-07-04,25.24,27.85,23.21,87.55,7.41,7.6,93.45,11.91
2024-07-05,25.51,28.59,23.31,86.83,8.11,12.41,93.33,11.43
2024-07-06,25.29,28.3,23.3,88.57,8.86,24.73,93.21,11.84
2024-07-07,25.08,27.54,23.92,90.62,7.07,33.72,93.28,8.73
2024-07-08,24.86,27.6,23.11,91.27,5.97,34.67,93.25,7.28
2024-07-09,23.46,26.33,21.73,89.29,4.62,21.69,93.4,10.88
2024-07-10,23.52,27.04,21.38,88.07,4.39,8.71,93.68,16.69
2024-07-11,24.31,27.77,21.81,87.84,5.98,4.32,93.62,12.15
2024-07-12,24.46,26.85,22.56,90.49,6.95,48.07,93.43,6.93
2024-07-13,24.26,25.62,23.53,93.89,8.44,64.9,93.35,5.91
2024-07-14,24.45,26.16,23.27,93.58,7.53,47.45,93.23,6.73
2024-07-15,23.75,25.75,21.68,90.56,4.43,18.6,93.18,12.44
2024-07-16,22.85,25.47,20.99,89.92,4.44,6.98,93.16,11.03
2024-07-17,24.03,26.45,22.22,91.98,7.68,21.26,93.25,10.63
2024-07-18,24.16,26.13,22.95,93.08,9.13,31.23,93.3,7.89
2024-07-19,24.1,26.31,22.86,92.52,8.86,30.94,93.22,8.49
2024-07-20,23.85,24.79,23.18,95.11,8.5,42.66,93.23,8.17
2024-07-21,24.14,25.69,22.99,94.38,7.65,53.32,93.25,7.39
2024-07-22,23.5,24.63,22.62,95.11,7.86,49.7,93.44,5.66
2024-07-23,23.7,24.94,23.06,95.38,8.44,67.95,93.5,7.66
2024-07-24,23.53,24.72,22.66,95.59,8.7,82.6,93.31,6.5
2024-07-25,22.8,23.86,21.4,94.87,8.57,125.97,93.25,3.5
2024-07-26,23.42,25.68,21.53,93.56,9.38,32.11,93.33,8.96
2024-07-27,23.58,25.58,22.57,93.84,8.6,16.61,93.39,7.88
2024-07-28,23.18,24.4,22.34,95.18,7.83,21.94,93.19,7.03
2024-07-29,23.83,26.04,22.5,93.5,7.61,33.27,93.04,6.82
2024-07-30,24.14,27.07,22.36,92.48,6.35,33.79,93.38,8.79
2024-07-31,24.43,27.17,22.35,92.79,6.08,19.25,93.58,9.5
2024-08-01,24.11,25.79,23.2,93.98,7.28,26.05,93.53,11.95
2024-08-02,23.55,24.76,22.81,94.82,8.09,28.65,93.5,8.48
2024-08-03,23.25,24.74,22.26,95.22,8.87,61.46,93.54,6.15
2024-08-04,23.29,24.72,22.28,95.41,7.79,38.81,93.57,4.2
2024-08-05,23.56,26.09,22.18,93.16,6.73,17.23,93.65,9.61
2024-08-06,23.6,26.34,22.04,92.25,5.96,11.41,93.62,11.63
2024-08-07,23.68,26.86,21.61,92.04,5.31,8.94,93.66,8.66
2024-08-08,23.82,27.28,21.88,91.2,5.11,7.59,93.73,11.59
2024-08-09,24.0,27.33,21.65,91.09,5.08,9.15,93.81,9.93
2024-08-10,23.88,27.16,21.62,91.64,4.56,9.13,93.8,9.17
2024-08-11,23.74,26.99,21.87,91.87,5.01,7.13,93.66,13.39
2024-08-12,24.08,27.57,21.9,90.96,4.56,2.95,93.65,14.84
2024-08-13,24.47,28.4,21.54,90.18,3.58,1.45,93.68,17.37
2024-08-14,24.59,28.64,21.4,89.24,2.83,0.16,93.66,18.2
2024-08-15,24.56,28.33,21.88,89.94,3.02,1.03,93.57,18.3
2024-08-16,24.52,27.98,22.13,90.22,2.63,2.21,93.49,18.19
2024-08-17,24.88,28.96,21.68,87.93,2.17,25.82,93.56,17.62
2024-08-18,25.2,28.46,22.29,90.74,1.93,91.08,93.62,17.26
2024-08-19,25.24,28.29,22.96,90.68,1.82,21.86,93.55,14.51
2024-08-20,25.04,27.54,23.07,90.83,1.43,9.79,93.52,13.52
2024-08-21,24.83,28.33,21.33,89.57,2.16,2.53,93.57,18.06
2024-08-22,25.53,28.52,23.12,88.54,1.61,5.15,93.51,16.53
2024-08-23,24.73,27.88,22.31,91.4,2.67,19.69,93.58,12.89
2024-08-24,23.63,25.67,22.43,95.26,4.76,56.66,93.67,5.7
2024-08-25,23.26,24.97,21.8,94.44,7.97,37.34,93.62,7.57
2024-08-26,23.79,25.4,22.88,94.64,8.74,32.96,93.44,10.72
2024-08-27,23.81,25.85,22.5,92.69,8.56,21.23,93.56,12.19
2024-08-28,23.55,25.84,22.0,93.22,7.93,14.03,93.62,11.09
2024-08-29,23.85,26.73,22.34,92.34,6.75,5.32,93.54,14.06
2024-08-30,23.82,26.92,22.06,92.11,4.87,5.95,93.65,15.53
2024-08-31,23.52,26.4,21.66,92.74,4.01,3.49,93.73,16.05
2024-09-01,23.28,25.55,21.64,93.89,4.49,3.92,93.67,8.65
2024-09-02,21.84,23.1,19.83,94.33,5.2,15.01,93.56,6.22
2024-09-03,22.16,24.73,19.43,94.64,4.3,11.51,93.62,10.51
2024-09-04,24.03,27.07,22.36,92.64,6.29,21.15,93.7,13.61
2024-09-05,23.93,26.64,22.41,93.15,6.17,23.09,93.58,12.13
2024-09-06,23.92,27.08,21.94,91.92,6.06,11.11,93.67,12.88
2024-09-07,23.66,27.21,21.59,91.99,4.89,11.12,93.75,13.25
2024-09-08,23.74,27.16,21.46,92.15,4.12,5.1,93.74,16.28
2024-09-09,24.09,27.82,22.09,91.36,4.21,7.51,93.51,14.71
2024-09-10,23.47,26.65,21.64,92.11,4.41,7.52,93.47,12.86
2024-09-11,23.32,26.83,20.98,91.21,4.76,8.58,93.57,13.66
2024-09-12,23.15,26.12,20.75,91.38,4.94,5.07,93.74,13.39
2024-09-13,22.5,25.85,20.25,91.58,4.17,1.71,93.79,18.47
2024-09-14,22.81,26.68,20.28,90.74,4.34,6.72,93.76,19.16
2024-09-15,22.99,26.82,20.2,90.23,4.3,8.73,93.79,11.02
2024-09-16,22.21,26.54,18.89,89.59,2.85,2.06,93.86,17.95
2024-09-17,22.09,26.48,18.94,89.74,3.25,1.39,93.84,20.67
2024-09-18,22.05,27.05,18.38,87.24,2.38,0.37,93.68,22.37
2024-09-19,22.54,27.14,19.54,86.22,1.82,0.01,93.72,20.6
2024-09-20,23.34,28.07,19.62,87.37,2.09,0.68,93.73,19.31
2024-09-21,23.89,28.2,20.88,90.1,2.89,4.05,93.78,16.37
2024-09-22,24.4,28.6,21.39,90.08,3.2,9.86,93.71,18.07
2024-09-23,24.71,28.18,22.37,91.4,3.05,15.16,93.64,13.09
2024-09-24,24.15,26.09,23.14,95.37,4.61,25.2,93.44,9.43
2024-09-25,23.77,25.31,22.53,96.3,4.5,100.15,93.34,9.86
2024-09-26,23.77,26.24,22.15,94.82,4.35,51.88,93.35,9.83
2024-09-27,23.24,25.53,21.88,94.27,6.17,28.71,93.54,8.01
2024-09-28,23.2,26.31,21.02,92.44,4.35,6.87,93.8,12.27
2024-09-29,23.47,27.49,20.31,91.41,2.87,1.3,93.97,18.96
2024-09-30,24.53,29.53,20.67,85.15,1.51,0.48,93.96,22.09
2024-10-01,25.31,29.86,21.14,86.5,1.56,2.06,93.81,20.36
2024-10-02,25.54,29.65,22.46,88.83,2.03,4.84,93.86,16.79
2024-10-03,24.51,28.16,22.17,90.25,2.62,0.4,93.87,18.72
2024-10-04,23.74,27.97,20.78,89.81,2.53,0.08,93.89,19.29
2024-10-05,23.61,28.48,20.31,87.55,1.88,0.01,93.92,22.05
2024-10-06,24.01,28.76,19.52,86.84,2.82,4.91,93.92,18.57
2024-10-07,24.04,28.47,21.0,84.64,3.91,0.13,94.01,19.22
2024-10-08,23.94,28.4,20.26,86.37,3.02,1.93,94.06,15.97
2024-10-09,23.26,26.09,21.31,89.96,2.5,4.01,93.88,9.21
2024-10-10,23.73,27.29,20.87,90.03,3.76,16.72,93.72,12.14
2024-10-11,24.3,28.28,21.33,89.18,3.93,12.44,93.68,16.33
2024-10-12,24.84,29.16,21.64,88.64,3.39,0.63,93.76,15.94
2024-10-13,25.07,28.63,22.03,87.1,2.46,13.13,93.85,18.07
2024-10-14,24.73,28.94,20.39,86.74,2.15,4.08,93.93,18.44
2024-10-15,24.92,28.74,22.06,88.38,2.08,11.05,93.94,14.45
2024-10-16,24.65,28.0,21.77,88.43,2.82,8.67,93.88,14.28
2024-10-17,24.32,27.58,21.8,89.48,3.64,2.18,93.82,11.86
2024-10-18,24.27,27.94,20.71,89.17,4.15,3.51,93.76,15.13
2024-10-19,24.29,27.32,22.42,90.76,1.26,5.57,93.99,16.25
2024-10-20,23.57,27.16,20.38,86.87,2.91,13.89,94.08,17.43
2024-10-21,23.54,27.76,19.36,83.91,2.69,1.24,94.1,15.65
2024-10-22,24.44,28.56,20.63,84.81,2.18,4.49,94.07,18.17
2024-10-23,24.11,28.79,20.77,86.23,2.72,1.91,94.06,19.22
2024-10-24,23.43,29.08,19.57,81.69,2.87,0.0,94.03,18.2
2024-10-25,22.29,28.09,17.6,77.24,2.73,0.0,94.04,18.21
2024-10-26,21.89,28.09,16.77,80.55,3.15,0.0,94.06,19.77
2024-10-27,22.01,28.31,16.48,80.11,2.62,0.0,93.94,20.19
2024-10-28,22.71,28.79,17.51,82.35,1.96,0.0,93.81,19.96
2024-10-29,22.64,28.26,17.62,80.67,2.2,0.89,93.9,18.31
2024-10-30,23.02,28.24,17.42,77.42,2.07,0.31,93.98,18.35
2024-10-31,23.28,28.71,19.05,81.2,3.29,0.07,94.07,14.8
2024-11-01,22.89,28.44,19.0,79.99,3.31,0.22,94.2,14.79
2024-11-02,22.0,28.3,17.54,75.39,3.49,0.0,94.22,17.27
2024-11-03,21.29,27.67,16.03,76.94,3.2,0.0,94.22,18.07
2024-11-04,21.4,27.19,16.69,78.44,3.55,0.0,94.12,16.66
2024-11-05,21.42,27.15,16.56,76.49,3.31,0.0,94.19,17.2
2024-11-06,21.3,28.03,16.47,78.45,3.43,0.0,94.26,18.18
2024-11-07,21.04,27.42,16.36,80.33,3.88,0.0,94.23,17.75
2024-11-08,20.94,27.06,16.45,80.28,3.88,0.0,94.22,17.28
2024-11-09,20.68,26.95,15.66,76.94,3.39,0.0,94.21,17.59
2024-11-10,20.72,26.95,16.25,80.51,3.21,0.0,94.21,15.92
2024-11-11,20.17,26.04,15.86,79.02,3.57,0.0,94.18,15.87
2024-11-12,19.66,25.98,15.3,78.55,4.07,0.0,94.11,17.12
2024-11-13,20.34,26.94,14.8,80.4,4.17,0.0,93.99,17.57
2024-11-14,21.81,27.6,16.29,83.32,3.63,0.01,94.07,16.66
2024-11-15,21.0,23.09,18.58,90.32,3.56,2.59,94.19,9.93
2024-11-16,22.68,27.78,18.4,80.3,2.98,0.94,94.08,13.16
2024-11-17,21.16,27.21,16.67,79.14,3.89,0.0,94.11,15.47
2024-11-18,18.85,26.0,13.82,72.43,4.29,0.0,94.17,17.99
2024-11-19,18.15,25.11,13.17,76.82,3.92,0.0,94.24,17.44
2024-11-20,18.09,25.11,12.62,76.09,3.83,0.0,94.2,17.19
2024-11-21,18.33,25.4,12.21,74.16,2.96,0.0,94.16,17.11
2024-11-22,18.59,25.63,12.49,74.54,2.78,0.0,94.1,16.56
2024-11-23,19.09,26.06,12.89,73.01,2.41,0.0,94.18,15.96
2024-11-24,18.56,25.36,12.68,76.39,2.89,0.0,94.22,15.06
2024-11-25,17.81,24.95,12.44,75.75,3.85,0.0,94.18,14.91
2024-11-26,17.29,24.65,12.08,75.7,4.37,0.0,94.16,15.71
2024-11-27,17.08,24.6,11.7,73.36,4.71,0.0,94.09,17.11
2024-11-28,16.86,24.29,11.98,72.96,5.31,0.0,94.1,17.45
2024-11-29,16.63,24.84,10.5,68.85,4.51,0.0,94.09,18.0
2024-11-30,18.5,26.27,11.48,73.19,3.42,0.0,93.96,15.52
2024-12-01,21.11,26.93,16.29,85.14,3.24,0.0,93.79,12.78
2024-12-02,22.41,27.77,18.59,85.93,3.96,0.0,93.78,12.57
2024-12-03,23.21,28.33,19.45,85.17,4.53,0.14,93.93,12.45
2024-12-04,23.79,28.41,20.3,84.78,3.71,0.42,94.03,13.74
2024-12-05,23.6,28.76,19.73,83.41,2.93,0.46,94.1,15.59
2024-12-06,23.17,27.95,19.62,83.73,2.24,0.05,94.07,13.98
2024-12-07,22.03,28.38,17.48,80.67,2.59,0.0,94.0,16.32
2024-12-08,20.13,26.46,15.17,68.78,2.55,0.0,94.03,17.75
2024-12-09,17.66,26.22,10.43,63.71,3.12,0.0,94.05,17.2
2024-12-10,18.0,26.32,10.78,62.86,4.01,0.0,94.1,17.18
2024-12-11,19.03,26.7,12.8,71.53,3.4,0.0,94.13,16.76
2024-12-12,18.24,26.15,11.48,67.69,2.86,0.0,94.1,16.78
2024-12-13,17.44,25.84,11.55,67.21,4.65,0.0,94.17,17.29
2024-12-14,17.02,25.69,10.56,66.06,4.87,0.0,94.28,16.74
2024-12-15,17.41,26.6,10.8,61.52,4.41,0.0,94.35,16.55
2024-12-16,16.96,26.25,9.52,52.08,4.08,0.0,94.23,18.28
2024-12-17,17.16,26.47,9.24,56.32,3.39,0.0,94.12,17.57
2024-12-18,18.13,26.46,10.03,52.31,2.74,0.0,94.06,17.45
2024-12-19,18.88,27.9,11.6,63.84,2.92,0.0,93.99,16.58
2024-12-20,19.44,27.2,13.24,74.28,1.99,0.0,93.96,15.84
2024-12-21,19.32,26.89,13.5,85.51,2.08,0.0,93.98,15.14
2024-12-22,19.88,26.34,15.26,86.97,2.38,0.0,94.04,15.51
2024-12-23,19.95,25.6,16.62,86.94,2.34,0.0,94.05,12.82
2024-12-24,19.82,26.76,15.54,84.46,2.43,0.0,94.07,11.49
2024-12-25,20.21,27.08,14.29,78.36,2.23,0.0,94.16,13.01
2024-12-26,20.68,27.24,15.72,79.04,2.83,0.0,94.33,12.77
2024-12-27,20.93,27.48,16.13,86.28,3.2,0.01,94.38,13.66
2024-12-28,21.86,27.94,17.71,84.0,2.71,1.12,94.36,15.31
2024-12-29,21.2,27.52,16.54,79.04,2.94,0.28,94.4,15.36
2024-12-30,21.06,27.78,15.67,71.68,3.03,0.0,94.41,15.9
2024-12-31,20.79,28.45,15.13,69.96,3.39,0.0,94.43,16.22
2025-01-01,20.53,27.68,14.75,70.32,3.8,0.0,94.33,16.03
2025-01-02,19.68,28.53,13.79,62.82,4.2,0.0,94.33,17.49
2025-01-03,18.57,27.94,11.56,51.44,4.51,0.0,94.33,19.26
2025-01-04,19.91,28.66,11.94,44.31,3.64,0.0,94.18,18.74
2025-01-05,19.77,28.06,12.52,53.53,2.7,0.0,94.13,17.58
2025-01-06,19.59,27.62,13.79,62.17,1.66,0.0,94.12,17.04
2025-01-07,18.51,27.48,11.59,62.51,3.31,0.0,94.17,17.15
2025-01-08,18.04,26.42,11.69,60.86,3.98,0.0,94.18,16.27
2025-01-09,17.73,26.43,10.81,53.48,4.08,0.0,94.21,16.5
2025-01-10,19.05,26.7,11.84,62.09,3.29,0.0,94.29,15.3
2025-01-11,19.07,26.94,13.77,72.28,3.04,0.0,94.28,13.6
2025-01-12,19.18,27.55,12.92,72.08,2.38,0.0,94.25,14.33
2025-01-13,19.99,27.81,14.24,70.98,3.96,0.0,94.16,15.29
2025-01-14,21.12,28.34,13.89,66.11,3.11,0.0,94.18,15.61
2025-01-15,21.57,27.77,16.32,73.47,2.63,0.0,94.29,14.83
2025-01-16,21.43,27.11,16.41,73.33,2.51,0.0,94.31,15.44
2025-01-17,20.57,28.05,15.29,61.5,4.96,0.0,94.21,15.57
2025-01-18,19.82,28.03,13.76,58.6,4.83,0.0,94.18,16.23
2025-01-19,20.14,28.62,13.77,58.4,3.86,0.0,94.24,16.29
2025-01-20,20.41,29.06,13.32,53.44,3.45,0.0,94.18,17.67
2025-01-21,20.35,29.4,12.12,48.78,2.58,0.0,94.09,18.1
2025-01-22,20.63,30.16,12.11,51.0,2.57,0.0,94.04,18.56
2025-01-23,20.84,30.31,12.7,56.9,2.93,0.0,94.02,18.52
2025-01-24,22.35,31.58,14.43,56.26,3.08,0.0,93.97,18.18
2025-01-25,22.88,31.74,15.22,54.32,3.03,0.0,94.09,19.73
2025-01-26,22.91,31.33,14.86,49.5,3.05,0.0,94.1,19.85
2025-01-27,22.75,31.85,15.0,50.86,2.35,0.0,93.99,18.36
2025-01-28,23.06,32.17,16.66,49.73,2.06,0.0,93.99,16.28
2025-01-29,23.04,32.54,16.63,49.27,1.97,0.0,94.13,18.13
2025-01-30,21.95,31.59,14.49,52.84,2.73,0.0,94.05,18.48
2025-01-31,21.73,31.13,15.83,51.13,2.52,0.0,93.98,18.9
2025-02-01,21.37,31.66,14.43,53.34,2.62,0.0,94.04,19.71
2025-02-02,22.28,32.33,14.49,51.46,2.42,0.0,94.05,19.37
2025-02-03,22.85,32.62,16.27,53.93,2.52,0.0,94.09,18.83
2025-02-04,22.02,32.3,15.15,52.28,2.83,0.0,94.14,19.11
2025-02-05,21.81,31.87,13.48,52.65,2.86,0.0,94.04,19.81
2025-02-06,23.42,32.43,15.19,47.52,3.08,0.0,94.02,19.4
2025-02-07,23.85,32.52,16.48,49.81,3.08,0.0,94.17,18.69
2025-02-08,24.19,32.85,16.56,49.76,2.25,0.0,94.16,17.57
2025-02-09,24.46,32.56,17.56,51.03,2.08,0.0,94.11,17.12
2025-02-10,23.85,32.34,17.12,50.96,2.34,0.0,94.21,16.83
2025-02-11,23.29,32.73,16.18,45.61,2.74,0.0,94.26,18.51
2025-02-12,23.28,33.53,16.01,39.58,2.48,0.0,94.27,20.61
2025-02-13,23.48,34.41,14.36,34.85,3.35,0.0,94.25,21.98
2025-02-14,23.42,33.52,15.25,35.83,3.61,0.0,94.23,22.09
2025-02-15,23.66,34.1,15.41,35.12,3.52,0.0,94.14,22.61
2025-02-16,23.43,34.3,15.11,34.76,3.23,0.0,94.17,22.63
2025-02-17,23.9,34.66,15.26,38.47,2.7,0.0,94.23,22.63
2025-02-18,24.16,34.92,15.78,38.87,3.14,0.0,94.21,22.15
2025-02-19,23.88,34.48,15.73,41.93,3.07,0.0,94.09,22.09
2025-02-20,24.11,34.3,15.34,38.96,3.19,0.0,94.16,22.28
2025-02-21,24.77,34.7,16.96,34.49,3.82,0.0,94.29,22.24
2025-02-22,25.09,35.33,17.21,34.4,3.41,0.0,94.34,22.21
2025-02-23,24.82,35.04,16.76,34.36,3.31,0.0,94.32,23.14
2025-02-24,24.82,34.13,16.3,31.75,3.23,0.0,94.37,22.97
2025-02-25,25.14,34.41,16.46,31.79,3.31,0.0,94.42,20.58
2025-02-26,25.23,34.72,16.77,37.2,4.0,0.0,94.43,21.83
2025-02-27,25.67,34.97,17.59,34.83,3.54,0.0,94.28,22.05
2025-02-28,25.68,35.19,16.89,38.3,2.56,0.0,94.13,20.65
2025-03-01,26.1,35.15,18.7,40.35,3.15,0.0,94.09,20.61
2025-03-02,26.26,36.16,18.78,36.42,3.04,0.0,94.01,20.5
2025-03-03,26.45,36.38,17.81,34.42,3.59,0.0,94.08,21.36
2025-03-04,26.46,36.5,18.17,32.53,4.0,0.0,94.13,23.49
2025-03-05,25.44,36.16,16.45,24.48,3.39,0.0,94.12,24.82
2025-03-06,24.75,36.25,15.2,17.97,3.48,0.0,94.17,25.8
2025-03-07,24.94,36.11,15.01,21.06,3.12,0.0,94.03,25.56
2025-03-08,25.9,37.05,16.85,27.98,3.11,0.0,93.87,24.8
2025-03-09,26.77,37.47,17.34,29.54,2.92,0.0,93.89,24.9
2025-03-10,27.7,36.97,19.15,30.42,4.29,0.0,94.13,22.69
2025-03-11,28.09,36.73,20.01,32.67,3.71,0.0,94.21,22.6
2025-03-12,27.97,37.64,19.39,34.77,2.39,0.0,94.07,22.96
2025-03-13,28.38,38.12,20.27,36.33,2.94,0.0,93.95,23.11
2025-03-14,28.19,37.57,21.08,32.19,3.15,0.0,93.99,22.88
2025-03-15,28.39,37.88,20.22,30.78,2.65,0.0,94.0,22.72
2025-03-16,28.38,37.1,22.53,32.46,3.01,0.0,94.05,22.9
2025-03-17,27.83,37.02,20.58,30.47,3.85,0.0,94.03,23.37
2025-03-18,28.12,38.25,21.27,30.1,2.9,0.0,94.0,24.14
2025-03-19,27.17,38.02,19.21,37.59,2.78,0.0,94.08,24.28
2025-03-20,27.37,37.39,19.69,29.5,3.5,0.0,94.22,23.84
2025-03-21,25.6,35.55,17.72,33.97,3.48,0.0,94.28,25.24
2025-03-22,25.85,36.77,16.72,38.59,2.85,0.0,94.17,26.63
2025-03-23,27.46,38.23,18.19,37.03,2.39,0.0,94.16,25.46
2025-03-24,28.01,38.23,18.84,31.34,2.48,0.0,94.14,23.94
2025-03-25,28.5,38.57,19.26,28.12,2.57,0.0,93.89,23.44
2025-03-26,27.74,38.46,20.23,41.04,3.03,0.0,93.78,24.01
2025-03-27,25.95,34.23,19.48,48.55,3.82,0.0,93.88,22.29
2025-03-28,27.88,37.73,18.98,35.25,2.82,0.0,93.79,23.56
2025-03-29,29.64,39.26,20.79,23.9,2.99,0.0,93.71,20.21
2025-03-30,29.89,38.93,22.15,25.76,2.99,0.0,93.77,17.79
2025-03-31,30.25,37.81,23.1,30.05,2.05,0.0,93.81,17.79
2025-04-01,30.37,37.44,24.08,32.56,2.59,0.56,93.75,11.33
2025-04-02,30.48,37.57,24.66,37.44,2.91,0.39,93.82,19.82
2025-04-03,28.8,35.93,23.29,50.06,2.05,4.31,94.04,20.83
2025-04-04,27.94,35.8,21.71,51.98,2.44,2.25,94.12,20.83
2025-04-05,28.44,37.37,20.55,37.73,3.16,1.26,94.0,24.14
2025-04-06,28.95,39.33,19.39,31.79,3.08,0.0,93.9,25.8
2025-04-07,30.31,40.39,21.05,25.08,2.65,0.0,93.89,25.76
2025-04-08,30.98,40.83,22.11,22.63,2.58,0.0,93.95,25.03
2025-04-09,30.81,40.95,22.31,27.81,3.14,0.0,93.87,25.12
2025-04-10,29.1,39.76,20.73,48.95,3.49,0.0,93.71,23.76
2025-04-11,27.46,36.7,19.98,52.05,3.66,0.0,93.72,24.99
2025-04-12,27.05,36.63,19.25,49.49,3.96,0.0,93.88,27.07
2025-04-13,29.07,39.31,19.51,37.96,3.59,0.0,93.94,25.17
2025-04-14,29.6,39.8,20.65,36.44,4.09,0.0,93.89,26.83
2025-04-15,29.42,40.17,20.04,35.8,3.93,0.0,93.83,26.55
2025-04-16,29.18,40.51,20.33,48.13,4.06,0.0,93.82,26.13
2025-04-17,29.34,40.33,20.76,52.76,4.12,0.0,93.77,26.12
2025-04-18,29.69,40.8,20.77,51.44,3.68,0.0,93.71,25.65
2025-04-19,29.4,39.35,21.11,47.66,4.43,0.0,93.78,25.82
2025-04-20,29.49,39.78,20.98,40.59,3.96,0.0,93.8,25.89
2025-04-21,29.82,40.62,20.92,44.22,3.63,0.0,93.94,24.87
2025-04-22,31.28,41.82,21.13,33.66,2.84,0.01,93.95,25.34
2025-04-23,31.42,41.98,22.78,35.26,2.94,0.02,93.83,24.12
2025-04-24,30.6,41.2,21.86,40.2,2.83,0.01,93.73,24.6
2025-04-25,30.49,40.84,22.34,37.58,2.7,0.0,93.77,23.36
2025-04-26,30.58,40.99,22.0,35.81,2.53,0.0,93.77,23.21
2025-04-27,30.53,40.67,21.9,35.59,3.32,0.0,93.8,26.17
2025-04-28,30.61,40.83,21.29,41.94,2.87,0.01,93.7,26.65
2025-04-29,30.25,40.46,21.41,42.28,3.51,0.0,93.68,25.99
2025-04-30,30.17,39.3,22.26,41.74,4.08,0.0,93.77,25.37
2025-05-01,30.67,41.56,21.23,38.39,3.87,0.0,93.81,26.38
2025-05-02,30.31,40.93,20.95,39.84,4.27,0.0,93.83,27.17
2025-05-03,29.23,38.57,21.67,41.54,4.06,0.0,93.83,26.97
2025-05-04,27.01,35.38,20.31,52.78,4.07,0.0,93.77,27.33
2025-05-05,28.07,37.38,20.38,54.67,3.68,0.0,93.76,26.03
2025-05-06,26.27,32.56,21.81,58.63,3.23,0.71,93.88,26.5
2025-05-07,25.22,31.12,21.15,66.34,4.13,4.5,93.81,21.88
2025-05-08,24.34,28.17,21.64,77.84,3.94,8.88,93.78,16.2
2025-05-09,25.58,31.71,21.19,74.48,3.4,7.86,93.82,20.42
2025-05-10,27.13,35.08,21.5,63.6,2.94,1.84,93.81,25.27
2025-05-11,27.72,36.29,21.57,61.16,2.92,0.97,93.74,23.31
2025-05-12,28.06,35.27,22.55,62.84,2.41,2.74,93.67,21.95
2025-05-13,27.74,34.75,22.61,68.58,2.01,11.94,93.68,17.72
2025-05-14,27.47,34.26,22.71,70.33,1.76,8.37,93.73,18.78
2025-05-15,27.72,34.25,22.76,70.45,2.35,2.29,93.73,20.64
2025-05-16,27.07,32.86,23.35,75.04,2.09,7.11,93.72,15.08
2025-05-17,27.07,32.84,23.12,74.47,2.86,2.78,93.7,19.2
2025-05-18,26.43,30.75,23.79,79.39,2.74,2.89,93.6,17.19
2025-05-19,26.3,30.33,23.81,82.44,2.63,13.8,93.51,15.39
2025-05-20,27.2,31.86,23.61,81.14,2.35,32.16,93.45,15.81
2025-05-21,26.66,31.04,23.77,82.14,1.95,18.35,93.44,13.02
2025-05-22,25.48,28.62,23.55,86.45,1.88,24.61,93.38,9.57
2025-05-23,24.64,27.2,22.12,83.56,4.0,20.13,93.15,11.1
2025-05-24,24.57,29.37,20.81,82.29,4.1,34.22,93.1,7.77
2025-05-25,23.98,26.24,22.95,90.81,6.6,62.15,93.23,4.25
2025-05-26,24.5,27.68,22.45,90.15,6.61,75.58,93.27,4.57
2025-05-27,24.27,26.41,22.77,92.14,4.48,31.51,93.28,5.0
2025-05-28,24.91,28.09,22.82,87.38,5.46,9.42,93.33,10.28
2025-05-29,25.43,28.57,23.57,88.28,5.85,9.5,93.2,16.73
2025-05-30,25.85,29.79,23.33,84.4,6.38,0.64,93.28,20.78
2025-05-31,25.52,29.72,23.04,84.04,5.84,1.78,93.62,20.49
2025-06-01,25.49,29.59,23.0,84.14,5.66,5.88,93.66,16.17
2025-06-02,25.25,29.3,22.87,85.32,5.81,3.53,93.56,20.24
2025-06-03,25.01,29.11,21.94,85.19,5.45,6.5,93.63,18.79
2025-06-04,24.66,28.92,21.24,84.24,4.19,5.06,93.71,11.07
2025-06-05,24.74,29.84,20.54,82.6,2.91,3.27,93.88,19.1
2025-06-06,25.43,30.51,21.8,82.88,2.76,12.28,93.92,16.91
2025-06-07,24.34,27.3,22.29,87.91,2.8,12.15,93.93,12.8
2025-06-08,25.18,30.01,21.86,83.92,3.49,0.34,93.88,21.43
2025-06-09,25.57,30.19,22.71,83.63,4.83,0.32,93.78,17.9
2025-06-10,25.36,30.28,21.76,82.41,4.91,0.09,93.58,19.43
2025-06-11,25.23,28.69,22.78,86.32,5.04,4.42,93.45,14.43
2025-06-12,24.98,26.77,23.57,91.97,5.05,18.5,93.32,12.53
2025-06-13,25.16,27.72,23.24,90.14,4.03,28.77,93.21,13.32
2025-06-14,25.89,29.47,23.58,88.55,2.4,21.89,93.1,14.09
2025-06-15,24.81,27.4,23.04,89.99,5.81,27.97,92.85,10.11
2025-06-16,24.5,26.26,23.71,92.26,9.54,58.18,92.98,4.29
2025-06-17,25.1,27.98,23.37,87.3,8.85,17.85,93.28,16.75
2025-06-18,25.14,27.99,23.48,89.67,8.92,56.87,93.34,8.8
2025-06-19,24.32,26.25,23.02,93.12,8.69,55.84,93.4,4.7
2025-06-20,24.81,27.7,22.89,89.64,8.09,15.68,93.53,14.17
2025-06-21,24.71,27.42,22.97,89.05,7.74,8.56,93.6,14.64
2025-06-22,24.56,27.39,22.67,89.02,7.75,7.49,93.51,16.29
2025-06-23,24.53,27.36,22.87,89.27,9.04,24.51,93.37,10.28
2025-06-24,24.38,26.47,22.91,89.56,8.49,17.19,93.26,10.72
2025-06-25,24.58,27.7,22.73,89.3,8.61,7.5,93.22,9.92
2025-06-26,24.29,27.59,22.83,90.56,7.81,10.94,93.27,9.36
2025-06-27,24.22,26.98,22.47,90.17,8.11,13.96,93.34,10.91
2025-06-28,24.15,27.27,22.13,88.79,8.46,8.29,93.46,17.09
2025-06-29,23.56,25.41,22.59,92.38,7.91,10.78,93.47,13.3
2025-06-30,24.08,26.26,22.68,91.56,8.22,14.41,93.44,11.81
2025-07-01,24.07,26.9,22.4,90.9,7.8,15.54,93.46,11.34
2025-07-02,23.72,25.32,22.82,92.89,7.25,26.62,93.36,9.48
2025-07-03,24.02,26.38,22.56,91.01,8.43,24.92,93.39,11.9
2025-07-04,24.11,26.79,22.61,90.94,8.99,17.47,93.48,13.42
2025-07-05,23.82,25.83,22.4,92.92,8.67,28.82,93.47,10.69
2025-07-06,23.45,26.08,22.15,92.31,8.64,21.56,93.41,8.3
2025-07-07,23.4,25.49,22.1,92.18,7.61,12.65,93.47,9.95
2025-07-08,23.22,25.35,21.98,93.26,7.0,6.2,93.54,9.36
2025-07-09,23.57,26.12,21.92,91.87,6.65,14.93,93.55,11.1
2025-07-10,23.84,26.91,21.7,91.52,5.13,8.14,93.53,15.51
2025-07-11,23.94,27.14,22.05,90.49,4.98,10.48,93.55,13.93
2025-07-12,23.81,26.69,21.99,91.05,5.4,8.24,93.59,15.01
2025-07-13,23.96,27.31,21.93,90.29,6.23,9.1,93.55,13.34
2025-07-14,24.2,26.88,22.27,90.83,7.44,24.9,93.44,9.14
2025-07-15,24.24,27.17,22.5,90.95,6.27,31.06,93.38,6.91
2025-07-16,24.44,28.13,22.18,90.16,5.08,8.21,93.4,14.91
2025-07-17,24.24,27.76,21.86,90.19,4.21,2.39,93.46,14.68
2025-07-18,24.08,27.79,21.78,89.04,4.58,2.63,93.5,13.79
2025-07-19,23.88,27.18,21.56,89.86,4.57,5.41,93.31,13.99
2025-07-20,24.19,27.43,21.62,90.04,4.55,13.35,93.23,10.84
2025-07-21,24.21,27.25,22.26,91.04,4.97,23.5,93.36,10.39
2025-07-22,23.99,26.77,22.18,91.14,5.64,22.44,93.42,9.78
2025-07-23,23.68,25.82,22.48,92.85,6.36,35.04,93.31,7.58
2025-07-24,23.94,26.5,22.42,92.4,6.84,31.91,93.16,8.31
2025-07-25,23.79,25.62,22.68,94.28,7.43,50.98,93.15,5.06
2025-07-26,23.05,24.23,22.22,95.27,8.77,41.35,93.25,7.59
2025-07-27,23.2,25.35,22.0,92.71,9.65,24.51,93.34,8.08
2025-07-28,23.12,25.7,21.68,92.0,9.55,13.56,93.45,8.05
2025-07-29,22.68,24.93,21.63,93.07,9.73,11.38,93.48,9.69
2025-07-30,22.85,25.09,21.46,92.86,7.65,7.6,93.46,7.56
2025-07-31,23.43,26.55,21.59,91.2,6.91,6.16,93.55,8.73
2025-08-01,23.52,26.93,21.17,90.54,5.65,4.22,93.59,12.38
2025-08-02,23.37,26.85,21.18,90.82,4.5,6.78,93.61,11.26
2025-08-03,23.86,28.35,20.95,89.61,3.79,3.97,93.68,15.78
2025-08-04,23.86,27.81,21.1,89.66,3.77,1.61,93.77,15.22
2025-08-05,23.62,26.78,21.49,90.69,2.95,3.32,93.74,12.78
2025-08-06,23.85,27.81,21.15,89.57,2.93,2.82,93.68,9.22
2025-08-07,23.78,26.84,21.9,91.45,2.78,2.48,93.65,13.82
2025-08-08,23.85,27.53,21.33,89.55,2.64,5.9,93.73,9.77
2025-08-09,23.42,26.84,21.01,88.97,2.99,7.14,93.88,13.39
2025-08-10,23.16,27.13,20.09,89.01,2.76,7.22,93.8,16.0
2025-08-11,22.94,25.66,20.93,91.27,3.69,8.19,93.81,15.34
2025-08-12,22.97,26.23,20.69,90.09,3.75,4.56,93.69,13.77
2025-08-13,23.29,27.11,21.1,91.32,4.05,13.99,93.49,8.16
2025-08-14,23.07,26.06,21.19,91.93,4.05,15.12,93.46,10.97
2025-08-15,23.09,25.96,20.99,93.22,4.35,35.45,93.38,6.36
2025-08-16,23.06,25.41,21.56,92.98,5.09,42.9,93.26,5.4
2025-08-17,23.45,25.58,22.07,94.36,5.7,38.57,93.17,9.24
2025-08-18,22.66,23.87,21.65,95.63,7.18,68.26,93.38,5.16
2025-08-19,22.67,24.37,21.41,95.88,8.27,102.06,93.34,3.57
2025-08-20,22.49,24.01,21.39,94.78,8.45,52.99,93.43,7.47
2025-08-21,22.91,25.41,21.37,92.98,7.26,7.93,93.72,11.55
2025-08-22,22.98,25.91,21.22,92.18,6.81,6.66,93.77,10.62
2025-08-23,22.75,25.58,21.21,91.74,7.46,7.57,93.72,12.73
2025-08-24,22.58,25.69,20.88,91.01,7.44,7.9,93.77,13.43
2025-08-25,22.59,25.0,20.98,92.43,6.76,18.87,93.7,7.23
2025-08-26,22.97,25.77,21.23,92.91,5.84,12.64,93.65,7.05
2025-08-27,22.77,24.98,20.88,94.31,3.98,17.65,93.56,9.07
2025-08-28,23.34,26.46,21.79,93.57,4.28,13.36,93.44,8.33
2025-08-29,23.48,27.01,20.97,91.75,3.69,17.78,93.44,8.01
2025-08-30,23.88,27.59,21.48,91.51,4.43,8.16,93.59,13.17
2025-08-31,23.66,27.18,21.56,91.75,5.13,10.62,93.63,9.92
2025-09-01,23.17,26.04,21.52,92.57,6.23,11.74,93.49,10.59
2025-09-02,23.38,26.67,21.56,92.13,5.6,8.31,93.44,9.01
2025-09-03,23.34,26.66,21.52,91.81,5.09,7.05,93.46,14.3
2025-09-04,22.77,25.6,21.16,92.0,5.22,5.78,93.51,9.79
2025-09-05,23.14,26.23,21.28,91.6,5.73,19.42,93.58,8.72
2025-09-06,22.51,24.37,21.15,93.79,5.19,14.42,93.7,9.48
2025-09-07,22.89,26.05,20.84,91.63,5.28,11.83,93.73,6.56
2025-09-08,22.83,26.78,20.09,91.43,3.7,2.27,93.74,9.56
2025-09-09,23.12,27.77,19.53,89.56,2.57,0.12,93.86,19.68
2025-09-10,23.41,28.32,20.01,88.42,2.46,0.4,93.89,18.68
2025-09-11,23.09,26.85,20.18,89.19,2.89,0.41,93.86,16.83
2025-09-12,22.93,26.63,20.61,89.18,2.63,5.59,93.88,12.58
2025-09-13,23.02,26.56,20.82,91.71,2.43,19.96,93.84,9.9
2025-09-14,23.95,27.73,21.27,90.95,2.72,30.63,93.78,10.46
2025-09-15,23.16,25.18,21.79,95.22,4.31,57.41,93.71,3.98
2025-09-16,22.96,25.63,21.02,93.67,2.62,15.14,93.75,5.22
2025-09-17,23.75,27.08,21.09,90.9,1.93,4.9,93.73,12.93
2025-09-18,23.87,27.18,21.67,92.29,2.98,35.0,93.7,10.7
2025-09-19,23.01,25.1,21.51,94.22,2.57,23.05,93.81,9.53
2025-09-20,23.3,26.79,20.7,92.12,3.07,9.46,93.82,12.08
2025-09-21,23.64,27.28,20.97,91.81,2.97,9.44,93.77,11.59
2025-09-22,23.12,26.16,21.28,93.25,3.63,19.08,93.82,7.54
2025-09-23,22.01,24.89,20.17,91.49,3.65,15.85,93.91,9.49
2025-09-24,22.48,26.43,19.7,90.96,3.22,1.66,93.76,15.99
2025-09-25,22.41,26.21,19.27,91.0,2.87,2.19,93.71,17.64
2025-09-26,22.27,24.79,20.18,92.69,2.88,11.68,93.71,9.93
2025-09-27,23.01,25.8,21.28,94.72,4.49,43.17,93.65,4.93
2025-09-28,22.66,23.68,21.4,96.42,7.06,53.74,93.39,3.55
2025-09-29,21.64,23.81,19.82,93.57,6.97,14.82,93.49,8.68
2025-09-30,21.98,25.47,19.47,92.64,4.65,6.93,93.56,13.68
2025-10-01,22.59,26.15,20.04,91.87,4.49,6.49,93.52,16.35
2025-10-02,22.63,25.94,20.09,91.97,3.7,6.77,93.71,15.4
2025-10-03,23.09,27.2,19.71,90.85,2.71,2.19,93.94,16.29
2025-10-04,23.22,27.23,19.93,89.98,2.48,2.68,94.05,18.62
2025-10-05,22.92,26.59,20.43,90.62,2.79,2.22,94.05,14.27
2025-10-06,22.14,25.79,19.35,90.81,2.83,1.6,94.12,18.84
2025-10-07,22.66,26.93,19.44,90.07,2.41,3.26,94.11,18.24
2025-10-08,23.33,28.67,19.47,87.05,2.05,2.08,94.08,19.88
2025-10-09,22.73,27.11,19.26,84.13,2.49,2.7,94.14,19.61
2025-10-10,22.55,28.48,17.49,80.78,2.62,0.0,93.99,21.31
2025-10-11,22.29,28.02,17.36,79.33,2.79,0.0,93.99,20.48
2025-10-12,21.56,27.53,16.55,78.07,3.36,0.0,93.96,21.44
2025-10-13,21.29,27.47,16.04,76.39,3.37,0.0,94.01,21.65
2025-10-14,21.19,27.65,15.48,76.42,3.22,0.0,93.86,21.57
2025-10-15,22.77,28.42,17.04,83.17,3.31,1.64,93.75,14.61
2025-10-16,24.14,28.79,20.69,85.82,3.13,1.02,93.83,19.21
2025-10-17,23.53,28.67,20.1,83.1,3.93,0.67,93.97,20.85
2025-10-18,23.16,28.67,18.69,80.25,3.4,0.0,93.94,19.23
2025-10-19,22.87,28.17,19.13,82.22,3.99,0.0,93.81,18.75
2025-10-20,22.35,27.72,18.82,81.69,4.54,0.01,93.78,19.7
2025-10-21,23.3,28.22,19.83,84.08,4.16,5.33,93.86,14.68
2025-10-22,23.88,28.9,20.42,85.58,4.05,2.06,93.91,16.77
2025-10-23,23.6,28.09,20.48,85.05,5.11,8.22,93.82,17.99
2025-10-24,23.81,27.9,21.35,88.14,4.14,6.63,93.78,12.91
2025-10-25,23.15,26.97,20.67,88.76,3.37,6.51,93.73,11.97
2025-10-26,23.09,27.92,19.68,87.54,3.99,22.77,93.73,12.59
2025-10-27,23.18,27.35,20.4,90.11,3.53,9.95,93.68,13.76
2025-10-28,23.47,27.29,20.61,86.14,3.19,1.94,93.68,14.4
2025-10-29,23.35,27.41,20.73,90.59,2.22,7.84,93.59,17.42
2025-10-30,23.07,26.83,20.34,90.46,3.93,10.66,93.71,10.59
2025-10-31,22.31,26.14,19.6,90.81,3.98,6.7,93.91,7.82
2025-11-01,22.67,27.21,19.57,91.64,3.5,7.19,94.05,8.91
2025-11-02,22.59,26.63,20.05,91.56,2.97,6.43,94.21,13.11
2025-11-03,22.46,26.66,19.64,90.75,2.67,2.91,94.17,14.38
2025-11-04,21.9,25.99,19.31,90.54,2.85,0.77,94.12,16.93
2025-11-05,20.89,25.99,17.2,83.91,1.85,0.08,94.03,16.77
2025-11-06,20.72,25.93,16.23,84.58,1.78,0.06,94.07,16.92
2025-11-07,20.41,26.96,15.54,77.92,2.85,0.01,94.19,19.16
2025-11-08,18.89,26.2,12.37,67.33,3.06,0.0,94.28,20.34
2025-11-09,18.52,25.34,11.96,68.73,2.24,0.0,94.17,20.58
2025-11-10,18.4,25.34,11.06,66.25,2.12,0.0,94.13,20.29
2025-11-11,18.27,25.18,11.29,68.25,2.18,0.0,94.21,19.59
2025-11-12,17.75,25.14,12.0,73.01,3.39,0.0,94.28,18.97
2025-11-13,17.7,25.47,11.97,72.2,3.62,0.0,94.34,18.8
2025-11-14,17.15,24.6,12.06,72.2,4.02,0.0,94.28,18.9
2025-11-15,16.52,24.63,10.75,71.06,4.13,0.0,94.35,19.23
2025-11-16,16.56,24.58,10.94,73.45,4.49,0.0,94.46,19.14
2025-11-17,16.24,24.02,10.96,72.96,4.56,0.0,94.4,19.23
2025-11-18,15.97,24.11,9.8,71.55,4.41,0.0,94.24,19.05
2025-11-19,16.95,25.67,10.55,72.16,3.67,0.0,94.22,18.78
2025-11-20,16.67,24.76,10.87,72.61,4.08,0.0,94.28,18.34
2025-11-21,18.77,25.97,12.25,75.48,3.85,0.0,94.35,17.76
2025-11-22,20.51,27.28,15.11,77.42,3.31,0.0,94.29,18.37
2025-11-23,21.4,27.79,15.04,73.59,2.27,0.0,94.26,16.29
2025-11-24,20.97,26.62,16.38,79.47,2.73,0.0,94.27,16.77
2025-11-25,20.55,26.5,15.75,74.08,3.32,0.0,94.27,16.43
2025-11-26,19.77,26.0,14.9,76.72,3.5,0.0,94.25,14.92
2025-11-27,20.0,26.48,15.16,79.03,3.78,0.0,94.32,15.66
2025-11-28,19.72,26.01,15.26,81.49,3.87,0.0,94.26,15.52
2025-11-29,17.94,25.12,13.55,71.79,4.54,0.0,94.15,15.08
2025-11-30,17.64,24.74,13.03,75.72,3.69,0.0,94.13,16.25
2025-12-01,18.61,26.03,13.36,76.37,3.39,0.0,94.11,16.36
2025-12-02,18.62,26.05,12.82,73.09,2.84,0.0,94.1,14.01
2025-12-03,19.0,25.96,14.11,77.79,4.06,0.0,94.2,15.57
2025-12-04,20.0,27.09,13.99,78.09,3.68,0.0,94.3,15.37
2025-12-05,20.44,26.78,16.39,79.78,4.33,0.0,94.41,13.29
2025-12-06,19.09,24.83,15.24,76.87,4.34,0.0,94.45,14.65
2025-12-07,18.09,25.52,13.2,72.54,4.49,0.0,94.4,16.14
2025-12-08,17.7,26.2,11.84,65.91,3.93,0.0,94.4,16.91
2025-12-09,17.01,26.1,10.55,63.21,5.19,0.0,94.36,18.8
2025-12-10,17.02,26.12,10.7,61.29,4.84,0.0,94.41,19.17
2025-12-11,16.9,25.76,10.26,59.04,3.96,0.0,94.38,19.19
2025-12-12,16.94,26.0,10.26,60.15,4.0,0.0,94.27,18.5
2025-12-13,17.55,26.49,10.91,61.58,3.59,0.0,94.25,18.01
2025-12-14,17.71,26.33,11.57,64.1,4.07,0.0,94.29,17.78
2025-12-15,17.26,25.85,11.11,64.38,4.36,0.0,94.29,17.37
2025-12-16,17.73,26.02,11.12,64.65,4.4,0.0,94.27,16.64
2025-12-17,19.05,28.01,12.79,70.55,4.06,0.0,94.38,16.49
2025-12-18,18.18,27.11,12.11,62.75,4.21,0.0,94.41,17.57
2025-12-19,17.1,26.74,10.57,59.48,4.34,0.0,94.25,18.99
2025-12-20,16.96,26.8,9.55,59.26,4.02,0.0,94.11,18.92
2025-12-21,17.68,25.87,11.25,59.35,4.13,0.0,94.14,16.08
2025-12-22,17.81,26.24,11.65,62.74,4.23,0.0,94.19,16.72
2025-12-23,17.67,25.6,11.56,63.73,4.09,0.0,94.16,16.83
2025-12-24,17.73,25.78,11.84,63.24,4.3,0.0,94.14,17.23
2025-12-25,17.28,25.16,11.24,63.13,3.95,0.0,94.18,15.83
2025-12-26,17.32,25.73,10.74,64.89,3.54,0.0,94.14,15.9
2025-12-27,17.67,25.95,11.7,65.64,3.9,0.0,94.19,16.19
2025-12-28,17.44,25.53,11.27,62.04,3.74,0.0,94.26,16.33
2025-12-29,17.65,25.66,10.52,56.85,3.14,0.0,94.26,16.19
2025-12-30,17.24,26.53,9.89,63.77,2.76,0.0,94.18,16.38
2025-12-31,17.0,24.75,11.71,79.87,2.47,0.0,94.05,17.04
2026-01-01,17.7,25.65,11.72,79.49,1.98,0.52,94.08,17.53
2026-01-02,18.56,26.59,12.1,78.85,2.21,0.0,94.21,14.18
2026-01-03,19.95,27.21,14.05,77.71,2.77,0.0,94.22,12.41
2026-01-04,20.84,27.6,15.41,71.72,2.14,0.01,94.3,11.21
2026-01-05,20.27,27.01,15.32,71.08,3.41,0.0,94.42,14.25
2026-01-06,19.25,26.41,13.65,62.45,3.38,0.0,94.45,15.36
2026-01-07,18.33,26.69,12.26,57.68,3.72,0.0,94.46,17.33
2026-01-08,18.07,26.13,11.62,51.78,3.91,0.0,94.49,17.89
2026-01-09,17.3,25.97,10.1,57.53,3.75,0.0,94.41,17.75
2026-01-10,17.69,26.47,11.22,58.21,3.93,0.0,94.36,17.67
2026-01-11,17.86,26.78,11.25,58.94,4.61,0.0,94.42,17.32
2026-01-12,20.43,27.91,13.45,63.7,3.38,0.0,94.45,15.93
2026-01-13,21.63,28.4,16.6,73.03,2.93,0.0,94.46,15.98
2026-01-14,21.08,28.71,15.55,70.22,2.33,0.0,94.3,16.03
2026-01-15,19.98,28.42,12.25,57.8,2.18,0.0,94.22,18.19
2026-01-16,20.54,29.11,13.48,65.54,2.48,0.0,94.19,17.52
2026-01-17,20.05,28.49,14.61,64.96,2.6,0.0,94.12,16.55
2026-01-18,18.23,25.82,13.45,72.75,2.72,0.0,94.05,17.72
2026-01-19,17.41,26.13,11.63,74.67,2.43,0.0,94.09,18.97
2026-01-20,18.08,27.29,10.37,69.54,2.17,0.0,94.08,17.95
2026-01-21,19.6,27.95,12.32,63.76,3.0,0.0,94.17,15.91
2026-01-22,19.64,27.3,13.03,65.27,2.95,0.0,94.25,14.95
2026-01-23,19.59,27.4,14.75,76.85,2.58,0.0,94.31,16.2
2026-01-24,19.08,27.73,12.34,69.95,2.67,0.0,94.39,16.01
2026-01-25,19.75,28.26,12.85,69.29,3.02,0.0,94.26,17.01
2026-01-26,21.31,28.76,15.35,69.17,3.49,0.0,94.32,15.06
2026-01-27,20.57,26.88,15.08,76.49,2.74,0.0,94.46,15.02
2026-01-28,19.8,28.66,13.51,71.58,2.31,0.0,94.38,19.01
2026-01-29,21.92,29.89,14.91,63.79,2.72,0.0,94.25,15.1
2026-01-30,22.65,29.82,17.44,68.69,2.76,0.0,94.28,14.19
2026-01-31,22.45,29.7,16.52,72.24,2.36,0.0,94.33,14.58
2026-02-01,22.49,29.68,15.73,61.53,2.35,0.0,94.35,15.93
2026-02-02,22.01,29.74,15.24,56.02,2.67,0.0,94.33,15.4
2026-02-03,22.14,29.73,15.08,57.06,1.97,0.0,94.32,15.71
2026-02-04,22.83,29.96,16.25,56.92,2.6,0.0,94.35,16.2
2026-02-05,22.7,29.92,17.07,57.4,3.1,0.0,94.42,16.75
2026-02-06,22.34,30.27,15.81,53.18,3.0,0.0,94.46,17.86
2026-02-07,21.86,30.54,14.46,48.95,2.66,0.0,94.36,18.89
2026-02-08,22.4,31.09,14.22,45.28,2.5,0.0,94.22,18.96
2026-02-09,22.26,30.96,15.3,47.6,2.28,0.0,94.18,19.02
2026-02-10,21.7,30.86,14.57,54.19,2.46,0.0,94.25,18.49
2026-02-11,22.95,32.08,14.49,46.03,2.62,0.0,94.33,19.63
2026-02-12,22.72,31.59,15.6,47.38,3.15,0.0,94.3,19.98
2026-02-13,22.83,31.6,14.88,47.62,2.61,0.0,94.2,19.69
2026-02-14,22.99,32.21,15.22,47.51,2.62,0.0,94.17,19.82
2026-02-15,23.18,32.41,15.8,48.86,2.69,0.0,94.15,19.06
2026-02-16,23.36,33.18,15.83,47.78,2.78,0.0,93.98,18.36
2026-02-17,23.13,32.42,17.0,51.94,2.47,0.0,93.97,17.53
2026-02-18,22.22,30.98,15.75,62.05,2.55,0.0,93.99,17.13
2026-02-19,23.46,32.49,16.83,61.99,2.61,0.0,94.05,17.75
2026-02-20,25.16,33.81,18.77,55.84,2.83,0.0,94.12,19.0
2026-02-21,25.49,34.0,20.16,48.28,3.04,0.0,93.97,19.43
2026-02-22,25.64,34.12,19.62,42.6,2.94,0.0,93.77,18.63
2026-02-23,25.16,33.4,19.24,41.73,2.85,0.0,93.78,18.49
2026-02-24,23.86,33.22,16.36,43.99,3.07,0.0,93.88,19.1
2026-02-25,23.52,32.48,17.31,51.15,3.26,0.0,94.05,21.3
2026-02-26,22.19,31.75,14.91,63.26,3.19,0.0,94.01,23.72
2026-02-27,21.39,30.81,15.41,67.41,3.52,0.0,93.87,24.26
2026-02-28,21.56,30.98,15.42,68.97,3.0,0.0,93.79,24.21
2026-03-01,22.54,33.0,15.09,64.03,2.63,0.0,93.89,25.38
2026-03-02,24.39,34.84,15.8,54.63,2.16,0.0,94.0,24.22
2026-03-03,26.1,36.46,17.01,40.12,3.6,0.0,94.05,23.12
2026-03-04,26.62,36.55,17.7,30.91,3.76,0.0,94.09,22.82
2026-03-05,26.25,36.53,17.3,32.08,3.44,0.0,94.04,23.47
2026-03-06,26.12,36.77,16.65,32.58,3.11,0.0,93.93,24.03
2026-03-07,26.63,37.29,17.22,31.64,2.65,0.0,93.94,23.74
2026-03-08,27.42,38.38,17.3,27.68,3.39,0.0,93.96,23.84
2026-03-09,27.07,37.63,18.11,25.1,4.57,0.0,94.0,24.15
2026-03-10,27.82,37.14,19.23,32.02,4.2,0.0,94.12,22.33
2026-03-11,27.81,37.08,19.71,40.17,2.86,0.0,94.14,21.35
2026-03-12,27.73,37.69,20.12,41.24,2.1,0.0,93.95,22.31
2026-03-13,27.44,37.8,18.13,31.46,2.85,0.0,93.83,23.05
2026-03-14,26.97,36.57,20.2,33.76,3.65,0.0,93.96,21.67
2026-03-15,26.16,34.96,20.18,36.54,2.92,0.0,94.04,22.58
2026-03-16,24.53,32.9,18.86,50.0,3.1,0.0,93.93,23.47
2026-03-17,24.75,34.58,17.59,56.43,2.8,0.01,93.88,23.66
2026-03-18,25.85,35.59,17.6,52.92,3.01,0.01,93.9,22.39
2026-03-19,25.55,33.8,20.27,51.57,3.07,0.01,94.06,23.26
2026-03-20,24.79,33.33,18.16,54.56,2.93,0.01,93.96,24.69
2026-03-21,25.19,34.62,17.13,44.59,3.03,0.0,93.99,25.21
2026-03-22,26.67,36.73,17.22,30.36,2.75,0.0,93.98,25.23
2026-03-23,27.49,37.6,19.12,34.79,3.63,0.0,93.93,24.11
2026-03-24,28.41,37.53,21.09,34.46,3.15,0.0,93.87,23.56
2026-03-25,28.8,37.56,20.49,39.41,3.12,0.01,93.87,22.49
2026-03-26,29.18,36.31,23.56,34.98,2.45,0.01,94.03,21.35
2026-03-27,29.63,38.67,22.87,31.61,4.0,0.03,93.92,21.69
2026-03-28,27.06,36.86,19.64,50.07,4.14,0.52,93.81,25.48
2026-03-29,26.92,36.88,18.36,57.55,3.57,0.0,93.8,25.43
2026-03-30,28.17,37.88,20.18,54.05,3.09,4.89,93.81,22.27
2026-03-31,27.16,35.03,21.35,61.98,2.49,3.82,93.89,23.85
2026-04-01,27.24,35.97,20.19,56.33,2.85,0.28,93.88,23.08
2026-04-02,25.64,30.82,21.53,61.92,2.8,14.68,94.05,7.29
2026-04-03,25.92,33.16,20.48,57.36,2.65,4.21,94.01,23.45
2026-04-04,25.44,34.83,18.06,60.32,3.34,0.06,93.95,24.37
2026-04-05,24.78,33.11,18.79,61.16,3.96,0.02,93.96,24.59
2026-04-06,23.95,33.04,16.06,57.94,3.57,0.0,94.03,24.78
2026-04-07,24.96,33.7,18.24,62.08,3.99,0.0,94.06,24.77
2026-04-08,25.39,33.92,19.48,66.58,4.03,0.0,93.97,24.19
2026-04-09,25.83,34.09,19.59,62.26,3.56,0.0,94.05,23.94
2026-04-10,27.42,37.88,18.15,43.87,2.36,0.0,94.06,25.17
2026-04-11,29.19,39.64,20.27,41.45,2.86,0.0,93.96,25.33
2026-04-12,30.15,40.67,21.51,35.91,2.85,0.0,93.76,25.39
2026-04-13,29.34,39.49,20.65,49.85,3.3,0.0,93.89,25.46
2026-04-14,30.32,41.34,20.58,45.59,3.5,0.0,93.86,25.48
2026-04-15,29.67,40.41,21.5,35.44,3.86,0.0,93.71,25.48
2026-04-16,28.18,39.2,19.11,46.57,3.67,0.0,93.72,26.04
2026-04-17,29.1,40.09,20.41,42.1,2.67,0.0,93.82,24.18
2026-04-18,29.78,37.0,23.25,38.37,2.33,0.0,93.83,22.88
2026-04-19,31.01,40.1,24.2,34.03,2.84,0.14,93.79,24.01
2026-04-20,31.0,39.85,23.86,34.5,2.71,0.03,93.75,24.87
2026-04-21,31.6,40.02,24.29,32.35,3.15,0.24,93.72,24.0
2026-04-22,30.87,38.56,24.17,31.87,2.52,0.78,93.75,25.23
2026-04-23,32.17,39.36,25.49,29.76,2.73,0.63,93.69,25.11
2026-04-24,32.33,39.02,26.35,29.85,2.81,0.06,93.71,23.71
2026-04-25,33.01,40.08,26.63,29.3,1.6,0.02,93.78,25.0
2026-04-26,31.28,38.15,26.01,32.8,3.07,0.0,93.72,24.67
2026-04-27,29.78,37.11,24.1,46.82,2.73,0.0,93.65,24.99
2026-04-28,30.15,39.48,22.79,48.64,3.61,0.0,93.65,25.44
2026-04-29,30.06,40.32,21.75,46.01,3.74,0.0,93.69,25.72
2026-04-30,28.75,38.18,20.71,48.3,4.38,0.0,93.79,25.79
2026-05-01,28.2,36.94,21.43,58.01,5.0,0.0,93.81,25.77
2026-05-02,27.68,35.91,21.5,61.67,4.64,0.0,93.73,25.82
2026-05-03,28.71,37.59,21.35,56.24,4.59,0.0,93.72,26.28
2026-05-04,28.17,36.74,22.18,57.36,4.43,0.0,93.7,26.35
2026-05-05,28.6,37.9,21.43,56.22,4.21,0.0,93.82,25.77
2026-05-06,29.54,39.34,20.55,48.21,3.61,0.0,93.71,25.78
2026-05-07,31.02,39.83,23.92,47.29,3.11,0.21,93.65,21.98
2026-05-08,31.75,39.95,24.32,43.92,2.77,0.47,93.71,22.6
2026-05-09,32.35,41.09,24.28,38.16,2.65,0.07,93.72,15.92
2026-05-10,32.59,42.62,22.94,40.91,3.71,0.03,93.62,24.57
2026-05-11,32.75,42.66,24.59,38.24,3.92,0.01,93.59,24.96
2026-05-12,32.75,42.64,23.87,40.61,4.0,0.01,93.51,25.13
2026-05-13,30.95,39.49,25.28,48.89,4.2,2.15,93.49,24.28
2026-05-14,29.99,39.14,23.9,55.69,4.73,0.43,93.47,23.84
2026-05-15,28.81,36.07,24.31,55.11,4.98,0.02,93.56,23.95
2026-05-16,30.36,39.87,23.44,53.97,4.81,0.0,93.48,25.68
2026-05-17,30.48,39.72,24.14,56.13,4.7,0.0,93.53,25.65
2026-05-18,30.63,40.61,22.96,55.53,4.15,0.0,93.53,25.47
2026-05-19,29.63,37.54,24.03,58.06,4.82,0.0,93.57,24.83
2026-05-20,27.73,32.93,24.22,63.23,5.04,0.0,93.69,
2026-05-21,29.45,38.19,23.69,60.95,4.13,0.0,93.65,23.45
2026-05-22,28.63,35.32,24.61,68.2,3.77,2.87,93.83,16.81
2026-05-23,28.93,35.22,24.65,69.59,4.52,1.76,93.88,21.17
2026-05-24,28.36,33.21,25.09,73.19,5.17,0.18,93.99,20.6
2026-05-25,28.88,35.26,24.83,68.52,4.52,0.17,93.86,24.86
2026-05-26,29.29,36.21,24.83,65.19,4.65,0.04,93.84,24.83
2026-05-27,29.88,37.44,24.81,61.73,4.89,0.0,93.9,23.99
2026-05-28,30.21,38.83,24.29,57.5,4.96,0.0,93.87,25.92
2026-05-29,29.7,37.75,24.05,59.61,5.67,0.0,93.82,25.55
2026-05-30,29.66,37.31,24.43,59.73,5.86,0.17,93.78,24.21
2026-05-31,29.06,35.73,24.35,62.75,5.25,0.87,93.85,23.91
2026-06-01,29.86,37.76,24.42,62.28,2.8,3.37,94.55,23.18
2026-06-02,29.99,37.35,25.31,62.29,3.68,2.08,94.43,22.8
2026-06-03,29.02,35.6,24.77,63.87,3.59,2.14,94.29,22.83
2026-06-04,29.47,36.24,24.84,63.67,2.99,3.43,94.17,22.48
2026-06-05,29.91,36.4,25.42,65.74,3.27,2.47,94.15,22.34
2026-06-06,30.11,37.07,25.83,65.01,3.48,3.29,94.25,22.33
2026-06-07,29.62,35.41,26.12,68.42,3.78,4.05,94.33,20.7
2026-06-08,28.38,33.87,25.73,73.7,3.67,11.36,94.31,19.69
2026-06-09,28.61,33.87,24.92,72.22,4.15,5.1,94.27,19.64
2026-06-10,29.1,34.59,25.3,68.01,4.23,1.68,94.36,23.67
2026-06-11,29.25,35.52,25.52,66.29,4.29,1.8,94.32,22.53
2026-06-12,28.75,34.34,25.27,69.55,4.55,2.96,94.4,20.08
2026-06-13,28.7,34.2,24.97,69.41,4.33,2.87,94.47,21.55
2026-06-14,28.66,34.79,24.89,66.49,4.43,1.85,94.49,21.87
2026-06-15,28.5,34.62,24.22,65.52,4.17,1.64,94.48,21.85
2026-06-16,28.93,35.55,24.52,62.89,3.97,0.68,94.49,23.41
2026-06-17,28.76,35.69,24.2,61.68,4.07,0.79,94.52,22.41
2026-06-18,28.77,35.76,23.78,59.88,3.94,0.28,94.47,
2026-06-19,28.78,36.22,23.53,58.72,3.77,0.31,94.47,23.33
2026-06-20,28.77,36.15,22.83,60.82,3.18,1.88,94.48,
2026-06-21,28.51,35.1,24.1,64.33,3.13,4.61,94.4,
2026-06-22,,,,,,,,
2026-06-23,,,,,,,,
2026-06-24,,,,,,,,
2026-06-25,,,,,,,,
