date,T2M,T2M_MAX,T2M_MIN,RH2M,PRECTOTCORR,PS,ALLSKY_SFC_SW_DWN
1990-01-01,23.2,30.4,18.2,57,0.0,951.9,18.3
1990-01-02,22.5,29.9,17.1,54,0.0,951.5,18.76
1990-01-03,23.0,29.8,16.0,58,0.0,952.5,17.61
1990-01-04,23.5,29.6,18.0,61,0.2,954.4,15.74
1990-01-05,23.9,29.5,18.1,54,0.0,955.4,15.96
1990-01-06,23.2,29.4,16.7,54,0.0,955.5,17.28
1990-01-07,23.2,30.0,16.1,46,0.0,955.1,19.11
1990-01-08,22.5,29.5,15.4,43,0.0,955.5,18.73
1990-01-09,23.1,29.4,16.2,46,0.0,954.9,16.07
1990-01-10,23.8,30.1,17.3,42,0.0,954.5,19.11
1990-01-11,23.4,30.2,17.4,45,0.0,954.8,19.59
1990-01-12,23.1,30.5,16.7,36,0.0,954.5,20.04
1990-01-13,23.5,30.8,17.9,31,0.0,953.7,20.15
1990-01-14,23.4,31.2,17.0,37,0.0,952.8,20.1
1990-01-15,23.7,31.2,18.5,33,0.0,953.6,20.24
1990-01-16,23.6,31.2,18.0,28,0.0,953.2,20.46
1990-01-17,23.2,30.5,16.6,34,0.0,952.5,20.37
1990-01-18,23.7,31.2,18.1,36,0.0,953.3,20.4
1990-01-19,24.0,31.6,18.5,35,0.0,954.1,20.62
1990-01-20,24.3,31.5,18.1,26,0.0,954.2,20.97
1990-01-21,24.2,31.2,19.0,26,0.0,953.1,20.98
1990-01-22,23.9,31.3,18.2,34,0.0,953.1,20.79
1990-01-23,23.6,31.0,16.9,38,0.0,954.2,20.78
1990-01-24,24.3,31.3,19.0,35,0.0,954.5,20.85
1990-01-25,24.6,31.3,18.9,34,0.0,954.8,20.91
1990-01-26,24.4,31.8,18.2,33,0.0,954.8,21.06
1990-01-27,24.2,32.3,18.0,34,0.0,953.3,21.27
1990-01-28,23.9,32.1,16.6,35,0.0,952.8,21.32
1990-01-29,24.4,32.3,18.3,34,0.0,953.2,21.37
1990-01-30,25.2,32.9,19.4,33,0.0,954.0,21.36
1990-01-31,25.3,32.9,18.9,36,0.0,954.3,21.29
1990-02-01,24.8,32.9,19.2,35,0.0,953.4,21.34
1990-02-02,24.3,32.0,18.7,31,0.0,953.2,21.32
1990-02-03,25.1,32.7,19.5,33,0.0,954.4,21.51
1990-02-04,25.0,32.5,19.0,34,0.0,953.8,21.73
1990-02-05,24.8,32.6,18.6,32,0.0,952.4,21.83
1990-02-06,25.3,32.9,17.3,35,0.0,953.3,21.52
1990-02-07,25.7,32.3,17.6,38,0.0,955.2,21.31
1990-02-08,25.2,31.7,17.3,38,0.0,954.6,21.2
1990-02-09,24.3,31.2,17.2,43,0.0,952.9,19.12
1990-02-10,25.3,32.1,18.2,37,0.0,953.2,21.66
1990-02-11,25.0,30.8,18.7,48,0.0,955.1,18.36
1990-02-12,26.0,32.3,19.0,47,0.0,954.8,19.26
1990-02-13,25.7,32.8,20.9,55,0.0,953.7,20.15
1990-02-14,24.0,31.7,18.4,56,0.0,952.3,22.01
1990-02-15,22.1,29.8,15.5,53,0.0,951.4,22.69
1990-02-16,21.8,29.8,15.5,54,0.0,950.8,22.81
1990-02-17,21.2,30.0,13.2,50,0.0,951.0,23.22
1990-02-18,21.3,28.2,16.3,59,0.0,950.6,20.37
1990-02-19,19.8,28.9,12.2,46,0.0,950.5,24.01
1990-02-20,20.0,28.4,13.2,46,0.0,950.6,23.78
1990-02-21,20.4,29.0,13.1,51,0.0,950.3,23.73
1990-02-22,21.5,29.8,14.4,48,0.0,949.7,23.7
1990-02-23,21.9,30.1,14.4,47,0.0,948.6,23.66
1990-02-24,22.0,30.2,14.0,50,0.0,949.2,24.13
1990-02-25,22.2,30.8,14.2,57,0.0,950.7,24.02
1990-02-26,23.2,32.2,14.5,53,0.0,950.4,23.86
1990-02-27,23.8,32.8,16.1,51,0.0,950.3,23.95
1990-02-28,22.9,28.7,17.7,75,0.0,951.8,17.07
1990-03-01,23.6,30.0,18.8,62,0.0,952.5,23.4
1990-03-02,21.4,30.3,13.7,47,0.0,949.7,25.18
1990-03-03,20.3,29.2,12.3,47,0.0,949.1,25.31
1990-03-04,19.8,27.4,12.4,58,0.0,950.3,24.57
1990-03-05,20.7,28.0,14.4,58,0.0,950.4,24.39
1990-03-06,22.4,31.0,14.7,54,0.0,951.7,24.05
1990-03-07,23.1,31.9,15.4,44,0.0,953.9,25.38
1990-03-08,22.0,30.3,13.4,51,0.0,953.8,25.43
1990-03-09,24.0,32.4,15.8,50,0.0,952.8,25.16
1990-03-10,24.9,33.8,17.6,50,0.0,952.8,24.72
1990-03-11,23.2,31.0,17.0,63,0.0,954.2,24.13
1990-03-12,22.9,31.9,15.7,59,0.0,953.5,25.23
1990-03-13,24.4,34.1,14.9,60,0.0,953.1,25.27
1990-03-14,25.2,34.5,17.1,61,0.0,953.7,24.76
1990-03-15,26.1,34.9,17.5,57,0.0,954.0,24.97
1990-03-16,27.8,36.1,19.8,44,0.0,953.2,25.62
1990-03-17,28.6,36.3,20.6,33,0.0,953.3,25.18
1990-03-18,28.5,35.2,22.1,44,0.0,954.0,18.24
1990-03-19,28.4,34.8,22.3,49,0.0,953.4,17.72
1990-03-20,29.6,35.8,23.8,38,0.0,952.6,21.48
1990-03-21,29.0,36.0,22.2,32,0.0,951.6,20.43
1990-03-22,27.7,35.0,21.1,43,0.0,951.8,24.13
1990-03-23,25.6,32.8,19.7,43,0.0,951.8,26.19
1990-03-24,23.2,30.7,17.0,50,0.0,951.2,26.63
1990-03-25,22.3,31.2,13.9,48,0.0,950.3,26.87
1990-03-26,23.6,32.4,15.3,53,0.0,949.8,26.45
1990-03-27,24.5,32.8,17.6,59,0.0,950.1,26.09
1990-03-28,25.2,32.6,19.0,62,0.0,951.2,25.64
1990-03-29,26.5,34.8,18.2,54,0.0,951.6,25.19
1990-03-30,27.0,35.3,19.4,49,0.0,951.9,26.42
1990-03-31,27.1,35.7,19.1,42,0.0,951.5,26.8
1990-04-01,26.5,35.4,18.0,35,0.0,950.6,27.55
1990-04-02,26.7,36.3,17.8,47,0.0,949.9,27.23
1990-04-03,27.4,36.0,19.4,35,0.0,950.7,27.6
1990-04-04,26.8,35.8,19.1,40,0.0,949.6,27.58
1990-04-05,26.7,36.0,17.8,52,0.0,948.5,27.02
1990-04-06,26.4,35.8,18.2,58,0.0,949.2,26.9
1990-04-07,26.5,36.4,17.0,54,0.0,950.8,27.47
1990-04-08,28.1,37.0,19.5,53,0.0,950.8,26.95
1990-04-09,28.0,36.7,19.8,39,0.0,948.1,27.71
1990-04-10,28.2,38.0,19.0,47,0.0,947.2,27.28
1990-04-11,28.6,38.5,19.6,47,0.0,948.8,27.34
1990-04-12,28.8,38.4,20.1,52,0.0,949.6,26.7
1990-04-13,28.3,36.8,20.2,52,0.0,949.3,26.6
1990-04-14,28.6,38.2,19.7,55,0.0,948.7,27.54
1990-04-15,28.7,38.1,20.8,52,0.0,948.1,27.44
1990-04-16,28.7,38.3,20.8,47,0.0,948.7,27.11
1990-04-17,29.0,39.1,19.5,49,0.0,949.1,26.61
1990-04-18,30.1,39.7,21.0,50,0.0,948.8,27.33
1990-04-19,29.0,37.9,21.3,47,0.0,948.9,27.68
1990-04-20,28.1,37.1,20.4,42,0.0,949.7,28.69
1990-04-21,27.1,36.1,19.2,51,0.0,950.8,28.23
1990-04-22,27.7,37.2,19.0,48,0.0,951.8,28.25
1990-04-23,28.8,38.6,19.2,44,0.0,951.9,28.15
1990-04-24,30.8,40.2,21.1,41,0.0,949.8,27.93
1990-04-25,30.6,40.6,23.3,48,0.0,949.2,25.28
1990-04-26,29.6,38.7,22.1,54,0.0,949.8,25.4
1990-04-27,30.2,39.4,22.8,48,0.0,949.9,25.1
1990-04-28,30.6,38.8,23.7,38,0.0,949.0,24.79
1990-04-29,28.7,37.0,22.3,48,0.0,948.5,26.53
1990-04-30,27.8,37.0,20.8,57,0.0,948.6,26.72
1990-05-01,27.6,36.5,20.9,58,0.0,949.5,27.33
1990-05-02,27.9,37.1,19.7,58,0.0,949.5,27.64
1990-05-03,28.8,38.0,21.8,60,0.4,948.8,26.8
1990-05-04,29.4,37.9,22.6,56,0.5,948.3,26.48
1990-05-05,29.6,38.2,23.0,58,0.4,948.5,25.5
1990-05-06,30.2,38.1,24.5,58,0.0,949.2,24.34
1990-05-07,31.4,38.9,24.4,51,0.3,948.3,24.87
1990-05-08,31.5,39.0,25.6,43,0.8,946.0,23.8
1990-05-09,30.9,38.6,25.8,53,2.4,943.7,24.52
1990-05-10,29.4,34.6,25.6,62,2.7,943.6,21.01
1990-05-11,28.6,35.1,24.5,65,0.8,944.4,24.13
1990-05-12,27.1,31.9,24.0,70,0.2,945.4,19.84
1990-05-13,26.4,31.4,22.7,71,0.0,946.4,20.1
1990-05-14,26.4,32.2,22.4,67,0.0,947.0,23.17
1990-05-15,26.4,32.3,22.5,74,2.2,947.7,20.22
1990-05-16,27.4,33.2,23.3,72,0.3,947.4,20.84
1990-05-17,27.5,33.6,23.4,71,0.5,947.3,21.34
1990-05-18,27.6,34.0,23.8,73,2.0,947.9,21.15
1990-05-19,27.1,33.5,23.6,75,1.2,947.8,19.42
1990-05-20,26.4,31.3,23.8,78,2.2,947.9,17.74
1990-05-21,26.6,32.5,23.2,76,2.0,947.8,20.0
1990-05-22,26.6,33.2,23.6,77,3.2,947.9,20.11
1990-05-23,26.9,32.8,23.7,77,1.2,948.7,19.08
1990-05-24,27.4,34.2,24.0,76,2.1,949.6,20.59
1990-05-25,26.8,32.7,24.3,80,11.2,949.2,17.1
1990-05-26,26.0,29.6,24.0,82,6.1,949.1,13.37
1990-05-27,25.2,29.0,23.5,85,7.6,948.6,11.21
1990-05-28,24.9,29.3,23.0,85,4.1,947.8,14.5
1990-05-29,25.0,28.7,23.0,85,7.4,946.5,12.57
1990-05-30,24.5,27.9,22.9,89,23.8,944.3,11.55
1990-05-31,23.0,24.0,22.1,94,13.6,944.8,4.69
1990-06-01,25.4,30.0,22.1,80,0.0,946.3,20.47
1990-06-02,25.0,28.6,22.8,83,1.8,946.5,19.28
1990-06-03,25.2,29.0,23.1,84,2.3,945.7,17.06
1990-06-04,25.1,29.0,23.2,88,8.8,946.7,14.93
1990-06-05,25.9,30.0,23.2,79,0.1,946.7,19.61
1990-06-06,25.7,30.2,22.9,79,0.0,947.2,20.27
1990-06-07,25.6,30.6,22.1,78,0.9,948.2,20.89
1990-06-08,25.5,30.4,22.4,82,3.6,948.7,17.91
1990-06-09,24.3,27.9,22.5,87,10.2,948.7,11.64
1990-06-10,24.6,28.2,22.5,86,3.5,947.8,15.03
1990-06-11,24.8,29.2,22.3,84,1.9,947.0,16.43
1990-06-12,24.7,28.5,22.9,86,6.5,946.4,14.14
1990-06-13,25.8,29.4,23.3,84,2.3,946.0,20.03
1990-06-14,26.2,30.4,23.9,82,1.1,946.5,20.64
1990-06-15,25.8,30.3,23.3,81,2.3,947.0,20.0
1990-06-16,25.3,28.7,23.4,83,1.8,945.9,14.04
1990-06-17,24.7,27.6,23.1,86,4.1,945.0,13.42
1990-06-18,25.2,27.6,23.6,85,4.8,945.5,14.68
1990-06-19,25.4,28.3,23.4,83,3.1,945.0,17.54
1990-06-20,25.6,29.1,23.2,80,3.6,945.8,19.95
1990-06-21,25.2,28.3,23.2,82,2.6,946.5,16.06
1990-06-22,25.1,28.5,23.1,83,1.8,946.0,17.68
1990-06-23,24.7,28.0,22.9,83,3.1,946.0,16.17
1990-06-24,24.1,26.8,22.8,84,4.2,946.0,13.56
1990-06-25,23.3,24.6,22.3,89,3.6,945.3,6.38
1990-06-26,23.8,27.0,22.3,88,2.0,944.2,10.13
1990-06-27,24.0,27.6,22.5,88,2.7,943.7,9.9
1990-06-28,23.8,26.5,22.7,89,9.2,944.0,7.98
1990-06-29,23.5,25.6,22.5,91,24.6,944.4,7.3
1990-06-30,23.8,25.5,22.8,90,6.5,944.4,8.57
1990-07-01,24.2,26.4,23.0,88,5.8,944.1,8.93
1990-07-02,23.7,25.6,22.7,90,8.2,943.8,7.21
1990-07-03,23.1,24.5,22.6,94,16.2,943.8,4.05
1990-07-04,23.8,26.3,22.4,88,9.7,944.5,13.82
1990-07-05,24.2,27.0,22.3,86,6.1,945.3,17.29
1990-07-06,24.2,27.3,22.7,85,1.1,946.7,11.23
1990-07-07,24.3,27.2,22.7,85,2.2,947.4,14.6
1990-07-08,23.8,26.6,22.2,87,2.6,948.5,14.92
1990-07-09,23.1,25.5,22.1,89,10.4,947.4,10.27
1990-07-10,23.4,26.6,22.0,87,8.3,946.9,14.72
1990-07-11,23.8,26.5,22.5,87,6.4,947.5,14.4
1990-07-12,23.6,26.5,22.3,88,6.3,947.9,13.01
1990-07-13,23.4,26.5,21.9,87,4.5,947.6,12.48
1990-07-14,23.4,25.6,22.1,87,2.7,947.3,11.99
1990-07-15,23.5,25.9,22.1,86,3.5,947.5,13.36
1990-07-16,23.2,25.1,21.7,90,10.9,946.4,10.45
1990-07-17,23.2,26.1,22.0,89,4.8,945.4,12.52
1990-07-18,23.4,26.4,21.8,88,8.2,945.0,14.59
1990-07-19,22.9,24.9,21.4,91,18.9,945.8,9.8
1990-07-20,22.0,22.5,21.3,96,22.0,946.3,2.75
1990-07-21,22.9,25.2,21.8,90,14.0,946.3,11.71
1990-07-22,23.3,25.6,21.7,88,6.1,946.8,15.0
1990-07-23,23.3,25.9,21.8,88,5.4,946.2,13.17
1990-07-24,21.9,22.3,21.5,95,32.8,946.0,2.07
1990-07-25,22.8,25.1,21.7,91,11.5,947.5,11.48
1990-07-26,22.9,25.4,21.2,88,5.1,947.3,13.19
1990-07-27,23.5,26.4,21.6,84,2.5,946.0,15.78
1990-07-28,23.4,26.3,21.5,84,1.6,946.6,15.78
1990-07-29,23.7,26.6,21.7,85,2.0,947.5,16.52
1990-07-30,23.9,27.2,21.7,84,1.4,947.7,16.66
1990-07-31,23.6,26.7,21.4,85,1.5,946.9,14.42
1990-08-01,23.7,26.6,22.1,85,1.6,946.9,14.86
1990-08-02,23.5,26.1,22.0,88,2.7,947.9,13.09
1990-08-03,23.4,26.3,22.1,89,4.1,948.2,10.75
1990-08-04,23.8,27.0,21.8,83,1.6,948.2,18.04
1990-08-05,23.5,26.6,21.5,85,2.5,947.8,15.36
1990-08-06,23.4,25.9,21.9,87,1.7,947.7,12.24
1990-08-07,23.8,27.0,22.1,86,3.0,948.3,13.4
1990-08-08,23.3,25.5,22.0,88,5.6,947.7,9.4
1990-08-09,23.8,26.9,22.2,88,2.9,947.4,12.82
1990-08-10,23.8,26.4,22.3,91,6.5,946.9,10.9
1990-08-11,23.6,26.5,22.3,91,10.1,947.4,10.13
1990-08-12,22.4,23.0,21.6,95,28.6,947.0,2.62
1990-08-13,22.2,23.2,21.6,94,19.7,946.2,5.22
1990-08-14,22.4,24.9,21.1,91,13.1,946.5,10.33
1990-08-15,22.1,23.1,21.7,96,15.3,946.2,3.47
1990-08-16,22.2,22.7,21.8,96,53.9,944.2,2.65
1990-08-17,22.1,22.8,21.4,94,56.6,943.9,4.14
1990-08-18,22.3,24.5,20.8,91,13.2,944.9,9.26
1990-08-19,22.5,24.3,21.6,92,9.0,945.2,8.23
1990-08-20,22.4,23.9,21.5,92,10.8,946.3,6.26
1990-08-21,22.9,24.8,21.6,90,5.4,947.2,9.98
1990-08-22,22.8,24.9,22.0,92,7.6,946.5,7.88
1990-08-23,22.3,22.9,21.8,96,18.8,946.0,4.54
1990-08-24,22.8,24.8,21.9,91,13.4,946.9,10.82
1990-08-25,23.1,25.0,21.7,90,9.4,948.4,12.19
1990-08-26,23.2,25.4,21.9,89,5.2,949.1,13.31
1990-08-27,23.3,25.9,21.9,87,2.5,948.7,14.55
1990-08-28,23.1,25.9,21.6,88,3.7,948.8,11.14
1990-08-29,22.4,25.5,21.4,91,8.4,947.8,8.96
1990-08-30,22.3,24.2,21.3,91,7.1,946.3,8.55
1990-08-31,22.8,25.1,21.4,90,6.1,946.1,11.54
1990-09-01,23.2,25.8,21.3,87,3.4,947.5,16.37
1990-09-02,23.2,25.9,21.6,87,2.9,948.8,15.03
1990-09-03,23.3,26.2,21.5,87,3.4,947.7,14.7
1990-09-04,22.9,25.5,21.7,91,6.0,946.6,9.24
1990-09-05,23.0,25.3,21.9,92,6.7,945.9,8.05
1990-09-06,23.2,26.2,21.7,91,4.3,946.6,12.78
1990-09-07,23.3,26.4,21.7,89,2.5,948.1,13.19
1990-09-08,23.5,26.9,21.5,85,2.0,949.8,17.1
1990-09-09,23.4,26.7,21.4,86,2.0,949.7,16.66
1990-09-10,23.1,26.0,21.0,87,2.1,949.7,13.83
1990-09-11,23.3,27.2,21.2,86,1.2,949.6,17.75
1990-09-12,23.1,26.8,21.0,88,2.6,948.6,16.42
1990-09-13,23.0,26.2,20.9,87,1.0,948.6,15.47
1990-09-14,23.2,27.4,20.5,85,0.9,949.4,17.09
1990-09-15,23.7,27.9,20.9,84,0.4,950.3,19.43
1990-09-16,23.3,27.2,20.7,85,2.0,950.0,17.04
1990-09-17,23.2,26.8,20.7,85,1.9,949.4,17.59
1990-09-18,23.0,27.5,18.9,82,0.0,948.6,19.98
1990-09-19,23.1,27.2,20.1,83,0.9,948.3,18.09
1990-09-20,23.3,27.7,20.8,84,1.6,948.4,17.0
1990-09-21,23.3,27.5,21.2,85,2.1,948.9,16.7
1990-09-22,23.9,28.0,21.1,82,0.9,949.5,19.15
1990-09-23,23.6,27.7,20.9,84,0.9,948.8,18.09
1990-09-24,23.1,26.4,21.4,88,4.3,948.5,12.58
1990-09-25,23.2,26.7,21.5,88,3.1,949.8,11.23
1990-09-26,23.3,26.4,21.4,86,1.2,951.0,14.09
1990-09-27,23.5,27.6,20.9,84,0.8,950.8,17.32
1990-09-28,23.5,27.4,21.0,87,1.7,950.3,15.22
1990-09-29,23.5,27.4,21.3,86,2.7,950.0,15.6
1990-09-30,23.4,27.6,21.1,86,6.1,950.1,16.52
1990-10-01,23.9,28.8,20.6,83,0.7,950.7,19.39
1990-10-02,23.6,28.4,21.4,84,2.8,951.1,16.7
1990-10-03,23.5,27.8,20.6,81,0.0,951.2,18.57
1990-10-04,23.1,28.0,19.7,82,0.2,951.0,18.99
1990-10-05,23.3,27.4,20.6,83,1.3,950.6,17.75
1990-10-06,23.6,28.9,20.4,85,1.1,949.5,18.32
1990-10-07,24.6,29.6,21.8,82,1.5,948.4,16.08
1990-10-08,24.2,28.4,22.3,87,10.4,948.1,11.6
1990-10-09,22.4,23.6,21.4,94,71.9,948.9,4.78
1990-10-10,23.2,26.1,21.2,86,0.2,950.7,10.08
1990-10-11,23.8,27.6,21.3,85,0.5,952.0,13.46
1990-10-12,24.0,28.2,21.3,84,0.0,951.8,16.56
1990-10-13,24.0,29.2,20.9,84,0.5,950.9,19.49
1990-10-14,24.0,28.6,19.9,86,0.4,951.3,17.64
1990-10-15,24.4,29.7,19.7,74,0.0,952.4,20.87
1990-10-16,23.9,30.1,18.5,68,0.0,952.0,23.12
1990-10-17,23.8,29.9,19.2,58,0.0,951.3,23.29
1990-10-18,23.5,30.2,17.9,54,0.0,952.0,23.4
1990-10-19,23.2,30.2,17.0,58,0.0,951.5,23.21
1990-10-20,23.4,30.4,17.2,61,0.0,950.6,21.77
1990-10-21,24.2,31.1,17.5,59,0.0,951.4,21.8
1990-10-22,24.4,31.0,17.7,57,0.0,951.6,22.42
1990-10-23,25.5,30.9,19.3,58,0.0,951.1,18.37
1990-10-24,25.9,30.6,22.6,69,1.4,951.1,17.48
1990-10-25,23.0,25.4,21.5,89,4.8,951.5,6.83
1990-10-26,22.3,25.5,21.0,94,10.9,951.7,7.52
1990-10-27,22.0,24.0,20.4,93,5.9,952.4,5.16
1990-10-28,22.8,26.2,21.0,86,0.8,952.8,11.83
1990-10-29,23.5,28.5,18.9,80,0.2,953.7,19.93
1990-10-30,23.9,28.7,19.1,80,0.7,953.4,18.84
1990-10-31,23.7,28.8,19.5,82,0.9,951.8,17.69
1990-11-01,23.6,27.8,19.9,80,0.8,951.0,16.7
1990-11-02,22.3,27.8,17.5,60,0.0,951.0,19.84
1990-11-03,21.6,28.1,16.3,59,0.0,950.1,21.56
1990-11-04,22.1,28.2,17.7,58,0.0,948.9,21.39
1990-11-05,23.6,29.4,18.7,52,0.0,948.9,20.88
1990-11-06,24.2,29.8,19.9,58,0.0,950.3,18.04
1990-11-07,24.3,29.7,19.3,71,0.0,951.8,17.45
1990-11-08,23.7,29.0,19.2,70,0.0,952.3,16.95
1990-11-09,23.1,28.8,18.6,65,0.0,953.0,16.12
1990-11-10,23.9,29.7,19.1,55,0.0,953.9,19.27
1990-11-11,23.7,29.5,19.5,49,0.0,953.2,20.38
1990-11-12,23.0,28.9,18.2,42,0.0,953.5,20.94
1990-11-13,22.1,28.7,16.7,49,0.0,954.4,20.82
1990-11-14,23.1,30.2,16.2,56,0.0,954.7,18.95
1990-11-15,23.8,28.6,20.8,78,2.9,953.7,11.38
1990-11-16,24.7,29.9,21.3,76,0.4,952.9,15.54
1990-11-17,25.1,30.1,21.3,73,0.5,952.8,15.56
1990-11-18,23.9,29.4,20.7,82,7.1,952.3,13.47
1990-11-19,23.2,28.7,19.6,84,6.5,952.5,13.87
1990-11-20,23.4,28.8,19.1,82,1.0,953.5,14.79
1990-11-21,23.5,28.9,19.1,66,0.0,954.0,18.34
1990-11-22,22.3,28.7,16.1,59,0.0,953.7,19.63
1990-11-23,22.5,29.1,15.7,64,0.0,953.4,16.86
1990-11-24,23.9,28.6,19.8,71,0.0,953.8,15.65
1990-11-25,24.2,29.0,19.8,72,0.0,953.9,14.99
1990-11-26,24.6,29.5,19.7,71,0.2,953.7,16.02
1990-11-27,24.8,28.1,21.4,66,0.0,954.3,8.63
1990-11-28,24.3,29.0,19.5,60,0.0,954.1,14.73
1990-11-29,24.8,30.9,18.5,59,0.0,953.0,18.29
1990-11-30,25.6,31.6,21.2,60,0.0,952.8,18.38
1990-12-01,25.2,31.3,20.6,58,0.0,951.7,18.64
1990-12-02,25.6,31.5,19.3,57,0.0,952.0,17.75
1990-12-03,25.4,30.9,19.8,58,0.0,954.3,17.24
1990-12-04,24.1,29.6,18.9,52,0.0,956.7,17.23
1990-12-05,23.8,29.7,19.0,53,0.0,956.8,17.91
1990-12-06,24.2,29.8,19.4,59,0.3,956.0,17.25
1990-12-07,23.6,29.6,17.9,64,1.0,955.0,17.05
1990-12-08,23.3,29.7,17.9,68,2.2,954.2,16.62
1990-12-09,22.8,28.1,17.5,68,0.0,953.7,15.59
1990-12-10,22.6,28.3,17.5,68,0.0,953.2,15.56
1990-12-11,23.1,29.0,17.9,58,0.0,954.9,15.42
1990-12-12,22.8,28.1,17.5,62,0.0,956.1,15.88
1990-12-13,22.7,28.5,17.4,52,0.0,955.0,18.42
1990-12-14,21.3,27.6,15.0,48,0.0,953.0,18.47
1990-12-15,22.8,28.7,17.9,48,0.0,952.6,16.66
1990-12-16,22.6,27.7,18.2,58,0.0,952.2,15.13
1990-12-17,22.1,27.6,17.3,63,0.0,951.7,14.3
1990-12-18,21.5,27.0,16.7,53,0.0,952.2,15.65
1990-12-19,21.4,27.0,15.2,51,0.0,954.2,17.17
1990-12-20,21.8,27.4,16.2,48,0.0,954.6,18.32
1990-12-21,21.5,28.0,15.4,49,0.0,954.3,18.72
1990-12-22,21.9,27.9,15.5,57,0.0,954.2,17.43
1990-12-23,22.0,27.9,15.7,55,0.0,954.5,17.73
1990-12-24,21.5,28.2,14.4,51,0.0,954.1,18.94
1990-12-25,21.3,28.0,14.1,51,0.0,953.7,18.83
1990-12-26,23.0,29.2,17.1,53,0.0,953.9,17.4
1990-12-27,23.0,29.0,17.8,54,0.0,954.0,18.39
1990-12-28,22.0,28.8,15.4,56,0.0,953.8,18.78
1990-12-29,22.1,29.1,17.4,58,0.0,952.5,19.0
1990-12-30,20.5,26.7,16.1,76,0.0,952.4,14.98
1990-12-31,18.6,26.4,13.3,69,0.0,952.3,18.88
1991-01-01,17.6,26.7,9.9,58,0.0,951.0,19.24
1991-01-02,17.1,25.3,10.3,39,0.0,950.4,19.75
1991-01-03,17.0,24.6,9.8,41,0.0,950.7,19.38
1991-01-04,18.4,26.5,10.7,46,0.0,951.8,19.18
1991-01-05,20.2,28.8,12.4,54,0.0,951.7,18.95
1991-01-06,21.8,29.3,16.9,61,0.0,951.8,18.67
1991-01-07,20.5,29.7,13.0,65,0.0,952.5,18.77
1991-01-08,21.3,29.6,14.4,48,0.0,952.9,19.53
1991-01-09,21.1,29.0,15.8,49,0.0,952.1,19.47
1991-01-10,19.9,28.0,13.4,55,0.0,951.9,19.66
1991-01-11,19.1,27.9,11.9,58,0.0,952.4,19.7
1991-01-12,19.7,28.3,13.2,54,0.0,953.8,19.97
1991-01-13,20.9,28.2,15.1,38,0.0,953.2,19.94
1991-01-14,21.5,29.2,14.2,49,0.0,952.6,19.58
1991-01-15,22.1,30.0,14.4,62,0.0,952.6,19.34
1991-01-16,23.1,31.4,16.2,58,0.0,953.4,19.61
1991-01-17,23.6,31.0,17.2,59,0.0,954.7,18.17
1991-01-18,23.3,30.6,18.3,57,0.0,954.2,19.2
1991-01-19,22.7,29.0,16.8,59,0.0,952.9,17.23
1991-01-20,23.6,30.2,17.1,62,0.0,953.8,18.11
1991-01-21,24.3,30.8,18.0,60,0.0,953.7,17.67
1991-01-22,24.7,31.5,19.5,54,0.0,953.4,19.03
1991-01-23,25.0,31.6,19.6,52,0.0,953.3,18.79
1991-01-24,25.0,32.0,17.7,52,0.0,953.2,19.06
1991-01-25,25.1,31.7,18.7,51,0.0,954.6,19.55
1991-01-26,25.0,31.5,18.3,43,0.0,956.1,20.43
1991-01-27,24.9,32.1,17.6,40,0.0,956.6,20.8
1991-01-28,25.2,32.7,19.0,35,0.0,955.4,21.2
1991-01-29,25.5,32.7,20.2,30,0.0,952.8,21.4
1991-01-30,24.6,32.1,17.3,33,0.0,952.5,21.25
1991-01-31,23.9,31.8,16.0,39,0.0,953.0,21.32
1991-02-01,23.9,31.7,18.4,43,0.0,952.6,21.31
1991-02-02,22.0,30.1,15.8,42,0.0,952.0,21.98
1991-02-03,21.2,29.5,14.3,42,0.0,952.2,22.04
1991-02-04,22.3,30.2,16.0,40,0.0,952.7,21.88
1991-02-05,23.7,31.5,17.5,38,0.0,953.1,21.8
1991-02-06,24.9,32.0,19.1,40,0.0,953.9,21.1
1991-02-07,25.3,31.9,19.3,41,0.0,953.8,19.96
1991-02-08,25.5,31.8,19.5,42,0.0,953.6,16.55
1991-02-09,27.0,33.5,21.5,41,0.0,954.9,20.56
1991-02-10,26.8,33.1,21.4,43,0.0,954.5,20.01
1991-02-11,24.9,32.7,18.8,45,0.0,952.7,21.51
1991-02-12,23.2,31.7,15.3,44,0.0,952.2,22.75
1991-02-13,23.4,32.4,16.6,48,0.0,953.1,22.66
1991-02-14,24.0,31.6,17.8,35,0.0,953.9,22.58
1991-02-15,25.2,32.3,19.7,33,0.0,953.6,21.3
1991-02-16,24.1,32.1,18.4,40,0.0,953.2,22.44
1991-02-17,21.4,30.1,14.9,40,0.0,953.2,23.1
1991-02-18,21.0,30.2,13.3,39,0.0,952.9,23.53
1991-02-19,23.6,32.4,16.8,32,0.0,952.7,23.17
1991-02-20,24.3,32.6,17.0,41,0.0,952.8,21.93
1991-02-21,26.0,33.8,18.5,43,0.0,954.4,22.0
1991-02-22,26.5,33.8,19.6,43,0.0,955.5,22.64
1991-02-23,25.5,33.1,18.1,45,0.0,955.2,23.16
1991-02-24,25.8,33.8,18.9,48,0.0,954.1,23.41
1991-02-25,26.0,33.0,20.6,44,0.0,954.1,17.24
1991-02-26,24.6,32.1,19.0,48,0.0,953.8,22.51
1991-02-27,23.1,32.0,14.9,43,0.0,952.8,24.49
1991-02-28,22.6,31.9,14.4,44,0.0,952.1,24.49
1991-03-01,22.8,32.0,15.0,50,0.0,951.8,24.3
1991-03-02,25.5,34.3,18.6,48,0.0,952.6,24.14
1991-03-03,25.7,34.6,18.7,53,0.0,952.8,24.08
1991-03-04,24.7,33.4,17.7,51,0.0,952.9,24.4
1991-03-05,23.8,32.8,15.3,56,0.0,952.4,24.51
1991-03-06,24.5,33.3,17.1,51,0.0,951.7,24.93
1991-03-07,24.1,33.0,15.6,45,0.0,951.2,25.08
1991-03-08,25.8,34.8,18.3,43,0.0,951.7,24.9
1991-03-09,27.4,36.3,20.1,39,0.0,951.0,24.85
1991-03-10,27.5,36.0,21.1,44,0.0,951.5,24.77
1991-03-11,27.1,35.8,19.7,49,0.0,951.2,24.96
1991-03-12,26.8,35.5,18.4,37,0.0,950.9,25.47
1991-03-13,26.8,35.4,19.0,34,0.0,950.4,25.53
1991-03-14,26.2,35.2,18.1,45,0.0,950.6,25.74
1991-03-15,26.7,35.5,18.3,47,0.0,951.0,25.53
1991-03-16,27.1,36.2,18.6,38,0.0,951.5,25.73
1991-03-17,28.1,37.3,20.2,38,0.0,952.6,25.61
1991-03-18,28.5,37.5,20.1,38,0.0,952.9,25.64
1991-03-19,28.9,37.4,21.8,39,0.0,952.5,24.54
1991-03-20,28.7,37.0,20.4,39,0.0,950.7,24.29
1991-03-21,28.0,35.7,22.0,33,0.0,950.8,24.72
1991-03-22,26.1,34.4,18.5,42,0.0,950.4,25.72
1991-03-23,25.2,34.4,16.3,39,0.0,949.3,26.92
1991-03-24,25.9,35.1,16.2,46,0.0,949.0,26.82
1991-03-25,28.2,36.2,21.0,33,0.0,948.5,26.4
1991-03-26,29.3,37.1,21.9,28,0.0,947.5,25.85
1991-03-27,30.6,37.3,24.0,37,0.0,949.0,22.11
1991-03-28,30.9,37.1,23.8,46,0.0,951.3,21.84
1991-03-29,31.5,38.3,25.8,44,0.0,952.1,22.6
1991-03-30,30.4,37.8,25.3,53,2.5,951.0,21.03
1991-03-31,29.4,36.7,23.7,60,2.6,950.3,21.54
1991-04-01,28.7,36.6,22.4,64,1.7,950.8,24.18
1991-04-02,27.9,35.4,23.3,67,3.5,952.1,23.33
1991-04-03,27.3,34.0,22.0,71,4.0,953.0,22.83
1991-04-04,26.4,33.0,23.1,72,11.6,952.5,21.59
1991-04-05,25.3,29.9,21.2,71,3.4,952.5,21.08
1991-04-06,24.5,29.7,20.1,74,3.8,952.0,22.57
1991-04-07,25.8,32.4,19.6,63,0.0,951.8,25.39
1991-04-08,26.1,33.4,18.7,52,0.0,950.5,25.31
1991-04-09,26.1,33.8,18.5,57,0.1,950.3,24.53
1991-04-10,26.7,35.3,18.5,57,0.0,949.6,27.41
1991-04-11,26.9,35.5,18.3,57,0.0,949.2,26.77
1991-04-12,27.3,36.6,19.3,57,0.0,948.4,27.13
1991-04-13,28.4,37.1,20.4,58,0.0,949.2,26.97
1991-04-14,29.4,38.3,21.2,55,0.0,950.3,24.04
1991-04-15,29.9,37.6,22.9,49,0.0,950.1,25.51
1991-04-16,29.8,37.8,22.1,50,0.0,949.8,25.38
1991-04-17,31.1,39.4,22.8,39,0.0,949.3,27.26
1991-04-18,31.6,40.1,23.5,31,0.0,949.3,27.31
1991-04-19,30.1,39.0,21.9,42,0.0,949.6,27.49
1991-04-20,29.0,38.1,21.4,52,0.0,950.0,27.22
1991-04-21,28.7,38.1,20.9,48,0.0,950.2,27.73
1991-04-22,27.8,36.4,19.5,46,0.0,950.8,27.72
1991-04-23,28.6,38.0,19.4,48,0.0,950.8,27.85
1991-04-24,29.1,38.0,20.9,51,0.0,950.8,25.82
1991-04-25,30.0,37.2,23.3,56,0.0,950.0,23.99
1991-04-26,30.5,38.0,23.8,48,0.0,948.6,25.2
1991-04-27,30.7,39.0,23.4,46,0.0,947.6,24.89
1991-04-28,30.0,37.5,23.8,56,0.2,948.1,25.28
1991-04-29,28.9,35.9,23.2,63,0.0,949.1,25.15
1991-04-30,28.2,35.8,22.2,63,0.0,949.5,26.95
1991-05-01,26.7,34.3,21.1,66,0.0,949.5,26.72
1991-05-02,27.0,35.0,21.2,65,0.0,949.1,27.01
1991-05-03,27.5,35.6,20.8,64,0.0,950.3,27.69
1991-05-04,28.2,36.6,22.2,64,0.1,951.0,26.33
1991-05-05,28.1,36.5,21.9,63,0.2,950.7,26.73
1991-05-06,28.3,35.6,22.2,64,0.0,950.6,26.45
1991-05-07,28.3,36.0,22.5,64,0.1,951.0,26.86
1991-05-08,28.5,37.0,22.1,64,0.0,951.3,27.13
1991-05-09,27.9,36.1,22.2,65,0.0,950.3,27.13
1991-05-10,27.7,35.5,21.3,65,0.0,950.5,26.84
1991-05-11,29.2,38.7,20.2,57,0.0,950.5,28.11
1991-05-12,30.7,38.9,23.1,58,2.1,951.3,25.69
1991-05-13,31.3,39.5,25.4,61,2.3,950.5,25.2
1991-05-14,30.7,39.6,24.2,60,0.8,950.6,25.92
1991-05-15,31.3,40.0,24.1,57,2.0,950.4,25.12
1991-05-16,31.3,38.5,25.0,58,2.0,950.3,24.85
1991-05-17,30.6,37.2,25.1,59,1.1,951.0,25.35
1991-05-18,29.4,36.2,24.1,63,1.7,950.0,25.59
1991-05-19,30.7,39.1,23.6,57,1.0,949.3,26.71
1991-05-20,30.1,38.1,23.9,59,0.0,951.4,26.55
1991-05-21,30.5,39.1,22.7,58,0.9,950.9,24.62
1991-05-22,30.3,37.9,24.5,59,1.6,949.7,24.2
1991-05-23,30.1,38.5,23.7,60,0.0,948.6,27.33
1991-05-24,29.4,37.7,23.0,61,0.0,947.8,27.38
1991-05-25,27.9,34.9,22.7,68,0.0,948.8,25.85
1991-05-26,29.9,39.9,22.6,63,0.7,946.9,25.97
1991-05-27,29.1,35.0,24.4,68,0.4,947.3,21.37
1991-05-28,29.8,37.7,25.2,69,3.6,946.1,23.07
1991-05-29,29.2,35.1,25.0,68,0.5,946.5,17.27
1991-05-30,30.5,36.8,25.0,62,0.0,946.9,24.36
1991-05-31,30.6,38.2,24.6,63,0.6,945.7,24.94
1991-06-01,30.9,39.1,24.7,63,0.3,944.2,25.01
1991-06-02,30.5,38.6,24.8,67,0.9,944.1,24.77
1991-06-03,29.2,35.1,25.2,70,1.0,943.9,23.43
1991-06-04,29.0,35.5,23.9,68,0.7,944.2,24.33
1991-06-05,28.3,33.3,24.7,74,0.3,943.9,17.4
1991-06-06,26.2,31.1,23.8,86,27.3,942.2,11.99
1991-06-07,24.9,27.3,23.8,94,132.2,939.8,6.03
1991-06-08,23.6,24.3,22.9,95,299.3,938.8,1.86
1991-06-09,24.0,24.8,23.4,94,37.4,939.8,2.85
1991-06-10,24.8,27.1,24.2,90,5.8,942.1,8.42
1991-06-11,25.9,29.0,24.0,83,2.3,943.4,17.33
1991-06-12,26.0,29.6,23.6,82,0.9,944.8,18.4
1991-06-13,26.0,30.3,23.1,81,0.1,946.0,20.49
1991-06-14,26.0,30.1,23.1,80,0.0,946.6,21.09
1991-06-15,26.2,30.8,22.9,82,0.2,948.5,19.72
1991-06-16,25.4,29.1,22.8,83,0.9,949.0,19.32
1991-06-17,25.2,28.8,22.9,83,2.1,948.3,20.47
1991-06-18,25.0,28.3,23.3,83,6.9,947.0,20.91
1991-06-19,24.3,26.6,23.1,88,7.1,945.7,13.46
1991-06-20,24.9,27.5,23.3,86,3.9,946.7,16.63
1991-06-21,25.2,28.1,23.3,86,3.3,948.8,16.01
1991-06-22,25.9,30.6,22.8,83,0.9,949.4,18.86
1991-06-23,25.6,29.7,23.5,84,4.6,948.2,17.54
1991-06-24,25.2,28.9,23.3,85,2.3,947.1,17.31
1991-06-25,25.2,28.2,22.8,84,1.4,946.8,16.6
1991-06-26,24.9,28.5,22.9,85,1.4,946.5,17.54
1991-06-27,25.0,28.9,22.8,86,2.1,945.5,17.46
1991-06-28,25.1,29.6,22.5,84,4.4,945.3,16.29
1991-06-29,24.0,27.8,22.5,92,33.1,945.9,10.04
1991-06-30,23.4,25.5,22.3,93,10.4,947.2,7.6
1991-07-01,24.0,27.8,22.1,86,6.5,948.0,15.49
1991-07-02,24.4,27.7,22.2,85,2.3,947.7,16.83
1991-07-03,23.9,27.1,22.3,88,11.2,947.7,13.69
1991-07-04,23.8,26.7,22.5,89,8.3,948.1,12.88
1991-07-05,24.4,26.8,22.5,86,3.3,948.3,17.46
1991-07-06,24.5,27.5,22.6,85,3.0,947.4,17.29
1991-07-07,24.7,27.2,23.1,87,3.8,946.0,14.93
1991-07-08,24.5,27.2,22.9,88,3.9,944.2,12.81
1991-07-09,23.8,26.8,22.7,92,5.8,943.9,8.29
1991-07-10,23.6,26.5,22.6,93,22.2,944.2,8.01
1991-07-11,23.3,25.0,22.5,96,38.0,944.4,5.16
1991-07-12,23.7,25.8,22.8,94,24.4,943.3,6.53
1991-07-13,23.1,24.8,22.2,93,13.9,943.5,6.91
1991-07-14,23.2,25.4,22.1,92,19.1,943.3,9.35
1991-07-15,23.8,26.4,22.1,89,10.9,943.3,14.58
1991-07-16,23.7,26.1,22.6,90,12.3,944.1,9.65
1991-07-17,23.1,24.9,22.3,93,24.7,944.0,7.97
1991-07-18,23.0,25.2,22.0,92,15.4,944.9,9.04
1991-07-19,23.7,26.6,21.9,89,9.1,946.4,14.66
1991-07-20,23.9,26.7,22.2,87,8.8,946.2,16.84
1991-07-21,23.5,25.7,22.3,89,11.0,945.2,12.6
1991-07-22,23.3,25.4,22.1,90,16.2,945.8,12.3
1991-07-23,23.0,24.4,22.1,92,12.6,946.4,6.99
1991-07-24,23.1,24.8,22.2,92,13.3,945.9,9.41
1991-07-25,22.7,23.9,21.7,93,14.8,945.4,5.79
1991-07-26,22.5,23.2,22.0,96,32.2,943.9,2.79
1991-07-27,22.6,23.1,22.3,96,77.9,943.5,3.78
1991-07-28,23.2,25.1,22.1,91,29.0,943.0,9.55
1991-07-29,23.6,25.7,22.3,90,7.9,942.9,9.77
1991-07-30,23.0,24.5,21.8,91,6.9,943.3,8.15
1991-07-31,23.5,26.2,22.1,88,8.6,944.1,14.82
1991-08-01,23.7,26.5,22.2,87,6.1,945.5,14.62
1991-08-02,23.7,26.8,22.0,88,2.7,946.5,14.05
1991-08-03,23.6,26.1,22.0,86,3.2,947.8,12.49
1991-08-04,23.3,25.7,21.6,87,2.5,948.8,13.39
1991-08-05,23.0,25.8,21.5,88,5.9,948.6,12.83
1991-08-06,23.1,25.9,21.7,87,1.9,948.4,13.13
1991-08-07,23.4,26.3,21.7,86,2.5,947.8,15.21
1991-08-08,23.2,26.1,21.7,86,2.5,946.9,13.96
1991-08-09,23.2,25.6,21.5,88,4.6,947.0,14.38
1991-08-10,23.3,25.9,21.6,87,5.1,947.3,15.55
1991-08-11,23.4,25.7,21.8,88,4.8,947.3,14.61
1991-08-12,23.5,26.2,22.0,88,5.0,947.4,13.46
1991-08-13,23.1,26.3,21.7,89,8.1,946.6,12.75
1991-08-14,22.9,25.4,21.7,89,4.7,947.1,11.48
1991-08-15,22.8,25.1,21.5,89,3.8,947.3,10.47
1991-08-16,22.4,23.9,21.6,92,5.1,947.0,5.07
1991-08-17,22.3,23.5,21.8,94,6.8,947.0,4.48
1991-08-18,22.3,23.6,21.7,95,11.5,947.7,3.77
1991-08-19,22.7,24.8,21.6,91,3.6,948.1,7.95
1991-08-20,22.9,25.2,21.8,89,5.8,946.6,10.94
1991-08-21,23.2,25.6,21.7,88,4.8,946.3,13.63
1991-08-22,23.1,25.2,21.7,89,7.8,946.9,11.2
1991-08-23,23.0,25.6,21.7,89,10.4,947.2,11.34
1991-08-24,22.4,23.7,21.8,94,15.4,946.2,5.47
1991-08-25,22.8,25.2,21.6,90,7.4,946.5,10.81
1991-08-26,23.2,25.6,21.5,88,5.4,948.2,15.09
1991-08-27,23.4,26.5,21.3,85,3.6,949.4,17.53
1991-08-28,23.3,26.4,21.6,84,2.4,948.5,17.55
1991-08-29,23.0,25.8,21.3,86,3.9,948.4,15.07
1991-08-30,22.9,26.0,20.8,86,3.9,948.8,14.27
1991-08-31,23.1,25.7,21.4,86,3.8,949.0,14.97
1991-09-01,23.2,25.8,21.3,85,2.2,950.8,15.65
1991-09-02,23.2,26.1,21.4,85,0.0,951.0,14.76
1991-09-03,23.3,26.8,21.0,85,1.1,949.7,17.19
1991-09-04,22.9,26.2,20.1,87,1.5,950.4,15.44
1991-09-05,23.5,27.2,20.8,86,1.4,951.7,15.57
1991-09-06,22.8,26.0,20.4,87,1.6,951.8,15.24
1991-09-07,23.2,26.7,21.2,84,0.6,950.2,17.68
1991-09-08,23.1,26.1,20.7,85,1.5,950.0,16.35
1991-09-09,23.0,26.8,20.3,85,1.0,951.2,15.66
1991-09-10,23.0,27.7,19.7,83,0.1,951.3,16.46
1991-09-11,23.5,28.7,19.7,81,0.0,952.5,20.62
1991-09-12,24.0,28.9,20.2,82,0.2,952.4,20.53
1991-09-13,24.5,29.7,20.5,81,0.1,951.3,22.1
1991-09-14,24.4,29.9,20.2,82,0.6,950.8,21.28
1991-09-15,24.4,30.0,20.2,81,0.2,950.6,21.06
1991-09-16,23.9,29.0,20.7,84,0.8,951.0,18.43
1991-09-17,23.6,28.3,21.3,87,6.1,951.9,16.19
1991-09-18,23.2,27.1,20.7,86,1.8,950.4,14.8
1991-09-19,23.4,26.6,20.8,81,0.1,949.8,13.87
1991-09-20,24.1,28.5,21.2,82,0.3,949.8,14.76
1991-09-21,24.8,30.4,21.7,86,7.7,949.4,16.87
1991-09-22,25.0,29.7,22.3,85,2.3,948.8,17.16
1991-09-23,25.1,29.3,22.9,86,4.1,948.4,17.0
1991-09-24,24.6,29.2,22.3,87,3.0,948.8,17.17
1991-09-25,24.3,28.3,22.1,87,3.9,949.5,16.21
1991-09-26,24.7,29.5,22.2,86,4.8,951.0,17.0
1991-09-27,24.9,30.6,22.2,87,6.6,951.9,17.28
1991-09-28,24.3,28.1,21.1,88,14.5,952.5,12.16
1991-09-29,25.0,30.3,21.7,86,5.0,951.9,16.88
1991-09-30,24.9,29.8,22.3,87,14.0,951.0,16.94
1991-10-01,24.9,29.5,21.8,85,9.1,950.6,16.35
1991-10-02,25.7,30.1,22.5,79,0.0,950.0,16.9
1991-10-03,26.2,31.1,22.6,73,0.6,948.7,19.02
1991-10-04,25.5,30.2,20.6,73,0.0,948.2,20.21
1991-10-05,25.4,30.8,21.3,73,0.0,948.9,22.03
1991-10-06,24.8,31.1,19.0,70,0.0,949.2,23.2
1991-10-07,24.9,31.3,19.2,68,0.0,948.5,22.98
1991-10-08,25.0,31.4,19.5,72,0.0,948.3,21.3
1991-10-09,24.8,31.1,20.4,78,0.4,948.9,20.46
1991-10-10,25.0,30.8,20.7,79,0.1,950.1,19.3
1991-10-11,25.4,31.6,21.7,76,0.4,950.6,20.54
1991-10-12,25.4,31.8,20.8,74,0.0,949.4,18.85
1991-10-13,25.4,30.4,21.8,74,0.0,948.8,18.64
1991-10-14,24.8,30.6,20.9,72,0.0,949.5,20.65
1991-10-15,24.1,30.3,18.8,72,0.5,951.4,21.0
1991-10-16,25.7,31.3,20.5,67,0.3,952.6,17.91
1991-10-17,26.6,31.8,20.8,54,0.0,952.4,18.99
1991-10-18,26.9,32.3,21.1,52,0.0,952.4,19.45
1991-10-19,26.4,31.3,21.3,60,0.0,952.9,18.51
1991-10-20,26.2,31.4,20.6,60,0.0,951.9,18.38
1991-10-21,26.0,30.7,20.7,64,0.5,951.8,17.14
1991-10-22,26.7,31.7,22.3,62,0.0,952.3,16.93
1991-10-23,26.2,31.9,20.8,50,0.0,952.0,19.69
1991-10-24,26.1,32.1,20.1,42,0.0,951.3,21.74
1991-10-25,25.5,31.9,19.8,39,0.0,951.0,22.09
1991-10-26,24.8,31.2,19.2,43,0.0,951.4,21.97
1991-10-27,24.9,31.7,17.6,41,0.0,951.4,21.91
1991-10-28,24.5,32.1,16.8,40,0.0,949.4,21.81
1991-10-29,24.9,32.2,17.6,34,0.0,948.1,21.92
1991-10-30,24.9,32.0,18.2,35,0.0,948.7,21.47
1991-10-31,24.1,31.7,16.6,35,0.0,950.0,21.87
1991-11-01,23.9,31.1,17.1,36,0.0,950.6,21.44
1991-11-02,24.2,30.6,17.9,38,0.0,951.5,21.09
1991-11-03,23.9,30.4,18.2,53,0.0,951.6,19.53
1991-11-04,24.5,30.9,18.4,61,0.0,952.2,19.44
1991-11-05,24.7,31.1,18.6,66,0.0,952.7,19.57
1991-11-06,25.0,31.3,18.5,57,0.0,954.0,17.84
1991-11-07,24.2,30.6,17.6,48,0.0,954.6,20.25
1991-11-08,24.4,31.0,18.7,58,0.0,952.8,18.84
1991-11-09,24.3,29.9,20.1,56,0.0,952.8,15.55
1991-11-10,24.6,30.8,19.4,54,0.0,953.6,17.63
1991-11-11,24.7,31.0,19.4,49,0.0,954.3,19.47
1991-11-12,24.5,29.8,18.8,61,0.0,954.4,15.99
1991-11-13,24.9,29.7,19.1,56,0.0,955.2,15.48
1991-11-14,25.3,30.5,20.0,51,0.0,954.7,13.69
1991-11-15,24.8,30.7,18.9,42,0.0,953.2,19.05
1991-11-16,24.7,29.8,19.5,52,0.0,953.1,15.84
1991-11-17,23.4,26.6,20.4,73,0.4,953.7,10.14
1991-11-18,22.9,26.4,21.0,83,5.6,954.9,9.31
1991-11-19,23.6,27.9,20.1,77,0.5,955.0,12.85
1991-11-20,23.6,28.5,19.2,77,0.3,954.5,16.32
1991-11-21,23.6,28.6,18.7,74,0.0,953.9,16.02
1991-11-22,23.8,28.9,18.9,72,0.0,954.5,15.75
1991-11-23,23.6,27.7,20.3,76,0.7,955.3,14.09
1991-11-24,23.4,28.5,19.2,56,0.0,955.6,18.9
1991-11-25,21.6,28.1,15.2,54,0.0,954.9,18.9
1991-11-26,23.3,29.9,16.2,60,0.0,955.5,17.93
1991-11-27,23.9,29.9,17.4,57,0.0,955.5,18.25
1991-11-28,24.1,30.4,17.6,53,0.0,954.1,18.45
1991-11-29,24.4,30.6,19.1,58,0.0,953.4,18.03
1991-11-30,24.1,29.9,19.4,54,0.0,952.8,17.19
1991-12-01,23.5,29.8,17.5,45,0.0,952.3,18.57
1991-12-02,23.8,30.5,18.3,50,0.0,954.0,17.25
1991-12-03,24.7,30.3,18.4,53,0.0,955.7,17.22
1991-12-04,24.1,29.4,18.8,52,0.0,956.6,18.22
1991-12-05,22.4,28.9,16.0,50,0.0,956.6,18.76
1991-12-06,21.6,28.8,14.5,42,0.0,957.2,19.01
1991-12-07,22.1,29.6,15.2,39,0.0,957.2,18.68
1991-12-08,23.1,29.4,18.0,38,0.0,956.4,18.67
1991-12-09,22.5,28.9,16.4,41,0.0,955.6,18.46
1991-12-10,21.6,28.4,14.9,47,0.0,956.3,18.32
1991-12-11,21.1,27.7,14.3,48,0.0,956.5,18.48
1991-12-12,21.2,27.4,15.0,50,0.0,956.5,18.34
1991-12-13,21.3,27.3,15.9,52,0.0,956.0,17.77
1991-12-14,21.1,28.0,14.8,46,0.0,955.6,18.41
1991-12-15,20.8,27.8,14.4,39,0.0,955.6,18.95
1991-12-16,21.0,28.2,14.6,46,0.0,954.4,18.7
1991-12-17,20.7,28.3,13.0,51,0.0,953.1,18.69
1991-12-18,20.6,28.3,13.2,51,0.0,951.4,18.56
1991-12-19,21.5,28.9,13.2,49,0.0,950.7,18.1
1991-12-20,23.2,30.3,15.7,53,0.0,951.0,17.46
1991-12-21,23.1,29.9,17.3,58,0.0,950.9,17.6
1991-12-22,20.9,29.7,13.4,61,0.0,951.2,18.32
1991-12-23,21.3,28.9,15.8,59,0.0,950.9,18.35
1991-12-24,19.7,26.8,13.6,69,0.0,949.7,18.26
1991-12-25,18.5,23.3,14.6,78,0.4,949.4,11.15
1991-12-26,18.3,24.8,13.2,69,0.0,950.7,17.93
1991-12-27,18.5,25.8,12.2,51,0.0,950.2,18.75
1991-12-28,20.0,26.6,13.8,46,0.0,951.9,18.59
1991-12-29,20.6,27.6,15.6,48,0.0,953.4,18.22
1991-12-30,18.6,25.6,12.5,57,0.0,952.8,18.77
1991-12-31,18.7,25.0,13.6,48,0.0,952.8,18.81
1992-01-01,18.3,25.9,10.9,45,0.0,954.7,18.81
1992-01-02,19.1,26.5,11.4,49,0.0,956.5,18.67
1992-01-03,19.1,26.7,11.4,46,0.0,957.7,19.17
1992-01-04,18.9,27.4,10.7,39,0.0,958.6,19.33
1992-01-05,20.1,28.3,13.7,36,0.0,956.9,19.43
1992-01-06,21.4,29.2,15.3,30,0.0,955.2,19.64
1992-01-07,22.2,29.7,16.3,26,0.0,954.8,19.79
1992-01-08,21.1,29.2,14.9,35,0.0,954.3,19.56
1992-01-09,22.7,29.7,16.3,31,0.0,954.5,19.34
1992-01-10,21.7,29.1,15.7,50,0.0,954.9,19.05
1992-01-11,21.3,29.5,15.1,57,0.0,954.6,18.96
1992-01-12,21.4,29.1,13.4,51,0.0,954.3,19.16
1992-01-13,22.3,29.8,14.5,53,0.0,955.1,19.17
1992-01-14,22.7,29.7,15.3,53,0.0,955.8,18.66
1992-01-15,23.5,30.2,18.1,51,0.0,954.6,19.08
1992-01-16,23.3,29.8,16.9,48,0.0,954.7,19.23
1992-01-17,23.0,29.9,15.8,49,0.0,955.0,19.32
1992-01-18,23.3,29.6,17.3,46,0.0,955.5,19.4
1992-01-19,24.2,30.2,18.9,39,0.0,955.8,19.6
1992-01-20,23.7,30.3,18.9,41,0.0,955.1,19.52
1992-01-21,23.7,30.6,18.7,38,0.0,954.9,19.68
1992-01-22,23.4,30.2,18.7,39,0.0,955.4,19.83
1992-01-23,23.2,30.5,17.2,43,0.0,955.3,19.76
1992-01-24,23.6,30.4,16.3,45,0.0,955.2,19.62
1992-01-25,24.0,31.0,16.2,43,0.0,954.6,19.58
1992-01-26,23.9,30.6,16.1,43,0.0,954.7,19.92
1992-01-27,23.4,30.7,15.8,40,0.0,954.6,20.35
1992-01-28,22.8,30.2,16.7,44,0.0,953.9,20.43
1992-01-29,22.9,30.2,16.1,43,0.0,954.0,20.54
1992-01-30,22.2,29.9,14.7,63,0.0,954.3,20.26
1992-01-31,21.7,29.2,15.4,63,0.0,954.4,20.55
1992-02-01,21.6,29.8,15.7,61,0.0,952.8,20.71
1992-02-02,21.1,29.5,13.5,53,0.0,952.8,20.87
1992-02-03,22.4,30.2,16.2,52,0.0,953.4,20.69
1992-02-04,23.0,30.3,16.8,56,0.0,953.7,20.51
1992-02-05,24.0,30.9,18.0,41,0.0,953.0,20.78
1992-02-06,24.4,31.7,17.2,44,0.0,953.3,20.9
1992-02-07,23.6,31.4,16.6,53,0.0,953.9,21.1
1992-02-08,20.8,28.1,15.4,66,0.0,952.7,20.25
1992-02-09,19.6,28.5,11.9,57,0.0,952.0,22.1
1992-02-10,20.8,28.6,13.5,45,0.0,952.1,21.97
1992-02-11,22.0,29.8,14.4,37,0.0,952.6,22.09
1992-02-12,23.5,30.8,17.4,35,0.0,953.2,22.02
1992-02-13,22.5,31.4,15.0,40,0.0,953.3,22.46
1992-02-14,21.7,30.6,14.1,56,0.0,952.6,22.32
1992-02-15,21.3,31.0,14.5,48,0.0,951.6,22.94
1992-02-16,19.8,29.4,12.5,44,0.0,951.4,23.2
1992-02-17,19.2,26.9,13.4,62,0.0,951.0,22.07
1992-02-18,19.7,28.9,12.0,55,0.0,950.9,23.13
1992-02-19,18.7,27.5,11.0,62,0.0,951.8,23.23
1992-02-20,19.4,27.8,11.6,67,0.0,951.8,22.52
1992-02-21,21.3,29.0,14.7,59,0.0,952.0,22.86
1992-02-22,21.9,29.6,15.6,51,0.0,954.2,23.2
1992-02-23,22.5,30.0,16.4,39,0.0,954.6,23.36
1992-02-24,22.6,30.4,14.8,33,0.0,954.8,23.37
1992-02-25,22.7,30.3,14.5,30,0.0,955.1,23.6
1992-02-26,23.9,31.4,17.5,30,0.0,954.6,23.7
1992-02-27,24.6,32.7,18.6,35,0.0,952.8,23.79
1992-02-28,23.5,31.7,16.0,39,0.0,952.9,23.66
1992-02-29,24.3,33.5,16.8,46,0.0,952.8,23.77
1992-03-01,25.3,33.9,18.1,42,0.0,954.6,23.85
1992-03-02,25.6,34.2,19.3,33,0.0,954.6,24.4
1992-03-03,25.7,34.6,18.3,33,0.0,953.6,24.52
1992-03-04,26.6,34.2,20.9,31,0.0,954.2,24.29
1992-03-05,25.7,33.8,19.2,37,0.0,955.0,24.35
1992-03-06,25.6,34.1,19.2,31,0.0,955.0,24.7
1992-03-07,24.6,33.8,17.0,39,0.0,954.4,24.93
1992-03-08,24.4,33.9,16.7,48,0.0,954.1,24.97
1992-03-09,24.3,33.1,16.9,39,0.0,954.3,24.91
1992-03-10,24.2,33.7,15.6,41,0.0,953.8,24.99
1992-03-11,25.7,34.7,18.0,41,0.0,954.2,24.98
1992-03-12,27.2,35.4,19.8,33,0.0,954.7,24.89
1992-03-13,27.9,35.6,21.2,32,0.0,954.2,24.88
1992-03-14,28.3,35.7,21.6,34,0.0,953.3,24.57
1992-03-15,27.8,35.3,21.8,32,0.0,953.2,25.11
1992-03-16,26.9,35.5,20.3,29,0.0,952.3,25.61
1992-03-17,26.4,35.7,18.1,30,0.0,951.6,26.02
1992-03-18,27.1,36.3,19.1,34,0.0,950.9,25.97
1992-03-19,26.9,36.4,17.8,34,0.0,949.8,26.27
1992-03-20,27.8,36.9,19.3,42,0.0,951.2,25.83
1992-03-21,28.3,36.8,20.5,38,0.0,951.5,25.68
1992-03-22,28.8,37.4,21.4,40,0.0,951.8,24.86
1992-03-23,29.4,37.2,22.4,35,0.0,952.0,25.4
1992-03-24,29.5,37.5,23.1,34,0.0,950.7,25.11
1992-03-25,28.5,36.4,20.7,39,0.0,951.0,25.66
1992-03-26,29.7,37.4,22.2,33,0.0,951.2,25.7
1992-03-27,30.1,38.2,22.6,28,0.0,951.3,25.48
1992-03-28,28.4,35.7,22.1,48,0.5,951.1,24.3
1992-03-29,28.2,35.9,21.6,48,0.0,949.8,24.6
1992-03-30,26.7,34.1,19.3,41,0.0,950.0,25.79
1992-03-31,26.6,34.6,19.2,38,0.0,951.1,25.41
1992-04-01,27.8,36.1,20.3,40,0.0,951.3,25.58
1992-04-02,28.2,36.3,21.7,35,0.0,951.9,24.57
1992-04-03,27.9,36.3,21.7,40,0.0,952.4,22.31
1992-04-04,27.4,35.7,20.3,34,0.0,952.6,24.25
1992-04-05,27.1,35.5,19.0,48,0.0,951.6,26.59
1992-04-06,27.4,36.1,18.3,45,0.0,950.3,26.61
1992-04-07,28.3,37.0,20.1,45,0.0,950.0,26.59
1992-04-08,28.3,36.9,20.8,43,0.0,951.4,26.38
1992-04-09,28.2,37.3,19.9,52,0.0,949.8,25.33
1992-04-10,28.3,35.8,21.9,48,0.0,950.1,21.32
1992-04-11,28.3,36.4,21.4,48,0.0,951.4,24.4
1992-04-12,29.1,37.2,21.5,40,0.0,952.0,25.46
1992-04-13,30.4,38.9,22.8,37,0.0,951.2,26.1
1992-04-14,30.9,38.7,24.2,33,0.2,951.2,25.17
1992-04-15,30.2,38.3,23.0,31,0.0,951.0,23.58
1992-04-16,30.4,38.3,22.9,30,0.0,951.1,26.01
1992-04-17,29.8,38.3,22.7,33,0.0,950.6,26.45
1992-04-18,28.1,36.1,20.3,35,0.0,951.3,26.81
1992-04-19,28.2,37.3,19.2,44,0.0,952.3,27.12
1992-04-20,29.8,38.8,21.5,43,0.0,953.0,26.5
1992-04-21,29.8,37.3,22.5,34,0.3,953.1,24.22
1992-04-22,29.7,37.3,22.7,36,0.0,950.8,25.84
1992-04-23,29.1,37.4,21.9,41,0.0,949.0,26.54
1992-04-24,28.8,36.9,21.1,42,0.0,949.7,27.03
1992-04-25,29.7,37.9,22.0,41,0.0,952.2,26.02
1992-04-26,30.0,37.5,23.0,43,0.0,951.8,25.4
1992-04-27,30.0,38.0,23.4,47,0.0,949.7,24.0
1992-04-28,29.1,37.4,22.4,52,0.0,949.7,25.55
1992-04-29,29.9,38.8,21.6,55,0.0,949.9,24.81
1992-04-30,30.2,38.0,23.4,52,0.0,950.8,20.1
1992-05-01,30.3,38.7,23.5,51,0.0,949.8,23.49
1992-05-02,29.8,38.1,23.6,52,0.0,948.7,26.52
1992-05-03,28.0,35.8,21.8,52,0.0,948.4,26.6
1992-05-04,28.2,36.8,21.0,52,0.0,948.5,27.53
1992-05-05,29.2,38.6,19.7,47,0.0,950.7,27.61
1992-05-06,31.1,39.1,21.9,48,0.0,950.8,24.61
1992-05-07,31.9,39.5,24.6,39,0.0,949.3,24.43
1992-05-08,30.2,37.4,24.2,52,1.2,949.1,25.46
1992-05-09,29.9,38.2,23.3,51,0.0,950.0,26.3
1992-05-10,29.9,38.8,22.3,44,0.0,949.9,27.01
1992-05-11,30.2,38.1,22.7,52,0.2,948.9,25.78
1992-05-12,30.3,38.2,23.3,51,0.0,949.6,23.82
1992-05-13,31.5,40.0,25.0,50,1.2,950.4,22.37
1992-05-14,31.5,39.2,25.6,52,0.8,950.5,22.81
1992-05-15,30.1,36.9,25.4,58,2.7,949.3,24.4
1992-05-16,28.7,35.9,23.3,64,0.4,949.0,24.72
1992-05-17,27.6,35.0,22.8,63,0.0,948.1,25.6
1992-05-18,27.1,35.5,21.2,59,0.0,946.8,27.8
1992-05-19,26.4,34.3,20.3,64,0.0,947.8,26.84
1992-05-20,26.4,33.8,21.1,67,0.0,949.0,26.03
1992-05-21,27.1,34.5,21.5,65,0.0,949.9,26.1
1992-05-22,27.6,35.4,21.7,66,0.0,949.7,25.69
1992-05-23,28.0,35.9,22.2,67,0.1,948.9,25.74
1992-05-24,27.0,33.7,21.7,67,0.0,948.7,25.08
1992-05-25,26.8,33.4,21.9,68,0.0,948.0,24.76
1992-05-26,26.7,33.5,22.0,67,0.0,947.6,25.6
1992-05-27,27.0,33.7,22.1,67,0.0,948.6,23.99
1992-05-28,27.6,35.5,22.2,68,0.2,951.0,23.24
1992-05-29,29.4,37.9,23.2,64,0.8,950.5,24.38
1992-05-30,28.9,35.4,23.6,63,0.0,949.6,24.02
1992-05-31,28.6,36.8,21.8,57,0.0,947.9,26.85
1992-06-01,28.5,36.4,23.2,63,1.5,948.8,24.03
1992-06-02,29.2,37.5,23.9,63,1.0,949.1,21.91
1992-06-03,29.4,36.6,23.8,62,0.2,949.3,25.19
1992-06-04,29.8,38.4,23.8,60,0.6,948.3,25.08
1992-06-05,29.0,36.0,23.1,63,0.9,948.0,25.01
1992-06-06,28.5,35.9,22.8,63,0.0,948.4,25.16
1992-06-07,28.1,35.0,23.0,63,0.0,947.7,25.7
1992-06-08,28.1,35.2,22.3,64,0.0,946.6,26.09
1992-06-09,28.6,36.0,22.7,61,0.2,946.8,25.39
1992-06-10,28.5,35.3,23.6,64,1.7,947.4,22.52
1992-06-11,28.3,35.7,23.2,65,7.7,946.8,22.15
1992-06-12,28.8,36.0,23.9,66,0.5,945.6,24.58
1992-06-13,28.8,35.0,23.8,67,0.0,944.5,24.56
1992-06-14,28.4,34.9,23.9,68,0.6,945.3,22.44
1992-06-15,27.3,33.8,23.6,71,6.8,945.9,21.96
1992-06-16,26.1,31.3,23.7,83,12.2,944.9,14.73
1992-06-17,26.0,30.8,23.9,83,6.5,943.3,14.46
1992-06-18,26.0,30.1,23.8,83,3.8,942.6,14.69
1992-06-19,25.3,28.6,23.9,87,4.0,942.1,10.72
1992-06-20,23.4,24.0,21.7,93,73.8,940.3,1.94
1992-06-21,22.8,24.6,22.1,89,36.1,942.3,7.49
1992-06-22,23.7,25.4,21.0,85,12.0,943.3,6.68
1992-06-23,23.3,25.4,21.7,71,4.6,945.0,13.16
1992-06-24,23.5,26.1,21.1,85,4.4,946.1,12.17
1992-06-25,24.8,28.0,22.9,85,4.4,946.9,18.93
1992-06-26,24.2,27.0,22.6,86,3.8,946.3,16.41
1992-06-27,24.6,27.8,22.7,85,4.1,945.2,19.59
1992-06-28,24.6,27.5,23.1,85,4.3,945.6,16.21
1992-06-29,24.8,28.0,22.6,84,2.3,946.2,17.0
1992-06-30,24.7,27.8,22.5,82,1.7,945.7,17.69
1992-07-01,24.6,28.7,21.8,83,1.2,945.9,17.67
1992-07-02,24.9,29.1,21.8,81,0.3,946.9,18.57
1992-07-03,25.4,29.8,22.6,79,0.1,948.5,20.85
1992-07-04,25.2,29.5,22.0,80,0.5,949.2,18.68
1992-07-05,25.5,30.3,22.1,80,0.2,950.5,18.89
1992-07-06,25.1,29.1,22.3,82,1.1,950.1,18.49
1992-07-07,24.9,28.8,22.0,82,1.4,948.6,19.37
1992-07-08,24.9,29.3,22.6,81,0.2,948.1,19.16
1992-07-09,24.7,28.6,22.4,82,2.7,947.7,17.54
1992-07-10,24.5,27.9,22.3,84,5.2,947.1,16.25
1992-07-11,24.5,28.4,22.2,86,9.5,946.4,15.82
1992-07-12,24.6,28.7,22.7,88,6.2,946.3,13.41
1992-07-13,25.0,29.4,22.8,87,9.5,945.2,14.9
1992-07-14,25.2,29.4,22.2,83,5.6,944.0,16.71
1992-07-15,24.7,28.4,22.8,83,3.5,945.2,15.61
1992-07-16,24.1,27.1,22.7,88,5.5,946.2,12.84
1992-07-17,23.9,26.2,22.6,89,11.0,944.9,11.37
1992-07-18,23.1,25.5,22.6,93,36.8,942.3,6.48
1992-07-19,23.0,23.6,22.5,94,45.8,941.5,4.39
1992-07-20,23.5,25.3,22.3,90,15.5,944.3,11.95
1992-07-21,23.3,25.6,22.0,89,11.6,946.2,11.9
1992-07-22,23.4,25.7,22.2,88,8.3,946.2,14.09
1992-07-23,23.2,25.1,21.9,89,10.3,946.1,12.14
1992-07-24,23.3,25.5,21.9,89,11.1,945.7,13.83
1992-07-25,23.2,25.5,22.0,91,18.8,944.7,10.09
1992-07-26,23.8,26.0,22.3,89,6.5,943.5,14.03
1992-07-27,23.9,26.0,22.6,87,7.4,943.3,15.03
1992-07-28,23.3,25.0,22.4,90,8.0,943.1,8.56
1992-07-29,23.5,26.2,22.1,88,9.2,944.8,14.88
1992-07-30,23.5,26.2,21.9,88,7.4,946.9,16.8
1992-07-31,23.6,26.2,22.2,87,2.0,947.6,15.09
1992-08-01,23.6,26.2,22.0,86,3.0,947.2,14.64
1992-08-02,22.6,24.6,21.9,95,7.7,945.1,5.5
1992-08-03,23.5,25.8,22.1,90,1.9,944.4,9.62
1992-08-04,23.7,26.4,22.4,91,9.8,945.9,8.92
1992-08-05,24.3,27.7,22.5,87,1.5,947.8,14.91
1992-08-06,24.5,27.6,22.8,88,4.1,948.8,15.12
1992-08-07,24.5,28.6,22.2,87,5.3,948.5,15.69
1992-08-08,24.2,28.1,22.2,88,3.3,947.9,12.57
1992-08-09,23.5,26.7,22.3,91,5.6,948.7,10.0
1992-08-10,23.2,25.4,21.4,90,10.1,948.6,12.19
1992-08-11,21.9,23.4,21.0,97,34.2,947.6,4.51
1992-08-12,22.5,23.9,21.8,94,11.4,946.8,5.9
1992-08-13,22.3,24.7,21.5,94,18.1,947.1,6.87
1992-08-14,22.6,24.6,21.6,93,9.2,946.9,6.02
1992-08-15,22.6,24.6,21.9,94,17.4,948.0,6.75
1992-08-16,22.8,24.3,21.8,93,53.6,946.5,7.93
1992-08-17,22.5,23.5,22.0,95,68.3,944.2,5.27
1992-08-18,22.2,23.2,21.7,95,43.5,944.5,4.96
1992-08-19,22.8,24.9,21.9,91,7.3,946.8,10.84
1992-08-20,22.1,22.9,21.6,94,9.0,947.0,3.74
1992-08-21,22.1,23.7,21.3,94,11.3,946.7,5.25
1992-08-22,22.9,25.2,21.5,89,2.1,947.5,10.77
1992-08-23,23.5,26.7,21.6,86,1.5,948.0,15.0
1992-08-24,23.6,27.3,21.2,85,1.2,948.8,16.11
1992-08-25,23.5,26.9,21.7,85,1.0,949.5,16.75
1992-08-26,23.3,25.8,21.9,88,3.2,948.8,14.42
1992-08-27,22.7,25.7,21.7,90,5.4,947.9,9.91
1992-08-28,22.8,25.1,21.5,89,2.8,947.8,11.34
1992-08-29,23.6,26.7,21.9,86,1.9,946.7,15.66
1992-08-30,23.6,27.5,21.8,87,2.9,945.5,16.72
1992-08-31,23.1,26.4,21.5,90,3.4,945.8,12.43
1992-09-01,22.8,25.7,21.7,93,13.9,946.7,7.21
1992-09-02,21.6,22.7,20.5,94,38.9,946.1,3.43
1992-09-03,23.1,25.3,21.8,90,4.2,945.6,11.75
1992-09-04,22.9,25.1,21.4,90,8.8,945.7,12.64
1992-09-05,23.1,25.5,21.8,90,6.0,946.0,11.3
1992-09-06,23.4,25.8,22.0,88,3.7,946.1,13.91
1992-09-07,23.1,26.1,21.6,88,6.8,946.4,15.22
1992-09-08,23.7,27.2,21.7,85,0.8,946.2,17.42
1992-09-09,23.6,27.3,21.2,83,0.3,946.8,18.16
1992-09-10,23.6,27.5,20.9,85,1.8,948.0,16.07
1992-09-11,23.2,27.5,20.2,82,0.0,948.9,18.55
1992-09-12,22.4,26.8,19.3,85,1.7,948.6,17.53
1992-09-13,22.8,26.4,20.0,83,0.0,949.8,14.88
1992-09-14,23.1,27.0,20.1,84,0.2,951.5,17.68
1992-09-15,22.9,27.5,20.3,86,2.0,952.3,18.48
1992-09-16,23.2,28.1,20.1,82,0.3,952.5,20.98
1992-09-17,23.0,27.7,19.8,82,0.0,951.8,21.12
1992-09-18,22.8,27.5,19.1,83,1.2,951.5,20.08
1992-09-19,23.4,28.2,19.3,82,0.3,951.9,19.52
1992-09-20,24.4,29.1,20.8,82,0.6,952.5,20.87
1992-09-21,24.8,29.6,21.1,83,1.1,951.7,19.29
1992-09-22,25.4,30.3,21.1,76,0.0,950.0,19.97
1992-09-23,25.8,31.2,21.7,71,0.0,949.1,22.41
1992-09-24,25.2,31.1,20.6,71,0.0,949.3,21.69
1992-09-25,25.4,31.2,20.5,66,0.0,949.2,21.5
1992-09-26,25.6,31.1,20.5,65,0.0,948.7,20.11
1992-09-27,26.2,30.7,22.1,62,0.0,948.9,18.15
1992-09-28,25.6,31.2,22.2,75,5.3,950.1,17.99
1992-09-29,25.1,30.0,21.4,82,8.1,949.5,18.61
1992-09-30,24.7,29.0,21.8,83,3.7,949.1,18.78
1992-10-01,24.7,29.2,21.4,82,1.5,950.3,16.9
1992-10-02,25.4,30.2,21.4,80,0.2,951.7,19.38
1992-10-03,25.7,30.1,21.7,77,0.2,951.8,18.78
1992-10-04,26.3,31.1,21.9,69,0.0,950.2,20.7
1992-10-05,25.9,30.8,22.0,75,0.2,950.0,19.27
1992-10-06,26.2,31.0,23.0,76,0.0,950.4,18.8
1992-10-07,26.5,31.9,21.2,61,0.0,949.6,20.57
1992-10-08,26.3,32.0,20.9,58,0.0,948.9,20.68
1992-10-09,25.1,29.7,21.0,68,2.0,948.1,13.62
1992-10-10,23.5,25.9,22.0,89,11.4,945.6,8.07
1992-10-11,23.9,26.8,22.1,89,2.8,946.8,11.59
1992-10-12,24.0,28.8,20.8,78,0.0,948.8,21.33
1992-10-13,23.4,29.1,19.3,77,0.0,949.6,21.12
1992-10-14,24.0,29.0,20.3,77,0.0,949.9,21.09
1992-10-15,23.5,28.6,20.1,78,0.0,949.3,19.64
1992-10-16,23.0,28.2,19.7,75,0.0,949.4,20.85
1992-10-17,23.2,28.8,19.1,76,0.0,949.7,20.11
1992-10-18,22.8,26.2,20.0,84,0.6,950.7,10.7
1992-10-19,24.5,29.3,20.6,75,0.2,951.9,16.78
1992-10-20,25.5,30.3,21.3,68,0.0,952.2,17.73
1992-10-21,25.4,29.8,21.8,71,0.0,951.6,16.45
1992-10-22,24.7,29.2,20.8,77,0.2,951.5,16.59
1992-10-23,25.0,30.0,21.1,73,0.2,952.9,18.26
1992-10-24,25.0,30.0,21.2,74,0.1,954.0,17.68
1992-10-25,24.1,30.8,18.3,65,0.0,954.5,21.63
1992-10-26,22.6,29.7,16.5,64,0.0,954.5,22.12
1992-10-27,24.2,30.4,18.0,59,0.0,954.2,18.33
1992-10-28,24.0,28.9,18.9,66,0.0,954.5,17.82
1992-10-29,24.7,29.6,20.0,63,0.0,955.0,16.74
1992-10-30,23.8,29.6,17.8,49,0.0,953.7,21.36
1992-10-31,23.7,29.5,18.3,46,0.0,953.0,21.45
1992-11-01,23.1,29.6,17.0,49,0.0,952.9,21.4
1992-11-02,24.2,30.8,17.7,46,0.0,952.9,21.35
1992-11-03,25.6,30.8,20.2,49,0.0,952.6,17.33
1992-11-04,24.7,30.8,18.5,46,0.0,952.5,20.9
1992-11-05,24.3,30.9,18.0,48,0.0,952.1,20.89
1992-11-06,24.2,30.9,17.4,47,0.0,952.7,20.73
1992-11-07,23.8,30.1,17.3,50,0.0,953.1,20.55
1992-11-08,23.2,30.0,15.7,44,0.0,952.6,21.07
1992-11-09,24.9,31.2,19.2,55,0.0,953.4,18.06
1992-11-10,25.6,30.9,20.5,58,0.0,954.2,17.23
1992-11-11,25.1,30.7,20.2,56,0.0,953.9,19.38
1992-11-12,23.2,30.4,16.3,44,0.0,953.2,20.54
1992-11-13,23.1,30.2,15.5,48,0.0,953.0,20.06
1992-11-14,23.8,30.1,17.7,50,0.0,951.7,19.7
1992-11-15,24.0,29.9,17.8,51,0.0,950.5,19.74
1992-11-16,24.7,28.9,20.1,60,0.0,949.8,16.33
1992-11-17,23.0,26.0,20.9,77,0.4,949.2,9.5
1992-11-18,22.4,24.9,20.6,82,0.2,949.7,8.5
1992-11-19,23.3,27.5,20.7,82,1.6,950.5,12.6
1992-11-20,23.8,27.9,21.1,78,0.3,952.1,14.26
1992-11-21,23.2,27.1,20.0,80,0.8,951.7,13.2
1992-11-22,23.5,27.6,20.3,80,2.0,953.1,11.16
1992-11-23,24.0,28.4,20.6,80,1.0,955.2,12.9
1992-11-24,24.6,29.2,20.3,72,0.0,955.8,14.7
1992-11-25,24.6,28.7,21.4,71,0.2,954.6,13.26
1992-11-26,24.4,28.8,20.6,68,0.0,952.2,12.7
1992-11-27,23.6,29.4,18.2,56,0.0,953.1,18.39
1992-11-28,22.2,29.3,15.5,49,0.0,954.7,19.38
1992-11-29,22.0,29.4,15.2,51,0.0,955.8,19.0
1992-11-30,22.2,29.4,16.2,45,0.0,954.3,19.27
1992-12-01,21.9,29.5,14.7,49,0.0,953.8,19.14
1992-12-02,21.7,29.2,14.6,54,0.0,953.1,19.0
1992-12-03,22.2,29.3,15.3,55,0.0,953.3,18.82
1992-12-04,23.0,29.5,16.8,55,0.0,953.9,18.66
1992-12-05,22.9,29.1,16.4,54,0.0,955.6,18.5
1992-12-06,22.3,28.7,15.6,54,0.0,956.4,18.45
1992-12-07,21.6,28.3,15.0,48,0.0,956.4,18.07
1992-12-08,21.6,28.2,14.7,44,0.0,955.6,18.44
1992-12-09,21.4,28.1,14.4,46,0.0,954.8,18.47
1992-12-10,20.8,27.1,13.8,48,0.0,955.0,18.66
1992-12-11,20.6,27.4,13.8,53,0.0,955.4,18.62
1992-12-12,20.8,27.7,14.3,51,0.0,955.1,18.63
1992-12-13,20.5,27.8,13.6,49,0.0,954.4,18.67
1992-12-14,20.7,27.7,13.9,48,0.0,954.2,18.7
1992-12-15,21.3,28.4,14.3,47,0.0,954.9,18.45
1992-12-16,21.6,28.4,14.5,52,0.0,954.9,18.35
1992-12-17,21.7,28.5,14.8,57,0.0,954.0,18.4
1992-12-18,21.8,28.4,15.0,56,0.0,954.0,18.46
1992-12-19,21.6,28.4,14.5,55,0.0,953.9,18.49
1992-12-20,21.6,28.2,14.9,56,0.0,954.8,18.1
1992-12-21,21.3,28.0,14.5,56,0.0,955.7,18.42
1992-12-22,21.3,28.0,15.2,56,0.0,955.8,18.48
1992-12-23,21.1,28.4,14.2,50,0.0,955.4,18.68
1992-12-24,20.2,28.0,13.0,43,0.0,954.8,19.06
1992-12-25,20.5,27.4,15.1,39,0.0,954.8,19.1
1992-12-26,20.8,27.5,15.2,35,0.0,954.4,19.25
1992-12-27,21.4,28.0,15.9,34,0.0,954.6,19.18
1992-12-28,21.2,27.9,15.9,39,0.0,955.0,18.93
1992-12-29,20.8,28.3,13.7,48,0.0,956.1,18.85
1992-12-30,21.0,28.4,13.7,52,0.0,957.2,18.86
1992-12-31,21.4,28.4,15.2,55,0.0,957.5,18.82
1993-01-01,21.8,29.2,15.8,50,0.0,957.6,18.98
1993-01-02,22.0,29.2,15.7,48,0.0,956.6,18.97
1993-01-03,23.0,29.6,17.2,43,0.0,956.0,18.99
1993-01-04,23.3,29.7,17.5,44,0.0,956.0,18.92
1993-01-05,23.3,30.1,18.2,45,0.0,956.5,19.05
1993-01-06,23.7,31.0,18.3,41,0.0,955.0,19.25
1993-01-07,21.8,30.8,14.6,46,0.0,951.9,19.58
1993-01-08,21.2,29.8,13.3,59,0.0,952.2,19.34
1993-01-09,22.3,30.1,14.6,57,0.0,953.4,19.22
1993-01-10,22.9,30.4,15.5,49,0.0,953.1,19.19
1993-01-11,23.4,30.5,17.4,49,0.0,952.2,19.18
1993-01-12,23.6,31.2,18.4,47,0.0,951.6,19.35
1993-01-13,23.2,30.4,17.6,36,0.0,951.7,20.18
1993-01-14,22.4,29.6,16.6,41,0.0,951.6,19.89
1993-01-15,22.5,30.1,16.9,42,0.0,952.3,19.89
1993-01-16,22.3,29.8,16.7,46,0.0,953.9,19.89
1993-01-17,21.9,28.8,15.4,53,0.0,953.7,19.52
1993-01-18,22.9,30.2,17.8,47,0.0,953.5,19.29
1993-01-19,21.7,29.4,16.2,44,0.0,953.6,20.14
1993-01-20,20.6,28.5,15.3,44,0.0,953.4,20.57
1993-01-21,20.9,28.4,15.1,46,0.0,953.4,20.47
1993-01-22,22.2,29.3,16.8,49,0.0,954.9,20.16
1993-01-23,23.0,29.6,17.8,49,0.0,954.6,20.0
1993-01-24,23.0,29.7,16.3,46,0.0,954.4,20.17
1993-01-25,22.7,29.7,15.7,44,0.0,955.3,20.37
1993-01-26,23.1,30.6,15.8,41,0.0,956.4,20.46
1993-01-27,24.1,31.1,18.1,37,0.0,956.2,20.56
1993-01-28,24.2,30.8,19.2,40,0.0,955.3,20.51
1993-01-29,23.5,30.6,18.0,44,0.0,954.7,20.34
1993-01-30,23.3,30.5,17.8,46,0.0,954.0,20.93
1993-01-31,23.6,30.8,16.4,42,0.0,954.9,20.91
1993-02-01,22.9,30.2,16.5,38,0.0,956.7,21.26
1993-02-02,22.3,29.7,15.1,41,0.0,957.0,21.45
1993-02-03,21.7,29.4,14.6,36,0.0,957.2,21.92
1993-02-04,22.0,30.1,14.1,37,0.0,957.1,21.95
1993-02-05,22.3,29.9,14.7,37,0.0,957.3,21.93
1993-02-06,22.5,30.5,14.4,35,0.0,956.2,21.86
1993-02-07,23.5,30.9,17.4,34,0.0,955.8,21.84
1993-02-08,24.1,31.3,18.5,30,0.0,954.0,22.55
1993-02-09,24.6,32.0,18.8,28,0.0,953.0,22.51
1993-02-10,24.8,31.9,19.3,29,0.0,952.4,22.46
1993-02-11,24.5,31.5,17.7,36,0.0,953.0,22.2
1993-02-12,24.7,31.4,18.8,47,0.0,953.5,22.2
1993-02-13,25.4,31.9,18.0,38,0.0,953.7,22.07
1993-02-14,25.5,32.5,19.9,42,0.0,952.8,22.15
1993-02-15,25.3,33.1,18.6,56,0.0,952.4,22.19
1993-02-16,24.4,32.4,17.1,41,0.0,950.9,22.86
1993-02-17,22.8,31.4,15.1,40,0.0,950.1,23.3
1993-02-18,22.1,31.1,13.9,52,0.0,951.2,23.17
1993-02-19,21.5,29.9,14.0,59,0.0,951.6,23.18
1993-02-20,20.2,28.2,13.8,30,0.0,951.9,24.38
1993-02-21,20.1,28.0,12.4,22,0.0,952.1,24.37
1993-02-22,21.4,29.3,14.6,26,0.0,952.2,24.16
1993-02-23,23.1,31.3,17.1,30,0.0,951.7,23.78
1993-02-24,23.0,31.5,15.8,40,0.0,952.6,23.75
1993-02-25,23.6,31.9,17.1,53,0.0,953.8,23.27
1993-02-26,23.7,31.0,17.7,60,0.0,953.5,21.21
1993-02-27,23.7,31.3,17.1,54,0.0,951.4,22.54
1993-02-28,22.5,30.2,15.9,50,0.0,951.7,24.3
1993-03-01,21.6,28.5,15.5,55,0.0,953.2,23.48
1993-03-02,22.6,30.7,16.4,45,0.0,953.4,24.22
1993-03-03,22.9,31.6,15.3,45,0.0,954.0,24.62
1993-03-04,24.5,32.5,16.9,44,0.0,954.3,22.68
1993-03-05,25.6,33.1,19.8,44,0.0,953.2,22.63
1993-03-06,26.2,33.9,19.9,39,0.0,953.5,24.67
1993-03-07,26.3,33.1,19.0,41,0.0,953.6,21.74
1993-03-08,26.3,32.2,22.2,49,2.6,954.0,18.07
1993-03-09,25.5,31.7,19.8,53,0.9,953.0,19.09
1993-03-10,24.4,31.1,17.8,59,0.5,952.9,21.06
1993-03-11,25.2,31.5,20.1,60,0.4,952.9,19.21
1993-03-12,25.7,31.8,20.0,51,0.0,952.6,21.19
1993-03-13,25.2,32.8,19.1,43,0.0,952.8,23.52
1993-03-14,23.8,31.9,17.8,60,0.0,952.0,23.91
1993-03-15,23.9,33.0,15.7,61,0.0,951.5,25.29
1993-03-16,24.8,34.0,16.8,53,0.0,951.4,25.82
1993-03-17,26.6,35.1,19.2,41,0.0,951.2,25.81
1993-03-18,27.8,36.3,20.8,33,0.0,950.8,25.88
1993-03-19,27.6,36.0,20.7,28,0.0,950.9,26.23
1993-03-20,26.9,35.6,19.4,31,0.0,950.4,26.6
1993-03-21,26.5,35.8,18.1,35,0.0,950.5,26.48
1993-03-22,26.1,35.4,17.4,39,0.0,951.7,26.51
1993-03-23,25.8,34.9,18.0,53,0.0,953.4,26.13
1993-03-24,24.7,33.6,18.2,56,0.0,952.6,25.87
1993-03-25,23.3,30.3,18.1,69,0.0,951.8,22.83
1993-03-26,23.4,31.0,18.4,59,0.0,952.2,25.86
1993-03-27,22.8,31.9,13.9,45,0.0,953.0,27.34
1993-03-28,24.7,33.8,16.5,45,0.0,952.7,26.89
1993-03-29,27.1,35.3,19.0,28,0.0,953.1,26.97
1993-03-30,28.1,35.7,21.4,22,0.0,952.4,26.95
1993-03-31,27.2,35.4,20.3,30,0.0,952.0,26.73
1993-04-01,25.9,33.5,18.7,35,0.0,952.6,26.91
1993-04-02,25.9,34.3,17.2,42,0.0,951.6,27.08
1993-04-03,26.5,35.3,17.8,37,0.0,951.0,26.69
1993-04-04,27.1,35.7,19.0,34,0.0,950.9,26.56
1993-04-05,28.1,36.6,20.0,42,0.0,951.4,26.48
1993-04-06,29.1,37.1,22.4,35,0.0,951.9,25.29
1993-04-07,28.2,36.6,20.5,34,0.0,951.8,25.46
1993-04-08,27.2,36.1,19.1,38,0.0,950.7,27.66
1993-04-09,26.6,36.5,16.1,43,0.0,951.2,28.3
1993-04-10,27.3,37.6,18.3,42,0.0,951.9,28.02
1993-04-11,25.7,34.3,19.2,37,0.0,951.8,27.74
1993-04-12,24.9,34.0,17.0,57,0.0,951.5,26.8
1993-04-13,26.3,35.0,18.0,53,0.0,952.6,27.27
1993-04-14,27.5,36.6,18.6,54,0.0,953.5,26.5
1993-04-15,29.0,36.1,21.4,50,0.0,954.0,22.91
1993-04-16,29.6,37.6,22.4,50,0.2,953.3,23.13
1993-04-17,29.9,37.4,22.9,48,0.0,952.0,22.9
1993-04-18,30.4,37.7,23.4,42,0.0,950.9,23.48
1993-04-19,30.0,37.9,22.3,37,0.0,950.7,26.66
1993-04-20,29.1,37.2,21.8,36,0.0,951.1,27.44
1993-04-21,28.6,37.8,19.5,48,0.0,950.7,27.5
1993-04-22,29.9,39.2,21.0,52,0.1,950.1,26.29
1993-04-23,30.8,39.8,22.8,52,2.7,949.4,25.65
1993-04-24,30.0,39.1,23.4,55,1.4,950.2,23.9
1993-04-25,29.6,37.3,23.2,60,2.6,950.2,23.36
1993-04-26,30.0,37.4,23.2,50,0.7,950.2,21.04
1993-04-27,30.1,38.0,23.3,45,0.0,949.8,23.89
1993-04-28,30.4,38.1,22.9,38,0.0,949.4,23.31
1993-04-29,30.3,38.1,22.6,31,0.0,949.4,27.9
1993-04-30,29.5,37.4,21.4,33,0.0,949.0,27.98
1993-05-01,29.1,36.9,22.6,43,0.0,949.3,28.01
1993-05-02,28.9,37.2,21.6,42,0.0,949.0,28.32
1993-05-03,29.4,38.2,21.3,44,0.0,948.5,28.17
1993-05-04,29.5,38.8,21.5,48,0.0,948.8,27.71
1993-05-05,29.7,38.4,22.2,43,0.0,949.6,27.4
1993-05-06,30.3,39.9,22.1,49,0.3,949.7,26.07
1993-05-07,29.5,36.0,23.2,55,2.3,950.2,22.35
1993-05-08,28.8,35.4,23.3,57,0.0,951.2,19.02
1993-05-09,28.3,35.3,22.8,64,1.7,951.9,25.05
1993-05-10,29.6,38.3,21.2,50,0.0,950.8,27.75
1993-05-11,29.8,38.6,21.2,43,0.0,950.0,28.59
1993-05-12,29.1,37.5,21.2,47,0.0,950.2,28.42
1993-05-13,29.3,39.4,21.0,52,0.0,949.8,28.1
1993-05-14,29.7,39.7,22.2,56,0.0,950.5,26.59
1993-05-15,28.9,37.6,22.4,57,0.0,951.2,26.97
1993-05-16,28.3,36.1,22.0,60,0.2,949.5,26.07
1993-05-17,28.4,35.9,22.3,60,0.0,949.1,25.54
1993-05-18,28.1,34.8,23.0,61,0.5,950.4,22.6
1993-05-19,28.5,37.0,22.1,61,0.2,949.7,26.51
1993-05-20,28.1,36.3,22.1,62,0.9,950.1,26.34
1993-05-21,29.7,38.7,22.3,54,0.0,949.4,26.75
1993-05-22,30.3,38.3,23.0,53,0.0,949.8,26.5
1993-05-23,30.6,38.4,25.5,57,2.2,949.6,22.46
1993-05-24,28.5,33.0,24.1,63,1.1,949.1,17.87
1993-05-25,28.4,35.4,23.8,67,1.9,947.6,24.63
1993-05-26,28.6,35.4,23.3,66,0.0,948.5,25.2
1993-05-27,28.1,34.3,23.2,68,0.0,948.6,24.81
1993-05-28,27.4,33.9,23.1,68,0.0,947.3,24.61
1993-05-29,26.9,33.3,22.8,67,0.0,946.8,25.41
1993-05-30,27.2,32.5,22.9,69,0.0,946.1,22.97
1993-05-31,27.8,33.6,24.0,69,0.1,947.2,22.25
1993-06-01,28.8,36.0,23.7,63,0.0,949.1,25.03
1993-06-02,28.9,36.0,23.1,64,0.2,948.2,24.25
1993-06-03,28.7,35.7,23.4,64,0.0,947.4,24.84
1993-06-04,28.8,37.0,22.7,64,0.3,947.4,25.59
1993-06-05,29.0,36.2,24.3,63,0.0,947.0,23.96
1993-06-06,30.6,39.4,23.9,58,0.7,945.0,24.36
1993-06-07,30.0,37.0,25.1,66,2.7,944.5,20.74
1993-06-08,28.1,36.1,25.0,77,9.8,945.8,16.17
1993-06-09,27.5,33.1,24.6,79,6.8,946.3,16.39
1993-06-10,28.2,33.9,24.1,74,3.8,946.2,20.24
1993-06-11,26.2,29.7,24.4,80,1.9,945.8,13.0
1993-06-12,25.4,28.7,23.7,83,4.3,945.6,14.68
1993-06-13,24.9,27.6,23.3,87,9.8,946.4,11.07
1993-06-14,23.4,25.6,22.4,94,12.0,946.6,5.43
1993-06-15,24.4,28.2,22.6,90,40.1,946.3,11.92
1993-06-16,23.5,24.1,23.2,97,35.4,945.5,2.45
1993-06-17,23.4,24.1,22.8,96,33.7,945.2,3.38
1993-06-18,23.3,23.9,22.6,96,44.1,944.6,2.06
1993-06-19,24.8,28.2,22.5,86,1.9,946.8,15.69
1993-06-20,25.7,28.8,23.7,82,2.2,947.7,19.24
1993-06-21,25.5,29.3,23.2,82,0.5,948.7,20.17
1993-06-22,25.5,29.1,23.2,82,1.4,948.5,20.15
1993-06-23,25.1,28.2,23.2,82,1.3,947.5,17.69
1993-06-24,24.8,28.1,23.1,81,2.2,945.7,17.78
1993-06-25,24.4,26.3,23.1,89,8.8,944.4,12.85
1993-06-26,24.8,27.4,23.4,86,4.1,945.5,14.57
1993-06-27,25.0,28.3,23.4,87,2.6,946.8,14.53
1993-06-28,25.4,29.2,22.9,83,1.1,947.1,16.94
1993-06-29,25.8,30.1,22.7,81,1.1,946.8,19.63
1993-06-30,25.4,29.6,23.1,83,2.7,945.5,17.85
1993-07-01,25.0,28.9,23.0,85,2.8,943.6,13.83
1993-07-02,24.6,27.2,23.3,90,9.5,943.8,8.82
1993-07-03,24.2,25.5,23.3,94,12.8,943.5,4.9
1993-07-04,24.1,26.2,23.0,90,10.0,944.0,11.39
1993-07-05,24.4,27.0,22.6,85,4.6,946.3,16.33
1993-07-06,24.7,27.9,22.4,83,2.9,948.0,17.91
1993-07-07,24.6,28.0,22.9,84,4.1,946.6,15.74
1993-07-08,23.6,26.6,21.4,89,10.1,945.9,10.21
1993-07-09,22.7,23.2,22.2,95,46.8,945.0,2.87
1993-07-10,23.4,25.0,22.5,92,31.8,943.4,9.49
1993-07-11,23.6,25.2,22.5,93,7.3,943.1,6.56
1993-07-12,24.5,26.9,23.1,87,6.1,943.6,15.85
1993-07-13,23.4,24.4,22.5,91,6.8,943.0,7.39
1993-07-14,23.6,26.0,22.4,91,10.2,942.1,10.45
1993-07-15,22.9,23.8,22.2,92,8.9,942.7,5.7
1993-07-16,22.5,23.2,22.2,96,15.7,942.5,3.74
1993-07-17,23.5,25.7,22.2,90,6.6,945.2,12.29
1993-07-18,23.7,26.7,21.6,88,4.2,947.2,15.71
1993-07-19,24.6,27.9,22.7,86,2.5,948.6,16.34
1993-07-20,24.7,28.0,22.7,85,1.1,948.6,16.82
1993-07-21,24.5,27.3,22.4,85,1.7,948.4,15.89
1993-07-22,24.2,26.9,22.5,85,2.3,949.0,15.75
1993-07-23,24.1,26.8,22.4,85,4.1,949.5,16.4
1993-07-24,23.8,26.7,22.2,87,3.0,948.5,14.01
1993-07-25,23.7,26.1,22.2,88,4.4,947.7,12.23
1993-07-26,23.0,25.0,21.8,91,3.2,947.2,9.4
1993-07-27,23.5,26.1,22.0,87,1.7,947.8,14.1
1993-07-28,23.2,25.7,22.1,90,5.6,947.0,11.06
1993-07-29,22.4,23.0,21.9,96,27.4,946.1,3.39
1993-07-30,22.2,23.0,21.6,96,20.4,944.4,3.44
1993-07-31,23.2,25.3,22.0,90,5.2,944.5,11.2
1993-08-01,23.5,25.4,22.3,91,9.6,945.1,8.25
1993-08-02,23.2,24.9,22.1,91,2.2,945.3,6.72
1993-08-03,23.1,24.8,22.1,90,2.3,945.5,5.86
1993-08-04,23.3,25.9,22.2,88,0.8,946.5,10.38
1993-08-05,23.4,26.5,22.0,87,1.7,947.7,12.29
1993-08-06,23.7,26.9,21.9,86,2.7,950.7,14.64
1993-08-07,23.7,26.8,21.9,86,2.5,952.2,16.19
1993-08-08,23.6,26.2,21.8,85,3.9,950.8,17.82
1993-08-09,23.3,25.3,21.9,87,5.5,947.9,14.89
1993-08-10,23.5,26.2,21.6,86,5.3,947.4,18.37
1993-08-11,23.2,25.6,21.9,88,5.4,948.1,14.04
1993-08-12,23.1,26.1,21.9,89,2.9,947.6,12.37
1993-08-13,23.2,25.2,22.0,89,1.2,947.7,10.96
1993-08-14,23.2,26.1,22.1,90,2.0,947.8,11.18
1993-08-15,22.8,25.0,22.0,93,4.9,947.5,6.5
1993-08-16,23.3,25.5,21.9,89,1.4,947.5,11.2
1993-08-17,23.6,26.1,22.2,87,2.3,948.4,13.0
1993-08-18,23.6,26.0,22.2,88,2.3,949.4,13.24
1993-08-19,23.1,24.4,22.4,95,7.5,948.0,5.0
1993-08-20,22.5,23.4,22.1,96,16.6,948.2,3.77
1993-08-21,23.3,25.5,22.3,90,2.5,947.8,8.61
1993-08-22,23.9,27.0,21.9,86,2.1,947.8,16.32
1993-08-23,23.8,27.3,21.9,85,2.1,948.9,17.06
1993-08-24,23.1,25.4,21.7,88,2.5,949.2,13.43
1993-08-25,22.9,25.8,21.6,88,2.1,949.4,13.63
1993-08-26,23.2,26.5,21.8,87,2.1,949.4,12.69
1993-08-27,23.7,28.0,21.3,86,2.2,948.8,16.6
1993-08-28,24.1,28.4,21.7,86,3.1,948.9,17.9
1993-08-29,24.2,27.8,21.5,84,0.4,948.5,15.6
1993-08-30,23.9,27.4,21.8,86,2.3,948.8,14.92
1993-08-31,23.0,26.1,21.7,93,8.8,948.8,8.38
1993-09-01,22.7,25.6,21.6,94,11.4,948.7,8.02
1993-09-02,22.0,23.7,21.3,97,14.4,949.3,4.72
1993-09-03,22.9,26.4,21.7,92,7.1,949.3,11.72
1993-09-04,23.0,25.5,21.6,89,2.5,948.6,12.77
1993-09-05,23.0,25.7,21.5,88,3.1,948.4,13.8
1993-09-06,23.0,26.1,21.2,88,2.6,950.2,14.58
1993-09-07,23.2,26.6,21.3,87,1.7,949.7,15.6
1993-09-08,23.1,26.8,21.4,88,1.7,949.1,14.51
1993-09-09,22.6,25.3,21.5,90,1.9,949.1,12.18
1993-09-10,23.1,26.4,21.4,87,2.3,949.3,13.85
1993-09-11,23.5,27.2,21.6,84,0.6,950.1,18.6
1993-09-12,23.2,26.8,21.5,87,2.0,949.6,14.68
1993-09-13,23.3,26.3,21.0,87,1.9,949.3,14.72
1993-09-14,23.4,27.1,21.2,87,1.6,949.8,15.71
1993-09-15,23.5,27.0,21.5,89,1.8,950.4,13.44
1993-09-16,23.3,26.3,21.9,91,8.1,949.8,9.65
1993-09-17,22.9,25.2,21.4,92,7.1,949.8,9.64
1993-09-18,23.6,27.0,21.4,88,1.9,949.9,15.93
1993-09-19,23.7,27.8,21.0,87,0.6,950.2,17.75
1993-09-20,23.6,28.0,20.7,85,1.2,949.3,17.37
1993-09-21,23.7,28.0,21.4,86,2.7,948.3,16.52
1993-09-22,22.9,26.0,21.7,91,16.4,947.4,10.66
1993-09-23,23.3,27.1,21.5,93,24.1,946.3,9.7
1993-09-24,22.1,24.5,20.5,93,26.8,945.9,5.77
1993-09-25,21.6,22.3,21.0,95,72.5,945.9,2.78
1993-09-26,22.0,23.0,21.7,96,73.7,946.6,2.33
1993-09-27,22.3,24.1,20.9,94,25.6,947.0,5.89
1993-09-28,23.6,27.3,21.4,88,1.8,948.3,14.42
1993-09-29,24.0,28.2,21.4,86,1.5,949.5,16.21
1993-09-30,24.2,28.7,21.2,86,3.4,950.6,16.99
1993-10-01,24.2,29.4,21.2,88,10.7,950.4,16.72
1993-10-02,23.9,28.9,21.0,90,16.9,950.0,13.93
1993-10-03,24.5,28.5,22.3,86,1.5,950.4,14.67
1993-10-04,24.3,29.2,21.0,86,5.6,951.5,16.98
1993-10-05,24.4,29.4,21.4,88,7.7,951.1,16.49
1993-10-06,24.8,29.7,20.5,76,0.1,950.5,18.6
1993-10-07,25.1,30.2,20.8,73,0.0,949.9,19.88
1993-10-08,25.7,29.4,22.5,67,0.0,950.7,19.43
1993-10-09,26.1,30.5,22.7,70,0.0,951.1,19.69
1993-10-10,25.3,30.1,20.9,67,0.0,949.1,17.69
1993-10-11,23.7,26.7,21.2,83,11.9,947.8,8.69
1993-10-12,24.2,28.3,22.2,87,7.4,949.2,14.59
1993-10-13,24.2,28.5,21.4,87,7.4,950.6,15.66
1993-10-14,24.0,27.6,21.2,87,1.2,950.9,14.74
1993-10-15,24.2,28.7,20.9,87,6.8,951.2,16.61
1993-10-16,23.7,28.2,20.2,88,10.6,952.3,15.88
1993-10-17,23.4,27.6,21.0,89,14.1,952.8,13.29
1993-10-18,22.9,26.5,21.0,90,4.3,953.1,11.04
1993-10-19,23.0,27.4,20.5,89,7.3,952.7,13.76
1993-10-20,23.4,27.6,19.8,87,5.6,953.0,15.31
1993-10-21,23.2,28.0,19.3,87,10.4,953.3,16.91
1993-10-22,23.2,27.8,20.0,88,12.3,953.5,14.88
1993-10-23,22.9,27.6,19.9,90,16.0,953.5,13.12
1993-10-24,23.1,27.8,20.0,89,20.1,953.1,13.29
1993-10-25,23.2,28.0,19.8,89,17.5,954.0,15.26
1993-10-26,23.7,28.4,19.8,82,0.0,954.1,17.0
1993-10-27,24.4,29.0,20.1,79,0.0,953.8,18.69
1993-10-28,24.2,28.9,19.7,77,0.1,953.6,19.63
1993-10-29,24.2,28.4,20.5,79,0.4,954.3,18.18
1993-10-30,23.2,28.2,19.3,68,0.0,954.3,21.31
1993-10-31,21.8,27.9,16.2,59,0.0,953.9,21.93
1993-11-01,21.4,27.6,15.2,63,0.0,953.4,21.7
1993-11-02,20.8,27.2,15.4,64,0.0,953.3,21.5
1993-11-03,20.1,26.8,13.6,65,0.0,952.5,21.69
1993-11-04,20.7,27.5,13.9,67,0.0,951.9,21.34
1993-11-05,21.9,27.9,14.9,66,0.0,950.4,20.97
1993-11-06,22.5,28.1,16.4,67,0.0,950.9,20.76
1993-11-07,22.3,27.7,16.6,71,0.0,951.5,18.8
1993-11-08,22.5,28.6,16.4,69,0.0,951.7,18.21
1993-11-09,22.7,28.3,18.3,64,0.0,951.1,16.57
1993-11-10,23.5,29.0,18.2,53,0.0,951.2,19.47
1993-11-11,21.2,24.4,20.2,65,3.5,952.8,5.63
1993-11-12,24.0,27.5,20.8,67,0.3,953.0,13.17
1993-11-13,24.4,28.3,21.2,80,0.9,952.5,13.2
1993-11-14,23.8,28.5,20.9,84,13.9,952.5,14.42
1993-11-15,23.4,27.4,20.5,85,2.4,952.6,13.05
1993-11-16,23.6,27.9,20.9,84,1.3,952.9,13.8
1993-11-17,23.0,27.4,20.5,87,4.8,952.7,13.57
1993-11-18,23.2,27.5,20.5,88,4.1,952.7,13.51
1993-11-19,23.4,27.8,20.0,84,8.8,952.7,15.42
1993-11-20,23.2,28.4,19.2,82,1.9,953.1,16.44
1993-11-21,22.6,27.0,19.1,84,2.6,954.0,14.98
1993-11-22,22.8,27.6,18.7,80,0.6,953.7,16.34
1993-11-23,22.9,27.1,19.1,77,0.2,954.2,15.21
1993-11-24,22.2,27.8,17.5,69,0.0,955.0,18.63
1993-11-25,19.9,26.1,14.6,59,0.0,954.2,17.45
1993-11-26,19.2,26.3,13.6,55,0.0,953.4,19.23
1993-11-27,19.1,26.8,12.5,55,0.0,953.4,19.62
1993-11-28,18.8,27.1,11.3,52,0.0,953.5,20.05
1993-11-29,18.8,27.1,11.6,54,0.0,953.7,19.85
1993-11-30,19.6,27.7,12.3,55,0.0,953.3,19.66
1993-12-01,20.0,28.1,13.2,55,0.0,952.4,19.5
1993-12-02,20.1,27.9,13.4,53,0.0,951.4,19.47
1993-12-03,19.7,27.5,13.1,51,0.0,951.0,19.53
1993-12-04,19.5,27.2,12.2,44,0.0,951.0,19.57
1993-12-05,18.1,23.5,15.1,68,7.4,952.2,10.06
1993-12-06,18.2,20.3,16.1,89,12.5,953.7,8.39
1993-12-07,19.9,23.0,18.1,89,12.1,953.7,8.29
1993-12-08,20.7,23.5,18.9,90,1.2,953.3,7.74
1993-12-09,22.0,26.4,17.7,83,0.3,953.3,14.25
1993-12-10,21.4,26.5,16.3,73,0.0,953.0,18.2
1993-12-11,20.7,26.7,16.6,68,0.0,952.4,18.78
1993-12-12,21.1,26.7,16.9,65,0.0,952.4,18.68
1993-12-13,20.0,25.9,14.9,65,0.0,953.2,18.77
1993-12-14,19.1,25.1,13.4,65,0.0,954.1,18.91
1993-12-15,18.4,24.6,14.3,64,0.0,953.8,19.05
1993-12-16,18.2,24.7,12.3,63,0.0,954.3,19.08
1993-12-17,17.6,24.3,11.1,72,0.0,955.1,18.8
1993-12-18,18.5,25.3,12.9,70,0.0,955.6,18.91
1993-12-19,19.0,25.6,13.5,68,0.0,954.4,18.43
1993-12-20,19.9,26.4,14.8,61,0.0,953.4,18.52
1993-12-21,19.9,26.7,14.1,58,0.0,954.5,19.02
1993-12-22,18.8,26.0,12.4,59,0.0,955.5,19.08
1993-12-23,17.9,25.5,10.4,61,0.0,956.1,19.05
1993-12-24,18.3,25.9,10.9,63,0.0,955.7,18.88
1993-12-25,18.8,26.0,11.5,65,0.0,956.8,18.71
1993-12-26,19.3,26.6,12.2,65,0.0,956.4,18.68
1993-12-27,20.4,26.7,14.6,63,0.0,954.2,16.68
1993-12-28,20.4,26.0,15.8,66,0.0,952.8,11.04
1993-12-29,21.6,28.2,16.3,60,0.0,954.1,18.67
1993-12-30,22.3,28.4,17.3,60,0.0,955.0,18.26
1993-12-31,22.2,28.4,15.2,61,0.2,954.9,18.46
1994-01-01,22.4,28.7,15.2,60,0.0,954.1,18.45
1994-01-02,22.9,28.6,17.1,57,0.0,953.9,17.77
1994-01-03,22.7,28.7,16.8,56,0.0,954.6,18.44
1994-01-04,22.4,28.9,15.1,57,0.0,954.1,18.87
1994-01-05,22.8,28.2,16.2,53,0.0,952.7,18.58
1994-01-06,22.7,28.4,18.2,49,0.0,952.8,17.73
1994-01-07,22.2,27.9,16.4,54,0.0,954.2,18.8
1994-01-08,22.2,28.0,17.2,51,0.0,954.2,19.25
1994-01-09,21.8,28.0,15.1,54,0.8,953.3,17.17
1994-01-10,23.2,28.5,17.5,54,0.0,952.2,16.38
1994-01-11,22.5,28.2,17.1,61,0.0,951.6,15.56
1994-01-12,21.3,24.6,18.4,78,0.5,952.2,9.84
1994-01-13,20.7,27.3,16.5,73,0.0,952.5,17.09
1994-01-14,20.1,27.3,15.2,58,0.0,950.7,19.89
1994-01-15,17.7,25.7,10.8,54,0.0,949.2,20.63
1994-01-16,17.3,25.5,9.8,44,0.0,949.9,20.68
1994-01-17,19.2,27.7,10.3,50,0.0,951.2,20.2
1994-01-18,21.8,28.7,16.8,56,0.0,952.2,19.8
1994-01-19,20.7,27.8,14.6,66,0.0,952.1,20.06
1994-01-20,21.2,28.3,15.6,58,0.0,952.0,19.98
1994-01-21,22.0,28.5,15.0,69,0.0,952.7,17.95
1994-01-22,23.8,30.2,18.3,61,0.0,953.3,19.2
1994-01-23,23.9,30.2,16.5,56,0.0,954.2,18.77
1994-01-24,24.6,30.5,19.1,51,0.0,954.8,19.58
1994-01-25,25.0,30.7,20.1,51,0.0,954.7,19.72
1994-01-26,25.0,31.3,19.2,53,0.0,953.8,20.17
1994-01-27,25.0,31.5,18.6,53,0.0,954.9,20.4
1994-01-28,24.3,30.8,17.3,51,0.0,954.8,20.57
1994-01-29,24.1,31.2,18.7,57,0.0,952.4,19.95
1994-01-30,21.8,29.6,15.6,49,0.0,950.1,21.33
1994-01-31,21.1,29.0,15.7,43,0.0,949.2,21.66
1994-02-01,21.0,28.7,14.4,51,0.0,950.5,21.55
1994-02-02,21.0,28.5,13.5,44,0.0,951.9,21.39
1994-02-03,22.0,29.4,13.9,45,0.0,951.9,21.15
1994-02-04,23.9,30.8,17.2,48,0.0,951.9,19.28
1994-02-05,24.2,30.3,20.0,42,0.0,951.4,19.73
1994-02-06,24.1,30.2,18.7,46,0.0,951.6,19.62
1994-02-07,23.6,30.8,18.3,53,0.0,951.4,19.9
1994-02-08,21.3,27.8,15.9,53,0.0,950.8,21.28
1994-02-09,20.5,27.7,14.2,46,0.0,950.2,22.45
1994-02-10,21.6,29.5,15.5,45,0.0,950.1,21.59
1994-02-11,20.9,28.4,13.5,58,0.0,949.4,22.55
1994-02-12,21.7,29.2,15.9,53,0.0,949.4,22.46
1994-02-13,22.2,30.7,15.7,54,0.0,950.6,22.68
1994-02-14,22.3,30.4,14.8,56,0.0,951.6,21.21
1994-02-15,22.8,29.3,17.6,60,0.0,951.8,17.83
1994-02-16,22.9,30.4,15.8,55,0.0,952.0,22.68
1994-02-17,23.9,31.4,18.1,46,0.0,953.0,21.68
1994-02-18,24.2,32.0,18.3,46,0.0,952.6,22.74
1994-02-19,23.6,32.0,15.9,47,0.0,951.7,23.17
1994-02-20,22.6,29.8,17.6,48,0.0,952.4,23.06
1994-02-21,19.7,26.0,15.5,72,0.0,952.3,19.13
1994-02-22,19.3,27.0,12.0,60,0.0,950.9,23.83
1994-02-23,21.6,30.0,13.6,46,0.0,951.0,24.0
1994-02-24,23.7,31.5,16.2,41,0.0,952.9,23.77
1994-02-25,24.8,32.2,17.6,39,0.0,953.6,23.66
1994-02-26,25.3,32.9,19.3,36,0.0,953.0,23.81
1994-02-27,26.2,33.4,20.5,33,0.0,951.9,24.04
1994-02-28,25.5,33.1,19.3,33,0.0,952.1,24.37
1994-03-01,25.4,32.9,18.7,34,0.0,952.7,24.09
1994-03-02,25.6,33.3,18.8,43,0.0,952.9,23.47
1994-03-03,26.2,33.6,18.7,47,0.0,952.7,23.33
1994-03-04,27.2,34.2,21.3,46,0.0,953.1,23.08
1994-03-05,27.4,34.4,22.0,44,0.0,952.5,23.4
1994-03-06,27.2,34.5,20.6,42,0.0,952.0,23.81
1994-03-07,26.6,33.7,20.1,31,0.0,952.3,24.69
1994-03-08,26.4,34.2,19.6,32,0.0,951.5,24.62
1994-03-09,27.7,34.7,21.4,29,0.0,951.8,24.39
1994-03-10,27.3,35.6,19.9,33,0.0,952.6,24.28
1994-03-11,27.2,35.4,20.6,31,0.0,951.7,25.2
1994-03-12,26.5,35.4,18.0,41,0.0,951.5,25.44
1994-03-13,28.3,36.7,20.3,41,0.0,951.2,25.2
1994-03-14,28.7,37.0,21.1,37,0.0,951.2,25.2
1994-03-15,29.0,37.4,22.1,34,0.0,950.8,25.38
1994-03-16,29.7,37.5,22.4,37,0.0,951.5,23.62
1994-03-17,29.9,37.7,23.2,45,0.0,951.9,23.77
1994-03-18,30.6,38.3,24.1,47,0.0,951.9,24.87
1994-03-19,29.7,37.3,24.0,54,0.1,951.2,21.04
1994-03-20,27.9,34.3,23.3,62,1.0,950.6,21.39
1994-03-21,28.1,35.8,21.6,52,0.0,949.0,24.89
1994-03-22,27.7,35.9,19.8,38,0.0,950.4,26.11
1994-03-23,28.0,36.7,19.8,45,0.0,951.2,26.16
1994-03-24,28.2,37.1,20.2,38,0.0,951.7,26.4
1994-03-25,28.6,37.6,19.9,37,0.0,950.0,26.94
1994-03-26,29.5,37.8,22.3,30,0.0,951.3,26.73
1994-03-27,28.5,37.1,19.3,31,0.0,952.1,26.81
1994-03-28,29.3,37.7,20.4,41,0.0,952.1,26.56
1994-03-29,30.3,38.6,21.2,37,0.0,951.8,26.06
1994-03-30,29.7,37.2,21.8,48,0.0,953.0,22.36
1994-03-31,29.7,36.3,24.2,48,0.0,952.8,21.4
1994-04-01,27.5,34.7,21.9,50,0.0,951.6,23.86
1994-04-02,26.5,34.2,19.0,51,0.0,950.6,26.6
1994-04-03,26.0,34.4,18.9,54,0.0,950.2,26.46
1994-04-04,27.4,36.3,19.0,47,0.0,951.2,26.24
1994-04-05,28.4,36.8,21.3,43,0.0,952.6,26.75
1994-04-06,28.4,36.5,21.4,50,0.0,951.4,25.37
1994-04-07,27.0,35.0,20.7,57,0.8,949.7,23.88
1994-04-08,27.3,34.4,19.7,54,0.0,949.0,25.02
1994-04-09,26.4,33.3,21.2,60,2.2,950.3,22.19
1994-04-10,25.8,31.8,20.1,68,1.9,951.5,21.19
1994-04-11,25.5,31.6,20.6,69,3.7,950.9,22.59
1994-04-12,24.8,30.0,20.4,75,4.3,951.2,20.51
1994-04-13,26.1,31.0,21.5,70,0.9,952.4,18.48
1994-04-14,28.1,33.9,21.8,57,0.4,952.9,23.66
1994-04-15,27.9,35.0,22.5,62,3.2,953.0,22.33
1994-04-16,28.8,35.4,22.4,59,0.0,952.0,22.02
1994-04-17,28.4,35.5,22.3,52,0.0,951.6,27.2
1994-04-18,27.2,35.2,20.6,53,0.0,950.4,27.2
1994-04-19,26.4,34.8,18.7,51,0.0,950.3,27.71
1994-04-20,28.1,36.6,20.5,48,0.0,950.0,26.77
1994-04-21,28.5,35.9,21.2,40,0.0,949.8,27.51
1994-04-22,28.2,36.3,20.2,47,0.0,949.6,27.57
1994-04-23,28.0,36.6,19.6,52,0.0,949.9,27.37
1994-04-24,27.6,36.7,20.3,56,0.0,950.6,27.68
1994-04-25,27.6,36.6,19.2,57,0.0,949.8,27.86
1994-04-26,28.7,37.9,19.9,54,0.0,948.9,27.36
1994-04-27,29.5,38.8,20.4,50,0.0,949.4,27.4
1994-04-28,29.6,38.4,21.1,44,0.0,949.9,26.7
1994-04-29,28.5,37.4,20.3,47,0.0,949.3,26.85
1994-04-30,27.8,36.9,20.5,57,0.5,948.0,25.39
1994-05-01,27.9,36.3,21.3,61,1.9,948.9,23.22
1994-05-02,28.3,36.1,22.4,61,4.0,949.9,23.08
1994-05-03,28.7,36.4,22.4,60,0.2,951.0,23.94
1994-05-04,28.7,36.7,22.6,58,0.1,952.3,25.22
1994-05-05,29.0,37.2,22.4,53,0.0,951.6,27.5
1994-05-06,28.8,37.1,20.9,49,0.0,951.4,26.61
1994-05-07,28.9,36.7,21.7,54,0.0,952.2,26.24
1994-05-08,27.6,35.2,21.3,56,0.0,952.2,27.63
1994-05-09,26.6,33.6,21.7,66,0.0,951.1,26.22
1994-05-10,26.6,33.7,21.3,67,0.2,950.2,25.12
1994-05-11,27.4,35.2,21.6,67,0.3,949.8,24.8
1994-05-12,28.4,36.6,22.3,63,0.0,949.9,25.54
1994-05-13,30.0,39.2,22.2,58,0.4,950.9,25.23
1994-05-14,31.7,40.2,23.0,44,0.0,950.8,26.96
1994-05-15,30.8,39.7,23.6,47,0.0,949.6,27.64
1994-05-16,29.5,38.5,22.5,57,0.0,949.5,27.91
1994-05-17,28.6,37.1,22.1,60,0.0,950.1,27.34
1994-05-18,28.1,36.7,21.7,61,0.0,950.1,27.2
1994-05-19,28.7,37.6,21.3,57,0.0,949.5,28.0
1994-05-20,29.0,38.3,21.8,58,0.0,950.0,27.43
1994-05-21,29.1,37.9,22.3,61,0.4,950.1,25.55
1994-05-22,28.4,36.0,22.9,65,0.4,949.5,25.28
1994-05-23,27.6,35.1,22.3,66,0.0,948.1,26.23
1994-05-24,27.3,34.5,21.8,65,0.0,947.6,26.53
1994-05-25,28.1,36.3,22.2,65,0.0,947.4,26.6
1994-05-26,28.5,36.5,22.1,65,0.2,947.1,26.15
1994-05-27,29.0,38.3,23.3,66,6.3,946.7,23.44
1994-05-28,29.2,37.3,24.8,71,6.6,946.3,19.65
1994-05-29,29.1,35.5,24.6,71,4.4,946.5,21.51
1994-05-30,29.2,36.0,24.2,67,0.1,946.3,24.1
1994-05-31,28.6,36.0,24.9,72,1.5,946.1,20.88
1994-06-01,28.5,34.9,24.6,74,0.5,945.3,19.85
1994-06-02,28.0,33.2,24.3,71,0.5,945.1,19.35
1994-06-03,27.9,33.3,23.9,68,0.2,944.1,19.28
1994-06-04,28.4,36.1,23.9,71,1.3,941.9,21.07
1994-06-05,27.4,34.5,24.1,81,31.4,940.1,18.24
1994-06-06,25.1,29.6,22.7,80,8.8,940.5,13.61
1994-06-07,26.2,31.2,22.6,76,1.7,944.3,16.76
1994-06-08,26.2,30.1,23.7,79,1.3,945.7,16.45
1994-06-09,25.6,30.0,23.6,84,6.6,945.5,15.82
1994-06-10,24.4,28.4,22.8,88,11.1,945.1,10.92
1994-06-11,24.3,27.6,22.6,88,10.6,944.7,11.4
1994-06-12,24.2,26.4,23.0,91,12.5,945.3,8.19
1994-06-13,24.0,25.6,22.6,91,21.7,945.0,8.98
1994-06-14,23.9,25.5,22.8,91,13.9,944.4,8.83
1994-06-15,23.3,24.4,22.4,95,40.7,941.8,5.9
1994-06-16,22.4,23.2,21.4,92,77.7,943.3,3.97
1994-06-17,23.4,26.6,22.0,89,7.4,945.6,10.2
1994-06-18,23.9,26.4,22.5,88,2.3,945.7,7.62
1994-06-19,24.6,27.1,23.0,86,2.3,945.8,13.15
1994-06-20,24.9,28.4,23.1,84,2.4,946.4,17.82
1994-06-21,24.8,28.4,22.7,83,1.4,946.2,19.8
1994-06-22,24.1,26.5,22.6,85,4.8,945.7,17.17
1994-06-23,23.4,24.6,22.6,91,3.1,945.2,6.29
1994-06-24,23.9,26.6,22.5,86,2.7,944.8,14.87
1994-06-25,24.2,27.2,22.5,86,3.8,945.1,16.1
1994-06-26,24.0,26.8,22.5,88,4.0,944.6,14.48
1994-06-27,23.7,26.1,22.4,90,6.2,942.9,10.55
1994-06-28,23.7,25.6,22.6,90,7.7,942.5,10.6
1994-06-29,23.3,25.5,22.2,94,15.9,942.5,6.02
1994-06-30,23.3,24.8,22.4,92,10.1,943.8,9.63
1994-07-01,23.8,26.1,22.4,89,4.8,943.8,13.16
1994-07-02,24.0,26.7,22.7,89,5.9,945.3,12.02
1994-07-03,24.0,26.7,22.5,86,3.4,946.0,13.44
1994-07-04,23.3,25.9,21.7,90,4.0,945.2,9.9
1994-07-05,22.8,25.2,21.7,93,15.6,946.0,7.84
1994-07-06,23.8,26.4,22.2,88,4.1,947.7,13.9
1994-07-07,23.7,26.4,22.3,88,6.5,948.3,13.62
1994-07-08,23.6,25.9,22.3,88,4.3,947.4,14.23
1994-07-09,22.9,25.2,21.8,91,14.3,946.7,9.97
1994-07-10,23.1,25.0,21.8,90,13.8,945.9,12.25
1994-07-11,22.8,25.0,22.0,92,28.2,943.5,9.78
1994-07-12,22.5,23.2,22.1,94,34.1,942.3,3.75
1994-07-13,22.4,22.9,22.0,94,66.3,941.9,3.3
1994-07-14,22.6,23.3,22.0,94,29.3,941.6,4.83
1994-07-15,23.1,24.9,22.1,91,25.8,942.7,11.23
1994-07-16,23.2,25.6,21.9,91,16.6,943.9,12.44
1994-07-17,23.3,25.6,22.0,89,12.4,945.9,13.23
1994-07-18,23.0,24.8,22.1,89,5.5,946.3,10.31
1994-07-19,22.8,24.6,22.0,92,12.8,945.3,8.1
1994-07-20,22.7,24.3,21.9,92,14.0,944.9,6.54
1994-07-21,22.1,22.7,21.1,97,23.9,944.9,3.01
1994-07-22,22.1,23.6,20.8,96,16.7,945.6,3.48
1994-07-23,22.9,25.9,22.0,93,13.2,945.9,9.27
1994-07-24,23.6,26.7,22.0,89,8.8,946.0,15.04
1994-07-25,23.6,25.6,22.3,88,5.6,945.7,12.82
1994-07-26,23.6,26.1,22.0,88,5.9,944.9,13.71
1994-07-27,23.8,26.1,21.9,87,4.1,944.6,14.75
1994-07-28,23.6,26.0,22.3,88,5.3,945.2,13.18
1994-07-29,23.5,26.1,22.1,89,10.3,944.4,14.1
1994-07-30,23.6,25.9,22.3,88,8.6,943.5,14.67
1994-07-31,23.4,26.0,21.9,88,7.2,944.2,16.21
1994-08-01,22.8,24.2,21.8,90,7.3,943.5,8.04
1994-08-02,23.2,25.3,21.9,89,6.2,943.6,13.36
1994-08-03,23.4,25.9,21.8,86,2.9,945.7,14.89
1994-08-04,23.2,25.1,22.0,86,1.8,947.0,9.82
1994-08-05,23.2,25.7,21.5,86,1.4,947.5,10.42
1994-08-06,23.3,26.0,21.4,85,1.6,948.2,14.7
1994-08-07,23.2,25.8,21.0,86,0.9,949.5,12.73
1994-08-08,23.1,25.6,21.6,87,1.7,949.3,11.5
1994-08-09,23.1,25.8,21.4,86,3.5,947.1,14.48
1994-08-10,23.2,25.4,21.8,87,5.1,946.7,13.82
1994-08-11,23.5,25.7,22.2,89,6.7,947.1,12.71
1994-08-12,23.4,25.9,22.2,89,3.1,947.8,11.21
1994-08-13,23.4,26.1,21.9,87,1.5,948.8,13.46
1994-08-14,23.6,26.3,21.8,86,1.3,950.4,14.5
1994-08-15,23.4,26.3,21.5,86,2.9,949.7,16.25
1994-08-16,22.7,25.0,21.5,89,4.0,947.8,9.09
1994-08-17,23.2,25.8,21.6,88,5.6,947.3,14.51
1994-08-18,23.1,26.1,21.9,91,3.4,945.9,9.31
1994-08-19,22.8,24.6,21.9,90,2.7,944.4,7.13
1994-08-20,23.2,26.0,21.5,88,4.8,945.6,14.12
1994-08-21,23.6,26.5,22.0,87,2.5,947.4,14.21
1994-08-22,23.6,26.1,22.0,88,1.6,947.6,12.19
1994-08-23,23.0,25.0,22.1,95,11.5,947.3,5.56
1994-08-24,23.2,25.6,22.0,89,5.9,948.0,11.7
1994-08-25,22.9,25.3,21.5,88,4.1,947.5,11.11
1994-08-26,22.3,24.2,21.6,93,15.1,946.5,6.96
1994-08-27,22.0,23.5,21.2,94,27.6,946.3,6.18
1994-08-28,22.6,24.9,21.5,90,5.5,946.5,10.8
1994-08-29,23.0,25.7,21.5,88,7.5,946.3,14.42
1994-08-30,22.4,24.5,21.4,94,14.6,944.8,6.37
1994-08-31,21.9,22.5,21.2,96,77.4,942.7,3.13
1994-09-01,22.4,23.9,21.7,93,27.0,942.3,4.56
1994-09-02,22.7,25.3,21.2,90,7.8,944.4,11.64
1994-09-03,22.9,24.9,21.5,88,7.6,945.7,11.31
1994-09-04,22.8,24.8,21.8,90,6.1,946.6,7.87
1994-09-05,23.2,25.4,21.7,89,9.2,946.7,11.33
1994-09-06,23.1,25.4,21.8,89,4.8,946.2,12.63
1994-09-07,22.8,24.9,21.4,89,8.1,946.4,12.81
1994-09-08,23.2,26.4,21.8,88,6.6,948.8,15.2
1994-09-09,23.2,25.9,21.6,87,3.7,950.4,16.49
1994-09-10,23.1,26.1,21.6,86,2.7,950.1,16.32
1994-09-11,23.5,26.8,21.1,84,1.1,950.5,15.67
1994-09-12,23.2,27.2,20.4,85,0.5,951.1,16.95
1994-09-13,22.6,26.7,19.4,82,0.0,950.0,17.49
1994-09-14,22.3,26.5,19.4,84,0.4,949.5,16.86
1994-09-15,22.6,26.8,19.9,86,1.9,949.1,16.87
1994-09-16,22.9,26.5,20.2,83,0.0,949.9,16.42
1994-09-17,21.8,23.2,20.6,86,0.1,950.7,6.16
1994-09-18,22.3,25.7,20.0,83,0.4,950.3,16.24
1994-09-19,21.6,24.9,19.6,87,1.3,950.3,13.32
1994-09-20,22.0,26.3,18.8,81,0.0,951.6,19.54
1994-09-21,21.5,27.0,16.7,78,0.0,951.9,21.3
1994-09-22,22.4,28.8,16.8,77,0.0,952.2,22.96
1994-09-23,23.9,28.7,18.9,78,0.5,952.4,18.04
1994-09-24,24.8,29.5,21.4,74,0.1,952.7,18.5
1994-09-25,24.1,29.2,20.1,82,0.1,952.8,20.28
1994-09-26,24.2,30.0,20.0,75,0.0,953.1,23.37
1994-09-27,24.2,29.0,20.2,82,0.9,953.0,19.0
1994-09-28,24.4,28.2,22.3,84,6.7,953.0,13.3
1994-09-29,24.7,28.8,20.6,78,0.0,952.0,19.14
1994-09-30,25.3,30.4,21.2,66,0.0,951.5,21.97
1994-10-01,24.9,30.4,19.3,65,0.0,950.7,20.72
1994-10-02,25.2,29.6,22.1,76,2.6,950.0,15.5
1994-10-03,24.9,30.3,21.3,84,4.5,949.0,15.57
1994-10-04,24.5,28.8,21.6,87,9.0,949.2,13.23
1994-10-05,25.4,30.4,22.0,79,0.0,948.8,15.75
1994-10-06,25.2,30.0,22.4,79,0.0,948.6,15.6
1994-10-07,24.9,29.3,21.7,78,0.0,949.1,17.11
1994-10-08,25.9,31.5,21.8,74,0.0,950.0,21.84
1994-10-09,25.9,31.2,21.4,69,0.0,951.0,22.89
1994-10-10,25.6,31.2,19.9,73,0.0,952.3,20.33
1994-10-11,25.5,31.5,20.7,73,0.0,952.6,20.52
1994-10-12,25.3,30.3,21.5,77,0.0,952.6,17.73
1994-10-13,24.9,29.3,22.2,78,0.2,952.9,17.92
1994-10-14,23.4,27.0,20.6,85,2.5,953.3,14.32
1994-10-15,24.2,29.1,20.8,77,0.1,953.0,19.71
1994-10-16,24.3,29.4,19.4,76,0.2,951.9,18.14
1994-10-17,25.5,30.8,21.1,68,0.0,952.4,19.38
1994-10-18,26.2,31.2,21.5,64,0.1,953.5,18.95
1994-10-19,25.0,30.6,19.3,64,0.0,953.6,20.16
1994-10-20,23.9,28.0,21.7,82,10.3,953.3,11.93
1994-10-21,24.5,30.2,20.0,79,1.8,952.8,18.52
1994-10-22,25.1,30.0,21.2,78,3.1,953.8,16.87
1994-10-23,24.6,29.8,20.1,79,0.3,953.5,17.7
1994-10-24,24.5,30.4,19.7,56,0.0,953.1,21.68
1994-10-25,23.6,30.7,16.0,59,0.0,952.2,21.45
1994-10-26,24.7,30.3,19.2,66,0.0,952.3,18.35
1994-10-27,24.5,31.3,17.9,50,0.0,952.1,21.96
1994-10-28,24.7,31.1,17.3,57,0.0,952.2,20.56
1994-10-29,24.4,29.4,20.8,73,4.2,952.8,14.63
1994-10-30,23.8,28.4,20.5,72,4.0,953.5,14.28
1994-10-31,24.7,29.8,20.9,63,0.3,954.0,18.03
1994-11-01,24.7,29.5,20.2,60,0.0,954.7,19.35
1994-11-02,23.9,29.5,18.6,57,0.0,954.5,20.77
1994-11-03,22.5,25.9,18.7,68,0.0,954.2,12.93
1994-11-04,23.6,27.4,20.9,70,0.0,955.1,15.47
1994-11-05,24.1,28.7,20.0,75,0.3,955.2,17.01
1994-11-06,24.3,29.3,20.0,72,0.4,954.9,17.36
1994-11-07,24.4,29.7,20.0,70,0.1,954.4,18.08
1994-11-08,24.1,29.5,19.7,70,0.8,954.2,18.08
1994-11-09,24.2,29.4,20.0,69,0.0,954.9,18.62
1994-11-10,24.1,29.3,19.1,68,0.0,955.3,17.83
1994-11-11,24.4,29.2,19.8,66,0.0,953.9,16.73
1994-11-12,24.2,29.2,19.4,64,0.0,952.4,15.74
1994-11-13,24.1,28.9,19.5,69,1.2,952.7,15.72
1994-11-14,24.5,29.3,20.3,66,1.1,953.2,16.13
1994-11-15,23.5,29.2,18.9,73,3.2,953.9,16.46
1994-11-16,24.1,29.1,19.7,67,0.0,954.3,16.42
1994-11-17,23.9,29.1,19.4,69,0.1,954.8,16.76
1994-11-18,24.1,28.6,19.8,68,0.0,954.9,15.83
1994-11-19,23.8,28.1,20.4,61,0.0,954.7,12.25
1994-11-20,23.0,28.1,17.3,54,0.0,953.4,15.63
1994-11-21,22.6,27.9,17.1,52,0.0,953.7,15.36
1994-11-22,22.5,27.4,17.6,49,0.0,954.6,15.23
1994-11-23,21.9,28.1,15.8,44,0.0,954.9,19.49
1994-11-24,21.4,28.0,15.0,45,0.0,954.6,19.97
1994-11-25,21.4,27.9,15.6,44,0.0,953.3,19.9
1994-11-26,20.8,28.1,13.6,48,0.0,952.2,19.74
1994-11-27,21.4,29.3,14.7,49,0.0,952.2,19.57
1994-11-28,22.4,29.7,15.1,50,0.0,952.3,19.41
1994-11-29,22.7,30.2,17.1,51,0.0,952.3,19.49
1994-11-30,23.3,30.4,17.6,48,0.0,952.7,19.33
1994-12-01,23.3,30.2,18.4,50,0.0,954.2,19.15
1994-12-02,23.3,29.8,18.1,53,0.0,954.1,18.97
1994-12-03,23.0,29.5,16.1,51,0.0,953.4,18.94
1994-12-04,22.6,29.1,15.3,49,0.0,954.4,18.91
1994-12-05,21.9,28.8,14.9,53,0.0,956.7,18.87
1994-12-06,21.5,28.3,15.6,51,0.0,955.9,18.97
1994-12-07,21.1,28.9,14.1,50,0.0,954.2,19.2
1994-12-08,21.5,28.9,15.5,44,0.0,953.9,19.18
1994-12-09,22.5,29.0,16.8,41,0.0,954.4,19.1
1994-12-10,21.9,29.1,16.2,49,0.0,954.0,19.11
1994-12-11,21.7,28.9,16.0,58,0.0,953.0,18.94
1994-12-12,21.7,29.0,15.1,51,0.0,952.8,18.84
1994-12-13,21.5,28.6,13.8,50,0.0,954.2,18.87
1994-12-14,21.2,28.4,14.3,51,0.0,954.9,18.87
1994-12-15,21.4,28.2,15.2,50,0.0,954.9,18.77
1994-12-16,20.9,27.9,13.9,55,0.0,954.0,18.69
1994-12-17,21.7,27.8,14.1,52,0.0,953.5,18.55
1994-12-18,21.6,27.9,14.7,54,0.0,955.5,18.3
1994-12-19,21.3,27.6,15.3,50,0.0,957.2,18.6
1994-12-20,20.6,27.3,13.6,47,0.0,957.4,18.87
1994-12-21,20.2,27.2,13.1,45,0.0,957.6,18.81
1994-12-22,19.8,27.3,12.8,36,0.0,957.6,19.19
1994-12-23,19.4,27.1,12.2,32,0.0,957.0,19.28
1994-12-24,19.4,27.4,11.8,34,0.0,955.7,19.33
1994-12-25,19.3,26.8,11.7,41,0.0,955.2,18.08
1994-12-26,20.0,27.2,12.7,44,0.0,954.4,18.57
1994-12-27,20.6,27.1,14.6,52,0.0,954.0,16.61
1994-12-28,21.6,27.6,15.4,53,0.0,954.0,16.2
1994-12-29,21.5,27.7,15.5,57,0.0,954.5,18.18
1994-12-30,21.0,27.7,14.3,51,0.0,954.6,18.96
1994-12-31,20.2,27.5,13.6,46,0.0,954.1,19.17
1995-01-01,20.9,28.4,13.5,42,0.0,953.7,19.38
1995-01-02,21.6,29.0,14.4,46,0.0,953.1,19.15
1995-01-03,21.3,28.4,15.8,47,0.0,952.4,18.9
1995-01-04,20.8,28.0,15.5,43,0.0,952.5,19.21
1995-01-05,21.5,28.2,13.6,48,0.0,953.2,16.78
1995-01-06,20.6,26.8,16.6,72,3.8,953.5,14.32
1995-01-07,18.6,21.4,16.6,87,13.3,953.4,7.48
1995-01-08,18.9,23.7,13.6,75,0.7,951.9,16.84
1995-01-09,16.4,23.3,10.6,66,0.0,953.0,19.76
1995-01-10,17.3,24.2,10.5,63,0.0,952.9,19.63
1995-01-11,18.4,25.4,12.9,66,0.0,952.6,19.53
1995-01-12,17.9,23.7,14.0,71,0.0,953.9,17.36
1995-01-13,17.1,23.9,10.2,64,0.0,953.0,19.88
1995-01-14,18.6,26.3,10.6,65,0.0,952.4,19.31
1995-01-15,20.9,27.2,15.3,64,0.0,952.8,16.75
1995-01-16,20.1,25.9,15.2,74,1.0,953.3,16.94
1995-01-17,18.8,23.4,14.9,79,0.1,955.5,15.72
1995-01-18,18.0,24.3,12.8,68,0.0,956.8,19.97
1995-01-19,18.5,26.3,10.4,61,0.0,955.7,20.5
1995-01-20,21.0,29.3,14.4,57,0.0,953.6,20.22
1995-01-21,22.2,30.7,15.8,46,0.0,952.9,20.39
1995-01-22,22.3,30.5,15.9,37,0.0,953.3,20.92
1995-01-23,21.5,28.6,16.1,32,0.0,954.5,21.04
1995-01-24,20.6,28.3,14.5,37,0.0,954.4,21.09
1995-01-25,20.6,28.2,13.9,43,0.0,955.2,20.83
1995-01-26,21.4,28.6,14.7,42,0.0,955.3,20.71
1995-01-27,21.3,28.5,14.6,44,0.0,955.2,20.6
1995-01-28,21.5,28.6,13.6,43,0.0,955.3,20.86
1995-01-29,21.4,28.6,13.5,43,0.0,955.4,21.03
1995-01-30,21.1,28.2,13.5,45,0.0,954.9,20.27
1995-01-31,21.9,29.0,14.7,54,0.0,954.6,19.25
1995-02-01,23.1,29.5,16.4,58,0.0,954.9,17.88
1995-02-02,24.4,30.4,17.9,56,0.0,954.3,19.08
1995-02-03,24.2,31.2,18.0,53,0.0,953.6,20.67
1995-02-04,23.7,31.4,18.3,43,0.0,953.2,21.31
1995-02-05,24.0,31.3,17.4,42,0.0,954.1,20.76
1995-02-06,25.0,31.4,19.3,53,0.0,955.0,20.1
1995-02-07,25.0,30.5,19.3,56,0.0,955.5,18.41
1995-02-08,25.0,31.0,18.3,56,0.0,954.2,18.74
1995-02-09,26.3,33.3,20.7,55,0.0,953.6,20.78
1995-02-10,26.3,33.4,20.5,45,0.0,952.8,21.6
1995-02-11,26.4,33.4,21.3,43,0.0,952.2,18.64
1995-02-12,25.3,32.8,19.6,49,0.0,952.3,20.26
1995-02-13,24.1,31.6,18.8,51,0.0,952.4,21.2
1995-02-14,22.2,29.1,16.5,60,0.0,952.4,21.97
1995-02-15,21.4,29.7,14.5,56,0.0,951.8,23.0
1995-02-16,22.2,30.4,14.5,45,0.0,951.0,22.93
1995-02-17,21.7,30.9,14.0,51,0.0,950.7,23.43
1995-02-18,21.0,30.0,12.7,51,0.0,951.2,23.54
1995-02-19,21.4,30.5,12.8,56,0.0,951.9,23.09
1995-02-20,23.3,31.7,15.7,47,0.0,952.3,23.33
1995-02-21,24.3,32.3,18.1,37,0.0,952.3,23.41
1995-02-22,24.8,32.7,19.3,34,0.0,951.2,23.49
1995-02-23,22.6,31.4,15.7,41,0.0,951.1,23.97
1995-02-24,23.1,31.6,16.0,38,0.0,951.3,24.06
1995-02-25,24.0,33.1,15.2,42,0.0,951.2,23.63
1995-02-26,23.0,31.9,15.3,48,0.0,950.7,24.13
1995-02-27,21.4,29.4,15.0,62,0.0,951.2,23.28
1995-02-28,22.4,30.6,15.7,64,0.0,951.8,23.22
1995-03-01,24.4,33.1,17.9,56,0.0,952.6,23.48
1995-03-02,25.6,34.2,18.1,45,0.0,953.3,24.27
1995-03-03,26.5,34.5,19.6,38,0.0,953.1,23.81
1995-03-04,26.8,34.5,20.4,36,0.0,952.6,23.21
1995-03-05,25.0,32.8,17.7,38,0.0,952.4,23.86
1995-03-06,23.8,31.7,16.5,46,0.0,952.1,24.51
1995-03-07,24.1,31.2,17.4,47,0.0,952.4,22.76
1995-03-08,25.2,33.1,18.1,46,0.0,951.4,22.25
1995-03-09,24.9,32.5,18.8,45,0.0,951.2,24.72
1995-03-10,24.1,32.2,16.3,37,0.0,951.7,25.17
1995-03-11,24.5,32.4,15.8,29,0.0,952.4,25.31
1995-03-12,25.9,33.7,18.0,40,0.0,952.0,22.9
1995-03-13,26.5,33.7,19.3,51,0.0,951.6,22.37
1995-03-14,27.8,34.8,21.6,45,0.0,952.3,22.66
1995-03-15,27.5,34.1,21.4,48,0.6,954.5,20.72
1995-03-16,26.4,34.0,20.5,56,2.7,954.1,20.62
1995-03-17,26.4,33.5,19.4,54,0.0,953.7,23.01
1995-03-18,26.7,34.4,19.5,48,0.0,954.0,23.32
1995-03-19,27.2,33.5,20.4,42,0.0,955.1,22.53
1995-03-20,28.5,34.5,21.4,43,0.0,954.0,20.8
1995-03-21,29.3,34.4,23.3,41,0.0,953.3,19.51
1995-03-22,30.0,35.4,23.5,36,0.0,952.1,22.26
1995-03-23,30.1,36.5,23.3,32,0.3,950.5,21.03
1995-03-24,29.5,36.2,23.4,41,0.1,950.2,19.78
1995-03-25,27.5,34.8,20.8,47,0.2,949.4,23.93
1995-03-26,25.2,33.3,17.7,54,0.0,949.4,26.49
1995-03-27,24.6,32.8,17.4,53,0.0,949.6,26.59
1995-03-28,25.6,34.2,18.6,55,0.0,949.3,26.29
1995-03-29,25.3,33.7,19.3,63,0.0,949.8,25.92
1995-03-30,24.9,33.2,18.5,64,0.0,949.7,25.7
1995-03-31,25.0,33.2,17.7,58,0.0,950.4,26.48
1995-04-01,25.0,33.9,17.6,59,0.0,950.2,26.32
1995-04-02,26.2,35.3,17.3,51,0.0,950.2,26.91
1995-04-03,28.4,37.1,19.2,40,0.0,950.7,26.5
1995-04-04,30.0,37.7,23.1,27,0.0,950.6,26.27
1995-04-05,29.2,37.1,22.3,22,0.0,950.5,27.44
1995-04-06,28.4,36.9,19.9,34,0.0,951.6,27.42
1995-04-07,27.6,36.0,20.3,36,0.0,950.7,27.35
1995-04-08,26.6,34.6,19.4,40,0.0,949.0,27.19
1995-04-09,26.4,34.6,19.2,54,0.0,949.9,26.7
1995-04-10,28.3,36.7,20.6,53,0.0,952.2,25.49
1995-04-11,29.5,36.3,22.5,49,0.0,952.8,20.38
1995-04-12,30.1,36.6,24.6,47,0.0,952.3,21.58
1995-04-13,29.5,36.9,22.8,36,0.0,951.0,25.3
1995-04-14,27.9,35.6,20.7,31,0.0,950.3,27.67
1995-04-15,26.8,35.4,18.4,36,0.0,950.7,27.68
1995-04-16,27.0,36.0,18.5,44,0.0,951.2,27.76
1995-04-17,27.8,36.2,19.7,45,0.0,951.2,27.06
1995-04-18,29.3,36.8,22.5,46,1.9,951.2,21.97
1995-04-19,29.3,36.8,23.7,48,1.8,950.9,21.22
1995-04-20,29.0,36.8,22.3,52,2.4,950.2,25.15
1995-04-21,29.6,37.1,22.5,46,0.0,949.5,27.05
1995-04-22,30.0,37.8,21.4,42,0.0,950.0,26.62
1995-04-23,30.5,38.4,23.4,36,0.0,950.3,26.82
1995-04-24,30.8,38.9,22.3,34,0.0,949.6,26.72
1995-04-25,30.7,38.4,22.8,27,0.0,949.8,26.26
1995-04-26,31.6,39.3,23.6,27,0.0,949.0,25.25
1995-04-27,31.8,39.1,25.6,37,1.1,949.7,23.71
1995-04-28,31.4,38.9,26.2,43,1.5,950.5,21.85
1995-04-29,30.0,37.1,25.5,50,2.0,951.0,21.18
1995-04-30,30.0,37.0,24.2,52,1.5,949.8,24.15
1995-05-01,29.3,36.1,24.4,53,2.9,948.2,21.39
1995-05-02,29.5,36.2,23.2,53,1.2,949.4,24.76
1995-05-03,29.7,37.1,24.0,51,1.3,949.2,21.53
1995-05-04,30.1,36.5,23.6,47,0.0,947.9,23.6
1995-05-05,30.7,37.4,23.9,43,0.0,946.5,25.06
1995-05-06,30.9,38.6,23.7,38,0.0,946.6,20.22
1995-05-07,30.0,37.1,24.6,47,1.8,948.7,23.48
1995-05-08,28.9,34.6,23.7,51,0.0,948.6,20.57
1995-05-09,28.6,35.7,23.4,65,1.0,945.7,22.56
1995-05-10,28.4,34.7,24.5,65,0.3,944.7,23.04
1995-05-11,27.3,32.9,24.1,68,0.0,946.4,22.18
1995-05-12,26.6,32.0,23.0,71,0.7,947.8,21.25
1995-05-13,26.6,32.8,22.6,73,0.0,946.1,22.61
1995-05-14,26.4,33.0,21.9,71,0.1,944.3,22.67
1995-05-15,26.3,31.8,22.5,70,0.0,944.8,22.81
1995-05-16,26.7,32.7,22.8,70,0.0,947.6,23.84
1995-05-17,26.0,32.4,21.9,68,0.0,949.0,24.22
1995-05-18,26.2,32.5,21.9,66,0.0,949.1,25.49
1995-05-19,26.2,33.3,21.2,63,0.0,950.0,26.86
1995-05-20,26.7,35.0,19.3,56,0.0,951.0,28.11
1995-05-21,26.6,33.2,21.0,59,0.0,950.4,26.5
1995-05-22,26.2,33.8,19.9,59,0.0,949.9,25.92
1995-05-23,26.8,34.8,19.8,59,0.0,950.1,25.53
1995-05-24,27.8,34.7,21.5,61,0.0,950.6,23.05
1995-05-25,28.2,35.7,23.1,67,5.1,950.6,20.61
1995-05-26,29.3,36.6,23.5,63,1.0,950.9,21.08
1995-05-27,29.4,36.5,24.4,63,1.9,950.4,22.33
1995-05-28,30.3,38.7,24.3,62,1.7,949.0,25.5
1995-05-29,30.1,38.0,24.8,65,1.8,949.0,21.91
1995-05-30,29.5,36.1,24.5,65,0.6,949.0,22.78
1995-05-31,29.3,35.5,24.6,66,0.2,949.3,25.09
1995-06-01,29.7,36.8,23.5,62,0.4,948.5,26.23
1995-06-02,29.4,35.9,24.3,61,0.0,947.1,24.67
1995-06-03,29.2,36.1,23.9,63,0.4,946.7,25.47
1995-06-04,27.9,34.5,22.7,68,0.0,946.9,25.77
1995-06-05,28.1,34.7,22.9,67,0.0,947.2,25.62
1995-06-06,27.7,34.3,23.1,67,0.0,947.5,25.22
1995-06-07,27.3,34.1,22.1,69,0.0,947.3,24.84
1995-06-08,27.7,34.5,23.2,68,0.0,947.3,23.52
1995-06-09,27.6,34.1,23.0,67,0.0,946.3,24.84
1995-06-10,26.7,32.0,22.8,73,0.1,945.5,18.82
1995-06-11,27.3,32.4,23.6,70,0.6,944.8,20.59
1995-06-12,27.1,31.9,23.5,77,1.3,943.9,19.63
1995-06-13,27.7,34.6,24.1,75,5.0,943.3,19.6
1995-06-14,27.2,33.5,24.6,80,19.0,943.6,14.98
1995-06-15,26.4,31.1,23.1,78,2.3,946.1,19.65
1995-06-16,26.2,30.3,23.8,81,1.6,947.3,16.61
1995-06-17,26.0,29.2,23.7,81,4.0,946.8,17.76
1995-06-18,26.1,30.8,23.4,78,2.2,946.6,19.47
1995-06-19,26.0,31.0,23.5,78,3.5,947.4,20.19
1995-06-20,25.6,29.3,23.6,82,2.6,947.9,16.15
1995-06-21,25.5,28.5,23.6,83,2.9,947.8,16.46
1995-06-22,26.1,30.1,23.4,78,0.4,947.0,18.51
1995-06-23,26.1,30.8,23.2,76,1.2,946.7,18.15
1995-06-24,26.0,30.9,23.2,80,1.9,946.5,20.8
1995-06-25,26.0,31.0,22.8,80,3.9,947.1,19.11
1995-06-26,25.9,30.8,23.4,81,1.2,947.1,14.34
1995-06-27,25.2,29.3,23.5,86,7.5,945.4,12.15
1995-06-28,25.0,28.0,23.2,87,9.9,943.8,10.0
1995-06-29,24.9,27.4,23.5,87,3.1,943.5,7.35
1995-06-30,25.0,27.8,23.5,85,2.3,944.3,8.14
1995-07-01,25.2,28.6,23.7,86,2.4,944.1,12.67
1995-07-02,25.5,29.3,23.3,81,4.6,944.4,18.76
1995-07-03,25.8,30.2,23.0,79,0.2,946.4,20.34
1995-07-04,25.8,30.3,23.0,80,1.1,946.2,19.32
1995-07-05,25.6,29.7,23.3,80,2.1,944.6,17.11
1995-07-06,26.1,31.0,23.3,78,0.7,944.5,19.26
1995-07-07,25.3,29.9,23.3,82,4.8,945.0,15.05
1995-07-08,24.5,27.3,23.0,87,8.8,944.7,11.03
1995-07-09,25.0,28.8,23.3,86,5.0,944.0,12.54
1995-07-10,24.8,27.7,22.6,83,4.1,942.1,12.16
1995-07-11,24.3,27.0,23.0,88,9.0,941.7,10.15
1995-07-12,23.6,25.4,22.4,90,13.1,943.0,6.67
1995-07-13,23.6,25.6,22.4,89,12.5,944.5,8.92
1995-07-14,23.7,25.8,22.6,89,3.2,945.2,8.91
1995-07-15,23.1,24.5,21.9,92,10.6,944.1,6.1
1995-07-16,23.2,25.2,22.4,92,14.3,943.1,7.64
1995-07-17,22.9,25.3,22.0,94,25.5,943.3,7.8
1995-07-18,23.0,24.0,22.3,95,23.6,943.4,5.85
1995-07-19,22.9,24.4,22.0,95,25.6,942.1,4.34
1995-07-20,23.0,24.6,22.3,93,21.8,941.6,7.62
1995-07-21,22.7,24.0,22.3,94,29.3,944.2,5.5
1995-07-22,23.1,25.0,21.8,91,11.1,946.6,10.34
1995-07-23,23.7,26.2,22.1,88,3.0,947.4,11.8
1995-07-24,23.3,25.1,22.4,91,7.5,946.2,7.79
1995-07-25,22.9,25.1,21.8,93,5.1,946.2,7.0
1995-07-26,23.3,25.3,22.1,91,5.6,946.9,9.33
1995-07-27,24.0,26.5,22.5,88,2.6,947.5,14.5
1995-07-28,24.5,28.0,22.4,85,2.5,946.9,16.1
1995-07-29,24.1,27.8,22.6,89,5.5,944.3,13.01
1995-07-30,24.2,27.2,22.7,88,3.6,943.2,14.23
1995-07-31,24.1,27.2,22.8,88,4.1,944.9,12.9
1995-08-01,24.1,26.6,22.9,89,6.0,946.2,13.49
1995-08-02,23.5,25.3,22.5,90,11.3,945.8,10.46
1995-08-03,23.5,25.4,22.3,89,7.0,944.2,12.18
1995-08-04,24.1,26.7,22.2,85,3.3,946.2,16.3
1995-08-05,24.3,27.3,22.5,84,1.3,947.6,16.84
1995-08-06,24.2,26.8,22.5,84,1.2,947.1,15.76
1995-08-07,23.8,26.5,22.1,85,4.0,946.5,16.38
1995-08-08,24.0,26.8,22.4,86,3.1,945.3,15.58
1995-08-09,24.2,27.1,22.6,84,3.2,946.3,16.28
1995-08-10,24.5,27.5,22.6,85,1.4,947.7,14.54
1995-08-11,24.6,28.8,22.0,86,3.2,950.0,16.8
1995-08-12,24.6,28.5,21.9,84,1.8,950.1,17.82
1995-08-13,23.7,27.0,21.7,85,3.9,947.7,16.72
1995-08-14,23.8,26.5,21.6,83,4.6,947.6,17.21
1995-08-15,23.9,26.6,22.2,83,2.6,949.4,16.71
1995-08-16,24.0,27.3,21.7,83,1.3,949.7,15.8
1995-08-17,24.1,28.1,21.3,84,1.2,948.9,16.57
1995-08-18,24.5,28.7,21.4,82,1.3,949.3,17.41
1995-08-19,24.3,28.4,21.5,83,0.9,949.7,17.64
1995-08-20,24.3,28.3,21.5,82,0.5,949.6,16.21
1995-08-21,24.3,28.8,21.4,81,0.1,948.6,17.78
1995-08-22,24.8,29.3,21.9,80,0.5,948.0,18.25
1995-08-23,25.1,29.9,21.8,79,0.1,947.7,20.42
1995-08-24,24.7,28.5,22.0,84,1.6,947.5,15.99
1995-08-25,24.8,28.5,22.7,85,1.7,947.3,16.28
1995-08-26,24.3,27.6,22.6,86,2.3,946.5,13.66
1995-08-27,23.8,26.9,22.4,87,4.7,945.9,11.66
1995-08-28,23.8,27.0,22.4,86,2.9,945.5,13.75
1995-08-29,22.9,25.5,21.8,91,5.4,944.0,7.41
1995-08-30,23.1,25.6,22.0,92,9.1,943.2,6.8
1995-08-31,23.2,26.0,22.4,96,22.6,942.1,5.2
1995-09-01,23.2,25.1,22.4,94,58.8,940.9,6.45
1995-09-02,23.2,24.9,22.4,95,109.1,941.3,4.86
1995-09-03,23.4,26.2,22.1,87,5.6,943.6,13.34
1995-09-04,23.3,25.7,21.9,88,4.9,945.9,14.4
1995-09-05,23.3,26.4,21.5,86,3.0,947.6,15.89
1995-09-06,22.8,25.6,21.2,89,1.9,948.4,11.13
1995-09-07,23.7,27.3,20.9,82,0.3,949.1,18.78
1995-09-08,23.3,27.8,20.2,84,1.5,950.1,17.24
1995-09-09,23.6,27.8,20.8,83,1.5,950.7,20.65
1995-09-10,23.9,27.9,20.3,81,0.7,950.7,20.66
1995-09-11,24.2,28.4,21.4,87,11.7,950.2,14.17
1995-09-12,23.9,28.3,21.1,90,12.3,950.9,15.47
1995-09-13,23.1,24.7,21.9,96,35.8,950.6,4.99
1995-09-14,23.5,27.1,21.6,91,12.4,949.2,10.3
1995-09-15,24.1,27.6,22.0,88,1.1,948.8,14.87
1995-09-16,24.3,27.6,21.9,89,0.7,948.5,14.53
1995-09-17,24.5,28.8,22.2,87,1.5,949.1,16.66
1995-09-18,24.0,26.3,22.6,90,1.1,949.8,11.56
1995-09-19,24.3,28.2,21.7,86,0.8,949.8,18.9
1995-09-20,24.4,28.6,21.4,85,0.4,950.6,17.65
1995-09-21,24.3,28.9,21.2,83,0.7,951.0,19.82
1995-09-22,23.5,28.2,20.1,84,1.2,950.6,19.03
1995-09-23,23.4,26.8,21.0,87,0.8,950.1,15.46
1995-09-24,23.5,27.5,20.4,85,2.0,950.2,18.02
1995-09-25,23.5,28.4,20.3,87,1.8,949.8,18.37
1995-09-26,23.7,27.0,21.4,89,7.9,949.9,12.29
1995-09-27,24.0,28.2,21.9,89,1.7,950.3,13.6
1995-09-28,24.0,28.0,21.9,89,7.8,950.5,12.96
1995-09-29,24.4,29.4,21.7,87,3.3,950.7,18.1
1995-09-30,24.3,29.2,21.7,88,11.4,949.8,14.91
1995-10-01,25.4,30.1,21.6,83,0.3,950.0,19.62
1995-10-02,25.4,29.8,21.3,83,0.7,951.3,18.06
1995-10-03,25.3,30.1,22.7,86,3.6,951.8,16.77
1995-10-04,24.8,29.4,22.5,87,8.8,951.2,14.63
1995-10-05,24.7,30.1,21.6,87,5.3,950.7,17.68
1995-10-06,25.7,30.6,22.0,82,1.7,950.2,18.38
1995-10-07,26.2,31.0,22.4,77,0.1,950.0,20.62
1995-10-08,26.2,30.5,22.1,72,0.0,949.2,19.02
1995-10-09,26.6,31.5,22.6,63,0.1,948.4,19.9
1995-10-10,25.1,28.3,21.4,72,3.0,947.1,15.05
1995-10-11,24.4,28.2,22.1,87,11.5,946.3,11.86
1995-10-12,24.2,27.2,21.9,86,2.6,947.0,12.95
1995-10-13,24.5,29.1,21.9,86,9.7,949.0,16.05
1995-10-14,23.6,27.2,20.9,86,1.7,950.1,15.82
1995-10-15,23.6,27.8,20.2,84,1.5,950.1,16.08
1995-10-16,23.5,27.8,20.1,86,4.9,950.7,16.0
1995-10-17,23.7,27.4,20.6,89,1.8,950.6,12.74
1995-10-18,24.0,28.0,21.3,90,14.3,950.8,12.68
1995-10-19,24.2,28.9,21.4,86,3.9,950.0,15.81
1995-10-20,24.1,29.7,20.1,75,0.0,949.6,19.4
1995-10-21,24.5,29.5,20.6,61,0.0,950.6,21.81
1995-10-22,23.5,28.7,18.0,73,0.0,951.4,19.17
1995-10-23,24.1,28.6,20.8,82,1.1,952.6,18.32
1995-10-24,24.1,28.2,20.8,79,1.4,953.4,16.12
1995-10-25,24.2,28.7,20.3,71,0.0,952.5,18.61
1995-10-26,24.0,29.2,19.9,69,0.0,952.6,20.31
1995-10-27,23.3,29.5,18.3,60,0.0,951.7,21.68
1995-10-28,22.8,29.6,16.5,64,0.0,950.5,21.49
1995-10-29,23.5,29.7,17.9,64,0.0,950.4,21.51
1995-10-30,23.9,30.3,18.1,59,0.0,949.7,21.53
1995-10-31,24.6,31.1,18.4,60,0.0,949.3,21.27
1995-11-01,24.3,30.5,18.9,60,0.0,950.1,19.18
1995-11-02,24.2,30.2,18.5,51,0.0,951.4,21.52
1995-11-03,23.0,29.8,16.8,57,0.0,951.6,21.31
1995-11-04,22.8,29.4,15.6,55,0.0,950.8,21.23
1995-11-05,22.9,29.2,15.0,53,0.0,950.4,21.25
1995-11-06,22.7,29.7,15.0,50,0.0,950.7,21.24
1995-11-07,22.6,29.5,15.2,49,0.0,950.5,21.19
1995-11-08,22.0,29.4,15.2,56,0.0,949.9,20.93
1995-11-09,23.0,29.3,18.2,55,0.0,948.6,20.66
1995-11-10,23.0,29.6,17.0,61,0.0,949.6,19.98
1995-11-11,23.9,31.0,17.6,66,0.0,951.6,19.2
1995-11-12,24.5,30.8,18.3,64,0.0,952.3,17.09
1995-11-13,24.7,30.6,18.7,58,0.0,953.5,16.69
1995-11-14,24.1,31.0,18.5,49,0.0,954.1,20.4
1995-11-15,23.6,30.1,18.1,44,0.0,951.8,20.62
1995-11-16,23.2,29.7,17.0,45,0.0,950.2,20.59
1995-11-17,22.6,29.4,15.1,47,0.0,951.0,20.49
1995-11-18,23.5,30.1,17.7,51,0.0,951.0,19.09
1995-11-19,23.7,30.2,17.8,48,0.0,951.0,19.42
1995-11-20,22.9,29.8,16.2,50,0.0,951.4,19.43
1995-11-21,23.4,29.7,16.8,55,0.0,952.0,17.43
1995-11-22,22.4,23.9,20.4,73,1.1,952.3,6.42
1995-11-23,20.9,24.6,17.9,80,1.6,952.5,12.02
1995-11-24,22.0,27.4,17.4,74,0.0,951.6,16.62
1995-11-25,23.1,28.0,18.3,65,0.0,951.3,16.45
1995-11-26,23.1,28.8,17.2,64,0.0,952.3,16.51
1995-11-27,23.0,27.4,19.3,69,0.5,953.4,14.14
1995-11-28,23.5,28.5,19.2,68,0.0,953.5,15.27
1995-11-29,22.9,29.0,17.0,68,0.0,954.1,16.95
1995-11-30,23.9,29.9,18.6,63,0.0,954.5,17.44
1995-12-01,24.4,30.3,19.6,57,0.0,953.8,18.6
1995-12-02,24.2,29.6,19.8,59,0.0,954.8,15.32
1995-12-03,24.1,30.0,19.3,55,0.0,955.4,18.21
1995-12-04,23.7,30.3,18.0,53,0.0,954.6,18.67
1995-12-05,24.1,30.2,19.1,45,0.0,954.3,18.76
1995-12-06,23.3,29.6,16.5,54,0.0,954.7,18.28
1995-12-07,23.2,29.6,16.8,56,0.0,955.5,18.51
1995-12-08,21.9,28.8,15.6,47,0.0,955.7,18.82
1995-12-09,21.1,28.1,14.1,49,0.0,954.8,18.91
1995-12-10,21.9,28.5,15.0,47,0.0,954.3,18.84
1995-12-11,22.4,29.1,14.9,50,0.0,955.5,18.66
1995-12-12,22.0,28.9,14.8,53,0.0,956.1,18.65
1995-12-13,22.2,29.3,14.7,49,0.0,956.0,18.82
1995-12-14,23.0,29.6,16.8,48,0.0,955.4,18.59
1995-12-15,23.3,30.0,17.5,49,0.0,954.9,18.58
1995-12-16,23.0,29.7,16.0,51,0.0,956.2,18.49
1995-12-17,23.0,30.0,16.2,53,0.0,956.6,18.52
1995-12-18,22.9,30.1,16.0,55,0.0,956.9,18.46
1995-12-19,22.7,29.9,15.7,51,0.0,956.8,18.57
1995-12-20,22.3,29.5,15.3,46,0.0,956.0,18.73
1995-12-21,22.2,29.6,15.0,44,0.0,954.7,18.88
1995-12-22,23.0,29.7,15.6,48,0.0,955.2,18.59
1995-12-23,23.0,29.3,17.3,48,0.0,954.7,18.57
1995-12-24,21.8,28.8,16.9,50,0.0,953.1,18.67
1995-12-25,19.9,27.2,12.1,56,0.0,953.5,18.97
1995-12-26,21.7,28.8,14.7,57,0.0,955.0,17.45
1995-12-27,22.9,28.8,16.7,58,0.0,955.5,15.61
1995-12-28,22.4,28.4,16.3,52,0.0,956.2,17.93
1995-12-29,22.3,28.3,15.9,59,0.0,955.0,15.52
1995-12-30,22.2,27.5,17.9,69,0.2,953.7,13.77
1995-12-31,21.9,27.5,18.0,70,0.0,953.7,14.73
1996-01-01,21.8,28.1,16.2,67,0.0,954.0,15.66
1996-01-02,21.8,28.3,15.7,67,0.0,954.3,16.57
1996-01-03,22.6,29.1,16.3,65,0.0,954.3,15.99
1996-01-04,23.7,30.0,17.6,61,0.0,952.7,15.69
1996-01-05,23.6,30.1,18.8,66,0.0,952.1,16.78
1996-01-06,23.3,29.8,17.6,65,0.0,952.5,16.21
1996-01-07,23.2,29.9,18.2,59,0.0,953.1,18.87
1996-01-08,23.5,30.5,18.2,56,0.0,953.8,18.04
1996-01-09,23.4,29.9,17.9,59,0.0,953.4,16.93
1996-01-10,22.7,28.8,18.1,61,0.0,952.4,16.08
1996-01-11,22.6,28.6,17.8,58,0.0,951.4,15.34
1996-01-12,23.4,30.2,18.2,50,0.0,951.8,17.86
1996-01-13,22.6,29.8,16.9,50,0.0,951.9,19.69
1996-01-14,22.0,29.8,16.2,55,0.0,950.1,19.54
1996-01-15,20.3,26.3,16.0,73,0.0,949.7,16.28
1996-01-16,20.4,27.8,15.0,74,0.1,951.6,15.04
1996-01-17,20.7,28.6,14.1,65,0.0,953.1,19.95
1996-01-18,21.7,30.2,16.4,54,0.0,952.9,20.43
1996-01-19,21.4,29.4,15.2,54,0.0,951.8,20.56
1996-01-20,21.7,29.3,15.4,47,0.0,951.3,20.38
1996-01-21,22.3,29.5,15.9,44,0.0,951.3,20.33
1996-01-22,23.3,29.3,17.3,46,0.0,953.0,16.51
1996-01-23,23.7,29.7,17.7,45,0.0,954.2,18.29
1996-01-24,23.5,30.1,16.6,48,0.0,953.6,20.19
1996-01-25,23.6,30.0,17.2,49,0.0,953.1,20.14
1996-01-26,24.2,30.9,18.3,48,0.0,951.6,20.17
1996-01-27,24.5,30.9,18.8,46,0.0,952.2,19.22
1996-01-28,24.8,31.2,18.0,50,0.0,953.4,19.64
1996-01-29,24.8,30.9,18.6,47,0.0,953.4,19.64
1996-01-30,25.0,31.6,17.7,50,0.0,952.3,20.38
1996-01-31,25.5,32.2,20.5,48,0.0,952.2,20.78
1996-02-01,24.8,32.0,19.7,45,0.0,951.6,20.86
1996-02-02,24.7,31.5,19.4,41,0.0,951.5,21.01
1996-02-03,25.0,31.8,18.4,42,0.0,951.6,19.41
1996-02-04,24.8,31.5,19.1,45,0.0,952.1,19.76
1996-02-05,24.8,31.4,18.2,45,0.0,951.9,20.53
1996-02-06,25.0,30.6,20.0,44,0.0,952.1,17.47
1996-02-07,25.5,31.1,20.1,43,0.0,952.2,15.56
1996-02-08,24.8,30.4,20.0,47,0.0,951.4,16.14
1996-02-09,23.1,29.3,17.7,40,0.0,950.7,20.08
1996-02-10,20.6,28.5,13.0,49,0.0,952.4,22.69
1996-02-11,21.1,28.8,13.6,34,0.0,953.6,22.64
1996-02-12,22.3,30.1,14.1,46,0.0,953.0,20.92
1996-02-13,23.8,30.3,17.0,47,0.0,951.5,17.43
1996-02-14,25.3,31.1,21.0,39,0.0,950.5,18.02
1996-02-15,24.8,31.0,20.3,35,0.0,950.1,18.53
1996-02-16,24.7,31.6,17.1,45,0.0,949.9,17.52
1996-02-17,26.6,32.7,21.2,48,0.0,951.8,16.73
1996-02-18,27.1,33.4,21.6,45,0.0,952.8,22.3
1996-02-19,26.5,33.8,18.9,42,0.0,952.6,22.65
1996-02-20,26.0,33.9,19.5,42,0.0,950.9,22.8
1996-02-21,24.7,33.5,17.7,39,0.0,950.5,23.56
1996-02-22,23.7,32.7,15.4,47,0.0,951.3,23.64
1996-02-23,24.2,34.5,14.7,52,0.0,952.2,23.51
1996-02-24,24.5,33.8,16.6,43,0.0,952.1,23.56
1996-02-25,24.1,32.9,18.0,53,0.0,951.8,21.88
1996-02-26,23.2,31.5,17.2,59,0.0,952.6,23.43
1996-02-27,24.1,32.7,16.9,43,0.0,952.9,23.8
1996-02-28,26.1,34.1,19.6,40,0.1,952.5,23.49
1996-02-29,27.5,35.2,19.2,35,0.0,952.9,23.84
1996-03-01,27.0,35.3,17.7,37,0.0,953.2,24.18
1996-03-02,26.4,34.8,19.7,42,0.2,952.5,22.89
1996-03-03,25.5,33.1,18.1,38,0.0,952.3,24.71
1996-03-04,25.2,33.2,16.8,32,0.0,953.0,24.77
1996-03-05,26.2,33.4,19.8,35,0.0,953.3,24.44
1996-03-06,26.7,34.0,20.7,31,0.0,952.3,25.03
1996-03-07,27.1,34.5,20.6,32,0.0,952.2,24.78
1996-03-08,28.1,35.1,22.2,32,0.0,952.6,24.83
1996-03-09,28.5,35.8,22.2,31,0.0,952.7,24.88
1996-03-10,28.7,35.9,21.8,33,0.0,951.8,25.12
1996-03-11,29.5,36.8,21.8,37,0.0,951.9,23.56
1996-03-12,28.9,36.9,21.1,53,0.0,952.6,22.25
1996-03-13,30.0,37.4,23.4,47,0.0,951.4,23.73
1996-03-14,29.7,37.3,23.9,40,0.0,949.8,20.0
1996-03-15,28.2,35.7,23.2,54,1.7,949.2,20.17
1996-03-16,26.5,33.2,21.9,67,1.3,949.5,21.5
1996-03-17,26.2,33.0,20.5,62,0.0,949.9,21.88
1996-03-18,26.2,34.2,19.3,58,0.0,950.6,23.75
1996-03-19,27.2,35.2,20.0,48,0.0,949.6,24.79
1996-03-20,27.7,35.9,20.2,41,0.0,948.7,25.1
1996-03-21,28.5,36.4,21.7,38,0.0,950.0,24.87
1996-03-22,28.6,36.8,19.9,39,0.0,951.5,25.83
1996-03-23,29.9,37.3,22.2,32,0.0,950.4,24.74
1996-03-24,30.3,38.1,22.6,33,0.0,949.9,25.95
1996-03-25,29.9,38.5,22.0,45,0.0,949.5,26.0
1996-03-26,28.7,36.8,21.0,40,0.0,948.5,26.38
1996-03-27,27.4,36.5,19.5,47,0.0,948.6,27.03
1996-03-28,29.0,38.8,20.0,48,0.0,948.9,26.46
1996-03-29,29.6,38.8,21.8,37,0.0,947.9,26.54
1996-03-30,28.4,37.2,20.6,36,0.0,947.7,26.68
1996-03-31,27.6,36.5,19.2,47,0.0,948.2,26.9
1996-04-01,28.3,37.0,20.9,33,0.0,947.9,27.86
1996-04-02,28.7,37.5,21.7,27,0.0,948.1,27.65
1996-04-03,29.1,37.8,21.8,32,0.0,948.4,27.37
1996-04-04,27.9,37.0,18.8,43,0.0,948.7,27.27
1996-04-05,27.2,36.1,18.9,50,0.0,949.5,26.95
1996-04-06,28.0,36.7,19.8,42,0.0,950.2,26.23
1996-04-07,30.4,37.2,23.1,37,0.0,951.6,23.08
1996-04-08,30.3,36.0,25.7,37,0.1,952.0,19.39
1996-04-09,29.7,37.3,22.8,29,0.0,950.0,27.24
1996-04-10,28.2,36.4,21.7,31,0.0,948.8,27.54
1996-04-11,27.6,36.2,19.8,44,0.0,948.7,27.34
1996-04-12,28.3,36.8,20.4,47,0.0,949.7,24.54
1996-04-13,27.8,35.9,23.1,55,6.5,951.6,22.4
1996-04-14,27.2,33.8,21.5,58,2.9,952.2,23.71
1996-04-15,28.5,35.8,21.8,46,0.9,951.6,23.22
1996-04-16,27.6,35.3,21.1,54,0.1,950.2,25.89
1996-04-17,27.3,35.7,20.1,55,0.0,949.5,26.07
1996-04-18,26.9,34.6,20.2,60,1.1,950.2,23.53
1996-04-19,27.5,34.9,20.9,53,0.0,950.8,24.8
1996-04-20,27.7,36.3,19.7,48,0.0,950.3,26.94
1996-04-21,27.0,35.9,18.8,57,0.0,950.4,27.96
1996-04-22,27.4,36.7,19.3,59,0.0,950.5,27.68
1996-04-23,29.1,38.3,20.4,55,0.0,950.1,25.7
1996-04-24,28.9,38.1,21.1,48,0.0,949.9,27.62
1996-04-25,28.9,38.4,20.7,48,0.0,948.5,27.8
1996-04-26,28.8,38.3,21.3,54,0.0,948.3,26.67
1996-04-27,28.4,37.0,21.7,55,0.0,948.4,26.46
1996-04-28,28.3,37.3,21.3,53,0.0,948.2,27.37
1996-04-29,28.7,37.9,21.7,53,0.0,947.9,27.21
1996-04-30,29.5,38.9,22.2,57,0.0,947.8,26.71
1996-05-01,28.1,36.1,22.0,56,0.0,948.2,27.35
1996-05-02,27.7,36.3,21.4,61,0.0,949.2,27.1
1996-05-03,28.2,36.9,21.1,57,0.0,949.8,27.64
1996-05-04,29.4,39.1,19.9,49,0.0,949.3,28.42
1996-05-05,29.3,38.5,19.3,47,0.0,948.0,28.73
1996-05-06,28.6,36.8,21.2,52,0.1,948.5,27.8
1996-05-07,28.8,37.4,21.5,53,0.0,949.7,27.37
1996-05-08,28.5,37.3,21.6,59,1.1,949.8,26.56
1996-05-09,26.9,34.7,21.4,65,0.0,950.1,25.47
1996-05-10,26.6,34.6,20.0,60,0.0,951.1,27.6
1996-05-11,27.0,36.1,19.7,55,0.0,952.3,28.48
1996-05-12,27.3,36.8,19.2,53,0.0,952.8,28.36
1996-05-13,26.6,35.1,20.0,55,0.0,952.3,28.12
1996-05-14,25.8,33.1,19.7,64,0.0,951.4,26.85
1996-05-15,26.9,34.8,20.6,62,0.0,951.8,26.12
1996-05-16,27.8,36.4,20.2,60,0.0,952.5,27.6
1996-05-17,28.9,37.3,22.0,59,0.3,951.8,26.47
1996-05-18,29.0,37.6,22.3,59,0.0,950.0,26.43
1996-05-19,28.1,35.8,22.3,63,0.0,950.0,26.33
1996-05-20,27.6,35.6,21.3,62,0.4,951.0,25.75
1996-05-21,28.8,37.8,21.4,60,0.3,950.4,26.51
1996-05-22,29.3,38.4,22.7,62,2.3,949.6,25.06
1996-05-23,29.6,38.0,24.0,63,2.5,949.2,24.38
1996-05-24,28.2,34.0,23.8,66,0.3,949.7,19.39
1996-05-25,29.3,36.6,23.2,63,0.2,949.8,24.19
1996-05-26,30.4,38.2,25.0,65,0.8,949.2,23.86
1996-05-27,28.3,34.6,23.9,66,0.0,948.8,24.89
1996-05-28,27.1,33.8,22.6,66,0.0,946.9,25.85
1996-05-29,27.9,34.4,22.8,67,0.0,945.9,23.46
1996-05-30,28.5,35.7,22.3,65,0.4,947.0,25.52
1996-05-31,30.2,38.4,23.4,62,1.0,948.5,25.42
1996-06-01,29.5,36.0,24.8,65,0.5,948.9,24.09
1996-06-02,29.3,36.3,24.2,65,0.2,947.9,25.15
1996-06-03,28.7,36.1,22.8,63,0.0,947.6,26.39
1996-06-04,28.2,35.2,22.7,67,0.0,947.7,25.04
1996-06-05,28.2,34.6,22.8,67,0.0,948.4,22.72
1996-06-06,28.6,35.7,23.1,67,1.1,948.4,22.36
1996-06-07,28.0,34.6,24.4,72,3.8,949.0,18.88
1996-06-08,28.4,35.6,24.4,74,11.2,947.1,20.13
1996-06-09,27.0,33.8,24.2,81,14.0,947.1,15.08
1996-06-10,26.5,31.4,23.9,78,4.9,948.3,19.59
1996-06-11,24.8,29.3,22.8,87,10.4,949.0,13.8
1996-06-12,24.8,28.9,22.4,86,10.5,946.3,12.47
1996-06-13,25.7,30.4,22.8,85,19.9,943.8,14.61
1996-06-14,25.8,30.9,22.9,85,13.0,941.8,15.66
1996-06-15,26.4,30.7,23.2,80,5.6,940.3,19.05
1996-06-16,26.2,30.7,23.9,79,4.6,938.8,16.88
1996-06-17,25.0,28.3,23.4,87,32.0,938.1,8.25
1996-06-18,23.8,26.4,22.6,90,42.1,937.9,9.16
1996-06-19,23.9,25.3,22.4,92,32.7,939.4,10.21
1996-06-20,24.4,27.4,22.8,87,6.7,943.8,16.62
1996-06-21,24.4,27.4,22.3,85,5.0,946.0,17.04
1996-06-22,24.2,27.0,22.1,86,3.0,946.7,18.32
1996-06-23,24.2,27.5,22.3,85,3.2,946.3,16.67
1996-06-24,24.4,27.1,22.8,87,3.2,947.4,11.57
1996-06-25,25.2,29.0,22.5,81,0.8,947.6,19.27
1996-06-26,25.0,29.0,22.2,80,0.5,948.3,19.45
1996-06-27,24.7,28.5,22.0,80,0.3,950.2,17.79
1996-06-28,24.6,28.9,21.9,81,1.7,950.2,19.65
1996-06-29,23.9,26.6,22.3,85,3.0,950.2,14.77
1996-06-30,24.1,26.9,22.2,82,6.1,950.1,17.66
1996-07-01,23.9,26.9,22.2,86,3.5,949.1,14.58
1996-07-02,24.3,27.8,22.2,84,3.2,949.6,14.34
1996-07-03,24.3,27.7,22.4,87,6.0,950.7,12.92
1996-07-04,24.4,27.7,22.5,85,3.3,949.5,13.77
1996-07-05,24.8,28.4,22.7,83,0.7,947.7,18.01
1996-07-06,24.9,27.9,22.6,83,2.4,946.3,18.44
1996-07-07,24.6,27.3,22.4,85,2.2,945.9,13.08
1996-07-08,24.2,26.1,22.9,89,0.8,946.4,7.2
1996-07-09,25.0,28.9,22.6,85,1.8,946.7,17.57
1996-07-10,24.8,29.0,22.8,85,5.4,946.0,16.63
1996-07-11,24.7,27.9,22.7,86,3.2,944.2,14.66
1996-07-12,24.1,26.9,22.6,89,4.9,944.2,10.43
1996-07-13,24.3,27.5,23.0,89,5.3,945.4,10.96
1996-07-14,23.8,26.8,22.4,91,8.9,944.9,9.53
1996-07-15,23.9,26.3,22.8,91,20.1,943.9,9.22
1996-07-16,24.4,27.1,23.0,89,3.4,942.6,12.5
1996-07-17,24.0,26.9,22.7,88,8.1,943.6,13.33
1996-07-18,24.2,26.7,22.8,88,10.2,944.1,13.64
1996-07-19,23.7,26.1,22.5,91,10.4,943.9,8.64
1996-07-20,23.3,25.5,22.3,90,10.5,944.2,10.4
1996-07-21,22.9,25.1,21.4,91,20.0,944.1,7.69
1996-07-22,22.4,23.4,21.5,96,40.7,943.0,2.51
1996-07-23,22.5,22.8,22.2,95,53.0,942.8,3.65
1996-07-24,22.5,23.5,22.1,94,12.3,943.6,3.95
1996-07-25,22.4,23.2,21.7,92,9.7,943.7,4.96
1996-07-26,22.7,24.9,22.0,91,6.9,944.6,7.32
1996-07-27,22.0,22.5,21.7,96,19.8,944.8,3.51
1996-07-28,22.0,23.6,21.1,94,17.6,945.0,5.88
1996-07-29,22.5,25.0,21.0,89,18.1,946.2,14.55
1996-07-30,22.6,24.5,21.2,89,11.7,946.8,12.72
1996-07-31,22.4,24.3,21.3,90,10.4,947.1,8.55
1996-08-01,22.9,25.1,21.5,88,12.4,947.4,12.7
1996-08-02,23.0,25.4,21.7,88,11.9,946.8,12.73
1996-08-03,23.0,24.7,22.0,89,6.0,946.1,9.16
1996-08-04,23.5,25.9,22.1,88,4.1,945.9,12.65
1996-08-05,23.3,25.6,22.0,87,4.1,946.8,12.48
1996-08-06,23.0,25.7,21.4,87,5.7,947.9,14.05
1996-08-07,22.6,25.0,21.4,89,7.8,948.5,9.65
1996-08-08,21.9,23.0,21.2,93,10.7,948.5,4.49
1996-08-09,22.6,24.7,21.7,89,5.2,947.4,10.04
1996-08-10,22.6,24.2,21.8,89,3.7,947.5,7.19
1996-08-11,23.6,26.1,21.7,85,3.1,947.7,14.87
1996-08-12,23.5,26.1,21.9,88,2.3,947.5,14.25
1996-08-13,23.3,26.2,21.7,87,4.6,946.0,14.5
1996-08-14,23.5,26.3,21.9,87,5.0,945.3,14.57
1996-08-15,23.6,26.6,22.1,85,3.2,947.1,14.75
1996-08-16,23.4,27.1,22.0,89,3.7,947.8,13.09
1996-08-17,23.3,26.0,21.7,88,1.5,948.2,11.27
1996-08-18,23.5,26.5,21.6,87,1.9,947.9,12.93
1996-08-19,23.5,26.3,21.8,87,2.2,946.7,15.27
1996-08-20,22.7,24.5,21.6,91,6.7,946.7,6.34
1996-08-21,23.1,26.4,21.1,87,3.5,947.7,14.54
1996-08-22,23.6,27.3,21.4,86,2.2,949.3,13.86
1996-08-23,23.6,27.4,21.7,88,6.1,949.4,13.93
1996-08-24,23.5,27.6,21.1,88,7.0,948.2,15.25
1996-08-25,23.5,27.4,21.2,86,4.6,948.0,16.65
1996-08-26,22.7,25.8,21.1,91,10.5,947.9,9.49
1996-08-27,22.2,24.4,21.3,95,16.1,947.0,5.96
1996-08-28,22.4,24.6,21.1,88,6.5,946.9,10.21
1996-08-29,22.6,24.6,21.1,89,1.9,947.3,11.41
1996-08-30,22.5,25.2,21.2,91,2.2,947.9,9.77
1996-08-31,23.1,26.4,21.5,87,2.5,949.4,14.65
1996-09-01,23.4,26.7,21.4,86,1.2,950.0,16.15
1996-09-02,23.2,26.7,21.2,87,2.0,948.9,13.42
1996-09-03,23.6,27.4,21.2,86,1.8,948.3,15.56
1996-09-04,23.7,27.4,21.7,87,3.2,948.2,16.41
1996-09-05,23.8,28.5,21.0,86,4.7,947.0,15.39
1996-09-06,22.9,25.3,21.5,90,12.6,946.9,8.31
1996-09-07,22.8,25.7,21.5,92,12.9,946.9,9.37
1996-09-08,23.1,26.3,21.3,89,4.8,947.0,14.66
1996-09-09,23.4,27.1,21.3,88,3.9,946.9,15.59
1996-09-10,23.7,28.0,21.6,87,5.1,947.1,15.52
1996-09-11,23.7,27.4,21.3,88,3.1,947.0,16.25
1996-09-12,23.7,27.8,21.4,87,3.5,947.1,16.53
1996-09-13,23.7,27.9,21.7,90,6.2,947.2,13.01
1996-09-14,23.6,26.5,22.0,91,6.9,946.7,11.42
1996-09-15,23.4,26.3,21.4,88,3.6,947.0,14.15
1996-09-16,23.6,27.1,21.6,86,2.3,948.2,17.19
1996-09-17,23.4,27.1,21.0,86,1.9,947.8,16.65
1996-09-18,23.4,26.8,21.3,87,1.6,947.7,16.12
1996-09-19,23.1,26.5,20.8,87,1.8,948.9,15.66
1996-09-20,23.9,27.8,21.4,82,0.4,949.4,18.26
1996-09-21,23.4,27.5,20.9,85,2.3,949.9,16.82
1996-09-22,23.5,28.5,20.5,86,4.9,950.4,18.71
1996-09-23,23.8,28.9,20.5,88,18.9,949.5,16.87
1996-09-24,24.8,29.3,21.7,85,2.0,949.9,17.49
1996-09-25,24.7,28.6,22.5,89,15.5,950.8,13.9
1996-09-26,24.3,28.6,22.2,89,4.5,949.2,14.81
1996-09-27,24.3,28.9,21.5,85,0.7,948.3,17.13
1996-09-28,24.0,26.5,22.4,85,0.2,949.0,10.13
1996-09-29,23.7,27.6,21.2,84,3.1,949.4,17.61
1996-09-30,23.8,28.0,21.2,85,1.6,949.4,16.42
1996-10-01,24.4,29.0,21.4,83,2.2,948.6,16.43
1996-10-02,23.2,25.2,22.2,93,17.8,946.6,5.18
1996-10-03,23.2,25.9,22.0,94,21.1,944.4,6.89
1996-10-04,23.2,25.5,22.0,90,4.5,947.5,10.51
1996-10-05,23.1,26.3,20.2,83,0.2,950.4,15.58
1996-10-06,23.2,27.1,20.0,83,1.8,951.1,18.23
1996-10-07,23.4,27.6,20.3,82,0.1,952.0,17.37
1996-10-08,24.1,28.0,20.9,83,1.3,953.2,17.8
1996-10-09,24.4,28.8,20.3,76,0.0,952.7,20.24
1996-10-10,24.0,29.2,19.1,71,0.0,951.8,21.36
1996-10-11,23.1,28.9,17.6,64,0.0,951.8,23.44
1996-10-12,23.0,29.4,16.7,63,0.0,952.8,23.16
1996-10-13,23.1,29.6,16.7,60,0.0,953.7,23.4
1996-10-14,23.6,29.6,18.5,62,0.0,952.8,22.73
1996-10-15,23.5,30.2,17.4,58,0.0,951.3,23.23
1996-10-16,23.9,30.8,17.0,57,0.0,951.1,23.09
1996-10-17,24.2,30.8,18.4,53,0.0,951.6,23.03
1996-10-18,24.0,30.6,18.5,53,0.0,950.9,22.38
1996-10-19,23.4,28.6,18.1,69,2.7,950.1,17.41
1996-10-20,23.1,26.9,21.4,89,10.0,949.1,10.65
1996-10-21,22.6,25.6,20.4,89,10.1,949.0,7.93
1996-10-22,23.5,27.7,21.1,86,2.0,948.8,14.99
1996-10-23,23.9,27.8,20.6,80,0.8,948.9,16.52
1996-10-24,23.3,27.3,21.0,80,2.9,949.3,12.54
1996-10-25,22.8,27.4,18.5,83,2.3,950.0,15.47
1996-10-26,22.7,27.8,18.4,81,1.5,948.8,18.87
1996-10-27,22.8,27.5,17.7,80,0.2,947.6,16.27
1996-10-28,23.1,27.2,20.3,82,1.4,950.1,15.03
1996-10-29,23.1,27.7,19.9,83,1.3,951.4,15.44
1996-10-30,23.1,28.2,19.6,76,0.0,951.5,18.0
1996-10-31,22.9,28.2,18.6,61,0.0,951.1,21.64
1996-11-01,22.9,28.5,18.0,61,0.0,951.3,21.25
1996-11-02,23.4,29.2,18.1,56,0.0,951.1,21.56
1996-11-03,23.5,29.6,18.7,50,0.0,950.9,21.5
1996-11-04,22.8,29.3,17.8,54,0.0,950.7,21.31
1996-11-05,22.8,28.8,17.6,56,0.0,950.2,21.3
1996-11-06,22.3,28.6,17.3,54,0.0,950.1,21.27
1996-11-07,22.4,29.6,16.1,57,0.0,950.5,21.12
1996-11-08,21.9,27.8,18.0,73,4.4,951.5,11.94
1996-11-09,23.1,28.7,18.6,82,1.1,952.9,14.68
1996-11-10,23.2,29.7,19.2,76,0.0,953.0,18.4
1996-11-11,22.8,29.8,17.4,72,0.0,953.1,19.38
1996-11-12,23.6,30.3,18.5,67,0.0,953.3,19.04
1996-11-13,23.9,29.3,20.0,64,0.0,952.8,17.32
1996-11-14,23.5,29.2,18.0,62,0.0,954.1,16.24
1996-11-15,23.1,29.2,17.5,53,0.0,956.0,19.95
1996-11-16,21.6,28.6,14.3,51,0.0,955.1,20.49
1996-11-17,21.7,28.7,15.3,56,0.0,954.6,20.1
1996-11-18,21.7,28.8,15.0,57,0.0,954.9,20.21
1996-11-19,21.5,28.9,14.6,56,0.0,954.3,20.14
1996-11-20,22.1,29.6,15.0,52,0.0,953.9,20.08
1996-11-21,21.6,29.0,14.6,52,0.0,953.4,19.97
1996-11-22,21.9,29.3,14.4,59,0.0,952.3,17.32
1996-11-23,23.3,28.6,18.0,73,0.4,952.8,15.81
1996-11-24,23.5,29.7,17.8,63,0.0,952.4,19.02
1996-11-25,22.0,29.2,15.6,54,0.0,951.8,19.66
1996-11-26,22.0,29.0,15.8,52,0.0,952.0,19.27
1996-11-27,22.1,29.0,15.4,56,0.0,951.4,19.09
1996-11-28,22.4,28.9,15.9,53,0.0,950.6,19.11
1996-11-29,22.6,29.2,16.3,56,0.0,951.1,18.96
1996-11-30,22.3,28.6,15.5,56,0.0,951.9,18.89
1996-12-01,21.9,28.2,15.8,52,0.0,952.5,18.99
1996-12-02,21.6,27.8,15.5,50,0.0,951.9,19.01
1996-12-03,20.7,27.6,14.0,50,0.0,952.0,19.07
1996-12-04,20.1,27.2,13.4,47,0.0,952.3,19.32
1996-12-05,20.8,27.5,15.4,54,0.0,951.3,19.03
1996-12-06,20.8,28.0,13.9,56,0.0,952.2,18.92
1996-12-07,21.5,28.6,14.2,57,0.0,954.4,18.64
1996-12-08,22.3,28.3,16.6,56,0.0,954.9,16.81
1996-12-09,20.8,27.8,13.8,54,0.0,953.5,18.93
1996-12-10,19.9,27.6,13.0,47,0.0,953.1,19.25
1996-12-11,19.4,27.5,12.3,43,0.0,952.9,19.08
1996-12-12,19.9,28.1,12.2,43,0.0,953.0,18.91
1996-12-13,21.1,28.3,13.0,53,0.0,953.1,18.15
1996-12-14,23.3,28.0,18.7,66,0.0,952.9,14.09
1996-12-15,24.0,29.3,18.3,67,0.0,951.6,15.57
1996-12-16,23.9,28.6,19.7,69,0.2,952.2,13.0
1996-12-17,23.8,26.9,21.0,68,0.0,953.7,9.87
1996-12-18,23.2,26.1,20.7,73,0.0,954.5,8.04
1996-12-19,23.4,29.3,18.5,50,0.0,954.9,17.46
1996-12-20,21.8,28.6,15.6,43,0.0,955.0,17.93
1996-12-21,21.1,28.6,14.7,46,0.0,955.2,18.71
1996-12-22,21.5,29.0,15.1,46,0.0,955.8,18.54
1996-12-23,22.7,29.3,15.7,49,0.0,956.0,18.3
1996-12-24,22.5,29.2,16.1,52,0.0,955.0,18.24
1996-12-25,22.4,29.3,16.2,50,0.0,955.0,18.52
1996-12-26,22.1,29.0,15.9,49,0.0,954.9,18.53
1996-12-27,21.7,28.2,16.0,51,0.0,955.6,17.54
1996-12-28,21.6,28.4,15.1,55,0.0,955.7,18.57
1996-12-29,21.2,27.9,14.9,53,0.0,955.4,18.67
1996-12-30,21.1,27.5,14.2,57,0.0,955.1,18.54
1996-12-31,20.9,26.9,14.2,56,0.0,955.5,18.72
1997-01-01,20.7,26.7,13.7,55,0.0,955.6,18.43
1997-01-02,21.1,27.1,14.6,51,0.0,954.8,18.82
1997-01-03,21.5,27.8,14.0,53,0.0,953.4,18.07
1997-01-04,21.5,27.6,17.2,59,0.0,953.3,16.87
1997-01-05,21.4,27.8,15.7,61,0.0,952.6,17.42
1997-01-06,22.4,27.1,18.2,56,0.1,953.3,15.07
1997-01-07,22.2,26.9,17.2,51,0.0,954.0,16.63
1997-01-08,21.4,26.8,16.2,51,0.0,954.7,16.28
1997-01-09,21.0,26.9,14.9,48,0.0,955.0,19.04
1997-01-10,21.6,27.3,15.6,51,0.0,955.3,18.13
1997-01-11,20.8,25.6,17.2,76,0.9,955.4,13.68
1997-01-12,20.6,26.4,15.6,75,0.0,954.6,15.97
1997-01-13,21.2,27.2,16.0,71,0.1,953.7,16.16
1997-01-14,20.9,27.3,16.5,59,0.0,953.6,16.29
1997-01-15,20.2,26.8,15.8,47,0.0,953.9,19.41
1997-01-16,19.8,26.9,12.3,49,0.0,953.8,20.22
1997-01-17,20.4,27.6,13.4,59,0.0,953.6,17.37
1997-01-18,21.8,28.8,14.8,59,0.0,954.4,19.17
1997-01-19,20.3,27.5,14.3,64,0.0,952.9,19.95
1997-01-20,20.0,25.4,14.1,70,0.2,951.5,16.31
1997-01-21,17.4,25.4,10.1,53,0.0,951.7,20.95
1997-01-22,17.8,26.0,9.8,33,0.0,953.1,21.17
1997-01-23,19.2,28.2,11.3,39,0.0,953.2,20.69
1997-01-24,21.8,29.5,16.0,39,0.0,952.1,20.53
1997-01-25,22.2,30.1,14.8,41,0.0,951.3,20.62
1997-01-26,23.2,31.0,17.5,40,0.0,952.8,20.7
1997-01-27,22.6,30.8,15.2,45,0.0,953.4,20.92
1997-01-28,23.3,30.5,17.5,43,0.0,952.5,20.68
1997-01-29,24.0,31.1,17.8,46,0.0,952.1,18.66
1997-01-30,23.7,30.3,18.9,45,0.0,952.5,20.4
1997-01-31,21.3,29.1,14.6,51,0.0,951.2,21.36
1997-02-01,20.6,30.1,12.0,60,0.0,951.2,21.07
1997-02-02,20.6,29.6,12.6,58,0.0,950.4,21.48
1997-02-03,20.0,28.1,13.8,60,0.0,949.7,21.32
1997-02-04,20.3,29.1,11.7,59,0.0,950.2,21.72
1997-02-05,22.1,29.8,16.0,53,0.0,951.1,21.78
1997-02-06,22.5,30.7,16.8,49,0.0,952.6,21.81
1997-02-07,21.5,30.0,14.4,45,0.0,952.3,22.55
1997-02-08,22.2,30.9,15.8,37,0.0,951.4,22.5
1997-02-09,19.8,27.7,13.4,53,0.0,949.8,21.82
1997-02-10,19.8,29.4,11.0,47,0.0,950.3,22.94
1997-02-11,21.8,30.4,14.5,30,0.0,952.4,22.84
1997-02-12,22.2,30.8,13.8,30,0.0,953.9,22.84
1997-02-13,22.9,30.7,16.2,28,0.0,953.6,23.07
1997-02-14,22.7,31.3,15.4,27,0.0,952.6,23.39
1997-02-15,23.9,32.0,17.0,31,0.0,951.8,23.17
1997-02-16,22.5,31.1,14.9,35,0.0,952.3,23.26
1997-02-17,21.7,30.9,13.5,45,0.0,951.6,23.43
1997-02-18,20.3,29.0,12.1,59,0.0,951.3,23.42
1997-02-19,20.4,29.1,12.6,59,0.0,952.1,23.55
1997-02-20,22.1,30.3,15.3,54,0.0,953.4,23.47
1997-02-21,23.0,31.1,16.0,48,0.0,954.0,23.5
1997-02-22,23.6,31.6,15.3,45,0.0,953.5,23.37
1997-02-23,24.4,32.0,16.5,38,0.0,954.0,23.43
1997-02-24,25.4,32.6,19.5,29,0.0,954.8,23.84
1997-02-25,26.2,33.7,19.7,27,0.0,954.4,24.04
1997-02-26,26.5,34.0,20.1,31,0.0,953.5,23.97
1997-02-27,26.8,34.8,20.5,28,0.0,953.3,24.21
1997-02-28,27.0,35.0,20.4,27,0.0,954.1,24.56
1997-03-01,26.5,34.6,19.9,23,0.0,953.4,24.81
1997-03-02,27.1,34.2,21.2,27,0.0,953.3,23.94
1997-03-03,26.4,34.3,18.9,35,0.0,954.1,23.85
1997-03-04,27.0,34.4,21.1,41,0.0,954.2,22.32
1997-03-05,26.5,33.8,19.2,38,0.0,953.8,21.17
1997-03-06,26.6,33.9,20.2,31,0.0,954.5,23.84
1997-03-07,27.2,34.6,21.4,30,0.0,955.1,24.24
1997-03-08,27.5,34.9,19.7,32,0.0,954.8,24.24
1997-03-09,28.1,35.7,20.5,38,0.0,954.2,23.9
1997-03-10,28.4,35.9,21.2,39,0.0,954.3,24.42
1997-03-11,29.1,36.6,22.5,29,0.0,954.5,24.83
1997-03-12,28.5,36.5,23.2,42,0.0,954.1,23.9
1997-03-13,27.0,34.9,20.0,51,0.0,952.3,25.16
1997-03-14,26.5,35.1,17.7,43,0.0,951.2,25.56
1997-03-15,27.7,35.5,19.3,40,0.0,952.2,25.01
1997-03-16,28.7,36.6,20.9,34,0.0,953.0,24.4
1997-03-17,29.1,36.3,21.9,34,0.0,953.0,24.93
1997-03-18,29.0,36.8,21.6,32,0.0,953.2,24.35
1997-03-19,29.0,36.7,23.6,30,0.0,952.5,25.67
1997-03-20,27.6,35.9,20.4,35,0.0,951.8,25.28
1997-03-21,26.0,33.5,18.8,45,0.0,952.6,25.67
1997-03-22,24.5,31.8,18.9,53,0.0,951.7,24.25
1997-03-23,24.8,33.7,17.0,39,0.0,950.0,26.69
1997-03-24,25.2,33.6,17.1,47,0.0,950.2,26.01
1997-03-25,26.2,35.0,18.1,47,0.0,950.5,26.37
1997-03-26,27.4,35.2,19.9,46,0.0,950.4,24.17
1997-03-27,27.7,35.7,21.5,54,1.9,951.5,23.73
1997-03-28,27.3,35.2,21.8,60,1.7,950.7,23.42
1997-03-29,28.4,35.7,21.8,46,0.0,950.1,25.71
1997-03-30,27.3,35.3,19.4,33,0.0,950.5,26.99
1997-03-31,26.0,34.5,18.7,29,0.0,951.3,27.6
1997-04-01,25.5,34.3,17.4,45,0.0,949.9,26.99
1997-04-02,24.6,32.6,17.6,57,0.2,948.7,24.97
1997-04-03,23.7,30.4,18.4,67,1.5,949.8,22.93
1997-04-04,23.6,32.1,14.2,50,0.0,950.6,28.02
1997-04-05,25.5,33.3,18.0,48,0.0,951.0,26.22
1997-04-06,26.8,34.3,18.5,40,0.0,951.7,27.15
1997-04-07,28.2,35.8,21.0,38,0.0,950.9,26.31
1997-04-08,27.4,35.9,19.5,48,0.0,951.1,27.0
1997-04-09,25.7,33.5,19.1,50,0.0,952.1,26.97
1997-04-10,24.9,34.4,16.6,59,0.0,952.3,27.19
1997-04-11,26.3,34.6,19.6,62,0.0,953.1,24.62
1997-04-12,26.5,35.3,19.0,61,0.0,953.3,24.72
1997-04-13,26.9,35.2,19.9,56,0.0,952.4,26.87
1997-04-14,26.7,35.2,19.3,55,0.0,952.0,26.54
1997-04-15,26.0,33.0,20.1,57,0.0,952.1,26.54
1997-04-16,25.5,33.9,18.9,58,0.0,951.7,26.63
1997-04-17,25.8,34.5,18.4,58,0.0,951.9,26.73
1997-04-18,26.4,34.8,19.6,59,0.0,952.8,25.1
1997-04-19,26.9,34.5,19.4,56,0.0,953.1,24.31
1997-04-20,27.5,34.1,20.7,51,0.0,952.0,21.16
1997-04-21,28.5,36.2,21.6,47,1.8,950.9,25.65
1997-04-22,28.2,35.6,22.9,53,1.3,951.3,23.36
1997-04-23,29.4,36.3,23.0,51,0.0,951.9,22.69
1997-04-24,30.3,37.9,22.8,47,0.0,951.1,23.26
1997-04-25,31.0,38.5,23.2,43,0.0,949.7,21.84
1997-04-26,29.3,37.4,23.7,56,2.0,950.2,19.83
1997-04-27,29.7,37.6,23.6,56,0.5,950.7,20.55
1997-04-28,27.7,33.2,24.1,66,4.2,951.2,19.14
1997-04-29,27.6,33.7,22.8,62,2.2,951.8,23.63
1997-04-30,26.7,33.9,22.3,68,4.7,952.9,23.42
1997-05-01,26.5,33.3,21.2,67,4.0,952.6,23.52
1997-05-02,27.5,33.0,21.8,55,0.0,951.5,23.53
1997-05-03,27.3,34.7,20.2,51,0.0,950.3,27.11
1997-05-04,27.0,34.4,19.7,47,0.0,949.7,27.92
1997-05-05,26.9,34.8,19.1,57,0.2,949.2,26.88
1997-05-06,27.6,34.8,21.2,60,0.2,949.7,24.44
1997-05-07,28.8,36.9,22.1,60,0.0,949.2,25.46
1997-05-08,28.4,35.9,22.4,60,0.0,950.3,24.44
1997-05-09,28.5,37.3,21.4,59,0.0,949.8,26.29
1997-05-10,28.8,36.6,21.9,56,0.0,948.9,26.61
1997-05-11,28.5,37.0,21.1,52,0.0,948.7,27.57
1997-05-12,28.6,37.2,21.0,55,0.0,949.3,27.6
1997-05-13,29.0,37.6,20.8,48,0.0,948.7,28.17
1997-05-14,29.5,38.3,21.4,39,0.0,949.2,28.43
1997-05-15,29.5,38.8,21.4,44,0.0,949.1,28.01
1997-05-16,29.5,38.6,22.4,54,0.0,949.3,26.95
1997-05-17,29.6,38.2,22.5,52,0.0,948.4,28.15
1997-05-18,28.7,37.1,22.5,55,0.0,948.5,27.67
1997-05-19,27.0,34.4,22.0,63,0.0,949.1,26.73
1997-05-20,26.4,33.6,21.2,67,0.0,949.6,25.77
1997-05-21,26.8,33.8,21.2,66,0.0,950.4,24.96
1997-05-22,27.3,35.3,21.6,67,0.0,950.7,26.38
1997-05-23,27.6,35.7,21.2,65,0.4,950.9,25.61
1997-05-24,28.4,37.3,22.0,61,0.0,950.4,27.41
1997-05-25,27.9,36.0,21.5,59,0.0,950.7,27.75
1997-05-26,27.9,36.8,21.2,58,0.0,950.6,27.53
1997-05-27,27.5,35.7,21.4,59,0.0,951.1,27.06
1997-05-28,26.6,34.2,20.8,61,0.0,952.0,27.16
1997-05-29,26.2,33.1,21.2,66,0.0,951.6,26.32
1997-05-30,26.8,32.8,21.7,66,0.0,950.7,23.67
1997-05-31,27.3,34.2,22.0,64,0.0,951.9,25.72
1997-06-01,25.7,30.8,23.2,74,2.2,952.3,15.6
1997-06-02,26.6,32.7,22.5,69,1.8,952.2,21.95
1997-06-03,26.8,32.9,23.0,73,2.0,952.4,21.15
1997-06-04,27.2,34.0,22.7,73,2.2,953.1,22.38
1997-06-05,27.6,34.3,23.4,73,5.5,952.0,22.53
1997-06-06,27.5,33.8,23.1,71,0.8,951.4,22.27
1997-06-07,27.6,33.6,23.1,70,0.0,951.5,23.93
1997-06-08,27.5,33.9,23.2,72,0.4,951.6,20.76
1997-06-09,27.3,32.5,23.2,72,0.2,951.5,22.71
1997-06-10,26.3,31.3,23.2,75,1.4,950.8,18.98
1997-06-11,26.3,32.8,23.0,75,3.3,949.3,20.1
1997-06-12,26.0,32.5,23.3,81,14.6,948.1,15.54
1997-06-13,25.7,29.7,22.9,85,21.3,948.1,13.43
1997-06-14,25.6,30.7,22.9,85,14.8,946.8,13.67
1997-06-15,25.5,30.5,22.5,83,6.8,946.5,17.65
1997-06-16,25.3,29.3,23.1,78,0.1,948.6,16.74
1997-06-17,25.1,29.4,22.7,82,2.3,948.8,16.71
1997-06-18,24.8,27.8,23.1,86,8.7,947.4,14.16
1997-06-19,23.4,25.0,22.2,95,33.7,945.9,5.16
1997-06-20,22.7,24.4,21.2,95,26.0,947.5,5.2
1997-06-21,23.6,25.5,22.6,92,10.1,948.9,7.34
1997-06-22,23.9,26.8,22.7,89,9.4,947.8,11.79
1997-06-23,24.1,27.3,22.5,90,13.2,945.2,15.11
1997-06-24,24.3,26.8,22.9,89,9.7,944.1,14.42
1997-06-25,24.7,27.9,22.9,87,9.1,943.6,15.57
1997-06-26,24.3,27.5,22.7,88,3.2,943.2,13.09
1997-06-27,23.4,24.6,22.3,92,7.7,942.8,5.42
1997-06-28,23.6,25.5,22.1,93,8.9,941.7,8.1
1997-06-29,24.6,27.1,22.5,88,4.9,940.9,15.83
1997-06-30,24.5,26.9,23.0,89,2.8,942.3,12.56
1997-07-01,24.0,26.9,22.5,89,2.1,943.1,12.06
1997-07-02,23.8,27.2,22.5,91,2.2,943.6,10.04
1997-07-03,23.5,26.2,22.2,93,13.5,944.9,8.06
1997-07-04,23.1,25.2,21.9,93,14.0,945.6,6.36
1997-07-05,22.9,25.0,22.0,94,13.3,945.5,6.22
1997-07-06,22.7,24.4,21.4,95,20.5,945.3,4.28
1997-07-07,22.7,24.1,21.6,96,38.6,944.1,5.2
1997-07-08,23.9,26.8,22.4,91,10.1,944.8,12.68
1997-07-09,24.2,26.8,22.7,90,6.0,945.6,12.18
1997-07-10,24.7,26.9,23.4,88,8.7,944.5,16.92
1997-07-11,24.7,27.1,23.4,88,9.1,944.8,15.72
1997-07-12,25.0,27.6,23.3,86,5.8,946.4,17.92
1997-07-13,24.6,27.3,23.3,86,4.7,946.9,16.79
1997-07-14,24.8,28.0,23.2,85,4.6,947.9,17.94
1997-07-15,24.8,27.7,23.0,84,4.4,946.4,19.18
1997-07-16,24.5,27.1,22.8,85,2.7,944.7,15.76
1997-07-17,24.4,27.0,22.4,85,2.1,944.9,13.56
1997-07-18,24.7,27.7,22.9,85,0.8,946.2,12.64
1997-07-19,24.9,28.3,22.9,83,0.4,947.1,17.31
1997-07-20,24.6,27.9,22.4,84,2.5,947.9,17.31
1997-07-21,24.6,28.4,22.4,84,2.7,948.5,16.25
1997-07-22,24.4,27.7,22.1,85,2.6,948.7,16.6
1997-07-23,24.4,28.0,22.5,86,2.0,947.7,17.2
1997-07-24,24.4,28.4,22.5,86,2.8,946.8,16.55
1997-07-25,23.1,24.7,22.3,92,5.1,946.2,6.3
1997-07-26,22.4,23.4,21.7,96,19.2,946.1,2.81
1997-07-27,22.9,24.8,22.1,92,14.1,947.3,7.45
1997-07-28,23.3,25.5,22.3,91,16.8,948.6,10.26
1997-07-29,23.1,24.8,22.1,90,23.5,947.1,10.72
1997-07-30,23.1,24.4,22.2,91,46.1,944.1,9.46
1997-07-31,23.0,24.3,22.3,93,79.2,942.2,4.9
1997-08-01,23.1,25.0,22.3,92,17.4,943.6,7.51
1997-08-02,23.5,26.0,22.3,90,11.3,946.8,12.6
1997-08-03,23.7,26.0,22.3,88,8.2,947.9,16.12
1997-08-04,23.3,25.1,22.1,89,5.7,947.5,12.41
1997-08-05,22.7,24.9,21.5,91,9.4,946.9,8.91
1997-08-06,22.8,24.9,21.9,92,2.5,946.4,6.81
1997-08-07,22.8,24.9,21.8,92,3.4,946.3,8.4
1997-08-08,23.2,25.9,21.7,89,2.0,949.1,12.87
1997-08-09,23.6,26.6,21.8,86,1.8,951.0,15.05
1997-08-10,23.7,26.8,21.9,86,1.8,951.2,16.28
1997-08-11,23.5,26.6,21.8,88,2.2,950.7,13.64
1997-08-12,23.5,26.3,22.1,87,4.7,950.5,14.33
1997-08-13,23.5,26.3,22.1,88,7.7,950.4,15.31
1997-08-14,23.5,25.6,21.8,88,5.5,950.8,12.48
1997-08-15,23.8,26.5,22.2,86,2.9,951.6,14.11
1997-08-16,23.9,26.8,22.2,87,2.2,951.3,14.19
1997-08-17,23.8,27.0,21.8,85,1.8,949.9,17.38
1997-08-18,23.8,26.2,22.3,86,3.4,948.5,16.44
1997-08-19,23.9,26.1,22.4,86,3.8,947.3,14.15
1997-08-20,23.7,26.1,22.6,88,3.5,947.1,13.27
1997-08-21,23.7,26.3,22.5,90,2.3,946.3,12.1
1997-08-22,23.0,24.5,22.4,95,10.1,945.0,4.86
1997-08-23,22.4,23.0,22.0,95,35.3,945.1,3.57
1997-08-24,22.2,22.7,21.5,94,42.2,945.7,4.77
1997-08-25,22.5,23.6,21.8,95,25.4,945.3,4.08
1997-08-26,23.4,25.4,22.0,90,7.5,945.6,11.54
1997-08-27,24.2,27.6,22.2,85,1.8,946.8,16.94
1997-08-28,23.7,26.8,21.8,86,0.6,946.5,15.55
1997-08-29,23.3,25.7,21.4,87,2.2,946.7,13.94
1997-08-30,23.7,26.8,21.6,85,1.1,948.6,16.76
1997-08-31,23.9,27.6,21.9,85,1.6,950.2,16.66
1997-09-01,23.3,26.5,21.4,85,1.3,949.9,15.66
1997-09-02,23.0,26.4,20.8,86,1.9,949.2,16.24
1997-09-03,23.4,26.8,21.2,84,0.2,950.0,16.43
1997-09-04,23.4,27.7,20.4,83,0.6,950.3,17.88
1997-09-05,23.8,28.3,21.0,84,1.1,950.4,18.17
1997-09-06,24.2,28.3,21.3,83,0.2,950.7,18.93
1997-09-07,24.2,28.9,20.7,81,0.0,950.4,20.34
1997-09-08,24.0,27.6,21.4,86,0.6,949.2,16.72
1997-09-09,24.2,28.2,21.2,82,0.4,949.0,18.7
1997-09-10,24.0,27.8,21.3,85,0.2,949.7,16.86
1997-09-11,24.2,27.9,21.7,84,0.9,950.5,17.3
1997-09-12,23.7,27.2,21.9,85,2.1,950.7,16.42
1997-09-13,24.1,28.3,21.2,81,0.0,951.7,17.49
1997-09-14,23.8,27.4,21.2,83,0.7,952.4,16.75
1997-09-15,23.8,27.7,21.1,84,1.6,951.2,16.79
1997-09-16,23.8,28.1,20.7,86,3.0,951.2,18.24
1997-09-17,24.0,28.9,20.4,82,0.1,952.6,19.13
1997-09-18,24.1,28.8,20.8,81,0.3,953.6,20.01
1997-09-19,24.1,28.6,20.9,81,0.0,952.7,19.47
1997-09-20,24.1,27.8,21.3,81,0.1,952.0,17.27
1997-09-21,24.2,29.1,20.6,80,0.0,950.5,19.35
1997-09-22,23.7,28.2,21.7,88,6.8,949.8,12.67
1997-09-23,24.0,29.0,21.3,88,5.5,950.2,16.34
1997-09-24,23.9,28.8,21.6,88,6.1,949.8,14.0
1997-09-25,23.5,26.8,21.8,92,13.8,950.1,10.18
1997-09-26,23.1,26.2,21.8,91,4.4,950.1,9.11
1997-09-27,23.3,26.7,21.1,87,2.6,950.2,15.75
1997-09-28,23.2,26.9,21.3,90,2.2,951.7,12.0
1997-09-29,24.1,28.9,21.1,81,0.0,953.5,20.77
1997-09-30,23.8,28.5,20.2,82,0.3,953.7,18.59
1997-10-01,24.3,29.6,20.5,80,0.0,954.2,21.33
1997-10-02,24.6,29.8,20.8,81,0.0,954.8,20.17
1997-10-03,24.6,30.1,20.6,80,0.1,955.6,20.9
1997-10-04,24.0,30.0,19.5,81,0.2,955.2,21.96
1997-10-05,23.5,29.2,19.2,79,0.0,953.8,22.58
1997-10-06,24.0,30.1,19.1,78,0.0,952.9,21.83
1997-10-07,25.3,30.9,20.9,74,0.0,953.6,20.59
1997-10-08,25.2,31.2,19.5,67,0.0,954.2,19.88
1997-10-09,25.9,32.2,20.6,63,0.0,954.1,20.5
1997-10-10,26.2,32.0,21.4,61,0.0,953.5,19.44
1997-10-11,26.9,33.1,22.2,58,0.0,953.2,22.11
1997-10-12,26.8,32.9,20.3,53,0.0,954.0,20.65
1997-10-13,26.5,32.4,20.4,58,0.0,953.8,19.11
1997-10-14,25.7,31.6,22.1,72,2.3,953.5,18.37
1997-10-15,24.9,31.2,20.4,73,3.6,953.4,19.65
1997-10-16,26.1,31.1,21.6,65,0.0,953.7,19.8
1997-10-17,26.0,30.9,21.4,63,0.0,954.7,18.18
1997-10-18,26.4,30.9,21.3,61,0.0,954.9,18.01
1997-10-19,26.0,30.8,22.1,63,0.2,953.7,17.81
1997-10-20,26.0,31.4,21.3,64,0.2,953.2,20.28
1997-10-21,25.1,31.0,19.8,71,0.4,953.6,19.85
1997-10-22,25.4,31.3,20.3,68,0.4,952.6,19.46
1997-10-23,24.7,31.2,19.1,62,0.0,952.0,22.06
1997-10-24,24.7,31.3,18.7,60,0.0,953.3,21.86
1997-10-25,24.8,30.1,19.0,69,0.0,954.0,17.89
1997-10-26,24.1,29.4,20.6,81,2.5,954.0,16.11
1997-10-27,23.5,28.7,19.8,84,2.2,953.9,16.91
1997-10-28,23.2,28.6,19.5,86,5.7,952.9,15.91
1997-10-29,23.3,28.1,18.7,81,1.9,953.1,17.19
1997-10-30,23.3,27.7,19.7,84,4.7,954.4,16.24
1997-10-31,23.2,27.1,19.8,84,2.1,955.4,15.5
1997-11-01,23.9,28.6,19.7,80,1.0,955.0,17.2
1997-11-02,24.4,29.0,20.2,78,0.2,954.8,17.05
1997-11-03,24.5,29.0,19.8,75,0.1,955.1,16.28
1997-11-04,24.8,29.2,20.6,76,0.0,956.4,17.48
1997-11-05,24.6,29.9,19.6,70,0.0,955.5,18.35
1997-11-06,24.6,30.3,19.8,66,0.0,955.3,19.87
1997-11-07,25.2,30.5,19.5,63,0.0,955.8,18.33
1997-11-08,24.7,30.5,19.2,61,0.0,955.0,19.32
1997-11-09,25.1,31.1,18.3,60,0.0,952.5,18.94
1997-11-10,24.7,29.1,21.3,72,2.6,953.0,13.96
1997-11-11,23.9,27.6,21.1,81,0.3,953.5,11.71
1997-11-12,22.7,26.8,20.7,88,4.1,952.9,8.72
1997-11-13,23.1,28.2,19.9,85,4.8,952.4,11.42
1997-11-14,23.9,29.5,19.4,82,3.0,952.4,16.68
1997-11-15,24.1,29.5,19.9,81,6.8,952.1,17.01
1997-11-16,23.4,28.3,19.1,84,2.9,952.0,14.64
1997-11-17,24.0,29.4,19.5,79,5.6,952.2,16.79
1997-11-18,23.0,28.8,19.6,84,9.7,951.9,16.2
1997-11-19,22.7,28.7,18.3,77,0.4,951.1,17.49
1997-11-20,23.2,28.9,18.3,62,0.0,952.4,19.64
1997-11-21,23.3,28.9,18.1,74,0.0,953.7,15.94
1997-11-22,23.8,28.7,18.1,74,0.2,953.9,16.5
1997-11-23,24.0,28.6,20.4,74,0.7,952.5,15.59
1997-11-24,23.9,29.9,18.6,72,0.0,951.3,17.2
1997-11-25,23.3,29.6,19.1,75,0.0,951.8,17.21
1997-11-26,23.5,28.4,18.9,75,0.3,953.4,16.4
1997-11-27,22.9,27.7,20.1,84,14.7,952.8,11.31
1997-11-28,22.4,26.7,20.1,88,10.3,952.8,10.83
1997-11-29,23.4,28.2,20.0,84,1.4,953.2,12.48
1997-11-30,22.8,27.9,19.8,86,3.5,953.9,13.73
1997-12-01,22.9,28.5,19.3,85,2.6,954.4,14.81
1997-12-02,23.3,28.0,19.3,81,0.4,954.3,13.89
1997-12-03,23.7,29.1,19.7,74,0.3,952.6,17.76
1997-12-04,23.7,28.9,19.0,68,0.0,952.5,17.73
1997-12-05,23.6,28.7,17.9,70,0.3,952.6,16.09
1997-12-06,23.0,28.4,18.4,77,0.7,954.0,14.67
1997-12-07,21.5,24.2,19.1,86,6.6,952.4,6.18
1997-12-08,20.9,22.3,20.1,94,22.8,949.3,4.05
1997-12-09,20.3,25.2,15.1,75,4.5,950.1,17.86
1997-12-10,17.9,24.0,12.6,67,0.0,952.4,19.15
1997-12-11,18.1,25.0,11.4,70,0.0,952.5,18.86
1997-12-12,20.2,27.4,14.1,75,0.0,952.3,17.55
1997-12-13,20.5,26.5,15.9,79,0.0,952.7,14.44
1997-12-14,20.4,26.3,15.2,75,0.0,953.0,16.47
1997-12-15,20.7,27.3,15.1,76,0.0,953.0,16.13
1997-12-16,21.8,28.4,17.0,81,0.0,953.3,16.64
1997-12-17,21.1,27.7,16.4,78,0.0,953.5,17.08
1997-12-18,21.3,27.9,15.9,77,0.0,953.2,16.0
1997-12-19,20.5,27.3,15.9,78,0.0,953.5,16.56
1997-12-20,22.1,28.8,15.6,70,0.0,953.7,17.49
1997-12-21,22.7,29.2,17.3,70,0.0,954.2,17.26
1997-12-22,20.6,26.6,16.3,78,0.0,954.7,14.4
1997-12-23,19.1,26.5,14.1,73,0.0,954.5,17.25
1997-12-24,20.6,28.0,15.6,67,0.0,952.8,18.81
1997-12-25,19.6,27.7,12.5,65,0.0,952.7,18.56
1997-12-26,19.5,28.1,11.7,67,0.0,953.1,18.68
1997-12-27,19.6,28.0,13.8,73,0.0,953.0,17.94
1997-12-28,21.7,28.9,15.3,70,0.0,953.8,16.78
1997-12-29,23.0,28.8,18.4,71,0.0,955.5,14.79
1997-12-30,23.0,28.6,18.6,72,0.0,955.3,14.1
1997-12-31,22.6,29.0,17.6,69,0.0,954.5,16.25
1998-01-01,23.3,29.4,18.3,65,0.0,953.7,17.16
1998-01-02,23.2,29.8,17.1,61,0.0,954.3,17.9
1998-01-03,23.5,29.6,17.9,57,0.0,956.7,18.48
1998-01-04,23.7,29.4,18.2,60,0.0,957.4,17.61
1998-01-05,23.1,29.4,16.8,56,0.0,955.7,18.76
1998-01-06,23.3,29.6,16.0,51,0.0,954.0,18.93
1998-01-07,22.6,29.3,15.2,53,0.0,954.2,18.99
1998-01-08,22.6,29.2,15.5,53,0.0,954.1,18.88
1998-01-09,22.7,29.2,15.9,54,0.0,953.2,19.08
1998-01-10,22.5,29.4,15.3,53,0.0,952.9,19.23
1998-01-11,23.2,29.4,15.3,53,0.0,953.1,19.01
1998-01-12,23.8,30.0,16.1,55,0.0,951.9,19.13
1998-01-13,24.1,30.9,18.9,53,0.0,951.6,19.23
1998-01-14,24.7,31.6,20.2,57,0.0,952.5,19.08
1998-01-15,23.6,31.0,17.6,64,0.0,952.7,19.1
1998-01-16,22.2,29.4,16.8,66,0.0,951.5,19.58
1998-01-17,19.8,25.9,14.2,69,0.0,951.9,19.19
1998-01-18,19.2,26.6,13.1,63,0.0,952.1,20.16
1998-01-19,19.7,27.5,13.0,55,0.0,951.7,20.12
1998-01-20,18.6,25.3,12.2,66,0.0,952.4,20.41
1998-01-21,19.7,27.1,12.3,66,0.0,952.7,19.89
1998-01-22,20.5,28.0,13.8,62,0.0,952.6,20.24
1998-01-23,21.1,28.1,14.4,66,0.0,952.2,20.02
1998-01-24,21.4,29.7,14.5,66,0.0,952.6,20.26
1998-01-25,21.5,30.6,14.4,65,0.0,953.8,20.26
1998-01-26,20.2,29.0,13.3,65,0.0,953.1,20.21
1998-01-27,20.1,29.1,12.9,64,0.0,953.0,20.4
1998-01-28,21.0,29.7,14.1,58,0.0,954.8,20.95
1998-01-29,22.0,30.3,14.6,48,0.0,955.4,21.15
1998-01-30,23.2,31.8,16.3,55,0.0,955.9,20.55
1998-01-31,24.7,32.5,17.3,53,0.0,956.1,20.32
1998-02-01,25.4,31.8,18.5,54,0.0,955.7,17.6
1998-02-02,25.1,31.1,19.8,56,0.0,955.7,15.93
1998-02-03,24.4,31.4,18.7,52,0.0,955.7,19.92
1998-02-04,23.5,31.0,17.3,42,0.0,955.8,21.14
1998-02-05,23.0,31.0,17.5,44,0.0,954.5,21.41
1998-02-06,21.7,29.2,15.8,48,0.0,952.6,21.72
1998-02-07,21.9,28.7,16.0,46,0.0,953.0,21.73
1998-02-08,22.9,29.4,16.8,47,0.0,954.3,20.75
1998-02-09,23.8,30.0,18.0,50,0.0,955.9,19.8
1998-02-10,24.2,30.6,17.8,41,0.0,956.0,21.63
1998-02-11,24.0,30.8,16.5,35,0.0,955.6,22.18
1998-02-12,23.4,30.6,15.5,35,0.0,954.8,22.43
1998-02-13,24.1,31.6,16.7,38,0.0,954.4,21.96
1998-02-14,23.8,30.7,18.0,55,0.0,954.8,21.8
1998-02-15,22.3,29.9,16.1,68,0.0,953.5,21.19
1998-02-16,21.7,28.0,17.5,77,0.5,952.8,15.85
1998-02-17,20.4,27.5,14.9,67,0.0,953.4,22.4
1998-02-18,19.7,26.6,13.1,60,0.0,953.2,23.12
1998-02-19,20.1,27.6,12.7,56,0.0,952.9,22.73
1998-02-20,21.1,30.2,14.2,61,0.0,952.4,23.47
1998-02-21,20.2,28.2,12.8,59,0.0,953.1,23.37
1998-02-22,21.9,30.1,14.2,50,0.0,952.1,23.56
1998-02-23,24.7,33.0,18.8,37,0.0,951.6,23.34
1998-02-24,23.2,30.8,16.7,48,0.0,952.7,23.39
1998-02-25,21.9,28.9,17.4,66,0.0,953.4,23.0
1998-02-26,20.4,29.7,12.3,51,0.0,952.7,24.6
1998-02-27,21.2,30.2,14.0,46,0.0,952.8,24.34
1998-02-28,22.8,31.5,15.9,37,0.0,952.9,24.67
1998-03-01,24.4,32.4,16.9,35,0.0,952.7,24.3
1998-03-02,25.7,33.3,18.4,43,0.0,953.0,23.8
1998-03-03,26.6,33.8,19.9,54,0.0,953.5,21.16
1998-03-04,26.5,33.7,20.6,62,0.0,953.3,20.29
1998-03-05,26.5,33.7,20.5,56,0.0,952.1,22.52
1998-03-06,24.4,31.8,18.1,54,0.0,951.9,24.38
1998-03-07,23.6,31.5,16.1,46,0.0,950.8,25.13
1998-03-08,24.1,33.1,17.2,47,0.0,950.9,25.29
1998-03-09,24.0,33.1,16.0,52,0.0,951.3,25.55
1998-03-10,25.7,34.9,17.9,46,0.0,950.6,25.43
1998-03-11,25.3,33.6,18.5,53,0.0,952.0,24.74
1998-03-12,23.6,31.2,17.9,63,0.0,953.2,24.63
1998-03-13,22.4,30.7,15.1,57,0.0,953.4,25.22
1998-03-14,23.2,32.2,14.6,57,0.0,952.1,25.39
1998-03-15,23.5,32.3,15.7,53,0.0,951.4,26.06
1998-03-16,23.3,32.5,14.9,55,0.0,953.3,25.31
1998-03-17,24.6,33.2,17.4,53,0.0,954.3,23.22
1998-03-18,25.2,34.3,16.5,44,0.0,954.0,26.32
1998-03-19,27.3,35.4,19.1,34,0.0,953.2,25.77
1998-03-20,28.4,36.3,21.4,32,0.0,952.0,25.74
1998-03-21,29.5,37.2,22.4,33,0.0,952.6,24.45
1998-03-22,30.1,38.2,23.0,41,0.0,952.3,25.28
1998-03-23,29.0,37.2,21.4,46,0.0,951.3,25.57
1998-03-24,28.4,37.3,20.7,44,0.0,950.9,26.23
1998-03-25,27.9,36.2,20.6,40,0.0,951.2,26.88
1998-03-26,28.2,36.7,19.6,20,0.0,952.0,27.02
1998-03-27,28.9,36.9,20.6,20,0.0,952.1,26.96
1998-03-28,28.7,37.3,21.7,31,0.0,951.0,26.53
1998-03-29,27.0,35.1,19.1,56,0.0,951.5,26.52
1998-03-30,27.1,35.4,19.5,54,0.0,952.9,26.44
1998-03-31,29.6,37.7,21.6,48,0.0,953.0,25.75
1998-04-01,30.6,38.1,22.4,33,0.0,953.3,26.21
1998-04-02,31.4,38.8,24.3,30,0.0,952.8,25.65
1998-04-03,30.8,38.9,22.5,40,0.0,951.6,26.08
1998-04-04,30.6,39.4,21.9,48,0.0,951.5,24.89
1998-04-05,31.2,40.0,22.9,44,0.0,952.3,26.31
1998-04-06,31.1,39.4,23.7,45,0.0,953.2,24.54
1998-04-07,30.7,38.7,24.5,48,0.0,951.9,24.02
1998-04-08,29.6,36.3,24.5,41,0.0,949.9,24.75
1998-04-09,28.7,36.5,21.6,41,0.0,949.7,26.42
1998-04-10,28.5,36.5,21.0,38,0.0,950.4,26.95
1998-04-11,29.2,38.1,20.3,39,0.0,951.4,27.24
1998-04-12,29.7,38.4,22.4,46,0.2,950.7,26.44
1998-04-13,28.8,36.5,21.9,50,0.0,948.8,24.91
1998-04-14,28.3,36.0,21.3,50,0.0,950.1,26.58
1998-04-15,29.0,36.7,20.9,45,0.0,951.7,25.35
1998-04-16,29.9,37.6,22.9,45,0.0,952.1,25.6
1998-04-17,30.0,38.4,22.8,40,0.0,952.1,26.55
1998-04-18,30.0,38.6,22.9,36,0.0,952.3,27.14
1998-04-19,29.7,38.4,22.4,39,0.0,951.7,27.27
1998-04-20,29.3,38.1,21.6,48,0.0,950.5,27.33
1998-04-21,29.7,38.7,21.1,42,0.0,950.1,27.67
1998-04-22,29.5,38.6,20.7,49,0.0,951.0,27.21
1998-04-23,29.3,37.7,22.0,57,0.0,951.7,26.36
1998-04-24,28.9,37.4,22.2,59,0.0,951.5,26.43
1998-04-25,28.5,38.4,19.9,60,0.0,950.7,25.81
1998-04-26,28.8,37.8,21.0,61,0.0,951.7,27.44
1998-04-27,28.8,37.7,21.3,61,0.1,951.9,25.78
1998-04-28,29.5,37.8,23.1,59,2.0,951.7,24.39
1998-04-29,29.4,36.7,24.1,64,0.7,951.3,23.98
1998-04-30,29.5,37.0,23.3,60,0.0,950.6,24.26
1998-05-01,29.5,37.5,22.9,57,0.0,951.0,23.77
1998-05-02,30.6,38.8,23.3,58,0.3,951.4,24.61
1998-05-03,32.2,39.1,25.5,53,1.0,950.7,21.81
1998-05-04,32.3,39.5,26.5,52,3.2,949.2,23.12
1998-05-05,31.7,37.9,25.8,52,1.4,948.1,23.27
1998-05-06,32.5,40.0,25.2,45,0.0,948.6,24.23
1998-05-07,32.9,41.3,24.9,44,0.0,949.6,24.88
1998-05-08,31.8,38.1,26.5,51,0.7,950.3,21.66
1998-05-09,30.3,36.9,24.5,55,0.0,948.9,26.23
1998-05-10,28.5,36.2,21.1,50,0.0,947.9,27.9
1998-05-11,28.9,38.1,19.6,51,0.0,948.6,28.21
1998-05-12,30.5,39.2,22.5,51,0.0,948.5,25.87
1998-05-13,31.0,38.1,24.1,51,0.6,949.1,23.07
1998-05-14,31.6,38.2,26.1,51,0.9,949.3,20.71
1998-05-15,30.9,37.5,26.9,53,5.3,948.7,20.88
1998-05-16,31.4,38.4,27.8,52,1.2,948.2,21.71
1998-05-17,30.0,37.1,23.7,55,0.0,949.0,26.71
1998-05-18,30.3,38.0,24.5,57,0.1,948.5,24.94
1998-05-19,29.0,37.0,23.2,64,0.0,947.3,26.35
1998-05-20,28.3,33.9,24.1,71,0.0,947.6,20.75
1998-05-21,28.9,35.3,24.0,71,0.4,948.6,20.02
1998-05-22,28.7,34.8,25.0,74,3.1,949.7,19.02
1998-05-23,28.9,34.8,23.9,68,0.0,949.7,22.95
1998-05-24,29.0,36.1,23.6,67,0.0,949.2,26.18
1998-05-25,29.0,36.6,23.4,67,0.0,949.0,26.41
1998-05-26,28.3,35.6,23.4,68,0.0,949.2,25.88
1998-05-27,27.6,34.5,22.6,67,0.0,950.1,26.1
1998-05-28,27.4,33.7,23.0,67,0.0,950.3,25.41
1998-05-29,27.7,34.3,23.0,67,0.0,948.9,26.44
1998-05-30,27.9,34.9,23.1,66,0.0,948.3,25.68
1998-05-31,28.8,37.4,22.6,65,0.0,949.4,25.94
1998-06-01,30.0,39.2,22.7,60,0.0,949.2,27.06
1998-06-02,29.3,38.7,22.7,62,0.1,948.1,25.66
1998-06-03,29.1,37.2,23.6,62,0.0,948.5,26.26
1998-06-04,29.0,37.0,23.5,63,1.4,948.8,24.28
1998-06-05,29.6,36.0,24.2,64,0.0,948.7,23.25
1998-06-06,28.4,35.9,25.4,71,8.7,948.8,16.36
1998-06-07,28.2,34.8,24.1,71,3.9,948.0,22.86
1998-06-08,27.6,31.9,24.6,69,0.9,947.9,20.38
1998-06-09,25.7,28.9,23.9,82,3.4,947.2,13.02
1998-06-10,25.8,29.5,23.5,81,4.8,947.7,15.33
1998-06-11,26.3,31.2,24.1,79,2.3,948.5,16.94
1998-06-12,26.2,31.2,23.7,79,1.3,948.7,18.87
1998-06-13,26.7,31.8,23.3,74,0.9,947.6,20.58
1998-06-14,26.5,31.9,22.0,75,1.3,946.3,20.97
1998-06-15,24.0,24.7,23.2,94,31.4,945.6,3.69
1998-06-16,24.1,26.1,23.2,91,20.5,945.9,6.76
1998-06-17,26.0,30.7,22.7,78,0.0,946.0,20.52
1998-06-18,26.4,31.0,23.5,80,0.7,946.0,19.28
1998-06-19,26.2,31.7,23.4,81,5.1,947.4,19.34
1998-06-20,25.6,30.1,23.5,83,3.3,947.6,16.39
1998-06-21,25.5,29.6,23.4,84,4.6,945.8,16.44
1998-06-22,25.3,29.3,23.5,86,12.3,945.1,13.44
1998-06-23,25.3,28.9,23.4,86,8.6,945.1,15.63
1998-06-24,25.1,28.9,23.0,85,11.8,944.5,12.93
1998-06-25,25.4,28.7,23.2,84,3.9,943.2,13.63
1998-06-26,25.3,29.1,23.3,85,10.7,942.1,12.78
1998-06-27,25.0,27.8,23.4,91,14.2,941.7,8.29
1998-06-28,24.6,27.0,23.1,93,20.8,941.9,7.33
1998-06-29,24.3,26.0,23.4,93,28.2,940.9,7.93
1998-06-30,24.2,26.1,23.2,91,20.2,939.4,12.01
1998-07-01,23.9,26.0,22.8,91,26.4,939.4,9.0
1998-07-02,24.2,27.0,22.8,87,7.9,941.5,11.61
1998-07-03,24.8,27.5,23.4,87,9.3,943.6,17.45
1998-07-04,24.0,26.2,23.1,89,9.8,946.0,10.68
1998-07-05,23.8,25.9,22.8,90,9.5,947.3,10.27
1998-07-06,23.8,26.1,22.7,90,11.0,947.2,10.71
1998-07-07,23.2,25.0,22.4,93,22.0,946.0,7.27
1998-07-08,23.0,23.5,22.5,95,50.8,944.8,3.43
1998-07-09,24.1,26.8,22.4,88,6.2,945.3,14.36
1998-07-10,24.4,26.7,23.1,87,5.7,945.2,14.99
1998-07-11,24.5,26.9,23.1,87,7.3,944.1,15.69
1998-07-12,24.1,26.6,22.7,89,5.0,944.9,11.8
1998-07-13,24.3,26.7,22.8,87,4.5,947.0,14.29
1998-07-14,24.3,27.1,22.8,87,3.4,948.5,14.84
1998-07-15,24.4,27.7,22.7,85,2.6,949.1,16.86
1998-07-16,24.5,27.3,22.9,85,2.1,948.5,15.27
1998-07-17,24.3,27.1,22.9,86,2.0,948.2,13.68
1998-07-18,24.8,28.0,22.7,85,1.6,948.8,16.17
1998-07-19,24.6,28.0,22.6,87,2.8,949.0,12.27
1998-07-20,24.9,29.9,22.3,85,11.9,947.2,17.87
1998-07-21,25.2,28.8,22.6,85,2.8,947.3,15.6
1998-07-22,25.2,29.3,22.6,84,6.2,947.5,17.48
1998-07-23,25.0,28.4,22.6,85,4.7,947.2,16.7
1998-07-24,24.8,28.7,22.5,87,3.3,946.9,15.68
1998-07-25,24.2,28.2,22.8,90,20.2,946.3,11.16
1998-07-26,24.3,27.4,22.7,89,10.3,946.0,12.61
1998-07-27,23.6,25.8,22.5,92,4.1,945.8,7.16
1998-07-28,23.2,25.1,22.3,94,21.1,945.1,5.75
1998-07-29,22.9,23.7,22.4,97,22.0,943.9,3.83
1998-07-30,23.6,27.5,21.8,92,22.8,943.0,9.94
1998-07-31,23.1,24.5,22.1,94,47.2,944.4,5.97
1998-08-01,24.2,27.3,22.2,87,1.9,946.8,14.51
1998-08-02,24.1,26.3,22.6,89,4.9,947.9,10.88
1998-08-03,24.2,26.6,22.9,89,4.0,948.9,12.38
1998-08-04,23.9,25.9,22.8,88,1.4,949.1,11.22
1998-08-05,23.4,25.3,22.4,91,1.6,948.6,7.83
1998-08-06,24.2,26.5,22.9,88,5.5,947.1,12.22
1998-08-07,24.0,26.2,22.6,87,2.1,946.6,12.66
1998-08-08,23.8,26.5,22.5,90,6.3,946.5,12.4
1998-08-09,24.0,26.8,22.3,89,4.0,944.9,13.31
1998-08-10,24.1,27.0,23.0,92,23.2,943.8,9.51
1998-08-11,23.2,24.8,22.7,93,27.4,944.9,5.88
1998-08-12,23.6,26.0,22.4,90,8.7,946.2,11.46
1998-08-13,23.3,24.9,22.2,91,3.8,946.4,7.47
1998-08-14,23.5,25.4,22.3,91,6.2,947.7,9.45
1998-08-15,23.9,27.3,22.1,89,6.5,948.8,13.45
1998-08-16,23.9,27.1,22.2,89,5.8,950.1,12.72
1998-08-17,24.1,27.4,22.1,88,4.4,949.4,13.92
1998-08-18,24.5,27.9,22.1,85,0.8,948.9,16.44
1998-08-19,24.4,28.2,22.0,85,1.6,948.5,15.67
1998-08-20,24.2,28.3,21.9,86,1.4,947.3,16.75
1998-08-21,24.3,28.1,22.4,88,4.7,946.7,13.82
1998-08-22,24.9,29.2,21.6,87,13.4,946.2,15.68
1998-08-23,25.0,28.9,22.4,89,18.7,946.2,13.6
1998-08-24,25.2,29.3,22.6,89,9.6,945.8,13.94
1998-08-25,25.0,29.4,21.9,88,13.0,945.3,14.44
1998-08-26,24.1,27.4,22.5,90,10.1,945.1,11.7
1998-08-27,23.8,25.8,22.7,91,11.2,946.7,9.46
1998-08-28,23.6,25.7,22.9,91,5.9,949.0,8.91
1998-08-29,23.7,26.2,22.4,90,5.9,949.6,11.91
1998-08-30,24.0,26.8,22.6,87,3.7,948.8,14.85
1998-08-31,24.0,26.8,22.3,87,1.6,949.0,15.47
1998-09-01,24.0,26.8,22.4,88,1.9,949.6,13.88
1998-09-02,24.3,27.1,22.6,86,2.7,949.9,16.57
1998-09-03,24.0,27.5,22.0,88,2.3,950.0,16.94
1998-09-04,24.2,28.7,21.0,87,3.3,950.0,18.33
1998-09-05,23.7,25.6,22.2,91,10.3,949.2,9.04
1998-09-06,23.8,26.5,22.3,93,61.5,948.3,7.39
1998-09-07,24.1,26.9,22.6,93,11.9,947.6,11.01
1998-09-08,24.3,28.0,22.0,89,11.6,947.5,13.81
1998-09-09,24.0,26.3,22.3,87,1.1,948.1,11.94
1998-09-10,23.1,24.7,22.0,92,5.2,947.1,6.51
1998-09-11,23.5,26.3,21.6,92,8.7,946.8,10.16
1998-09-12,24.3,27.4,22.4,87,3.2,947.6,16.41
1998-09-13,23.9,27.5,22.0,87,1.0,947.2,15.49
1998-09-14,23.6,26.2,21.9,87,1.0,946.1,12.77
1998-09-15,23.3,25.5,22.1,88,2.7,945.1,8.33
1998-09-16,23.8,27.0,22.3,85,0.7,944.9,13.31
1998-09-17,23.6,26.4,22.1,87,2.2,946.3,13.35
1998-09-18,23.8,26.9,22.2,89,1.4,947.8,14.83
1998-09-19,24.0,27.1,22.2,86,1.2,947.7,16.24
1998-09-20,23.6,26.7,22.1,90,6.9,947.4,11.32
1998-09-21,23.2,26.3,21.9,92,5.7,947.2,9.48
1998-09-22,23.7,27.6,21.6,85,1.4,948.3,15.51
1998-09-23,23.9,27.8,21.0,86,1.7,949.5,17.66
1998-09-24,24.2,28.4,20.5,83,0.1,950.5,20.2
1998-09-25,24.7,28.9,21.4,83,1.1,950.9,18.22
1998-09-26,24.2,27.8,22.4,90,15.7,949.5,11.93
1998-09-27,24.5,28.3,21.7,88,6.2,948.0,15.51
1998-09-28,24.0,29.0,21.6,89,13.7,947.8,16.5
1998-09-29,24.8,28.5,22.1,84,1.1,947.2,17.95
1998-09-30,24.8,28.7,22.2,86,5.1,947.6,16.54
1998-10-01,24.8,29.1,22.1,86,2.2,949.0,16.93
1998-10-02,24.5,28.4,21.6,88,4.1,949.9,15.91
1998-10-03,24.1,28.0,22.6,90,10.2,949.2,11.24
1998-10-04,24.4,29.2,22.2,89,9.8,949.1,13.83
1998-10-05,25.1,29.3,21.2,83,0.5,948.8,18.09
1998-10-06,25.3,30.0,21.7,83,1.0,948.5,19.26
1998-10-07,24.9,29.3,21.4,86,8.8,948.8,17.01
1998-10-08,24.7,29.3,21.1,84,1.6,948.5,16.97
1998-10-09,25.1,29.4,21.7,84,2.1,948.0,18.81
1998-10-10,25.0,29.2,22.0,85,4.1,947.6,17.07
1998-10-11,25.0,29.6,22.6,86,2.1,947.1,18.73
1998-10-12,24.4,28.3,21.7,88,11.1,947.7,16.17
1998-10-13,24.3,28.9,21.0,87,5.6,949.7,16.84
1998-10-14,24.0,28.2,21.6,88,6.3,949.4,14.37
1998-10-15,23.5,26.0,22.0,91,5.4,947.5,10.62
1998-10-16,24.2,27.5,22.2,82,0.0,948.1,17.74
1998-10-17,23.7,26.0,22.1,88,3.7,949.5,12.4
1998-10-18,22.8,26.1,20.1,81,1.3,950.5,17.62
1998-10-19,22.3,26.8,19.3,82,0.0,950.2,19.98
1998-10-20,21.6,26.7,18.0,81,0.0,950.5,19.32
1998-10-21,21.9,26.7,18.1,77,0.0,950.8,20.2
1998-10-22,22.2,27.0,18.0,79,0.1,950.8,16.11
1998-10-23,22.6,26.6,18.2,81,1.2,950.9,16.1
1998-10-24,23.1,27.6,19.5,79,0.2,952.3,17.53
1998-10-25,24.3,29.3,20.3,78,0.0,953.1,19.2
1998-10-26,23.7,28.7,20.1,83,4.9,952.9,16.87
1998-10-27,24.5,29.4,19.9,77,0.0,952.2,19.13
1998-10-28,24.5,29.6,19.6,73,0.0,953.1,18.97
1998-10-29,24.4,29.0,20.3,72,0.0,952.2,18.84
1998-10-30,23.6,28.4,18.8,68,0.0,950.6,15.9
1998-10-31,23.6,28.4,18.2,57,0.0,950.3,20.73
1998-11-01,24.3,28.6,21.2,78,1.3,950.8,14.02
1998-11-02,24.6,29.1,19.8,76,0.0,952.1,15.84
1998-11-03,25.7,30.6,21.9,76,0.0,952.5,17.37
1998-11-04,25.5,30.0,21.3,76,0.6,952.2,16.96
1998-11-05,25.0,30.1,20.9,80,2.0,951.6,15.74
1998-11-06,25.4,30.8,20.5,68,0.0,951.2,19.33
1998-11-07,24.5,30.0,18.2,70,0.3,950.7,18.71
1998-11-08,23.7,27.5,21.6,86,4.4,950.7,9.73
1998-11-09,23.5,27.6,21.1,87,10.2,951.8,11.4
1998-11-10,24.0,28.1,20.7,83,1.1,952.2,14.76
1998-11-11,24.2,28.5,20.7,84,0.4,953.0,15.65
1998-11-12,24.2,28.9,20.8,79,0.4,953.2,16.1
1998-11-13,21.3,26.8,16.0,65,0.0,950.8,20.51
1998-11-14,21.2,27.1,15.4,64,0.0,949.4,19.6
1998-11-15,22.5,26.5,19.2,64,0.0,949.7,14.81
1998-11-16,23.2,27.7,19.3,60,0.0,950.1,17.02
1998-11-17,22.5,27.1,18.2,73,0.1,949.8,15.39
1998-11-18,21.6,26.8,17.5,79,0.8,950.1,15.46
1998-11-19,21.8,27.0,17.0,77,0.0,951.2,15.6
1998-11-20,22.6,27.8,18.5,69,0.0,951.8,15.46
1998-11-21,22.0,28.4,17.1,57,0.0,951.6,19.82
1998-11-22,21.3,27.8,14.9,54,0.0,951.5,19.89
1998-11-23,20.9,27.6,14.1,54,0.0,952.3,19.73
1998-11-24,21.3,27.9,14.4,54,0.0,953.3,19.71
1998-11-25,21.5,28.1,15.1,54,0.0,953.8,19.57
1998-11-26,21.9,27.8,16.2,50,0.0,953.9,19.47
1998-11-27,20.4,27.3,14.2,49,0.0,953.1,19.84
1998-11-28,19.7,27.2,13.0,48,0.0,952.0,19.72
1998-11-29,20.6,28.0,14.0,52,0.0,952.3,19.38
1998-11-30,22.4,29.0,15.8,55,0.0,953.9,18.85
1998-12-01,23.3,28.8,16.8,59,0.0,954.3,16.09
1998-12-02,23.1,28.8,18.3,57,0.0,954.1,16.98
1998-12-03,21.9,28.5,15.6,54,0.0,955.1,18.92
1998-12-04,21.2,28.4,14.4,55,0.0,955.5,19.07
1998-12-05,21.1,28.7,14.0,54,0.0,954.4,19.11
1998-12-06,21.4,28.9,15.3,50,0.0,954.8,18.77
1998-12-07,20.4,28.6,12.7,48,0.0,954.0,19.39
1998-12-08,20.9,28.7,13.6,49,0.0,953.7,18.13
1998-12-09,20.9,27.9,14.7,47,0.0,953.6,16.48
1998-12-10,20.8,28.4,13.5,44,0.0,953.9,18.72
1998-12-11,21.0,28.1,14.3,49,0.0,953.8,18.33
1998-12-12,21.6,28.1,15.7,53,0.0,953.6,18.14
1998-12-13,21.4,26.5,16.4,51,0.0,954.2,14.38
1998-12-14,20.9,26.2,15.7,48,0.0,954.3,13.71
1998-12-15,22.1,27.8,17.2,49,0.3,953.7,15.33
1998-12-16,22.2,28.5,15.8,54,0.0,953.7,18.15
1998-12-17,21.9,28.9,16.2,52,0.0,954.1,18.69
1998-12-18,21.0,27.9,14.4,47,0.0,953.5,19.14
1998-12-19,20.6,27.5,14.5,46,0.0,953.3,19.16
1998-12-20,20.9,27.6,15.3,46,0.0,952.1,19.11
1998-12-21,21.0,27.7,15.2,42,0.0,951.4,19.14
1998-12-22,21.5,28.2,15.9,40,0.0,952.5,19.14
1998-12-23,21.1,28.3,14.5,45,0.0,952.6,19.0
1998-12-24,20.8,28.3,14.0,50,0.0,954.0,18.94
1998-12-25,20.2,27.1,13.1,53,0.0,955.0,18.78
1998-12-26,19.1,25.9,12.2,51,0.0,954.7,19.1
1998-12-27,18.6,26.2,11.2,52,0.0,954.5,19.23
1998-12-28,19.0,27.1,11.6,49,0.0,955.3,19.37
1998-12-29,19.2,27.2,11.9,48,0.0,954.9,19.48
1998-12-30,20.2,27.9,14.2,42,0.0,953.2,19.52
1998-12-31,20.9,28.0,12.8,40,0.0,952.8,19.27
1999-01-01,19.6,27.2,12.1,51,0.0,954.2,19.21
1999-01-02,19.7,27.1,12.2,50,0.0,953.8,19.31
1999-01-03,19.4,27.1,11.5,51,0.0,951.9,19.45
1999-01-04,20.1,27.9,12.2,48,0.0,950.3,19.34
1999-01-05,20.7,27.9,16.0,56,0.0,949.8,18.92
1999-01-06,18.7,24.7,15.0,75,0.0,949.2,17.07
1999-01-07,18.0,24.5,13.3,63,0.0,950.4,19.02
1999-01-08,18.5,26.3,10.8,50,0.0,951.6,19.56
1999-01-09,19.3,26.9,11.9,52,0.0,951.5,19.53
1999-01-10,19.2,26.5,11.6,52,0.0,952.7,19.5
1999-01-11,19.6,27.2,11.3,50,0.0,952.7,19.62
1999-01-12,21.0,28.3,12.9,52,0.0,952.1,19.64
1999-01-13,21.1,28.3,13.5,50,0.0,951.9,19.61
1999-01-14,21.3,28.3,13.7,55,0.0,953.5,19.09
1999-01-15,21.6,28.2,14.8,49,0.0,954.4,19.71
1999-01-16,21.1,28.3,14.3,48,0.0,954.9,19.99
1999-01-17,21.7,28.6,14.2,45,0.0,954.1,20.05
1999-01-18,21.0,28.5,13.5,49,0.0,952.8,20.2
1999-01-19,21.3,28.9,13.8,47,0.0,952.5,20.24
1999-01-20,21.9,29.2,13.9,46,0.0,953.2,20.29
1999-01-21,23.0,29.3,16.8,46,0.0,953.8,20.18
1999-01-22,22.8,29.8,17.1,49,0.0,952.8,20.07
1999-01-23,21.3,28.7,15.3,50,0.0,952.1,20.47
1999-01-24,21.3,29.4,14.8,54,0.0,953.0,20.47
1999-01-25,22.1,29.8,16.2,47,0.0,953.7,20.63
1999-01-26,22.3,30.1,16.9,47,0.0,952.2,20.93
1999-01-27,21.8,29.6,16.1,46,0.0,950.3,21.16
1999-01-28,20.1,28.4,12.5,52,0.0,950.7,21.33
1999-01-29,20.5,28.5,13.9,57,0.0,951.6,21.14
1999-01-30,21.8,30.4,16.5,47,0.0,950.2,21.34
1999-01-31,21.2,29.9,14.9,40,0.0,949.2,21.81
1999-02-01,21.2,29.9,15.4,38,0.0,950.1,21.88
1999-02-02,21.5,30.1,14.3,42,0.0,951.4,21.2
1999-02-03,22.5,29.9,15.8,48,0.0,952.5,19.29
1999-02-04,22.4,28.9,17.3,59,0.0,952.7,16.24
1999-02-05,23.0,30.6,15.5,60,0.0,954.2,20.8
1999-02-06,24.4,32.0,18.4,55,0.2,954.5,20.55
1999-02-07,25.0,31.3,20.2,55,0.0,954.4,17.03
1999-02-08,22.7,30.0,16.9,69,0.2,953.5,19.21
1999-02-09,21.1,29.7,14.9,66,0.0,952.0,20.77
1999-02-10,21.4,28.8,14.5,58,0.0,951.4,22.11
1999-02-11,23.0,30.5,15.6,55,0.0,953.1,21.63
1999-02-12,25.3,31.9,19.8,51,0.0,955.6,18.22
1999-02-13,25.4,31.7,18.9,51,0.0,955.3,19.43
1999-02-14,25.9,31.8,19.7,44,0.0,953.7,19.92
1999-02-15,25.9,31.8,20.1,41,0.0,953.1,18.68
1999-02-16,25.6,31.4,19.6,51,0.0,954.5,17.87
1999-02-17,25.8,31.6,20.2,59,0.0,954.8,17.6
1999-02-18,26.3,32.8,19.9,47,0.0,954.1,19.17
1999-02-19,25.9,32.9,19.0,44,0.0,953.4,21.56
1999-02-20,26.4,33.8,18.2,41,0.0,952.8,22.82
1999-02-21,26.5,33.5,19.3,40,0.0,953.4,23.11
1999-02-22,26.2,33.8,18.9,35,0.0,954.8,23.41
1999-02-23,26.5,33.9,20.0,35,0.0,954.5,23.34
1999-02-24,27.1,33.8,21.7,37,0.0,953.5,23.31
1999-02-25,27.4,34.6,21.2,34,0.0,952.6,23.57
1999-02-26,26.8,33.9,20.6,38,0.0,952.0,22.15
1999-02-27,26.9,34.3,19.5,36,0.0,952.0,22.37
1999-02-28,27.3,34.2,20.8,36,0.0,952.4,22.15
1999-03-01,26.9,34.0,19.4,33,0.0,952.1,21.3
1999-03-02,26.6,33.8,19.9,39,0.0,951.4,18.71
1999-03-03,27.1,34.0,20.9,40,0.0,951.0,16.87
1999-03-04,27.4,34.2,21.4,52,0.0,949.8,16.98
1999-03-05,27.9,34.6,22.7,41,0.0,948.3,17.54
1999-03-06,27.8,35.0,20.7,40,0.0,947.7,23.03
1999-03-07,27.4,35.1,20.4,50,0.0,948.0,23.03
1999-03-08,27.3,35.2,20.8,44,0.0,947.7,22.5
1999-03-09,27.0,34.5,21.0,43,0.0,947.9,23.74
1999-03-10,25.9,33.8,19.0,46,0.0,948.7,23.19
1999-03-11,25.9,34.1,18.6,50,0.0,948.3,24.93
1999-03-12,26.1,34.1,18.5,44,0.0,948.1,24.58
1999-03-13,26.8,34.7,18.5,38,0.0,948.2,25.13
1999-03-14,28.2,35.8,20.9,31,0.0,948.7,24.72
1999-03-15,28.4,36.0,21.1,35,0.0,948.7,23.78
1999-03-16,28.8,36.5,22.8,31,0.0,947.8,25.12
1999-03-17,27.4,34.7,20.7,33,0.0,948.5,25.09
1999-03-18,26.0,33.4,19.3,39,0.0,949.6,25.44
1999-03-19,26.3,34.7,18.7,51,0.0,949.6,25.46
1999-03-20,27.3,35.4,20.0,40,0.0,948.9,25.5
1999-03-21,27.8,36.0,20.2,27,0.0,948.3,25.84
1999-03-22,28.0,36.3,21.6,32,0.0,948.9,26.11
1999-03-23,28.3,37.1,20.8,36,0.0,949.7,26.29
1999-03-24,27.8,37.0,20.5,35,0.0,950.2,26.96
1999-03-25,27.1,36.6,17.2,35,0.0,951.0,27.09
1999-03-26,27.5,36.1,19.3,29,0.0,950.8,27.28
1999-03-27,28.4,37.3,20.0,29,0.0,949.6,27.19
1999-03-28,29.8,38.1,22.5,30,0.0,949.8,26.96
1999-03-29,29.9,38.3,20.4,29,0.0,950.2,27.05
1999-03-30,30.7,38.6,23.8,23,0.0,949.9,27.06
1999-03-31,29.5,38.9,22.1,44,0.0,949.7,26.6
1999-04-01,28.5,37.8,20.4,58,0.0,949.6,24.87
1999-04-02,29.3,37.6,21.5,46,0.4,950.0,24.66
1999-04-03,30.3,38.1,22.6,36,0.0,950.4,24.42
1999-04-04,31.2,38.6,24.8,30,0.0,950.4,23.86
1999-04-05,30.4,38.7,23.7,38,0.0,950.5,24.17
1999-04-06,29.3,39.1,21.8,58,0.0,950.3,25.29
1999-04-07,29.0,38.2,22.2,57,0.0,949.0,25.79
1999-04-08,28.6,37.8,20.2,51,0.0,949.2,26.98
1999-04-09,28.3,37.6,19.4,53,0.0,949.9,27.21
1999-04-10,29.3,39.1,21.0,57,0.6,950.0,26.22
1999-04-11,30.0,39.6,21.4,44,0.0,949.4,27.33
1999-04-12,28.7,37.5,20.7,49,0.0,949.6,26.52
1999-04-13,27.2,34.9,21.1,50,0.0,950.1,27.13
1999-04-14,26.8,35.6,19.8,53,0.0,950.1,27.36
1999-04-15,27.7,37.0,18.5,50,0.0,950.1,27.53
1999-04-16,29.3,38.8,19.8,43,0.0,949.6,28.05
1999-04-17,29.6,38.6,20.1,30,0.0,949.4,28.17
1999-04-18,29.2,38.3,20.2,33,0.0,948.7,28.28
1999-04-19,28.7,38.0,19.5,42,0.0,948.8,28.11
1999-04-20,28.5,37.4,20.9,41,0.0,949.4,27.72
1999-04-21,28.7,38.3,20.1,47,0.0,950.0,27.03
1999-04-22,28.3,37.7,21.9,60,0.0,949.7,25.14
1999-04-23,28.1,36.5,21.9,64,0.7,947.3,25.01
1999-04-24,28.7,37.7,21.4,61,0.1,946.4,25.44
1999-04-25,27.8,34.9,21.9,64,0.0,947.8,25.17
1999-04-26,26.5,33.3,20.9,65,0.0,948.3,26.2
1999-04-27,27.2,34.6,21.3,63,0.0,948.6,26.01
1999-04-28,27.3,35.1,21.4,61,0.0,949.4,26.74
1999-04-29,27.4,35.4,21.0,61,0.0,949.3,27.18
1999-04-30,27.6,36.0,20.9,63,0.0,949.1,26.41
1999-05-01,27.7,36.5,20.9,60,0.0,949.3,27.28
1999-05-02,28.2,37.6,20.9,55,0.0,949.2,27.66
1999-05-03,29.0,38.7,21.1,49,0.0,948.4,28.19
1999-05-04,29.1,38.4,21.1,53,0.0,948.6,27.7
1999-05-05,28.6,38.0,21.6,59,0.0,948.5,27.13
1999-05-06,28.6,37.2,22.6,62,0.7,948.6,25.67
1999-05-07,27.2,33.2,22.8,67,0.0,947.7,17.03
1999-05-08,27.2,33.1,22.2,69,0.3,949.0,20.08
1999-05-09,27.9,36.0,22.1,65,0.5,949.3,26.0
1999-05-10,27.9,36.5,22.1,62,0.2,948.2,27.0
1999-05-11,27.5,35.5,21.4,64,0.0,948.0,26.42
1999-05-12,27.7,36.3,21.4,62,0.2,948.6,25.48
1999-05-13,27.4,35.1,22.2,64,0.6,948.3,24.24
1999-05-14,27.6,35.4,22.0,64,0.4,946.3,24.92
1999-05-15,28.4,35.5,21.7,62,0.0,945.7,24.63
1999-05-16,29.0,37.7,23.4,64,6.3,946.4,22.5
1999-05-17,26.8,32.5,24.1,79,7.3,947.3,13.62
1999-05-18,26.7,33.0,23.6,77,10.4,949.0,19.94
1999-05-19,25.5,29.6,22.7,78,2.9,949.0,14.88
1999-05-20,25.7,31.2,22.8,78,1.3,948.4,19.08
1999-05-21,25.8,31.0,22.9,78,2.0,947.5,21.12
1999-05-22,25.7,30.5,22.9,79,0.8,947.0,19.48
1999-05-23,25.5,30.7,22.9,81,2.0,946.6,17.32
1999-05-24,26.0,31.0,22.6,74,0.0,945.7,21.02
1999-05-25,26.0,31.1,22.9,74,1.0,944.7,21.44
1999-05-26,25.8,30.8,22.7,76,1.4,945.5,18.11
1999-05-27,25.0,28.8,22.2,77,0.0,948.1,11.8
1999-05-28,26.1,32.1,22.5,71,0.0,948.2,20.2
1999-05-29,25.7,31.0,22.0,70,0.0,946.8,22.95
1999-05-30,25.6,31.2,21.7,74,1.8,947.4,20.75
1999-05-31,25.6,30.8,22.7,76,0.3,948.7,20.43
1999-06-01,25.3,30.4,22.6,77,2.4,950.1,18.41
1999-06-02,25.0,30.0,22.5,78,1.6,949.9,19.54
1999-06-03,25.6,30.9,22.1,74,1.7,949.1,21.05
1999-06-04,25.9,30.9,22.2,78,2.4,949.1,19.63
1999-06-05,26.5,32.5,22.3,74,0.2,949.4,22.27
1999-06-06,26.6,32.8,22.4,70,0.0,948.9,24.69
1999-06-07,26.1,32.4,22.1,73,0.2,948.3,21.0
1999-06-08,26.3,32.0,22.6,70,0.0,947.8,23.38
1999-06-09,25.8,30.0,22.7,76,1.3,946.4,18.3
1999-06-10,25.6,30.2,22.7,79,1.9,945.4,17.59
1999-06-11,24.9,29.2,23.2,86,8.7,944.5,10.65
1999-06-12,23.8,27.3,22.4,92,7.4,944.3,8.09
1999-06-13,23.7,25.5,22.3,88,3.6,946.1,6.25
1999-06-14,24.9,28.9,22.5,83,1.6,947.7,16.08
1999-06-15,24.7,28.6,22.7,83,3.8,948.0,16.05
1999-06-16,23.4,27.0,22.0,89,8.5,946.7,9.26
1999-06-17,23.1,26.1,21.1,90,7.7,945.1,9.93
1999-06-18,23.5,26.9,22.2,91,19.6,943.7,7.7
1999-06-19,23.5,25.6,22.4,93,21.0,942.9,6.62
1999-06-20,23.6,26.4,22.3,89,9.6,944.9,11.64
1999-06-21,23.4,25.7,22.0,88,13.8,945.6,12.3
1999-06-22,23.3,25.8,22.2,91,37.3,945.4,10.4
1999-06-23,23.0,24.6,22.4,94,13.8,946.3,5.89
1999-06-24,23.5,25.5,22.3,89,1.6,947.8,10.23
1999-06-25,23.4,25.5,22.2,89,2.5,947.6,11.39
1999-06-26,24.2,27.4,22.3,84,1.4,946.4,16.09
1999-06-27,24.3,27.0,22.5,84,1.5,947.0,14.7
1999-06-28,24.2,27.2,22.5,85,2.7,948.4,13.97
1999-06-29,24.5,27.7,22.3,84,2.1,948.7,18.05
1999-06-30,24.7,28.5,22.3,80,0.6,949.0,20.04
1999-07-01,24.4,28.3,21.8,80,0.1,948.0,20.39
1999-07-02,24.2,27.4,21.7,81,4.0,946.1,19.08
1999-07-03,24.8,28.5,22.2,79,0.9,945.6,19.21
1999-07-04,25.1,29.0,22.6,80,1.6,946.3,18.98
1999-07-05,25.0,29.9,22.5,82,2.1,946.2,17.61
1999-07-06,24.9,29.1,22.8,85,4.9,945.7,13.0
1999-07-07,23.8,27.5,22.5,91,20.6,946.5,8.4
1999-07-08,23.9,26.7,22.3,90,14.1,946.6,10.44
1999-07-09,24.0,27.7,22.3,88,8.4,946.5,11.18
1999-07-10,23.7,26.1,22.1,88,4.8,946.4,10.83
1999-07-11,23.8,26.3,22.6,88,5.4,946.7,12.28
1999-07-12,23.6,26.2,21.9,87,4.6,947.0,13.89
1999-07-13,22.7,24.7,22.0,93,12.7,947.8,6.03
1999-07-14,23.6,26.0,22.1,89,9.0,946.8,14.66
1999-07-15,23.2,26.2,21.7,92,10.0,944.9,9.98
1999-07-16,22.6,24.9,21.4,96,28.8,942.5,5.26
1999-07-17,23.4,25.5,22.2,93,11.5,942.5,9.22
1999-07-18,24.0,26.4,22.7,89,6.2,943.6,13.65
1999-07-19,22.9,24.0,22.1,93,17.7,943.8,6.22
1999-07-20,22.7,23.8,22.1,93,22.0,944.7,6.88
1999-07-21,22.8,23.8,21.9,94,14.2,945.5,6.85
1999-07-22,23.1,25.0,22.0,90,10.6,945.6,11.56
1999-07-23,22.7,24.6,21.6,91,12.1,945.6,9.49
1999-07-24,22.7,25.1,21.5,91,6.3,945.6,9.96
1999-07-25,23.0,25.2,21.8,89,6.2,945.3,12.53
1999-07-26,22.7,25.0,21.5,90,10.3,945.4,10.05
1999-07-27,22.7,24.3,21.9,91,8.8,945.8,8.32
1999-07-28,23.4,26.0,21.8,88,9.2,945.5,15.72
1999-07-29,23.4,25.5,22.1,86,5.4,944.5,13.19
1999-07-30,23.7,26.4,22.0,85,4.8,944.4,18.29
1999-07-31,23.9,27.3,22.2,84,2.5,945.6,16.88
1999-08-01,23.6,26.1,22.2,87,1.9,946.2,12.05
1999-08-02,23.7,25.9,22.2,85,3.0,945.8,15.8
1999-08-03,22.6,23.8,21.8,90,4.4,945.4,5.49
1999-08-04,22.6,24.5,21.9,90,1.7,945.8,5.93
1999-08-05,22.2,23.9,21.5,94,13.5,946.0,6.89
1999-08-06,21.9,22.5,21.3,95,28.8,945.3,3.39
1999-08-07,22.7,24.1,21.4,91,13.2,944.9,7.77
1999-08-08,22.9,24.6,21.9,91,10.0,944.7,8.77
1999-08-09,22.6,23.2,22.0,93,13.2,944.5,4.31
1999-08-10,22.7,23.7,22.0,92,3.1,947.6,3.88
1999-08-11,23.7,26.2,22.0,87,3.6,948.3,15.21
1999-08-12,23.9,26.8,22.2,85,2.6,947.3,16.33
1999-08-13,22.9,24.7,21.7,88,3.3,946.5,7.56
1999-08-14,23.9,26.8,22.0,85,4.5,947.9,16.61
1999-08-15,23.9,26.8,22.1,86,2.4,949.8,15.22
1999-08-16,24.1,27.4,21.7,85,1.6,949.7,17.64
1999-08-17,24.1,27.9,21.5,84,1.3,948.7,17.14
1999-08-18,23.9,27.7,20.9,85,1.3,949.9,18.93
1999-08-19,23.9,27.9,20.5,84,1.3,950.2,16.94
1999-08-20,23.8,27.7,21.2,84,1.0,949.7,17.31
1999-08-21,23.0,26.3,21.2,86,1.5,948.2,13.64
1999-08-22,23.6,27.4,21.4,84,1.2,948.7,16.67
1999-08-23,23.8,27.2,21.5,84,2.4,949.9,16.23
1999-08-24,23.8,27.4,21.1,84,1.2,949.4,17.46
1999-08-25,23.6,27.0,21.5,84,0.9,947.9,17.31
1999-08-26,23.3,26.1,21.7,88,6.0,947.9,13.17
1999-08-27,23.0,24.4,21.7,90,4.7,949.9,7.47
1999-08-28,23.3,26.5,21.4,87,1.9,949.4,15.33
1999-08-29,23.7,27.7,21.4,86,1.3,949.0,16.46
1999-08-30,23.5,27.2,21.3,86,2.5,949.2,15.47
1999-08-31,23.6,27.4,21.5,86,3.1,949.2,15.6
1999-09-01,23.5,27.0,21.4,85,1.2,948.8,17.24
1999-09-02,23.0,26.8,21.3,88,4.6,949.4,14.12
1999-09-03,23.0,25.5,21.4,86,1.9,949.6,14.4
1999-09-04,23.0,25.8,21.4,86,2.5,949.2,13.86
1999-09-05,23.2,26.3,21.4,87,2.9,948.2,14.46
1999-09-06,23.5,26.5,21.8,86,3.6,948.1,16.18
1999-09-07,23.2,27.0,21.2,86,3.0,948.7,15.06
1999-09-08,21.8,22.8,21.2,96,19.5,948.5,4.02
1999-09-09,22.9,25.1,21.4,90,8.1,947.0,8.82
1999-09-10,22.3,24.2,21.4,95,13.1,946.3,4.95
1999-09-11,22.2,23.7,21.2,94,11.5,947.1,5.75
1999-09-12,22.4,24.7,20.9,92,11.1,947.1,7.68
1999-09-13,22.6,25.9,20.9,90,2.7,948.1,12.35
1999-09-14,23.1,26.8,21.3,87,2.2,948.4,14.79
1999-09-15,23.3,27.5,21.1,84,0.0,948.6,18.77
1999-09-16,23.2,26.6,20.9,86,2.1,948.4,16.3
1999-09-17,23.5,27.4,21.2,84,0.9,948.2,18.54
1999-09-18,23.5,27.3,21.1,83,0.1,948.6,18.97
1999-09-19,23.6,27.9,20.7,82,0.5,950.5,18.46
1999-09-20,23.7,28.3,20.6,83,0.4,951.3,18.94
1999-09-21,23.9,28.3,20.7,82,0.1,950.9,19.28
1999-09-22,23.0,27.0,20.9,87,1.0,950.3,12.56
1999-09-23,23.7,28.1,19.8,79,1.1,949.8,15.15
1999-09-24,24.0,28.1,21.3,90,16.1,950.4,11.83
1999-09-25,24.1,28.5,22.0,89,4.6,950.1,14.0
1999-09-26,24.3,28.4,21.4,88,9.6,948.9,16.51
1999-09-27,24.1,29.1,21.5,89,10.3,948.7,15.13
1999-09-28,23.9,28.2,21.3,89,22.3,948.3,13.08
1999-09-29,24.0,28.3,21.2,87,6.3,947.5,16.39
1999-09-30,23.6,27.6,21.5,90,21.9,948.8,12.94
1999-10-01,24.1,28.7,21.4,86,14.0,949.2,16.54
1999-10-02,24.1,28.6,20.6,86,5.4,949.8,16.19
1999-10-03,24.0,28.1,21.6,88,16.1,949.1,13.8
1999-10-04,23.5,27.7,20.7,90,8.5,949.1,14.21
1999-10-05,24.0,28.8,20.9,88,12.5,949.4,16.68
1999-10-06,24.4,29.2,20.3,85,5.5,949.3,18.77
1999-10-07,24.1,28.1,21.9,87,14.6,948.6,15.72
1999-10-08,24.2,28.3,21.8,88,13.2,948.2,14.02
1999-10-09,24.7,28.9,22.2,84,7.7,949.2,16.21
1999-10-10,24.5,28.3,21.2,85,4.2,951.0,17.75
1999-10-11,24.1,28.7,21.0,89,6.2,951.9,18.07
1999-10-12,24.3,28.1,21.8,87,0.9,951.3,13.99
1999-10-13,24.0,28.2,21.0,87,6.4,951.1,15.96
1999-10-14,23.7,27.8,20.7,86,3.2,950.6,14.85
1999-10-15,24.1,28.5,20.4,80,0.0,949.8,17.97
1999-10-16,24.4,28.7,20.7,78,0.2,949.5,19.27
1999-10-17,23.9,29.1,19.4,70,0.0,947.7,22.29
1999-10-18,23.2,28.7,19.2,58,0.0,947.3,23.32
1999-10-19,23.6,29.4,18.9,56,0.0,948.6,23.04
1999-10-20,23.0,29.3,18.1,63,0.0,950.1,22.85
1999-10-21,23.2,29.1,18.2,64,0.0,950.7,22.16
1999-10-22,23.2,29.4,17.8,58,0.0,952.1,22.81
1999-10-23,23.4,29.6,18.8,54,0.0,952.6,22.8
1999-10-24,23.3,29.0,18.0,53,0.0,951.2,22.62
1999-10-25,23.7,29.5,17.6,58,0.0,950.3,20.21
1999-10-26,24.1,29.6,18.7,76,0.9,950.6,17.83
1999-10-27,24.3,29.0,21.6,86,10.7,950.7,13.56
1999-10-28,24.5,29.7,19.8,62,0.0,949.8,21.74
1999-10-29,24.4,30.2,19.6,51,0.0,949.9,21.98
1999-10-30,22.9,29.6,16.6,65,0.0,949.6,21.81
1999-10-31,23.0,30.1,16.7,70,0.0,949.5,21.28
1999-11-01,23.5,30.4,18.3,61,0.0,950.1,21.7
1999-11-02,23.8,30.8,18.6,45,0.0,951.1,21.79
1999-11-03,24.2,30.1,19.3,45,0.0,951.4,21.76
1999-11-04,24.5,30.5,19.6,54,0.0,950.8,20.28
1999-11-05,24.9,31.0,19.5,62,0.0,951.5,18.46
1999-11-06,25.1,30.7,19.6,60,0.0,952.5,17.42
1999-11-07,25.1,30.4,19.4,62,0.0,952.5,17.02
1999-11-08,25.3,30.0,20.4,59,0.0,952.6,14.13
1999-11-09,24.9,30.4,20.5,55,0.0,952.7,15.08
1999-11-10,25.3,31.0,19.1,51,0.0,952.8,20.4
1999-11-11,24.7,30.4,18.6,51,0.0,954.0,19.71
1999-11-12,24.3,30.1,18.2,50,0.0,954.4,20.29
1999-11-13,23.3,29.8,17.4,48,0.0,955.2,20.52
1999-11-14,23.1,29.6,16.9,50,0.0,955.4,20.32
1999-11-15,22.5,29.4,16.3,49,0.0,954.5,20.47
1999-11-16,21.9,29.4,14.1,46,0.0,954.9,20.66
1999-11-17,22.1,29.7,14.8,44,0.0,955.7,20.63
1999-11-18,21.8,29.1,14.1,46,0.0,955.2,20.43
1999-11-19,21.3,28.3,13.8,46,0.0,953.6,20.35
1999-11-20,21.0,28.4,13.6,40,0.0,953.4,20.62
1999-11-21,21.1,28.3,13.9,46,0.0,953.5,19.8
1999-11-22,21.1,28.2,13.6,45,0.0,953.3,19.82
1999-11-23,22.0,28.4,16.2,46,0.0,952.9,18.85
1999-11-24,23.6,29.0,18.7,54,0.0,952.3,16.8
1999-11-25,24.7,30.3,19.7,62,0.0,951.5,17.13
1999-11-26,24.2,30.3,18.4,58,0.0,951.4,18.5
1999-11-27,23.3,30.2,16.2,51,0.0,952.5,19.35
1999-11-28,22.3,29.6,15.1,46,0.0,953.0,19.74
1999-11-29,21.7,29.2,14.5,47,0.0,952.7,19.54
1999-11-30,22.3,29.5,15.1,51,0.0,952.7,19.26
1999-12-01,22.4,29.7,15.4,47,0.0,953.7,19.25
1999-12-02,21.0,28.9,13.6,45,0.0,954.8,19.62
1999-12-03,20.0,28.0,12.4,46,0.0,954.2,19.68
1999-12-04,19.9,27.9,12.3,46,0.0,954.3,19.51
1999-12-05,20.8,27.9,13.7,54,0.0,953.8,19.02
1999-12-06,21.3,28.2,14.7,52,0.0,953.2,18.87
1999-12-07,21.6,28.2,16.9,55,0.0,952.9,18.84
1999-12-08,20.8,27.6,15.2,58,0.0,953.2,18.88
1999-12-09,21.3,28.1,14.4,55,0.0,953.3,18.06
1999-12-10,21.9,27.8,16.3,58,0.0,953.6,18.27
1999-12-11,20.1,26.0,14.7,52,0.0,954.4,18.85
1999-12-12,18.0,25.5,10.9,42,0.0,953.7,19.49
1999-12-13,18.7,26.9,10.8,49,0.0,953.0,19.16
1999-12-14,21.3,28.8,12.9,47,0.0,952.4,18.9
1999-12-15,20.9,28.7,13.7,45,0.0,952.0,19.09
1999-12-16,20.2,28.4,13.2,47,0.0,952.9,19.15
1999-12-17,20.2,28.1,13.2,50,0.0,953.3,19.07
1999-12-18,20.0,28.2,12.6,47,0.0,952.8,19.19
1999-12-19,19.6,27.7,12.3,44,0.0,952.2,19.26
1999-12-20,19.3,27.3,12.3,43,0.0,952.5,19.31
1999-12-21,19.3,27.3,11.3,46,0.0,953.2,19.16
1999-12-22,21.1,28.3,12.5,52,0.0,954.0,18.2
1999-12-23,23.9,29.2,19.2,53,0.0,954.7,13.6
1999-12-24,24.1,29.4,18.8,53,0.0,955.2,17.15
1999-12-25,23.3,29.4,16.6,46,0.0,954.4,16.6
1999-12-26,23.4,29.6,17.1,51,0.0,953.0,17.15
1999-12-27,23.8,30.1,17.6,53,0.0,953.5,17.88
1999-12-28,23.3,29.5,16.8,55,0.0,954.6,18.51
1999-12-29,22.2,28.5,15.9,56,0.0,954.0,18.72
1999-12-30,23.0,28.9,17.0,48,0.0,951.7,18.84
1999-12-31,22.4,28.6,15.0,47,0.0,951.2,18.74
2000-01-01,21.6,27.8,14.8,52,0.0,952.2,18.61
2000-01-02,21.2,27.3,14.2,54,0.0,952.6,18.49
2000-01-03,21.3,27.6,14.9,49,0.0,952.1,18.97
2000-01-04,20.8,27.5,14.7,45,0.0,951.8,19.21
2000-01-05,20.2,27.2,14.1,46,0.0,952.2,18.77
2000-01-06,20.2,27.5,12.9,44,0.0,952.5,19.46
2000-01-07,19.5,27.1,12.1,37,0.0,952.2,19.75
2000-01-08,19.6,27.9,12.4,37,0.0,951.7,19.78
2000-01-09,21.0,29.2,13.6,44,0.0,951.1,19.65
2000-01-10,23.5,30.2,17.0,47,0.0,950.7,19.25
2000-01-11,23.4,30.8,16.5,55,0.0,950.7,18.25
2000-01-12,23.1,29.7,18.5,59,0.0,950.9,17.19
2000-01-13,23.0,30.0,17.8,62,0.0,951.3,18.8
2000-01-14,23.0,30.8,18.0,51,0.0,950.3,19.42
2000-01-15,21.5,29.4,15.7,51,0.0,950.4,19.82
2000-01-16,22.0,29.5,14.6,46,0.0,951.4,19.13
2000-01-17,24.2,31.2,18.7,54,0.0,953.4,17.08
2000-01-18,24.3,31.4,17.4,52,0.0,955.3,19.62
2000-01-19,24.5,31.1,18.5,54,0.0,954.7,19.55
2000-01-20,23.5,31.2,17.8,47,0.0,952.1,20.24
2000-01-21,22.9,31.7,16.6,46,0.0,952.1,20.67
2000-01-22,21.6,30.8,14.5,46,0.0,952.5,20.84
2000-01-23,20.9,29.0,13.6,55,0.0,952.9,20.84
2000-01-24,22.2,29.6,16.6,42,0.0,953.5,20.86
2000-01-25,22.5,30.0,16.3,42,0.0,954.1,20.73
2000-01-26,22.8,29.8,16.4,46,0.0,954.1,19.62
2000-01-27,23.4,29.4,17.4,45,0.0,953.4,16.59
2000-01-28,23.4,29.8,16.8,47,0.0,953.9,20.43
2000-01-29,23.1,29.8,15.7,46,0.0,955.1,20.74
2000-01-30,23.1,30.7,16.1,43,0.0,955.1,21.09
2000-01-31,23.6,31.4,17.0,43,0.0,954.2,21.29
2000-02-01,21.5,29.7,14.5,51,0.0,951.4,21.57
2000-02-02,19.7,28.4,12.0,63,0.0,951.5,21.63
2000-02-03,20.0,29.1,13.6,67,0.0,953.6,20.2
2000-02-04,22.3,31.4,15.7,55,0.0,952.2,21.56
2000-02-05,19.7,27.1,13.7,70,0.0,951.0,20.11
2000-02-06,19.5,27.2,13.7,70,0.0,951.2,20.67
2000-02-07,20.8,28.8,15.0,65,0.0,951.0,21.38
2000-02-08,20.5,28.0,13.7,57,0.0,950.0,22.15
2000-02-09,21.7,29.4,15.2,47,0.0,950.7,21.98
2000-02-10,22.7,30.6,17.4,49,0.0,951.3,22.02
2000-02-11,20.0,27.5,13.1,59,0.0,951.1,21.97
2000-02-12,19.5,26.9,12.8,57,0.0,951.3,22.56
2000-02-13,21.1,29.0,13.6,51,0.0,950.2,22.22
2000-02-14,22.8,30.4,15.1,48,0.0,951.1,21.4
2000-02-15,25.1,31.2,20.3,53,0.0,952.1,16.06
2000-02-16,25.5,31.8,20.4,53,0.0,952.0,19.97
2000-02-17,23.5,31.1,17.3,36,0.0,950.4,23.25
2000-02-18,23.1,30.5,17.3,28,0.0,949.9,23.38
2000-02-19,22.8,30.9,17.4,36,0.0,949.1,23.5
2000-02-20,19.0,26.1,11.6,64,0.0,948.1,22.56
2000-02-21,19.8,28.0,12.1,63,0.0,949.4,22.55
2000-02-22,21.7,30.0,14.4,63,0.0,950.0,23.16
2000-02-23,22.8,31.0,15.9,63,0.0,950.2,21.06
2000-02-24,23.8,31.1,17.4,62,0.0,951.6,20.46
2000-02-25,23.5,29.6,19.6,68,1.1,951.2,17.84
2000-02-26,24.2,30.7,17.5,56,0.0,949.8,22.22
2000-02-27,24.6,31.5,17.6,45,0.0,950.5,23.36
2000-02-28,25.6,32.7,18.5,39,0.0,952.8,23.89
2000-02-29,25.2,33.3,16.5,27,0.0,952.8,24.66
2000-03-01,26.1,34.5,18.7,27,0.0,951.4,24.64
2000-03-02,25.9,34.6,18.2,31,0.0,951.5,24.72
2000-03-03,25.1,34.0,16.8,32,0.0,951.7,25.16
2000-03-04,24.1,33.4,15.7,31,0.0,951.3,25.51
2000-03-05,23.4,33.2,14.0,37,0.0,950.1,25.79
2000-03-06,23.5,32.6,16.4,42,0.0,949.8,25.51
2000-03-07,22.2,30.3,15.5,52,0.0,951.1,25.02
2000-03-08,22.4,31.7,14.1,48,0.0,950.9,25.68
2000-03-09,23.7,32.7,16.5,35,0.0,950.3,26.12
2000-03-10,24.3,33.3,17.3,38,0.0,950.5,25.96
2000-03-11,25.1,34.9,15.9,37,0.0,950.6,26.03
2000-03-12,24.7,33.7,16.9,39,0.0,949.8,25.94
2000-03-13,22.7,30.3,16.4,51,0.0,949.3,25.48
2000-03-14,22.4,32.4,13.7,56,0.0,950.5,25.69
2000-03-15,23.2,33.6,12.9,53,0.0,951.3,26.14
2000-03-16,23.7,33.6,14.8,45,0.0,950.6,26.67
2000-03-17,24.6,35.0,16.0,40,0.0,949.0,26.63
2000-03-18,24.6,34.6,15.0,49,0.0,949.7,26.65
2000-03-19,26.2,35.0,18.5,43,0.0,950.7,26.24
2000-03-20,27.3,35.4,19.7,23,0.0,950.0,26.75
2000-03-21,27.5,36.3,20.1,26,0.0,949.9,26.54
2000-03-22,26.7,35.0,19.5,28,0.0,950.5,26.42
2000-03-23,26.4,34.4,17.5,30,0.0,951.1,26.7
2000-03-24,27.8,35.9,19.5,24,0.0,951.5,26.49
2000-03-25,27.8,35.7,20.2,30,1.1,952.0,24.23
2000-03-26,28.1,35.2,21.0,41,0.0,951.7,21.75
2000-03-27,28.7,35.8,21.7,32,0.0,950.7,22.47
2000-03-28,28.9,35.5,22.4,33,0.0,950.7,19.84
2000-03-29,29.3,36.8,21.7,42,0.0,951.0,23.84
2000-03-30,29.7,37.4,22.4,49,0.0,950.5,24.6
2000-03-31,29.8,38.6,21.4,40,0.0,949.2,26.39
2000-04-01,30.8,38.7,23.2,32,0.0,948.4,27.14
2000-04-02,30.7,38.7,23.6,27,0.0,948.2,27.03
2000-04-03,29.2,38.6,20.4,49,0.0,948.3,25.68
2000-04-04,29.1,37.2,23.2,61,0.0,949.1,23.34
2000-04-05,29.1,37.7,22.8,58,0.0,949.2,22.95
2000-04-06,30.1,38.7,22.7,47,0.0,949.0,25.81
2000-04-07,30.0,38.6,23.3,51,1.4,950.6,22.16
2000-04-08,29.4,36.9,24.5,59,1.4,951.9,22.91
2000-04-09,29.8,38.0,21.9,52,0.0,950.3,25.73
2000-04-10,29.5,38.0,21.2,48,0.0,949.6,27.39
2000-04-11,29.2,38.4,20.2,44,0.0,948.5,27.82
2000-04-12,28.8,38.5,20.7,49,0.0,948.3,27.13
2000-04-13,27.9,37.2,21.3,58,0.0,947.9,26.24
2000-04-14,27.3,35.4,21.3,63,0.0,947.7,26.09
2000-04-15,27.1,36.0,20.5,63,0.0,948.7,26.45
2000-04-16,27.9,37.4,20.6,58,0.0,949.5,27.28
2000-04-17,28.4,37.5,21.1,57,1.1,949.2,26.28
2000-04-18,29.7,38.3,22.2,52,1.1,949.6,22.47
2000-04-19,30.5,38.5,22.6,51,0.0,950.5,24.8
2000-04-20,30.7,39.3,22.8,46,0.0,949.1,24.78
2000-04-21,29.5,38.2,22.5,53,0.1,949.3,25.8
2000-04-22,28.5,35.4,22.7,54,0.0,950.4,21.45
2000-04-23,29.0,37.3,22.1,54,0.0,950.0,25.66
2000-04-24,27.9,36.3,21.0,52,0.0,949.8,27.16
2000-04-25,26.9,34.5,20.9,54,0.0,949.1,27.18
2000-04-26,26.9,35.0,20.5,58,0.0,948.5,27.38
2000-04-27,28.1,37.4,20.5,57,0.0,948.5,27.71
2000-04-28,28.1,37.3,20.4,59,0.0,948.7,27.99
2000-04-29,28.4,37.8,20.4,55,0.0,950.0,28.12
2000-04-30,29.7,40.0,20.1,49,0.0,950.4,28.56
2000-05-01,29.7,40.1,20.1,49,0.0,949.6,28.26
2000-05-02,29.1,39.7,19.8,50,0.0,949.4,28.37
2000-05-03,28.3,37.0,21.4,58,0.1,950.5,26.87
2000-05-04,28.1,36.5,21.8,61,0.3,949.9,25.73
2000-05-05,29.0,38.3,21.9,59,0.0,949.3,25.86
2000-05-06,28.8,36.2,23.3,64,1.3,950.3,22.82
2000-05-07,28.1,35.5,23.3,66,0.7,950.4,25.99
2000-05-08,26.8,33.7,21.7,67,0.7,950.3,25.13
2000-05-09,27.1,34.9,20.4,63,0.4,950.1,25.52
2000-05-10,27.2,35.4,21.5,65,0.0,949.7,26.03
2000-05-11,26.5,33.7,21.2,65,0.2,949.4,25.31
2000-05-12,26.2,33.3,20.5,65,0.1,949.6,24.7
2000-05-13,26.3,32.9,20.6,66,0.0,950.3,23.21
2000-05-14,26.5,34.0,20.3,66,0.2,949.8,24.2
2000-05-15,26.2,32.4,22.4,73,0.5,949.4,18.8
2000-05-16,26.1,31.8,23.1,74,0.5,948.7,19.23
2000-05-17,25.5,30.7,22.6,77,3.9,947.2,18.63
2000-05-18,22.9,23.3,22.6,95,41.5,945.1,2.88
2000-05-19,25.2,28.4,23.0,81,4.4,945.8,19.05
2000-05-20,25.7,30.1,22.9,76,0.6,947.2,21.77
2000-05-21,25.8,30.8,22.5,77,0.0,947.7,20.58
2000-05-22,26.1,31.5,22.3,76,0.0,947.9,21.74
2000-05-23,26.4,31.8,22.4,77,0.3,947.7,21.37
2000-05-24,26.6,32.0,23.2,78,1.1,947.4,19.65
2000-05-25,26.6,32.0,23.0,78,0.4,947.2,18.87
2000-05-26,26.6,31.4,23.4,78,1.1,946.3,17.94
2000-05-27,26.3,31.5,23.7,79,3.0,946.6,18.69
2000-05-28,26.1,31.7,23.3,79,2.7,947.2,15.97
2000-05-29,25.9,31.2,22.7,78,3.9,948.5,20.17
2000-05-30,25.6,29.9,22.9,79,2.7,949.2,18.18
2000-05-31,26.0,31.0,22.7,77,1.1,948.5,21.03
2000-06-01,25.3,30.6,22.9,83,6.4,946.4,17.08
2000-06-02,24.1,28.7,22.7,93,19.7,945.0,8.66
2000-06-03,25.1,29.3,22.9,88,7.4,944.8,10.32
2000-06-04,25.1,28.5,23.6,89,7.2,943.8,8.7
2000-06-05,24.8,27.6,23.3,91,17.4,941.6,8.24
2000-06-06,25.2,30.2,22.8,90,22.3,939.1,12.11
2000-06-07,24.9,27.8,22.9,88,10.6,939.8,7.43
2000-06-08,23.3,23.9,22.6,97,110.3,942.6,2.73
2000-06-09,23.8,27.1,22.5,94,19.5,945.4,6.76
2000-06-10,23.8,26.4,22.5,93,7.7,946.7,5.58
2000-06-11,25.0,28.5,23.3,85,0.6,947.7,13.34
2000-06-12,25.0,28.4,22.9,81,0.1,948.0,17.85
2000-06-13,24.3,27.3,22.7,84,4.5,948.5,18.66
2000-06-14,24.2,27.1,22.7,85,4.8,949.1,18.67
2000-06-15,24.5,27.1,22.7,84,4.4,948.4,18.05
2000-06-16,24.8,28.5,22.3,80,1.6,947.9,19.99
2000-06-17,24.8,28.7,22.2,80,0.1,947.6,21.03
2000-06-18,25.0,28.6,22.2,81,0.4,945.7,18.6
2000-06-19,24.1,26.9,22.5,88,0.5,945.0,7.65
2000-06-20,24.2,26.7,22.3,83,0.0,945.4,11.29
2000-06-21,25.1,28.5,22.9,80,0.0,946.9,16.2
2000-06-22,25.0,29.0,22.7,82,1.8,947.2,17.87
2000-06-23,24.7,28.5,22.2,81,1.1,948.1,19.66
2000-06-24,24.9,29.3,22.4,79,0.4,947.8,20.58
2000-06-25,24.7,28.5,22.3,80,2.1,947.6,19.53
2000-06-26,24.5,28.3,22.5,83,3.1,947.8,17.83
2000-06-27,24.1,27.6,22.0,84,2.4,947.3,16.34
2000-06-28,23.7,27.3,22.0,86,2.7,947.1,12.56
2000-06-29,23.0,25.6,21.9,92,7.2,945.0,6.63
2000-06-30,22.5,24.5,21.7,95,27.8,942.8,4.53
2000-07-01,23.0,25.7,20.8,86,17.1,943.8,12.83
2000-07-02,23.2,25.6,21.9,90,5.3,945.4,10.17
2000-07-03,23.3,25.6,22.0,90,2.8,945.6,10.34
2000-07-04,23.8,27.5,22.1,89,9.8,944.9,12.82
2000-07-05,24.1,27.6,22.4,88,5.9,945.4,14.24
2000-07-06,24.0,27.1,22.6,88,3.7,945.5,12.37
2000-07-07,23.9,26.7,22.5,87,4.8,944.9,13.68
2000-07-08,23.0,25.6,21.9,92,12.7,943.9,7.97
2000-07-09,22.6,23.5,21.9,93,26.8,943.3,5.23
2000-07-10,22.8,24.3,22.1,93,13.3,942.7,5.08
2000-07-11,22.7,24.3,22.0,95,35.1,942.0,4.99
2000-07-12,22.6,23.2,22.3,97,23.9,941.3,2.39
2000-07-13,22.6,23.8,22.0,95,27.0,941.9,4.83
2000-07-14,22.6,24.0,21.9,91,18.7,944.3,7.65
2000-07-15,22.7,24.2,21.6,91,13.8,945.2,8.26
2000-07-16,23.1,25.2,22.1,89,6.3,945.3,9.4
2000-07-17,23.1,25.0,21.9,89,6.7,945.0,11.61
2000-07-18,23.1,25.1,21.9,89,7.3,944.7,13.06
2000-07-19,23.4,25.8,22.2,87,5.3,944.5,15.59
2000-07-20,23.3,25.5,21.8,87,5.8,945.4,15.44
2000-07-21,23.3,26.2,21.4,86,3.7,947.0,17.51
2000-07-22,23.7,26.9,21.4,83,1.4,949.0,19.12
2000-07-23,23.7,27.2,21.2,82,0.1,949.1,18.92
2000-07-24,23.2,26.6,21.0,84,1.8,948.3,17.06
2000-07-25,23.5,27.4,21.1,83,1.1,948.6,18.4
2000-07-26,23.4,26.4,21.3,83,0.2,948.5,14.45
2000-07-27,23.3,26.2,21.3,85,1.8,947.4,16.32
2000-07-28,23.8,27.3,21.5,84,1.1,946.9,16.0
2000-07-29,24.0,27.7,21.4,83,0.3,947.6,19.03
2000-07-30,23.9,27.7,21.3,83,0.1,948.7,18.9
2000-07-31,24.1,27.8,21.6,82,1.2,948.1,17.92
2000-08-01,24.0,27.9,21.0,80,0.0,947.8,19.78
2000-08-02,24.1,28.2,21.0,80,0.1,948.6,17.98
2000-08-03,24.1,27.8,21.0,83,1.3,948.8,16.94
2000-08-04,24.8,28.8,21.6,81,1.3,949.2,18.36
2000-08-05,25.1,29.9,21.0,80,0.0,948.4,20.04
2000-08-06,25.3,30.1,21.7,79,0.0,947.1,20.17
2000-08-07,24.3,28.5,21.6,86,2.2,947.0,18.51
2000-08-08,24.1,27.6,21.5,83,1.0,947.6,15.98
2000-08-09,22.9,25.3,21.8,91,3.8,946.4,7.96
2000-08-10,22.2,23.8,21.5,95,12.0,944.1,5.93
2000-08-11,22.3,23.2,21.5,96,26.4,942.7,4.12
2000-08-12,23.6,26.0,22.1,89,4.1,945.6,13.23
2000-08-13,24.0,26.9,22.2,85,2.2,949.8,15.57
2000-08-14,24.2,27.5,21.9,83,1.0,950.1,17.51
2000-08-15,23.9,27.0,21.9,85,1.7,949.2,16.41
2000-08-16,23.8,27.2,21.7,84,1.2,949.3,16.23
2000-08-17,23.2,25.9,21.7,89,1.7,948.1,12.75
2000-08-18,23.6,26.4,21.9,87,3.9,946.9,15.23
2000-08-19,23.1,24.9,22.1,89,4.3,947.2,8.84
2000-08-20,22.5,23.6,21.6,91,6.3,947.2,6.55
2000-08-21,22.4,24.0,21.6,94,8.1,945.1,5.68
2000-08-22,23.4,26.5,21.6,88,3.6,944.2,12.27
2000-08-23,23.6,26.1,22.1,91,6.3,943.6,8.65
2000-08-24,23.2,25.6,21.9,91,9.5,941.7,11.57
2000-08-25,23.1,25.6,22.2,94,52.4,939.5,5.25
2000-08-26,23.2,25.0,22.3,90,5.1,943.3,7.84
2000-08-27,23.1,25.7,22.1,90,10.1,946.0,10.64
2000-08-28,22.8,25.5,21.7,92,14.2,946.7,10.15
2000-08-29,22.1,23.2,21.6,94,12.9,947.1,4.29
2000-08-30,23.0,25.3,21.5,88,5.5,947.5,13.92
2000-08-31,22.9,25.5,21.3,89,10.0,946.9,14.12
2000-09-01,22.8,25.3,21.3,88,9.1,946.8,14.0
2000-09-02,23.2,26.3,21.6,88,5.2,946.6,14.44
2000-09-03,23.3,26.0,21.9,86,2.3,946.9,13.95
2000-09-04,23.7,26.8,21.7,85,1.0,948.4,15.06
2000-09-05,23.5,26.8,21.6,86,1.3,948.4,16.65
2000-09-06,22.8,26.1,21.4,87,3.9,947.6,13.65
2000-09-07,22.4,24.4,21.1,90,2.0,948.3,7.03
2000-09-08,23.5,27.1,21.0,85,0.3,949.9,13.7
2000-09-09,23.7,27.5,21.2,83,0.0,950.8,18.17
2000-09-10,23.3,26.8,20.8,85,2.1,950.2,15.92
2000-09-11,23.5,27.2,21.1,84,1.5,949.3,16.86
2000-09-12,23.3,27.3,20.6,85,2.0,949.4,16.17
2000-09-13,23.9,28.6,20.7,83,0.7,950.0,19.35
2000-09-14,24.5,29.4,20.9,82,1.0,949.4,21.2
2000-09-15,24.4,29.4,21.2,83,0.0,948.5,19.66
2000-09-16,24.2,29.1,21.1,82,0.0,949.2,18.85
2000-09-17,24.6,30.1,20.1,81,0.0,950.0,21.86
2000-09-18,24.5,29.2,21.3,78,0.0,949.5,19.53
2000-09-19,24.4,29.8,20.9,78,0.0,948.9,22.07
2000-09-20,24.8,29.9,21.2,83,7.6,949.0,19.4
2000-09-21,25.6,31.3,21.8,83,4.1,949.2,19.3
2000-09-22,25.5,31.2,21.9,84,7.7,949.8,19.62
2000-09-23,25.3,30.5,21.3,83,2.6,949.9,19.86
2000-09-24,26.1,30.9,22.7,82,1.4,949.7,20.44
2000-09-25,25.3,30.4,21.8,84,8.6,949.7,18.63
2000-09-26,25.5,30.3,21.7,82,4.1,949.8,19.88
2000-09-27,24.8,29.8,21.3,86,8.7,949.6,17.28
2000-09-28,24.5,28.7,21.1,88,6.7,949.6,15.44
2000-09-29,24.4,29.7,21.3,88,15.6,949.9,15.85
2000-09-30,25.1,30.0,21.8,84,1.8,949.6,18.2
2000-10-01,25.6,30.5,21.7,81,0.4,949.7,20.24
2000-10-02,26.1,31.1,22.7,77,0.0,950.1,19.23
2000-10-03,25.7,31.5,20.8,75,0.0,949.7,21.08
2000-10-04,25.9,30.7,22.4,75,0.0,949.5,19.68
2000-10-05,26.2,30.6,22.3,76,0.0,950.1,19.75
2000-10-06,26.1,31.4,22.5,78,0.0,950.8,18.8
2000-10-07,25.2,30.4,22.5,83,8.4,950.9,16.29
2000-10-08,24.6,30.3,21.3,87,11.0,950.1,15.93
2000-10-09,24.4,29.6,22.0,86,18.1,949.1,15.59
2000-10-10,24.7,28.7,21.8,82,4.4,949.6,13.4
2000-10-11,25.2,30.1,22.6,85,6.7,951.1,16.57
2000-10-12,24.8,28.9,22.6,87,2.5,951.5,12.72
2000-10-13,24.2,28.6,22.2,89,12.5,950.5,13.43
2000-10-14,24.3,29.6,21.7,87,10.4,950.0,16.36
2000-10-15,25.0,30.4,21.1,81,0.0,950.8,19.35
2000-10-16,25.5,31.5,21.3,66,0.0,950.4,21.51
2000-10-17,25.0,30.5,19.8,55,0.0,949.3,22.92
2000-10-18,24.7,30.1,20.1,58,0.0,947.8,21.68
2000-10-19,25.8,31.5,20.7,69,0.1,948.1,20.35
2000-10-20,26.3,31.4,22.4,77,0.0,950.0,18.41
2000-10-21,26.6,31.8,22.9,75,0.0,950.9,19.8
2000-10-22,26.2,31.8,22.4,75,0.0,950.3,20.19
2000-10-23,26.0,31.4,22.3,74,0.0,950.1,20.93
2000-10-24,25.7,31.5,21.1,72,0.0,951.5,20.44
2000-10-25,26.2,32.4,21.4,66,0.0,952.0,20.77
2000-10-26,26.4,32.4,22.1,55,0.0,951.3,21.59
2000-10-27,25.7,31.5,21.4,49,0.0,950.5,21.95
2000-10-28,25.4,31.7,20.1,53,0.0,951.6,21.93
2000-10-29,25.1,31.8,19.8,57,0.0,952.3,21.72
2000-10-30,25.0,31.7,19.5,53,0.0,951.8,21.8
2000-10-31,25.6,31.3,19.2,52,0.0,950.6,20.93
2000-11-01,25.5,30.8,18.9,49,0.0,950.6,18.54
2000-11-02,24.3,29.9,18.7,55,0.0,951.3,17.7
2000-11-03,25.3,30.7,19.3,57,0.0,953.3,18.05
2000-11-04,25.0,30.8,19.4,62,0.7,954.9,18.0
2000-11-05,25.5,31.0,21.8,66,0.7,953.3,16.68
2000-11-06,26.0,30.5,22.2,60,0.0,950.9,14.84
2000-11-07,26.1,30.4,22.5,58,0.0,951.4,15.79
2000-11-08,25.2,30.8,21.0,52,0.0,952.4,18.33
2000-11-09,24.2,30.3,18.0,43,0.0,952.5,20.59
2000-11-10,23.5,30.3,17.1,43,0.0,952.6,20.65
2000-11-11,23.2,30.2,15.8,47,0.0,953.3,20.58
2000-11-12,24.3,30.2,19.1,47,0.0,951.7,20.15
2000-11-13,24.5,30.3,19.8,48,0.0,949.9,20.14
2000-11-14,23.6,30.1,17.1,53,0.0,950.9,19.97
2000-11-15,23.2,30.1,16.3,54,0.0,951.8,20.08
2000-11-16,22.9,29.9,15.9,47,0.0,952.2,20.28
2000-11-17,22.4,29.2,15.3,50,0.0,951.8,20.07
2000-11-18,22.4,29.0,16.6,49,0.0,951.1,20.09
2000-11-19,23.3,29.3,18.5,50,0.0,951.2,18.69
2000-11-20,23.5,30.3,18.0,53,0.0,950.9,18.98
2000-11-21,24.1,30.7,18.9,52,0.0,950.5,19.27
2000-11-22,24.3,30.8,19.3,48,0.0,951.9,19.58
2000-11-23,23.7,30.9,16.5,53,0.0,953.9,19.52
2000-11-24,23.9,30.5,16.8,54,0.0,954.5,18.71
2000-11-25,24.6,30.9,19.2,43,0.0,953.4,19.56
2000-11-26,24.2,31.1,18.7,44,0.0,953.0,19.38
2000-11-27,24.1,31.1,19.0,44,0.0,952.4,19.4
2000-11-28,22.9,29.4,17.6,50,0.0,951.2,19.23
2000-11-29,22.5,29.5,15.8,48,0.0,950.6,19.07
2000-11-30,22.7,29.6,16.2,47,0.0,952.0,19.2
2000-12-01,23.0,29.4,17.2,50,0.0,952.4,18.48
2000-12-02,23.2,29.2,17.8,50,0.0,953.9,17.97
2000-12-03,23.5,29.5,17.7,47,0.0,955.0,18.14
2000-12-04,23.0,29.4,16.6,44,0.0,954.4,18.76
2000-12-05,22.3,29.4,16.1,35,0.0,953.3,19.56
2000-12-06,22.5,29.7,17.0,31,0.0,953.4,19.42
2000-12-07,21.7,29.5,15.6,34,0.0,953.5,19.33
2000-12-08,21.2,29.6,13.6,37,0.0,953.3,19.36
2000-12-09,21.4,28.9,13.8,37,0.0,953.0,19.36
2000-12-10,21.9,29.5,14.1,36,0.0,953.4,19.25
2000-12-11,22.5,29.3,16.4,34,0.0,953.8,19.21
2000-12-12,23.0,29.4,17.4,35,0.0,954.0,19.05
2000-12-13,22.9,29.3,16.5,34,0.0,953.6,19.15
2000-12-14,22.4,29.1,16.1,34,0.0,952.8,19.19
2000-12-15,21.7,28.8,15.1,36,0.0,953.5,19.09
2000-12-16,21.7,28.9,16.0,36,0.0,955.0,19.01
2000-12-17,20.1,28.2,13.2,38,0.0,954.7,19.23
2000-12-18,20.5,28.0,13.4,38,0.0,953.9,19.26
2000-12-19,21.4,29.0,15.9,35,0.0,952.4,19.26
2000-12-20,21.0,29.4,12.6,39,0.0,952.5,19.15
2000-12-21,21.4,29.6,13.2,43,0.0,953.1,18.94
2000-12-22,22.1,29.4,15.5,41,0.0,953.5,18.85
2000-12-23,22.0,29.5,14.5,37,0.0,952.4,19.14
2000-12-24,21.5,29.5,14.5,35,0.0,952.4,19.29
2000-12-25,22.1,30.1,16.2,31,0.0,952.2,19.35
2000-12-26,21.3,29.0,15.2,33,0.0,952.5,19.35
2000-12-27,20.3,29.0,11.3,37,0.0,952.1,19.42
2000-12-28,21.2,28.9,13.1,40,0.0,952.0,19.17
2000-12-29,20.7,28.6,12.3,41,0.0,951.6,18.33
2000-12-30,22.2,28.8,17.4,59,1.3,950.6,14.05
2000-12-31,20.7,24.7,18.7,88,5.4,950.5,6.44
2001-01-01,19.6,25.4,14.8,73,2.3,950.2,17.51
2001-01-02,18.1,25.0,11.5,68,0.0,951.2,18.94
2001-01-03,19.6,26.3,13.3,66,0.0,952.6,17.05
2001-01-04,20.0,27.0,13.4,67,0.0,952.9,18.42
2001-01-05,20.7,27.7,13.8,64,0.0,952.9,18.77
2001-01-06,21.4,28.4,14.3,59,0.0,953.0,18.08
2001-01-07,22.1,28.6,17.5,57,0.0,952.0,18.49
2001-01-08,20.6,27.7,14.5,54,0.0,951.0,19.41
2001-01-09,21.4,28.4,16.4,46,0.0,951.6,19.39
2001-01-10,21.9,29.4,16.5,57,0.0,951.9,19.15
2001-01-11,22.7,30.3,17.2,64,0.0,950.8,18.62
2001-01-12,22.5,29.5,16.7,68,0.0,951.3,16.73
2001-01-13,23.1,29.7,17.1,58,0.0,952.0,17.41
2001-01-14,24.1,30.7,19.1,58,0.0,952.1,17.45
2001-01-15,24.1,30.8,19.4,61,0.0,952.8,18.46
2001-01-16,23.2,29.7,17.5,61,0.0,952.8,18.2
2001-01-17,23.6,30.2,17.8,59,0.0,953.4,13.51
2001-01-18,24.6,30.2,18.2,54,0.0,953.8,16.65
2001-01-19,24.5,30.5,18.3,49,0.0,953.5,19.11
2001-01-20,24.2,29.8,18.0,49,0.0,953.1,17.09
2001-01-21,23.9,29.9,17.0,49,0.0,951.6,20.07
2001-01-22,22.8,29.6,17.5,53,0.0,950.7,20.11
2001-01-23,22.3,29.1,15.5,51,0.0,950.8,20.31
2001-01-24,22.0,29.3,14.7,40,0.0,951.8,20.78
2001-01-25,21.9,29.5,14.2,39,0.0,951.8,20.96
2001-01-26,22.8,29.6,16.3,37,0.0,951.1,21.1
2001-01-27,22.1,29.8,14.2,34,0.0,951.4,21.27
2001-01-28,23.1,30.3,16.2,32,0.0,951.2,20.48
2001-01-29,23.5,31.0,15.9,33,0.0,951.2,20.82
2001-01-30,23.9,31.4,17.2,39,0.0,951.3,21.11
2001-01-31,24.1,31.7,17.5,43,0.0,949.9,20.83
2001-02-01,24.4,31.8,18.0,46,0.0,949.8,19.13
2001-02-02,25.4,32.4,20.1,43,0.0,949.7,18.42
2001-02-03,26.4,33.2,21.6,46,0.0,949.7,20.62
2001-02-04,24.7,32.5,18.8,43,0.0,949.8,21.42
2001-02-05,23.7,31.4,17.7,31,0.0,950.8,21.94
2001-02-06,23.2,32.2,16.1,32,0.0,951.7,22.36
2001-02-07,25.1,32.6,19.2,26,0.0,952.3,22.34
2001-02-08,24.7,32.4,18.6,27,0.0,952.5,22.59
2001-02-09,24.9,32.7,19.4,25,0.0,952.6,22.77
2001-02-10,24.4,33.1,18.1,28,0.0,952.0,22.92
2001-02-11,23.4,32.8,17.0,30,0.0,950.9,23.39
2001-02-12,24.1,32.9,17.5,35,0.0,951.2,22.96
2001-02-13,25.5,33.6,19.2,36,0.0,951.5,22.67
2001-02-14,23.3,32.2,15.6,47,0.0,950.8,22.79
2001-02-15,22.3,31.3,13.6,49,0.0,951.8,23.06
2001-02-16,23.0,31.6,16.5,40,0.0,952.6,23.07
2001-02-17,23.9,32.3,16.4,44,0.0,952.7,22.84
2001-02-18,24.4,32.9,16.7,48,0.0,952.6,22.86
2001-02-19,25.0,33.5,17.4,41,0.0,952.7,22.97
2001-02-20,25.4,33.8,18.6,41,0.0,952.8,23.09
2001-02-21,25.1,33.8,17.4,39,0.0,950.9,23.53
2001-02-22,25.6,33.7,20.0,36,0.0,951.5,23.68
2001-02-23,25.8,34.3,18.4,36,0.0,951.9,23.7
2001-02-24,26.7,35.4,20.7,39,0.0,951.6,23.76
2001-02-25,24.0,32.4,16.4,42,0.0,950.1,24.74
2001-02-26,22.8,32.5,14.2,55,0.0,950.1,24.18
2001-02-27,24.0,33.1,17.0,61,0.0,951.5,23.26
2001-02-28,24.4,33.3,16.6,54,0.0,952.5,24.02
2001-03-01,25.0,33.7,17.8,40,0.0,952.7,24.2
2001-03-02,26.0,34.5,19.9,38,0.0,952.8,23.73
2001-03-03,26.2,34.8,19.3,46,0.0,952.6,22.95
2001-03-04,25.3,32.9,19.0,55,0.0,953.3,21.91
2001-03-05,24.7,32.9,17.2,51,0.0,952.8,24.51
2001-03-06,24.6,33.0,17.6,45,0.0,952.9,24.78
2001-03-07,23.9,32.3,16.6,34,0.0,952.4,25.52
2001-03-08,24.1,32.8,16.4,41,0.0,950.5,25.34
2001-03-09,24.7,33.4,17.4,46,0.0,950.4,25.33
2001-03-10,23.7,32.4,15.3,57,0.0,951.6,25.18
2001-03-11,24.0,33.1,16.0,58,0.0,952.3,24.67
2001-03-12,23.8,32.6,16.3,56,0.0,951.7,24.97
2001-03-13,23.6,32.6,15.9,55,0.0,951.4,25.55
2001-03-14,23.8,33.1,15.4,56,0.0,951.0,25.26
2001-03-15,25.5,34.4,17.2,58,0.0,952.4,23.62
2001-03-16,26.0,33.9,18.5,50,0.0,952.1,23.41
2001-03-17,26.7,34.9,18.6,46,0.0,950.7,25.51
2001-03-18,27.6,36.0,19.3,47,0.0,950.3,23.79
2001-03-19,28.0,37.0,20.9,50,0.0,950.9,22.87
2001-03-20,27.8,35.3,21.4,48,0.0,950.8,23.87
2001-03-21,26.6,34.7,19.2,52,0.0,949.6,25.26
2001-03-22,25.4,34.3,17.9,54,0.0,948.9,25.94
2001-03-23,25.4,34.6,17.5,61,0.0,949.4,25.83
2001-03-24,25.4,34.5,17.8,56,0.0,949.4,26.14
2001-03-25,25.6,34.5,17.7,61,0.0,949.0,25.86
2001-03-26,26.5,34.8,18.4,48,0.0,948.9,26.24
2001-03-27,26.9,35.0,19.6,44,0.0,949.1,26.32
2001-03-28,26.9,35.4,19.0,47,0.0,949.1,26.56
2001-03-29,26.0,34.7,19.0,50,0.0,948.1,26.77
2001-03-30,24.9,33.2,17.6,41,0.0,949.0,26.25
2001-03-31,25.2,34.3,16.0,35,0.0,951.2,27.45
2001-04-01,27.5,35.9,19.6,34,0.0,950.9,27.24
2001-04-02,28.9,37.0,22.1,29,0.0,949.2,27.01
2001-04-03,28.6,37.5,21.7,35,0.0,949.3,26.79
2001-04-04,28.7,36.6,21.1,40,0.0,951.1,25.39
2001-04-05,29.5,36.3,24.2,41,0.3,950.9,21.93
2001-04-06,30.4,37.2,22.8,35,0.0,951.3,24.93
2001-04-07,30.9,37.6,23.5,33,0.0,952.2,22.54
2001-04-08,31.4,37.5,25.4,23,0.0,950.7,22.89
2001-04-09,29.5,37.1,21.7,45,0.2,950.2,25.16
2001-04-10,29.9,37.2,22.2,40,0.0,950.8,24.05
2001-04-11,31.3,37.8,25.6,21,0.0,951.5,25.27
2001-04-12,28.7,35.2,23.3,36,1.0,950.3,19.04
2001-04-13,28.2,35.0,22.1,49,0.0,950.1,22.17
2001-04-14,27.8,34.7,22.6,57,0.0,952.3,21.09
2001-04-15,27.5,34.7,21.7,59,0.0,953.5,22.84
2001-04-16,27.4,34.7,22.2,59,0.0,952.0,23.15
2001-04-17,25.7,33.1,19.9,60,0.0,951.1,26.86
2001-04-18,26.5,34.6,19.6,61,0.0,950.2,26.65
2001-04-19,26.6,34.4,20.2,61,0.0,950.7,26.84
2001-04-20,28.0,36.2,19.8,57,0.0,949.5,24.23
2001-04-21,30.1,37.1,23.1,47,0.0,948.8,21.91
2001-04-22,31.6,39.0,24.1,33,0.0,948.5,27.06
2001-04-23,31.7,40.1,23.0,31,0.0,948.5,27.6
2001-04-24,30.6,40.1,22.7,48,0.0,949.6,26.11
2001-04-25,29.9,38.6,23.1,53,0.0,949.4,24.38
2001-04-26,29.1,37.8,22.3,55,0.0,949.2,25.92
2001-04-27,30.2,39.6,22.0,50,0.0,949.0,25.16
2001-04-28,30.7,39.2,23.0,41,0.0,947.9,24.75
2001-04-29,30.6,39.2,22.7,36,0.0,948.2,27.62
2001-04-30,30.2,39.4,22.5,42,0.0,949.2,25.0
2001-05-01,31.3,41.2,21.5,49,0.0,948.7,26.61
2001-05-02,30.5,39.3,24.5,58,0.5,947.9,22.73
2001-05-03,29.6,37.9,23.5,61,0.0,947.3,26.63
2001-05-04,28.7,37.7,21.9,58,0.0,948.4,27.35
2001-05-05,28.6,38.2,21.2,57,0.0,949.4,28.02
2001-05-06,28.6,37.5,21.5,59,0.0,948.9,27.78
2001-05-07,28.3,36.4,21.9,56,0.0,949.2,27.32
2001-05-08,28.0,36.3,21.6,56,0.0,949.5,27.06
2001-05-09,27.2,35.2,21.0,58,0.0,949.7,27.19
2001-05-10,27.3,35.4,21.2,64,0.0,950.2,27.13
2001-05-11,27.7,36.2,21.4,63,0.0,949.8,27.73
2001-05-12,27.5,35.8,21.5,63,0.0,949.2,27.75
2001-05-13,26.9,34.6,21.2,64,0.0,948.5,27.32
2001-05-14,26.8,34.2,21.5,64,0.0,948.9,26.34
2001-05-15,26.9,33.4,21.6,67,0.0,949.8,21.75
2001-05-16,27.0,34.1,21.7,65,0.0,950.4,25.12
2001-05-17,27.0,34.5,21.3,67,0.2,950.5,24.16
2001-05-18,26.9,32.7,22.8,68,0.8,950.2,22.08
2001-05-19,27.4,34.4,22.6,66,0.5,949.7,24.42
2001-05-20,27.3,34.4,22.6,69,1.6,949.0,23.12
2001-05-21,27.2,35.0,22.4,70,1.5,948.0,23.54
2001-05-22,27.7,35.7,22.9,72,5.3,947.0,20.67
2001-05-23,28.1,34.1,23.9,69,1.5,946.0,20.57
2001-05-24,27.5,33.3,23.3,66,1.2,945.3,20.61
2001-05-25,26.6,31.3,22.8,70,0.3,944.3,16.44
2001-05-26,26.5,31.9,22.2,66,0.5,945.3,19.88
2001-05-27,27.3,33.1,23.4,66,0.0,946.7,22.97
2001-05-28,26.7,32.3,23.6,71,0.3,946.7,20.95
2001-05-29,25.9,31.3,22.8,74,0.7,947.2,20.29
2001-05-30,25.9,31.3,22.0,72,0.3,947.9,21.28
2001-05-31,26.1,30.8,22.1,73,0.7,948.0,19.41
2001-06-01,26.6,32.3,23.1,70,0.1,947.8,23.58
2001-06-02,26.5,32.4,21.9,70,0.0,948.9,22.43
2001-06-03,26.6,32.6,21.9,70,0.0,948.6,21.48
2001-06-04,26.8,32.4,23.0,71,0.3,947.4,20.72
2001-06-05,26.1,31.1,22.7,75,2.8,946.1,20.7
2001-06-06,25.9,30.8,23.1,78,7.7,944.4,18.13
2001-06-07,25.9,32.1,23.0,81,15.0,943.5,15.35
2001-06-08,25.2,28.8,22.5,85,13.7,942.2,9.68
2001-06-09,25.5,31.0,22.8,81,9.8,942.7,17.54
2001-06-10,25.2,28.6,23.3,81,4.1,943.3,14.0
2001-06-11,25.1,29.9,23.5,84,3.7,941.9,14.02
2001-06-12,24.7,27.8,23.0,84,3.5,943.6,16.27
2001-06-13,23.9,26.4,22.4,87,4.4,945.3,10.77
2001-06-14,22.4,23.3,21.7,95,24.3,943.7,4.7
2001-06-15,22.5,24.2,21.3,91,12.7,944.0,5.94
2001-06-16,22.5,24.3,21.3,89,7.4,944.1,9.33
2001-06-17,22.8,24.3,22.0,95,30.7,943.5,4.86
2001-06-18,23.8,25.4,22.5,90,5.6,945.5,7.64
2001-06-19,24.9,27.9,22.8,83,1.7,947.0,17.21
2001-06-20,24.5,27.4,22.7,85,5.2,947.3,16.97
2001-06-21,25.2,28.8,23.1,81,2.3,946.9,19.47
2001-06-22,25.2,28.4,23.0,81,2.6,945.9,18.39
2001-06-23,25.2,28.3,23.1,81,2.4,945.3,16.73
2001-06-24,25.0,28.1,22.9,82,1.7,946.4,15.86
2001-06-25,25.2,29.0,22.5,79,0.7,947.7,21.35
2001-06-26,24.5,27.5,22.8,83,4.1,947.0,18.86
2001-06-27,24.1,26.9,22.7,85,3.6,947.0,14.88
2001-06-28,24.2,27.2,22.4,83,3.4,946.7,16.17
2001-06-29,24.1,27.1,22.3,83,3.1,946.2,15.02
2001-06-30,24.1,27.8,22.3,83,3.8,946.6,17.04
2001-07-01,23.9,27.1,22.2,86,2.2,947.5,14.09
2001-07-02,23.8,26.8,22.4,86,4.4,946.9,14.53
2001-07-03,23.5,26.3,21.9,87,11.3,944.8,13.5
2001-07-04,23.5,26.1,22.3,88,10.3,943.5,11.56
2001-07-05,24.0,26.9,22.3,85,8.8,943.7,16.81
2001-07-06,23.9,26.7,22.4,86,5.1,944.2,14.34
2001-07-07,23.9,26.8,22.4,86,2.9,943.7,11.64
2001-07-08,23.4,26.0,22.5,92,11.0,942.0,7.6
2001-07-09,22.7,23.2,22.1,94,72.2,941.6,4.35
2001-07-10,23.1,24.7,22.0,91,11.7,943.8,8.87
2001-07-11,23.3,26.0,21.9,87,9.2,945.2,12.64
2001-07-12,23.4,26.2,21.9,87,6.3,946.4,15.36
2001-07-13,23.1,25.1,21.6,87,6.4,948.6,12.59
2001-07-14,23.1,25.6,21.7,86,3.1,950.3,11.75
2001-07-15,23.0,26.0,21.6,89,7.6,949.7,11.76
2001-07-16,23.4,26.0,21.7,86,7.7,948.5,17.55
2001-07-17,23.0,25.4,21.8,88,7.8,947.8,13.38
2001-07-18,23.2,25.8,21.6,87,6.6,947.3,13.33
2001-07-19,23.2,25.5,21.8,87,5.1,946.4,12.62
2001-07-20,23.0,24.9,21.6,88,5.1,946.4,10.36
2001-07-21,23.3,25.6,21.5,87,4.1,946.0,11.5
2001-07-22,23.4,25.7,21.8,87,4.3,945.6,11.89
2001-07-23,23.3,25.7,22.0,91,7.3,945.5,9.06
2001-07-24,23.2,25.1,22.3,90,2.0,945.7,7.66
2001-07-25,23.9,26.6,22.3,86,2.8,946.6,14.35
2001-07-26,23.8,26.5,22.1,86,2.0,948.0,14.25
2001-07-27,24.1,27.6,22.0,85,1.7,947.2,17.11
2001-07-28,23.9,27.0,22.0,86,1.9,947.1,13.37
2001-07-29,23.6,26.7,21.9,85,3.7,948.1,15.65
2001-07-30,23.9,26.9,21.9,85,2.9,948.2,14.54
2001-07-31,23.9,27.6,21.8,85,2.0,948.7,14.71
2001-08-01,24.1,27.4,21.7,84,1.8,948.4,17.74
2001-08-02,23.3,26.8,21.6,87,5.5,946.1,12.86
2001-08-03,23.6,27.0,21.4,86,3.4,944.7,14.99
2001-08-04,22.8,24.7,21.9,91,4.3,946.7,7.02
2001-08-05,22.6,25.1,21.7,90,4.6,948.1,7.61
2001-08-06,22.6,25.3,21.2,91,5.4,947.0,8.45
2001-08-07,22.4,24.9,21.2,92,13.7,946.1,6.74
2001-08-08,22.8,25.4,21.7,92,10.2,946.6,7.51
2001-08-09,23.2,25.7,21.7,89,9.7,948.6,10.44
2001-08-10,23.5,26.3,22.3,90,5.7,947.4,11.2
2001-08-11,23.4,25.9,22.1,89,0.8,946.0,10.6
2001-08-12,23.3,25.6,22.0,88,4.3,946.4,10.39
2001-08-13,23.5,26.0,21.9,87,8.1,947.0,13.22
2001-08-14,23.4,26.2,22.0,88,6.0,947.9,11.4
2001-08-15,22.5,23.6,22.0,95,26.9,948.4,5.87
2001-08-16,22.6,24.0,22.0,92,27.8,947.8,5.44
2001-08-17,22.9,25.4,21.6,89,10.6,947.6,12.2
2001-08-18,22.8,25.1,21.3,89,5.3,947.1,11.65
2001-08-19,23.5,26.5,21.4,82,0.5,947.6,16.46
2001-08-20,23.0,25.4,21.8,89,1.6,948.2,8.82
2001-08-21,22.7,24.6,21.9,92,0.5,948.5,6.56
2001-08-22,23.3,26.0,21.4,89,3.1,947.0,12.42
2001-08-23,23.7,26.3,22.3,88,3.1,946.3,13.49
2001-08-24,23.6,26.7,22.3,88,3.6,947.6,12.23
2001-08-25,23.2,26.0,21.8,90,3.3,949.2,10.97
2001-08-26,23.4,26.5,21.6,87,2.8,949.7,15.26
2001-08-27,23.3,26.5,21.5,87,3.2,948.5,15.65
2001-08-28,23.1,26.0,21.6,86,3.2,948.0,16.14
2001-08-29,23.0,26.3,21.1,85,3.5,947.5,14.84
2001-08-30,23.3,26.7,21.3,83,1.4,947.3,15.67
2001-08-31,23.5,26.8,21.4,83,1.8,947.1,16.15
2001-09-01,23.6,26.8,21.4,84,1.0,947.5,15.76
2001-09-02,23.7,27.0,21.4,83,0.8,948.5,16.87
2001-09-03,23.7,26.7,21.5,85,1.3,949.9,16.46
2001-09-04,23.7,27.5,21.1,84,0.2,950.3,15.53
2001-09-05,23.5,27.4,21.0,82,0.4,950.0,16.62
2001-09-06,23.4,26.5,20.7,84,0.7,950.0,13.97
2001-09-07,23.8,28.2,20.6,82,0.9,950.5,17.51
2001-09-08,24.0,28.4,20.5,85,1.0,951.2,17.13
2001-09-09,24.7,29.1,21.5,81,0.7,950.9,20.04
2001-09-10,24.1,29.2,20.6,79,0.0,949.5,18.89
2001-09-11,23.6,28.8,20.8,82,1.6,949.3,17.86
2001-09-12,23.6,28.7,19.6,80,0.0,949.6,18.07
2001-09-13,24.1,29.1,20.3,79,0.4,949.0,19.98
2001-09-14,24.9,29.4,21.2,77,0.3,949.5,19.4
2001-09-15,25.3,29.6,22.1,80,1.3,950.7,17.01
2001-09-16,24.8,29.7,22.1,87,13.9,950.2,13.13
2001-09-17,24.4,29.3,21.7,88,10.8,950.0,13.85
2001-09-18,23.6,27.8,21.7,92,13.9,949.2,11.51
2001-09-19,23.2,26.6,21.4,94,12.1,949.4,9.46
2001-09-20,23.4,27.4,21.6,91,25.5,949.0,9.67
2001-09-21,23.6,27.8,21.1,90,27.7,949.3,12.46
2001-09-22,24.1,28.7,20.4,89,8.3,949.2,16.88
2001-09-23,24.1,29.4,21.0,89,15.9,949.7,16.06
2001-09-24,24.5,29.8,21.2,86,4.0,949.5,18.66
2001-09-25,24.3,29.4,21.1,85,12.2,948.9,18.97
2001-09-26,24.0,28.7,21.1,89,15.3,948.3,15.29
2001-09-27,24.4,29.0,22.2,89,11.7,948.3,13.72
2001-09-28,25.6,30.6,22.5,83,3.1,947.7,17.69
2001-09-29,25.8,30.4,22.6,81,0.3,946.5,18.44
2001-09-30,26.1,31.1,22.3,80,0.0,945.5,20.1
2001-10-01,24.9,26.7,23.4,88,0.4,946.9,7.8
2001-10-02,24.0,27.4,21.9,86,1.3,948.1,14.46
2001-10-03,23.8,27.2,21.6,86,1.5,948.6,17.29
2001-10-04,23.6,27.4,21.1,87,1.6,949.0,14.82
2001-10-05,23.8,28.3,21.8,88,2.4,948.6,14.47
2001-10-06,23.7,27.1,21.9,90,17.5,948.0,9.29
2001-10-07,22.6,23.0,22.3,96,30.1,948.0,2.73
2001-10-08,23.5,26.2,22.0,92,11.4,947.5,11.34
2001-10-09,24.3,28.9,21.6,86,6.4,949.0,15.79
2001-10-10,24.3,29.3,21.2,86,3.9,950.5,17.72
2001-10-11,24.6,28.9,21.2,85,1.1,951.5,16.75
2001-10-12,24.2,28.5,21.8,87,8.2,951.7,15.43
2001-10-13,24.2,28.6,21.2,86,7.2,951.3,14.67
2001-10-14,24.8,29.7,21.0,82,0.5,950.3,17.0
2001-10-15,25.1,30.0,20.8,83,0.4,950.5,18.33
2001-10-16,25.5,30.0,21.6,75,0.0,950.5,19.79
2001-10-17,24.3,28.9,20.6,62,0.0,949.7,20.2
2001-10-18,24.3,28.6,20.5,70,0.0,949.6,16.37
2001-10-19,24.9,28.7,22.1,82,2.1,952.2,15.97
2001-10-20,25.1,29.4,20.8,83,0.9,953.3,17.05
2001-10-21,24.2,29.6,18.9,64,0.0,952.1,22.55
2001-10-22,23.6,29.5,18.0,58,0.0,952.0,22.78
2001-10-23,24.4,29.9,20.0,56,0.0,952.3,22.27
2001-10-24,23.6,29.3,17.6,56,0.0,951.0,22.44
2001-10-25,23.2,29.7,17.6,58,0.0,950.0,22.66
2001-10-26,23.7,30.1,19.0,55,0.0,949.8,22.27
2001-10-27,23.8,30.5,17.2,54,0.0,950.8,22.12
2001-10-28,24.7,31.5,19.8,51,0.0,951.5,21.93
2001-10-29,25.5,32.0,21.1,56,0.0,950.3,21.66
2001-10-30,25.1,31.0,21.0,56,0.0,950.5,21.68
2001-10-31,24.9,30.6,20.1,48,0.0,951.6,21.6
2001-11-01,24.8,31.2,19.1,56,0.0,952.5,20.88
2001-11-02,24.7,31.3,19.1,57,0.0,953.4,20.67
2001-11-03,24.3,31.0,18.7,46,0.0,952.7,21.6
2001-11-04,24.1,30.8,17.7,46,0.0,951.9,21.35
2001-11-05,24.3,31.3,18.3,47,0.0,952.0,21.17
2001-11-06,24.2,31.3,17.5,53,0.0,951.7,20.63
2001-11-07,25.1,30.4,19.4,65,0.0,951.3,17.97
2001-11-08,25.4,31.5,20.6,50,0.0,950.9,20.44
2001-11-09,24.5,30.6,18.7,50,0.0,951.1,20.12
2001-11-10,23.8,29.7,17.7,52,0.0,950.6,20.5
2001-11-11,23.3,29.5,17.4,53,0.0,950.1,20.45
2001-11-12,23.2,29.7,17.1,54,0.0,951.1,20.37
2001-11-13,22.1,29.0,16.5,48,0.0,952.2,20.96
2001-11-14,22.7,29.8,16.0,51,0.0,952.7,20.02
2001-11-15,24.3,30.5,18.1,60,0.0,952.5,16.82
2001-11-16,24.3,30.3,19.4,73,3.6,952.3,14.81
2001-11-17,24.8,30.4,21.2,77,2.3,953.3,15.55
2001-11-18,25.3,30.8,20.2,70,0.0,953.9,17.25
2001-11-19,25.9,31.4,20.1,62,0.0,953.9,17.89
2001-11-20,25.6,31.4,20.1,58,0.0,954.5,18.64
2001-11-21,23.5,29.6,17.8,50,0.0,954.6,19.61
2001-11-22,22.6,29.1,17.0,43,0.0,954.1,19.69
2001-11-23,22.5,28.9,16.9,49,0.0,953.7,19.18
2001-11-24,22.3,28.8,17.2,44,0.0,953.3,19.54
2001-11-25,22.2,28.7,15.6,51,0.0,953.2,17.5
2001-11-26,22.3,28.3,16.6,53,0.0,952.6,16.69
2001-11-27,22.4,28.2,16.0,55,0.0,953.1,15.08
2001-11-28,22.8,28.0,17.2,58,0.0,952.3,15.68
2001-11-29,22.5,28.1,17.0,55,0.0,952.6,16.71
2001-11-30,21.3,27.9,14.8,43,0.0,954.0,19.41
2001-12-01,21.3,28.1,14.2,48,0.0,953.3,17.49
2001-12-02,22.4,29.7,16.0,54,0.0,953.0,18.69
2001-12-03,22.8,29.6,16.4,44,0.0,953.2,19.11
2001-12-04,23.1,29.7,17.4,42,0.0,952.6,19.1
2001-12-05,23.1,29.7,15.1,43,0.0,952.4,18.99
2001-12-06,23.1,29.8,16.3,43,0.0,953.3,19.13
2001-12-07,22.4,29.1,15.2,46,0.0,953.0,18.96
2001-12-08,22.2,28.9,15.8,46,0.0,953.6,18.88
2001-12-09,23.1,29.6,17.4,42,0.0,954.3,18.94
2001-12-10,23.4,29.9,17.7,40,0.0,954.7,18.88
2001-12-11,23.3,29.5,18.5,43,0.0,954.6,18.73
2001-12-12,23.3,29.7,17.7,49,0.0,955.5,18.54
2001-12-13,23.3,29.5,17.2,48,0.0,956.1,18.5
2001-12-14,22.9,29.2,16.2,49,0.0,955.5,18.4
2001-12-15,23.4,28.9,16.4,47,0.0,955.7,18.41
2001-12-16,23.0,28.8,16.2,53,0.0,955.3,18.28
2001-12-17,22.4,28.9,15.8,55,0.0,955.5,18.39
2001-12-18,22.1,28.9,15.5,51,0.0,956.4,18.53
2001-12-19,21.4,28.4,14.6,44,0.0,956.3,18.58
2001-12-20,21.1,28.2,15.1,43,0.0,956.0,18.39
2001-12-21,20.9,28.1,14.7,42,0.0,956.1,18.95
2001-12-22,20.7,27.7,13.9,43,0.0,956.5,18.75
2001-12-23,20.6,27.9,13.2,47,0.0,956.0,18.55
2001-12-24,22.0,28.5,15.2,53,0.0,955.5,18.09
2001-12-25,22.6,28.7,16.4,57,0.0,954.6,16.4
2001-12-26,23.4,28.4,17.9,60,0.0,955.7,15.58
2001-12-27,23.2,27.8,18.5,65,0.2,957.1,13.35
2001-12-28,23.3,28.5,18.4,58,0.0,957.3,15.44
2001-12-29,23.2,28.6,17.7,54,0.0,956.1,14.95
2001-12-30,22.7,27.7,18.1,55,0.0,955.7,15.6
2001-12-31,22.5,28.0,16.7,55,0.1,955.4,17.19
2002-01-01,21.7,27.7,16.2,52,0.0,956.2,18.51
2002-01-02,20.5,27.2,13.5,43,0.0,956.8,19.33
2002-01-03,19.6,26.2,13.0,40,0.0,955.9,19.5
2002-01-04,19.3,26.1,11.9,46,0.0,954.2,18.86
2002-01-05,21.2,26.9,16.4,56,0.0,953.0,16.38
2002-01-06,21.2,27.1,16.5,67,0.0,953.2,16.68
2002-01-07,20.9,27.6,14.5,68,0.0,953.4,16.66
2002-01-08,21.3,26.3,17.7,74,0.0,954.0,14.39
2002-01-09,22.1,27.4,17.8,67,0.0,955.3,14.79
2002-01-10,22.2,27.6,17.6,63,0.0,955.8,17.82
2002-01-11,21.1,28.1,13.9,56,0.0,954.8,19.48
2002-01-12,21.0,28.6,14.1,44,0.0,953.9,19.92
2002-01-13,22.5,29.7,16.4,36,0.0,952.4,19.93
2002-01-14,22.9,30.5,16.5,38,0.0,950.9,19.97
2002-01-15,22.7,30.6,17.6,53,0.0,951.3,19.93
2002-01-16,21.1,29.1,14.0,66,0.0,951.6,19.84
2002-01-17,20.3,28.0,13.9,69,0.0,950.6,19.71
2002-01-18,19.0,26.0,13.2,72,0.0,949.4,19.44
2002-01-19,18.6,25.5,12.5,70,0.0,950.3,19.17
2002-01-20,18.6,26.4,12.4,56,0.0,951.5,20.41
2002-01-21,20.5,28.6,15.0,50,0.0,950.9,20.12
2002-01-22,19.6,27.7,13.3,57,0.0,950.9,20.46
2002-01-23,20.3,29.7,13.1,53,0.0,951.7,20.98
2002-01-24,21.0,29.7,14.7,43,0.0,952.5,21.15
2002-01-25,21.3,29.8,15.3,35,0.0,952.7,21.19
2002-01-26,19.5,27.9,12.5,48,0.0,951.9,21.09
2002-01-27,18.0,24.9,13.0,67,0.0,951.0,20.07
2002-01-28,18.2,25.6,11.2,48,0.0,952.0,21.56
2002-01-29,19.4,27.1,13.1,43,0.0,953.0,21.24
2002-01-30,19.9,27.7,11.9,45,0.0,953.5,21.11
2002-01-31,22.3,28.7,15.7,51,0.0,954.3,17.67
2002-02-01,23.5,29.4,17.3,52,0.0,955.3,16.73
2002-02-02,23.7,30.1,17.7,51,0.0,954.7,19.74
2002-02-03,24.1,30.7,16.9,51,0.0,953.1,20.67
2002-02-04,24.9,31.9,18.4,53,0.0,952.1,19.72
2002-02-05,24.8,31.3,19.6,55,0.0,952.8,17.74
2002-02-06,23.7,30.3,17.6,52,0.0,952.0,18.85
2002-02-07,21.9,28.3,17.1,52,0.0,951.5,18.13
2002-02-08,20.7,29.1,14.0,51,0.0,951.7,22.25
2002-02-09,22.3,30.9,15.4,41,0.0,951.5,21.09
2002-02-10,23.0,30.6,17.2,54,0.2,951.1,17.84
2002-02-11,22.2,29.3,17.3,53,0.0,952.3,21.97
2002-02-12,22.6,30.4,14.4,45,0.0,953.8,22.02
2002-02-13,24.9,31.5,19.2,53,0.0,954.3,20.37
2002-02-14,25.6,32.3,18.7,47,0.0,954.8,21.32
2002-02-15,25.7,32.4,19.1,44,0.0,954.7,19.4
2002-02-16,26.3,33.5,19.1,44,0.0,953.6,19.59
2002-02-17,26.4,33.4,20.5,46,0.0,954.0,19.29
2002-02-18,26.3,32.6,20.8,48,0.0,955.4,18.55
2002-02-19,26.1,32.6,19.6,44,0.0,956.8,17.98
2002-02-20,26.4,33.5,19.6,40,0.0,955.6,22.55
2002-02-21,26.8,34.2,20.5,37,0.0,955.1,23.03
2002-02-22,27.3,34.9,21.5,40,0.0,956.2,22.82
2002-02-23,26.7,33.7,20.4,42,0.0,956.4,22.41
2002-02-24,26.4,33.7,20.0,43,0.0,954.5,22.83
2002-02-25,26.1,33.3,19.7,38,0.0,953.6,23.65
2002-02-26,26.6,34.2,19.5,33,0.0,953.3,23.58
2002-02-27,27.3,34.6,21.2,33,0.0,952.6,23.77
2002-02-28,27.6,35.2,21.6,31,0.0,951.7,24.0
2002-03-01,27.6,35.2,21.3,33,0.0,951.5,23.94
2002-03-02,27.0,35.0,19.8,39,0.0,951.5,24.05
2002-03-03,26.4,34.1,18.9,34,0.0,951.4,24.19
2002-03-04,27.0,34.5,21.2,33,0.0,951.0,24.24
2002-03-05,28.0,35.1,20.0,34,0.0,951.7,23.55
2002-03-06,27.8,35.3,21.2,32,0.0,951.8,24.15
2002-03-07,25.8,33.8,18.6,37,0.0,951.5,24.77
2002-03-08,24.1,32.1,16.3,53,0.0,951.5,24.49
2002-03-09,26.3,35.3,18.2,42,0.0,952.2,24.81
2002-03-10,28.1,35.6,20.6,34,0.0,953.7,22.9
2002-03-11,28.9,35.8,21.6,31,0.0,953.6,20.27
2002-03-12,29.4,36.6,22.5,29,0.0,952.7,22.29
2002-03-13,29.1,35.3,25.1,33,0.5,953.3,18.66
2002-03-14,27.0,32.2,22.8,38,0.6,953.5,20.64
2002-03-15,25.4,30.8,19.6,53,0.0,952.8,20.23
2002-03-16,26.7,32.5,20.6,44,0.0,951.7,19.86
2002-03-17,27.9,34.4,21.3,36,0.0,951.3,20.61
2002-03-18,29.2,35.8,21.7,35,0.0,952.8,20.92
2002-03-19,29.5,36.7,22.1,31,0.0,953.3,25.47
2002-03-20,29.4,36.6,23.6,41,0.0,952.1,22.96
2002-03-21,27.9,35.5,21.5,48,0.0,950.6,22.19
2002-03-22,27.3,35.5,19.5,50,0.0,950.1,26.11
2002-03-23,26.9,35.8,19.5,39,0.0,949.5,26.55
2002-03-24,26.4,35.6,18.0,55,0.0,948.5,26.5
2002-03-25,25.9,35.0,17.8,54,0.0,947.7,26.05
2002-03-26,26.0,35.2,18.3,51,0.0,947.7,26.76
2002-03-27,26.1,36.1,16.9,47,0.0,948.8,26.93
2002-03-28,26.2,35.6,16.2,52,0.0,949.7,26.69
2002-03-29,27.5,36.5,18.5,47,0.0,950.9,26.92
2002-03-30,28.7,37.9,19.8,42,0.0,950.6,26.83
2002-03-31,29.2,38.2,20.8,39,0.0,950.8,26.81
2002-04-01,28.6,37.7,20.6,38,0.0,952.5,27.06
2002-04-02,27.3,35.3,20.7,55,0.0,952.3,26.45
2002-04-03,27.3,36.6,19.8,58,0.0,950.0,26.81
2002-04-04,27.5,37.5,19.2,58,0.4,948.7,25.92
2002-04-05,28.2,37.4,20.9,57,1.1,949.9,24.27
2002-04-06,28.1,35.6,22.4,60,4.6,951.2,24.06
2002-04-07,26.9,34.7,22.3,67,3.8,951.2,22.57
2002-04-08,27.1,34.1,22.0,64,2.2,951.3,23.36
2002-04-09,27.9,34.8,21.4,56,0.1,951.1,23.89
2002-04-10,28.7,36.3,21.7,43,0.0,949.1,25.65
2002-04-11,29.4,37.1,22.4,29,0.0,949.2,26.72
2002-04-12,29.9,38.2,21.7,33,0.0,950.4,26.34
2002-04-13,30.2,38.9,21.6,38,0.0,950.9,25.6
2002-04-14,29.4,37.6,21.4,40,0.0,950.3,24.76
2002-04-15,29.4,38.1,21.6,39,0.2,950.4,25.75
2002-04-16,29.3,37.6,21.7,47,0.2,950.4,23.53
2002-04-17,30.5,39.0,22.4,46,0.0,950.0,23.88
2002-04-18,31.4,39.1,23.0,45,0.0,948.7,22.55
2002-04-19,32.0,40.5,24.2,43,0.3,949.3,24.72
2002-04-20,31.2,39.0,24.8,49,2.2,951.1,23.5
2002-04-21,31.5,40.0,24.2,47,0.8,949.4,23.89
2002-04-22,30.0,36.9,23.7,49,0.5,949.6,23.41
2002-04-23,29.7,38.2,21.7,48,0.0,949.5,26.88
2002-04-24,30.5,39.7,21.5,42,0.0,948.2,27.71
2002-04-25,30.6,38.5,23.1,34,0.0,948.3,27.76
2002-04-26,31.3,40.2,22.3,33,0.0,948.1,27.95
2002-04-27,31.9,41.1,22.1,39,0.0,948.1,28.04
2002-04-28,31.2,41.0,21.9,38,0.0,948.1,28.26
2002-04-29,30.0,39.5,22.4,49,0.0,947.9,27.85
2002-04-30,30.5,40.1,21.9,51,0.0,946.7,27.12
2002-05-01,31.1,41.4,22.3,52,0.2,945.9,26.43
2002-05-02,32.4,41.0,22.7,46,0.0,946.4,25.55
2002-05-03,32.9,41.3,25.9,51,1.2,947.5,24.19
2002-05-04,31.8,41.0,26.2,54,0.8,947.6,23.73
2002-05-05,30.2,38.8,24.8,63,0.7,946.7,24.38
2002-05-06,29.1,36.2,24.2,68,1.0,947.1,23.69
2002-05-07,28.3,36.6,24.9,74,19.2,948.4,19.56
2002-05-08,28.4,34.2,24.6,73,1.2,950.1,21.42
2002-05-09,28.0,32.5,24.4,74,1.3,951.6,21.54
2002-05-10,28.2,33.9,24.0,70,0.5,951.4,23.69
2002-05-11,27.5,32.1,24.1,73,0.0,949.1,20.87
2002-05-12,27.5,32.7,23.8,74,0.2,947.9,21.91
2002-05-13,27.0,32.4,24.0,76,1.8,948.9,19.88
2002-05-14,27.4,33.1,23.5,73,1.3,949.7,21.9
2002-05-15,27.9,33.8,23.6,71,0.1,949.4,20.25
2002-05-16,27.9,34.1,23.3,70,0.0,947.7,22.64
2002-05-17,27.0,32.3,22.9,73,0.0,946.8,19.07
2002-05-18,27.0,32.9,23.5,73,0.7,946.5,20.27
2002-05-19,26.5,32.0,22.8,69,0.0,946.0,23.53
2002-05-20,26.7,32.6,22.7,69,0.1,946.1,22.56
2002-05-21,27.0,32.8,23.0,68,0.0,948.0,21.54
2002-05-22,27.2,33.7,22.7,68,0.0,949.7,22.93
2002-05-23,27.6,34.8,22.6,67,0.0,950.1,23.1
2002-05-24,28.3,35.5,22.8,67,0.6,950.7,24.53
2002-05-25,27.9,35.3,22.5,68,0.5,950.5,24.64
2002-05-26,27.1,33.9,22.4,67,0.0,950.7,25.26
2002-05-27,26.7,32.3,22.7,71,0.7,949.4,21.33
2002-05-28,27.6,33.9,23.1,68,0.3,949.1,23.27
2002-05-29,27.9,34.7,23.4,69,0.6,949.6,23.85
2002-05-30,28.2,35.8,23.4,67,0.3,949.5,23.46
2002-05-31,28.5,36.3,23.1,67,0.1,949.2,23.75
2002-06-01,28.3,35.5,23.2,65,0.0,948.6,24.51
2002-06-02,27.0,31.6,23.3,71,0.0,948.1,12.46
2002-06-03,25.7,28.7,23.5,77,2.0,947.9,7.55
2002-06-04,26.5,32.3,23.3,72,0.7,947.6,17.2
2002-06-05,26.9,33.2,22.4,68,0.1,947.8,21.56
2002-06-06,27.0,33.5,22.4,66,0.0,947.4,24.24
2002-06-07,27.3,34.3,22.2,66,0.0,947.7,24.61
2002-06-08,27.7,34.6,23.5,68,1.1,946.4,23.86
2002-06-09,27.8,33.8,23.7,72,0.9,946.0,20.75
2002-06-10,26.5,31.4,24.1,81,11.2,946.0,13.62
2002-06-11,26.6,31.4,24.0,82,7.5,945.9,13.74
2002-06-12,26.5,30.5,23.5,83,10.2,945.5,11.84
2002-06-13,27.0,33.2,24.3,80,2.5,944.4,18.9
2002-06-14,26.5,31.9,23.9,82,14.4,944.2,17.45
2002-06-15,25.3,28.9,23.2,86,7.3,944.2,13.26
2002-06-16,24.7,27.8,22.9,86,6.8,944.5,13.07
2002-06-17,24.8,27.7,23.3,86,3.3,946.6,12.1
2002-06-18,24.5,27.2,22.9,87,3.4,946.7,12.69
2002-06-19,24.7,27.9,23.1,86,3.0,945.7,13.87
2002-06-20,24.6,27.3,23.1,86,5.0,945.3,14.24
2002-06-21,24.7,28.0,23.0,85,4.3,945.2,15.3
2002-06-22,24.6,27.0,22.9,86,5.8,944.2,10.23
2002-06-23,24.8,27.7,23.2,87,5.7,945.0,13.3
2002-06-24,24.8,27.3,23.5,86,6.3,946.4,12.68
2002-06-25,23.4,23.8,23.0,95,17.8,945.6,2.43
2002-06-26,23.4,23.8,22.7,95,40.7,944.0,2.55
2002-06-27,23.7,25.4,22.9,92,30.0,946.1,6.89
2002-06-28,24.2,26.9,22.5,88,9.5,948.4,14.07
2002-06-29,24.2,26.3,22.9,89,4.8,948.9,9.07
2002-06-30,24.6,27.5,22.7,84,1.1,948.0,16.34
2002-07-01,24.7,27.9,22.7,83,1.5,947.5,18.35
2002-07-02,24.8,27.6,22.4,84,2.8,948.2,17.97
2002-07-03,24.8,28.3,22.8,83,3.8,947.8,19.15
2002-07-04,24.8,28.3,22.8,82,2.9,947.4,19.52
2002-07-05,24.8,28.1,22.9,82,2.9,948.4,18.63
2002-07-06,24.8,28.1,22.5,82,2.0,948.6,18.91
2002-07-07,24.6,27.8,22.6,81,3.3,947.9,19.09
2002-07-08,24.4,27.7,22.4,81,1.9,947.6,18.35
2002-07-09,24.2,27.4,22.3,83,2.7,947.7,17.89
2002-07-10,24.0,26.8,22.2,83,2.5,947.4,15.59
2002-07-11,24.1,27.1,22.5,84,4.3,946.6,15.21
2002-07-12,24.5,27.8,22.3,83,4.2,947.5,18.62
2002-07-13,24.3,27.0,22.5,83,3.9,948.7,16.32
2002-07-14,23.8,26.4,22.5,85,3.6,948.8,14.59
2002-07-15,24.0,26.7,22.5,84,3.2,948.7,15.71
2002-07-16,23.9,26.6,22.5,85,4.0,948.6,14.44
2002-07-17,24.0,27.2,21.8,84,3.1,947.5,15.4
2002-07-18,23.4,25.9,21.9,89,11.9,947.1,9.84
2002-07-19,22.9,25.4,22.1,90,5.4,948.1,7.29
2002-07-20,23.7,26.3,22.2,87,3.2,948.9,14.45
2002-07-21,23.5,26.0,22.0,87,7.4,948.3,13.64
2002-07-22,23.2,25.5,22.1,89,14.4,947.9,10.09
2002-07-23,23.3,25.9,22.1,89,10.2,949.8,12.49
2002-07-24,23.6,26.3,21.6,86,6.0,950.2,15.88
2002-07-25,23.4,26.1,22.1,86,6.2,949.8,15.78
2002-07-26,23.5,26.1,21.6,86,3.6,948.4,15.55
2002-07-27,24.2,27.3,22.0,83,3.4,947.7,17.58
2002-07-28,24.3,27.5,22.1,82,1.6,948.7,16.6
2002-07-29,24.2,27.6,22.1,82,1.1,947.6,15.71
2002-07-30,24.3,27.8,22.0,82,0.7,945.7,15.24
2002-07-31,24.5,28.3,21.6,82,0.9,944.8,16.89
2002-08-01,24.1,26.7,22.3,86,1.6,945.0,9.49
2002-08-02,24.4,28.8,22.3,87,7.8,945.1,14.59
2002-08-03,24.0,27.0,22.1,87,5.1,944.7,11.09
2002-08-04,23.3,25.2,22.1,92,12.9,944.3,7.22
2002-08-05,23.0,24.7,22.1,90,3.9,945.3,8.85
2002-08-06,22.9,25.4,22.1,92,11.9,944.8,8.87
2002-08-07,22.4,23.4,21.6,94,26.5,945.8,6.96
2002-08-08,22.2,24.0,21.4,94,23.9,945.6,6.0
2002-08-09,22.0,22.9,21.5,95,51.1,945.2,3.82
2002-08-10,22.0,22.8,21.4,95,18.2,946.1,2.96
2002-08-11,22.5,24.0,21.9,93,20.0,947.4,5.46
2002-08-12,22.9,24.6,21.8,91,23.8,947.4,10.39
2002-08-13,22.9,25.3,21.6,90,10.0,946.5,10.71
2002-08-14,23.4,25.7,22.0,87,8.2,946.4,13.87
2002-08-15,23.4,25.9,21.7,87,5.2,946.5,15.94
2002-08-16,23.3,25.7,21.8,89,7.2,945.4,13.85
2002-08-17,22.9,24.7,21.7,90,7.9,945.1,12.21
2002-08-18,22.3,23.4,21.5,92,13.0,946.2,4.59
2002-08-19,22.8,24.5,22.0,90,3.1,946.9,5.62
2002-08-20,23.5,26.2,21.8,86,1.7,946.6,15.06
2002-08-21,23.7,26.3,22.1,85,1.5,946.6,15.46
2002-08-22,23.7,26.6,22.1,85,2.1,947.9,15.52
2002-08-23,23.2,26.4,21.5,87,2.4,948.6,15.13
2002-08-24,21.8,22.6,21.3,96,36.2,947.5,2.73
2002-08-25,22.5,24.5,21.6,90,39.4,947.7,8.6
2002-08-26,23.0,25.9,21.3,87,3.1,950.3,15.02
2002-08-27,23.6,27.6,20.9,84,0.9,951.3,18.26
2002-08-28,23.4,27.5,20.6,84,1.0,951.7,16.57
2002-08-29,23.4,27.6,21.1,86,2.5,951.0,16.48
2002-08-30,23.2,27.0,21.7,87,3.3,950.2,15.31
2002-08-31,22.7,26.1,21.3,90,8.1,948.9,11.32
2002-09-01,21.9,23.1,21.3,97,22.5,948.3,2.93
2002-09-02,22.9,24.8,21.8,94,5.5,948.4,7.7
2002-09-03,22.4,23.9,21.6,96,16.7,948.6,5.55
2002-09-04,22.8,24.9,21.8,91,4.6,947.8,8.55
2002-09-05,22.5,23.6,22.0,96,8.5,947.3,4.33
2002-09-06,23.2,26.2,21.0,89,1.5,948.1,14.66
2002-09-07,23.2,26.7,20.8,84,0.0,948.9,17.32
2002-09-08,23.0,27.5,20.0,82,0.0,949.6,18.36
2002-09-09,22.7,27.0,19.8,83,1.4,949.4,19.52
2002-09-10,22.9,27.3,20.0,82,0.8,948.4,19.68
2002-09-11,23.2,27.8,20.2,81,0.0,948.7,20.86
2002-09-12,22.9,27.5,19.5,83,0.3,949.9,19.75
2002-09-13,23.3,27.8,20.6,84,1.0,951.5,17.59
2002-09-14,23.9,28.5,20.5,86,0.7,952.4,19.07
2002-09-15,24.2,29.2,21.4,84,0.7,952.8,20.18
2002-09-16,23.9,28.1,20.8,82,0.0,953.2,19.88
2002-09-17,22.9,26.7,20.3,86,2.0,951.9,17.43
2002-09-18,23.0,27.2,20.1,83,1.0,951.8,17.62
2002-09-19,23.2,27.7,20.0,84,0.9,952.6,19.18
2002-09-20,23.5,28.1,20.0,82,0.8,952.6,19.76
2002-09-21,23.6,27.9,20.8,86,1.5,951.5,16.59
2002-09-22,24.2,28.6,21.3,86,0.9,950.1,16.11
2002-09-23,23.9,27.7,21.4,89,1.2,950.3,14.82
2002-09-24,24.1,28.6,21.5,85,0.8,949.6,17.6
2002-09-25,23.7,28.5,20.5,82,2.0,950.3,17.94
2002-09-26,24.1,29.1,20.9,83,0.7,951.5,18.81
2002-09-27,24.9,29.9,21.0,82,1.0,951.1,19.18
2002-09-28,24.6,30.3,20.8,84,5.0,951.1,17.77
2002-09-29,25.4,30.5,21.3,82,2.9,951.3,18.16
2002-09-30,26.8,31.7,22.6,67,0.0,950.8,19.02
2002-10-01,26.9,32.4,22.6,63,0.0,951.3,19.9
2002-10-02,27.0,33.0,21.1,57,0.0,952.1,21.16
2002-10-03,26.8,32.7,22.0,70,0.0,951.8,20.92
2002-10-04,27.9,33.9,22.9,63,0.0,950.9,20.31
2002-10-05,27.9,33.3,23.2,61,0.0,950.5,19.2
2002-10-06,28.8,34.5,23.3,51,0.0,950.8,21.74
2002-10-07,28.6,34.2,22.5,50,0.0,951.0,21.23
2002-10-08,28.0,34.6,21.2,47,0.0,950.7,22.91
2002-10-09,27.9,34.0,21.3,51,0.0,950.9,21.51
2002-10-10,26.7,32.6,23.0,71,7.1,951.9,18.28
2002-10-11,24.9,28.4,22.3,84,5.7,951.0,11.1
2002-10-12,24.7,27.6,22.8,85,1.6,948.0,8.04
2002-10-13,25.6,29.7,22.0,76,0.0,947.8,13.17
2002-10-14,26.2,31.6,21.1,65,0.0,947.9,19.21
2002-10-15,26.3,32.2,21.1,62,1.9,948.4,21.49
2002-10-16,23.3,26.2,22.1,91,29.6,948.5,4.38
2002-10-17,24.0,27.6,21.6,86,2.9,950.2,15.79
2002-10-18,24.6,29.8,21.0,80,0.1,950.6,18.59
2002-10-19,24.5,30.2,20.5,80,1.0,950.7,18.93
2002-10-20,25.3,30.0,21.0,76,0.1,952.0,18.93
2002-10-21,24.9,29.8,22.2,82,3.3,953.0,11.66
2002-10-22,25.3,30.0,21.6,73,0.0,952.2,15.5
2002-10-23,26.1,31.3,21.9,63,0.0,951.2,18.38
2002-10-24,25.6,31.5,20.6,48,0.0,950.9,22.0
2002-10-25,24.9,31.5,18.6,53,0.0,952.1,22.03
2002-10-26,24.7,31.2,18.3,49,0.0,952.6,21.69
2002-10-27,23.6,30.9,17.8,43,0.0,951.4,22.16
2002-10-28,23.4,30.9,17.3,43,0.0,950.3,22.34
2002-10-29,23.7,31.0,16.9,40,0.0,950.4,22.22
2002-10-30,23.4,31.1,16.1,44,0.0,951.6,21.95
2002-10-31,23.6,31.2,16.4,44,0.0,952.5,20.99
2002-11-01,23.5,31.4,15.9,43,0.0,952.3,21.51
2002-11-02,23.9,30.7,16.8,50,0.0,953.3,21.11
2002-11-03,24.8,31.2,17.8,52,0.0,953.9,21.0
2002-11-04,24.8,31.4,17.8,44,0.0,953.6,21.07
2002-11-05,24.5,31.3,17.3,43,0.0,952.8,20.61
2002-11-06,24.5,30.9,16.8,44,0.0,952.1,16.25
2002-11-07,24.8,30.4,18.4,50,0.0,953.2,16.75
2002-11-08,24.5,31.2,17.7,43,0.0,953.0,19.84
2002-11-09,24.5,31.3,17.7,44,0.0,952.1,19.25
2002-11-10,24.8,29.6,20.1,59,0.6,951.4,14.43
2002-11-11,23.0,27.5,19.2,75,4.8,950.5,13.57
2002-11-12,22.9,28.4,18.1,73,0.1,949.7,16.47
2002-11-13,23.9,29.5,18.4,66,0.0,950.7,15.67
2002-11-14,24.2,29.2,19.1,63,0.0,951.4,14.14
2002-11-15,25.1,31.1,19.8,56,0.0,952.1,17.22
2002-11-16,25.0,31.3,18.8,49,0.0,953.5,19.14
2002-11-17,24.2,31.2,17.7,43,0.0,953.6,19.86
2002-11-18,23.1,30.3,15.7,38,0.0,953.1,20.28
2002-11-19,22.4,29.9,15.9,39,0.0,952.2,19.97
2002-11-20,22.7,30.5,16.2,40,0.0,952.1,19.92
2002-11-21,23.0,30.7,15.7,42,0.0,952.6,19.73
2002-11-22,23.1,30.8,16.3,42,0.0,952.4,19.7
2002-11-23,23.3,30.7,16.1,44,0.0,952.2,19.53
2002-11-24,24.2,31.2,18.7,51,0.0,952.0,19.48
2002-11-25,24.4,31.5,18.8,54,0.0,951.4,19.17
2002-11-26,25.5,32.0,19.8,44,0.0,952.3,19.07
2002-11-27,25.5,32.3,19.3,42,0.0,953.5,19.11
2002-11-28,25.3,32.3,18.7,44,0.0,954.7,19.11
2002-11-29,25.3,31.7,20.1,44,0.0,955.2,19.07
2002-11-30,24.8,32.3,19.8,44,0.0,953.7,19.15
2002-12-01,24.3,31.5,19.1,39,0.0,952.2,19.09
2002-12-02,24.2,31.0,17.2,45,0.0,952.9,18.87
2002-12-03,24.5,31.0,17.7,51,0.0,953.7,18.66
2002-12-04,24.8,30.9,20.2,55,0.0,953.4,16.58
2002-12-05,24.8,30.6,18.5,54,0.0,953.0,17.65
2002-12-06,24.2,30.7,17.5,51,0.0,952.9,18.52
2002-12-07,23.7,30.8,16.4,50,0.0,953.5,18.66
2002-12-08,23.8,30.8,16.8,51,0.0,954.7,18.23
2002-12-09,23.7,30.5,17.5,46,0.0,956.0,17.9
2002-12-10,23.2,30.2,17.5,42,0.0,955.6,18.91
2002-12-11,23.0,30.1,17.1,43,0.0,955.9,18.58
2002-12-12,22.8,29.9,16.4,49,0.0,957.0,18.6
2002-12-13,22.9,30.0,16.1,49,0.0,957.5,18.18
2002-12-14,23.4,30.8,16.8,50,0.0,956.9,18.53
2002-12-15,23.6,31.5,16.6,48,0.0,955.1,18.74
2002-12-16,23.4,30.9,16.6,46,0.0,954.8,18.71
2002-12-17,24.0,31.0,17.5,45,0.0,954.1,18.64
2002-12-18,24.0,31.5,18.6,45,0.0,953.0,18.72
2002-12-19,24.2,31.1,19.3,43,0.0,952.0,18.67
2002-12-20,24.1,31.1,19.3,34,0.0,951.7,18.84
2002-12-21,24.0,30.2,19.2,35,0.0,951.8,18.61
2002-12-22,23.5,30.2,17.4,44,0.0,951.7,18.47
2002-12-23,23.8,30.7,19.2,46,0.0,951.8,18.62
2002-12-24,21.9,29.2,16.1,52,0.0,951.8,18.72
2002-12-25,21.4,28.5,15.9,44,0.0,952.9,19.04
2002-12-26,22.0,28.6,17.0,45,0.0,954.0,18.62
2002-12-27,22.0,28.4,16.7,49,0.0,953.6,18.33
2002-12-28,22.2,28.3,16.5,49,0.0,953.1,16.23
2002-12-29,22.7,29.4,18.3,52,0.0,953.4,17.24
2002-12-30,20.8,27.3,16.3,60,0.0,953.4,18.67
2002-12-31,19.3,24.5,15.4,67,0.0,952.6,15.71
2003-01-01,18.4,26.0,10.6,51,0.0,952.9,19.04
2003-01-02,20.7,27.8,13.4,55,0.0,953.8,16.74
2003-01-03,22.9,29.0,17.0,57,0.0,954.4,14.76
2003-01-04,23.5,28.7,18.7,56,0.0,954.5,13.57
2003-01-05,23.2,29.2,16.7,58,0.0,954.9,16.98
2003-01-06,24.4,30.4,17.7,51,0.0,955.8,18.26
2003-01-07,24.3,29.8,19.2,52,0.0,955.6,15.49
2003-01-08,24.2,30.2,17.8,55,0.0,954.0,17.82
2003-01-09,24.4,30.6,18.2,53,0.0,954.2,17.07
2003-01-10,24.0,29.0,18.8,59,0.0,954.9,14.68
2003-01-11,24.0,29.5,19.1,56,0.1,955.3,15.74
2003-01-12,23.7,29.4,18.1,58,0.2,955.7,16.01
2003-01-13,23.3,28.1,18.0,59,0.0,955.7,13.84
2003-01-14,22.9,28.3,17.2,61,0.0,955.9,15.11
2003-01-15,23.0,28.5,17.8,54,0.0,956.7,16.19
2003-01-16,21.5,27.9,14.9,40,0.0,955.7,19.89
2003-01-17,20.2,27.3,12.4,34,0.0,955.2,20.53
2003-01-18,20.9,27.9,13.6,37,0.0,955.4,18.84
2003-01-19,22.7,29.0,17.9,45,0.0,954.6,16.32
2003-01-20,23.0,30.4,15.8,56,0.0,953.3,19.22
2003-01-21,24.3,31.4,17.3,58,0.0,953.4,19.05
2003-01-22,24.7,31.3,19.2,58,0.0,953.0,18.18
2003-01-23,24.5,32.0,19.2,53,0.0,951.2,19.9
2003-01-24,23.5,31.8,17.3,40,0.0,950.2,20.84
2003-01-25,23.8,31.5,16.4,41,0.0,950.8,19.83
2003-01-26,24.9,32.3,17.4,42,0.0,952.6,19.66
2003-01-27,25.8,32.1,21.3,55,0.0,953.6,18.33
2003-01-28,24.8,31.8,19.5,63,0.0,953.4,19.02
2003-01-29,23.8,30.7,17.7,52,0.0,953.6,20.28
2003-01-30,24.3,31.8,18.1,41,0.0,953.2,20.62
2003-01-31,25.0,32.5,19.7,40,0.0,953.3,20.89
2003-02-01,24.2,32.2,17.5,47,0.0,953.3,20.89
2003-02-02,24.0,31.6,17.5,63,0.0,954.6,20.11
2003-02-03,24.3,31.0,19.1,59,0.0,953.8,18.46
2003-02-04,24.0,31.4,17.4,58,0.0,953.4,20.46
2003-02-05,24.5,32.0,17.4,57,0.0,953.6,20.8
2003-02-06,25.4,31.7,20.0,52,0.0,953.0,18.39
2003-02-07,25.4,31.1,20.5,53,0.2,951.9,18.03
2003-02-08,24.7,31.7,19.4,39,0.0,950.5,21.25
2003-02-09,23.6,31.7,17.0,43,0.0,949.4,21.51
2003-02-10,24.0,32.0,16.1,46,0.0,949.9,21.95
2003-02-11,25.5,32.7,18.8,41,0.0,950.8,21.81
2003-02-12,25.9,33.1,20.2,40,0.0,951.4,21.69
2003-02-13,25.5,33.7,19.1,42,0.0,951.4,22.11
2003-02-14,25.1,33.5,17.3,44,0.0,950.9,22.39
2003-02-15,26.3,34.1,20.6,41,0.0,952.4,22.37
2003-02-16,25.3,33.7,18.5,45,0.0,953.2,22.65
2003-02-17,24.4,33.1,17.2,41,0.0,952.3,22.89
2003-02-18,22.6,31.1,14.8,47,0.0,952.1,23.12
2003-02-19,23.0,28.6,18.0,69,1.1,952.9,18.86
2003-02-20,22.3,30.8,13.9,56,0.0,953.3,23.2
2003-02-21,24.8,32.7,17.7,39,0.0,954.5,23.04
2003-02-22,26.0,33.6,19.6,38,0.0,953.8,23.08
2003-02-23,26.4,33.9,20.9,41,0.0,952.7,23.13
2003-02-24,26.5,34.2,20.6,37,0.0,952.5,23.35
2003-02-25,26.0,34.0,19.6,41,0.0,952.2,23.52
2003-02-26,25.6,33.4,18.1,47,0.0,951.5,23.46
2003-02-27,26.6,34.6,19.5,49,0.0,952.2,23.3
2003-02-28,27.9,35.5,21.0,43,0.0,952.0,23.27
2003-03-01,27.8,35.3,22.6,42,0.0,951.5,23.01
2003-03-02,26.8,35.4,19.1,52,0.0,951.6,23.68
2003-03-03,26.7,34.9,19.1,49,0.0,951.7,23.37
2003-03-04,26.5,34.6,18.4,31,0.0,950.7,24.38
2003-03-05,26.2,34.2,17.7,20,0.0,950.9,24.71
2003-03-06,26.6,34.9,18.3,24,0.0,951.6,24.84
2003-03-07,27.1,35.4,18.6,24,0.0,951.3,24.81
2003-03-08,27.5,35.8,18.7,29,0.0,950.8,23.89
2003-03-09,27.7,36.3,20.6,34,0.0,951.3,24.87
2003-03-10,26.8,35.8,18.8,35,0.0,951.2,24.57
2003-03-11,25.9,34.8,18.1,42,0.0,950.4,25.45
2003-03-12,26.3,34.7,17.9,44,0.0,950.8,25.47
2003-03-13,27.3,35.2,19.8,34,0.0,952.9,25.23
2003-03-14,28.4,36.4,21.9,32,0.0,953.7,25.23
2003-03-15,27.5,35.9,21.6,30,0.0,951.5,25.51
2003-03-16,25.9,34.1,18.9,32,0.0,950.7,26.24
2003-03-17,25.3,33.9,17.7,41,0.0,952.0,26.31
2003-03-18,25.6,34.9,17.5,44,0.0,952.7,25.99
2003-03-19,26.2,34.7,18.1,49,0.0,952.0,25.84
2003-03-20,27.8,36.0,21.7,44,0.0,951.5,24.51
2003-03-21,28.7,36.2,20.9,38,0.0,950.9,25.5
2003-03-22,30.3,36.9,23.8,30,0.0,952.5,23.83
2003-03-23,30.4,37.4,22.8,26,0.0,953.0,24.42
2003-03-24,29.9,38.0,22.4,32,0.0,952.1,25.29
2003-03-25,29.9,36.8,23.2,41,0.6,951.4,22.99
2003-03-26,29.3,37.6,21.2,44,0.0,952.3,25.75
2003-03-27,29.0,37.3,20.7,35,0.0,952.1,26.72
2003-03-28,29.2,38.0,20.8,37,0.0,950.7,26.33
2003-03-29,28.3,36.4,20.3,34,0.0,950.0,26.79
2003-03-30,28.3,37.9,18.8,36,0.0,950.2,26.95
2003-03-31,28.7,37.1,20.1,42,0.0,951.1,27.08
2003-04-01,29.8,38.1,21.7,35,0.0,950.0,26.86
2003-04-02,29.5,38.6,22.1,38,0.0,949.0,26.87
2003-04-03,27.1,34.9,20.7,49,0.0,949.3,26.82
2003-04-04,26.0,33.7,20.7,61,0.2,950.0,25.14
2003-04-05,25.8,33.6,19.3,62,0.0,950.2,25.63
2003-04-06,27.4,36.6,19.2,55,0.0,950.6,24.66
2003-04-07,28.5,36.9,23.9,49,3.2,952.4,21.45
2003-04-08,28.6,35.9,22.7,53,0.9,952.6,23.72
2003-04-09,29.6,36.2,23.3,47,0.0,950.8,22.41
2003-04-10,30.0,37.1,23.4,41,0.2,950.4,20.35
2003-04-11,29.1,36.4,24.5,51,4.2,952.5,23.31
2003-04-12,29.4,36.5,23.0,35,0.0,952.4,24.47
2003-04-13,29.3,37.4,21.5,29,0.0,950.6,26.97
2003-04-14,29.6,38.1,21.2,28,0.0,951.0,27.03
2003-04-15,30.4,39.0,22.6,38,0.0,950.9,26.13
2003-04-16,30.7,39.5,22.0,41,0.1,951.7,26.64
2003-04-17,30.2,38.7,22.2,47,0.0,951.2,26.86
2003-04-18,29.3,37.4,23.3,52,0.0,951.2,26.38
2003-04-19,28.5,36.7,21.6,51,0.0,949.5,26.38
2003-04-20,28.6,37.0,21.1,41,0.0,948.6,27.65
2003-04-21,29.6,39.2,20.8,41,0.0,949.2,27.75
2003-04-22,31.0,39.4,23.1,49,0.0,950.4,25.08
2003-04-23,31.1,40.3,23.2,47,0.0,951.3,25.52
2003-04-24,30.4,38.3,23.8,49,0.1,950.8,24.18
2003-04-25,30.9,39.1,22.8,32,0.0,949.1,26.97
2003-04-26,30.8,38.4,22.9,37,0.0,948.2,23.12
2003-04-27,30.4,38.2,23.5,47,0.1,948.0,25.27
2003-04-28,31.1,38.8,24.3,47,0.8,948.1,23.42
2003-04-29,31.0,39.1,24.1,49,0.0,949.6,23.69
2003-04-30,31.3,38.9,24.7,48,0.0,949.7,20.78
2003-05-01,30.5,38.8,23.3,48,0.0,948.4,26.27
2003-05-02,29.6,38.6,22.3,48,0.0,947.6,26.87
2003-05-03,28.6,36.8,22.1,51,0.0,948.4,26.74
2003-05-04,27.9,35.9,21.7,56,0.0,948.3,27.59
2003-05-05,27.7,36.6,20.8,52,0.0,948.1,28.15
2003-05-06,26.9,36.2,18.9,50,0.0,949.4,28.59
2003-05-07,27.6,37.4,19.8,57,0.0,949.8,28.06
2003-05-08,28.5,38.2,20.2,54,0.0,949.8,28.13
2003-05-09,30.4,39.9,21.0,53,0.0,949.3,26.64
2003-05-10,32.6,41.3,23.4,40,0.0,949.2,26.37
2003-05-11,32.1,41.7,22.8,44,0.0,947.8,26.94
2003-05-12,31.1,40.6,23.5,49,0.0,947.3,24.78
2003-05-13,30.0,38.7,24.0,49,0.0,947.4,25.53
2003-05-14,28.6,36.8,22.5,57,0.0,947.6,25.11
2003-05-15,28.1,36.3,22.5,66,0.4,948.0,23.46
2003-05-16,29.0,38.2,22.6,61,0.0,948.3,27.01
2003-05-17,28.3,36.4,22.5,60,0.0,948.7,27.37
2003-05-18,26.9,34.6,21.4,62,0.0,949.0,27.39
2003-05-19,27.2,33.2,22.3,66,0.0,950.0,22.95
2003-05-20,27.8,35.0,22.7,67,0.0,951.1,23.95
2003-05-21,28.1,36.1,22.4,65,0.0,951.7,26.49
2003-05-22,27.6,34.8,22.4,62,0.0,950.8,26.25
2003-05-23,27.3,34.5,21.6,64,0.0,950.3,25.66
2003-05-24,28.1,36.0,22.1,65,0.0,950.8,25.52
2003-05-25,28.7,37.7,22.1,62,0.0,951.3,27.03
2003-05-26,28.5,37.2,22.2,60,0.0,951.6,27.32
2003-05-27,28.0,35.9,22.2,62,0.0,950.3,25.72
2003-05-28,27.9,36.0,21.9,61,0.0,949.5,26.5
2003-05-29,27.7,34.7,21.9,65,0.0,950.4,23.12
2003-05-30,28.0,34.7,23.1,67,0.3,950.6,20.72
2003-05-31,28.9,36.5,24.1,63,0.7,950.5,24.61
2003-06-01,29.1,36.6,22.7,60,0.0,948.8,24.63
2003-06-02,28.4,37.0,22.3,62,0.0,947.9,26.99
2003-06-03,27.7,35.2,22.2,65,0.0,947.7,25.98
2003-06-04,27.5,35.0,22.1,64,0.0,947.7,26.6
2003-06-05,27.2,34.5,21.7,64,0.0,947.4,25.55
2003-06-06,27.6,33.5,23.2,67,0.0,947.4,22.27
2003-06-07,28.4,34.4,23.8,68,0.1,947.3,21.71
2003-06-08,28.9,36.8,24.4,68,0.7,947.7,23.15
2003-06-09,28.8,35.5,24.5,69,0.9,947.8,22.03
2003-06-10,27.4,33.7,24.5,75,5.8,947.1,15.72
2003-06-11,26.9,31.6,23.8,76,1.7,946.6,15.22
2003-06-12,25.8,30.9,23.6,82,9.4,947.0,14.7
2003-06-13,25.1,29.5,23.3,88,97.8,947.0,14.46
2003-06-14,25.3,29.6,23.5,86,7.5,946.5,13.59
2003-06-15,24.6,28.4,22.8,89,12.5,944.1,10.22
2003-06-16,23.6,25.2,23.1,95,25.9,943.1,4.24
2003-06-17,24.4,26.7,22.8,88,3.3,944.0,11.88
2003-06-18,24.5,26.6,23.3,88,4.8,945.0,12.36
2003-06-19,23.1,24.6,22.2,96,25.1,943.7,2.73
2003-06-20,23.6,26.9,21.9,91,3.5,942.7,10.97
2003-06-21,23.8,26.3,22.6,92,6.6,941.9,7.6
2003-06-22,25.0,27.5,23.4,87,5.6,942.7,14.64
2003-06-23,25.2,28.0,23.7,85,3.6,944.1,15.21
2003-06-24,24.9,27.6,23.5,86,0.2,944.8,9.73
2003-06-25,23.9,25.6,22.6,91,6.2,945.2,7.21
2003-06-26,23.5,25.9,22.5,93,8.1,945.5,7.98
2003-06-27,23.7,26.1,22.7,93,12.8,946.0,7.13
2003-06-28,23.7,25.7,22.8,91,5.4,946.7,8.12
2003-06-29,23.0,24.4,22.1,95,14.8,945.9,4.5
2003-06-30,24.2,26.8,22.7,88,2.3,944.9,13.86
2003-07-01,24.7,27.5,23.1,85,3.9,944.5,15.71
2003-07-02,24.6,28.1,22.7,86,3.6,945.0,12.54
2003-07-03,24.5,27.5,22.7,86,2.7,945.4,11.41
2003-07-04,24.0,27.7,22.4,87,12.6,944.6,13.99
2003-07-05,23.8,26.7,22.5,90,11.4,944.2,10.65
2003-07-06,23.9,26.7,22.7,89,8.5,945.3,11.77
2003-07-07,23.0,25.4,22.1,94,16.6,946.9,7.11
2003-07-08,22.9,25.5,21.8,93,25.1,946.6,9.43
2003-07-09,23.0,24.8,22.1,95,21.5,946.0,6.88
2003-07-10,23.7,26.7,22.0,89,4.1,946.2,11.78
2003-07-11,23.8,26.7,22.1,88,2.3,945.7,13.05
2003-07-12,24.0,26.7,22.6,89,4.4,945.4,13.23
2003-07-13,24.3,26.9,22.9,88,3.5,944.9,13.2
2003-07-14,24.5,27.6,22.9,86,5.6,944.9,15.0
2003-07-15,24.0,26.3,22.8,89,4.6,944.9,10.61
2003-07-16,23.3,25.6,22.5,91,9.3,944.9,7.73
2003-07-17,23.7,26.6,22.2,89,4.8,946.0,12.92
2003-07-18,24.0,27.1,22.5,88,9.8,947.8,13.19
2003-07-19,23.9,26.3,22.6,89,2.6,947.2,10.71
2003-07-20,24.4,27.3,22.6,85,1.9,946.7,13.64
2003-07-21,24.4,27.4,22.6,85,0.5,947.6,15.47
2003-07-22,24.5,27.5,23.0,85,2.7,947.2,16.11
2003-07-23,23.6,25.6,22.7,92,8.5,945.4,8.82
2003-07-24,22.7,24.0,21.4,96,44.7,944.9,5.02
2003-07-25,22.7,23.7,22.1,95,50.5,944.4,4.03
2003-07-26,23.3,25.4,22.2,90,24.1,943.9,11.6
2003-07-27,22.8,23.5,22.3,94,40.8,943.1,3.83
2003-07-28,23.5,25.3,22.5,91,16.7,944.7,8.11
2003-07-29,24.2,26.5,22.7,86,3.6,948.0,15.34
2003-07-30,24.4,27.6,22.5,84,3.0,949.1,17.65
2003-07-31,24.5,27.6,22.5,84,0.7,948.8,17.67
2003-08-01,24.0,26.9,22.3,85,2.7,948.8,15.14
2003-08-02,23.4,25.6,21.9,87,1.6,949.1,11.97
2003-08-03,22.8,24.2,22.1,90,7.6,949.7,6.71
2003-08-04,23.0,24.9,22.1,92,14.9,949.4,9.77
2003-08-05,23.6,26.7,22.1,89,12.4,948.1,15.38
2003-08-06,23.2,24.7,22.1,92,11.2,946.0,9.39
2003-08-07,23.8,26.3,22.2,87,3.2,945.4,13.67
2003-08-08,23.0,24.9,22.1,93,15.0,945.8,6.37
2003-08-09,23.8,26.6,22.1,87,1.5,945.7,12.53
2003-08-10,24.0,26.9,22.2,86,2.0,946.6,15.9
2003-08-11,24.1,27.4,22.3,85,1.6,948.4,15.95
2003-08-12,23.9,26.7,22.3,86,2.1,949.0,13.69
2003-08-13,23.8,26.2,22.2,87,2.9,948.4,14.0
2003-08-14,23.6,25.8,22.3,88,5.6,948.0,12.72
2003-08-15,23.5,25.9,22.2,87,2.3,948.0,11.87
2003-08-16,24.0,27.0,22.2,86,3.3,949.2,16.71
2003-08-17,24.0,27.2,22.2,86,3.0,949.8,17.51
2003-08-18,23.8,26.9,22.2,86,4.0,949.0,17.1
2003-08-19,23.0,24.8,22.1,90,7.2,947.1,9.26
2003-08-20,23.3,26.2,21.6,88,6.5,945.2,14.82
2003-08-21,24.0,27.3,22.1,84,1.9,945.6,15.36
2003-08-22,23.4,26.1,21.9,89,4.9,946.3,9.36
2003-08-23,22.6,24.5,21.9,92,12.8,945.9,5.76
2003-08-24,23.0,25.2,21.8,92,8.8,944.7,9.48
2003-08-25,23.4,25.8,21.8,88,5.5,946.5,14.7
2003-08-26,23.3,26.2,21.5,88,5.5,947.2,14.51
2003-08-27,23.1,25.6,21.5,88,5.8,948.3,15.56
2003-08-28,22.9,25.7,21.4,88,5.7,948.7,13.69
2003-08-29,22.7,25.1,21.5,90,6.6,948.5,8.57
2003-08-30,23.1,26.0,21.8,88,3.2,948.8,12.15
2003-08-31,23.3,26.1,21.6,86,3.6,948.8,16.59
2003-09-01,23.4,26.1,21.9,85,3.1,948.9,16.4
2003-09-02,23.2,26.1,21.9,88,4.0,948.4,14.96
2003-09-03,22.8,24.4,21.9,91,3.5,948.3,6.55
2003-09-04,23.1,25.9,21.7,87,3.2,949.0,13.89
2003-09-05,23.3,26.4,21.7,88,3.0,948.3,14.29
2003-09-06,23.2,26.2,21.7,87,2.1,948.5,14.37
2003-09-07,23.2,26.5,21.4,85,2.6,949.8,16.37
2003-09-08,23.2,26.4,21.1,86,3.0,949.5,15.65
2003-09-09,23.4,27.0,21.1,83,0.3,949.1,17.92
2003-09-10,22.9,26.2,21.0,86,3.4,949.0,16.13
2003-09-11,22.8,25.6,21.2,87,1.1,949.4,11.7
2003-09-12,23.5,26.8,21.4,84,3.8,948.7,18.13
2003-09-13,23.3,26.7,21.5,86,3.0,948.8,15.71
2003-09-14,23.3,26.6,21.1,86,1.4,949.0,16.16
2003-09-15,23.4,27.1,21.2,86,1.5,948.8,15.94
2003-09-16,23.9,27.8,21.4,83,1.4,949.1,16.89
2003-09-17,23.8,28.1,20.8,82,0.9,949.7,17.43
2003-09-18,23.9,28.0,21.2,83,1.0,951.0,17.31
2003-09-19,23.8,27.9,21.2,83,0.9,951.4,17.39
2003-09-20,24.1,27.9,21.7,82,1.4,950.9,16.36
2003-09-21,24.0,27.6,21.6,83,0.6,951.1,16.81
2003-09-22,23.3,26.8,21.1,87,1.6,950.9,14.06
2003-09-23,23.0,26.3,21.2,88,5.6,949.9,11.12
2003-09-24,23.4,26.2,21.1,84,1.1,949.2,11.42
2003-09-25,23.2,26.0,20.9,88,8.7,949.7,10.42
2003-09-26,22.7,26.0,20.3,88,9.2,948.7,6.42
2003-09-27,23.2,25.5,21.5,92,25.3,946.8,7.38
2003-09-28,23.5,26.8,21.4,91,11.5,946.3,10.01
2003-09-29,24.0,27.6,21.6,88,3.2,947.9,14.09
2003-09-30,24.3,29.0,20.8,85,1.8,948.4,18.23
2003-10-01,24.7,29.7,21.3,88,10.3,948.7,17.02
2003-10-02,25.2,30.0,22.1,86,3.3,949.0,18.07
2003-10-03,25.5,30.7,21.1,74,0.0,949.5,21.78
2003-10-04,25.2,30.4,20.6,71,0.0,949.3,22.0
2003-10-05,24.3,30.1,19.5,67,0.0,948.1,23.27
2003-10-06,24.8,30.4,20.4,66,0.0,947.3,23.23
2003-10-07,24.5,29.5,20.7,85,5.6,947.1,17.72
2003-10-08,24.6,29.4,21.4,84,2.0,947.8,15.96
2003-10-09,24.3,29.1,21.8,86,3.3,949.6,16.47
2003-10-10,24.4,28.4,21.8,84,2.9,950.4,15.31
2003-10-11,25.4,30.0,22.5,76,0.3,950.5,16.88
2003-10-12,26.0,31.5,21.3,68,0.0,950.6,17.8
2003-10-13,26.4,32.4,21.3,61,0.0,952.1,18.22
2003-10-14,26.0,31.7,20.4,61,0.0,953.0,17.9
2003-10-15,25.8,32.1,21.1,53,0.0,952.5,22.06
2003-10-16,25.0,31.9,19.1,52,0.0,951.8,22.67
2003-10-17,24.8,32.2,19.1,53,0.0,951.3,22.88
2003-10-18,25.4,32.3,19.6,59,0.0,951.3,22.55
2003-10-19,26.1,32.7,21.4,63,0.0,951.7,21.65
2003-10-20,26.9,33.1,21.9,62,0.0,951.9,19.97
2003-10-21,26.5,32.9,21.1,54,0.0,951.2,21.0
2003-10-22,26.0,33.0,20.0,53,0.0,951.2,21.08
2003-10-23,26.0,32.8,20.9,47,0.0,951.6,21.33
2003-10-24,25.4,31.5,20.5,49,0.0,950.8,21.83
2003-10-25,24.3,31.0,18.4,65,0.0,951.2,20.44
2003-10-26,24.6,31.7,18.1,57,0.0,951.4,21.6
2003-10-27,24.9,31.4,18.4,41,0.0,952.0,22.32
2003-10-28,25.8,31.6,19.0,44,0.0,953.5,21.57
2003-10-29,26.1,31.6,19.1,50,0.0,953.8,19.77
2003-10-30,26.1,31.1,21.9,70,0.3,953.2,17.09
2003-10-31,25.6,31.6,21.3,77,5.2,952.3,16.51
2003-11-01,25.6,31.3,22.1,79,4.4,952.1,16.49
2003-11-02,25.6,31.0,21.0,76,1.3,953.2,16.34
2003-11-03,26.5,31.8,22.2,64,0.0,953.8,17.2
2003-11-04,26.2,31.4,21.5,60,0.0,953.7,17.75
2003-11-05,26.2,31.0,21.9,56,0.0,953.0,15.76
2003-11-06,25.7,31.6,18.9,49,0.0,952.5,20.33
2003-11-07,24.8,31.3,17.4,43,0.0,951.6,21.04
2003-11-08,24.6,32.2,16.8,45,0.0,951.5,20.58
2003-11-09,25.6,32.1,19.5,41,0.0,952.4,20.21
2003-11-10,25.2,32.0,18.6,46,0.0,953.1,20.4
2003-11-11,24.7,31.7,17.8,46,0.0,953.1,20.43
2003-11-12,24.3,30.9,17.8,45,0.0,953.5,20.39
2003-11-13,23.3,29.7,16.5,47,0.0,953.5,20.19
2003-11-14,23.8,29.8,17.8,52,0.0,954.6,17.11
2003-11-15,24.2,29.9,17.8,62,0.0,954.6,15.21
2003-11-16,24.9,30.9,19.2,61,0.0,953.4,18.1
2003-11-17,25.3,31.4,20.0,59,0.0,952.2,18.72
2003-11-18,26.1,31.6,21.1,59,0.0,952.1,15.76
2003-11-19,26.1,31.8,20.4,54,0.0,952.9,19.34
2003-11-20,24.9,31.8,18.6,46,0.0,953.2,19.7
2003-11-21,23.8,31.1,16.4,45,0.0,954.2,19.84
2003-11-22,24.3,31.2,16.3,44,0.0,954.7,19.49
2003-11-23,24.6,30.8,17.9,46,0.0,954.2,16.9
2003-11-24,24.8,31.2,18.8,49,0.0,955.2,19.27
2003-11-25,24.2,30.9,17.4,47,0.0,955.8,19.4
2003-11-26,23.5,30.7,16.7,44,0.0,953.8,19.58
2003-11-27,24.0,30.8,15.9,40,0.0,952.0,19.63
2003-11-28,23.7,30.9,16.0,49,0.0,951.7,19.29
2003-11-29,24.2,31.2,16.6,48,0.0,953.3,19.02
2003-11-30,24.4,31.1,17.7,51,0.0,953.8,18.44
2003-12-01,24.8,31.0,19.4,53,0.0,954.2,17.5
2003-12-02,24.5,30.7,17.9,53,0.0,953.7,18.64
2003-12-03,24.5,30.7,18.6,50,0.0,952.4,18.52
2003-12-04,23.7,30.3,16.9,46,0.0,952.2,18.8
2003-12-05,23.1,30.6,16.1,38,0.0,953.6,19.12
2003-12-06,22.5,30.7,14.9,34,0.0,954.4,19.36
2003-12-07,22.8,30.4,16.6,35,0.0,954.5,19.1
2003-12-08,22.6,30.0,15.0,40,0.0,954.4,19.04
2003-12-09,22.9,30.3,15.9,38,0.0,953.6,18.89
2003-12-10,23.3,30.7,15.1,39,0.0,953.2,18.86
2003-12-11,23.2,30.6,14.9,43,0.0,952.6,18.61
2003-12-12,23.5,30.6,15.8,48,0.0,953.0,18.5
2003-12-13,23.6,30.5,16.0,48,0.0,953.7,18.46
2003-12-14,23.0,30.6,15.7,45,0.0,953.2,18.62
2003-12-15,22.3,30.3,15.0,41,0.0,951.7,18.86
2003-12-16,22.3,29.4,17.4,43,0.0,951.0,18.91
2003-12-17,21.8,28.6,15.1,43,0.0,952.6,18.87
2003-12-18,21.4,29.0,13.6,47,0.0,953.6,18.76
2003-12-19,21.7,29.1,13.6,46,0.0,954.7,18.77
2003-12-20,22.0,28.9,13.9,45,0.0,955.9,18.64
2003-12-21,21.3,28.3,13.6,44,0.0,955.7,18.59
2003-12-22,21.4,27.8,13.9,42,0.0,955.2,18.64
2003-12-23,20.9,27.7,13.2,42,0.0,954.9,18.86
2003-12-24,21.4,27.9,14.0,44,0.0,954.9,18.68
2003-12-25,22.1,29.2,14.7,48,0.0,953.7,18.11
2003-12-26,22.5,28.0,16.5,61,0.0,952.2,16.0
2003-12-27,22.4,29.0,17.5,56,0.0,953.4,18.0
2003-12-28,20.7,27.9,12.8,52,0.0,955.0,19.05
2003-12-29,21.5,28.4,14.7,60,0.0,956.7,17.88
2003-12-30,22.1,28.8,15.2,58,0.0,956.7,18.63
2003-12-31,21.7,28.9,14.1,52,0.0,955.7,18.9
2004-01-01,22.2,29.4,16.4,51,0.0,954.5,18.92
2004-01-02,22.5,29.4,17.8,45,0.0,954.0,18.63
2004-01-03,23.1,29.9,18.4,49,0.0,954.2,18.8
2004-01-04,22.7,29.6,15.2,52,0.0,953.8,18.78
2004-01-05,22.3,29.1,15.1,57,0.0,953.8,18.7
2004-01-06,22.0,28.8,16.4,58,0.0,953.6,18.05
2004-01-07,21.6,26.9,16.6,56,0.0,954.4,15.58
2004-01-08,22.4,28.4,17.2,52,0.0,956.1,17.71
2004-01-09,21.6,28.3,15.2,43,0.0,956.4,19.47
2004-01-10,20.4,27.7,12.9,43,0.0,955.9,19.58
2004-01-11,20.8,28.7,12.6,38,0.0,955.0,19.78
2004-01-12,21.3,29.2,13.6,35,0.0,954.3,19.81
2004-01-13,22.6,29.8,14.6,34,0.0,953.2,19.65
2004-01-14,23.2,31.1,17.1,40,0.0,951.8,19.86
2004-01-15,23.8,31.4,18.4,37,0.0,952.5,19.94
2004-01-16,24.2,31.9,18.5,42,0.0,953.4,19.92
2004-01-17,23.8,31.5,17.5,59,0.0,952.3,19.59
2004-01-18,23.6,30.9,17.5,55,0.0,952.0,19.32
2004-01-19,23.9,31.0,18.5,44,0.0,951.1,19.85
2004-01-20,23.6,31.3,18.3,50,0.0,950.2,19.71
2004-01-21,21.1,26.9,16.7,71,0.0,950.0,15.44
2004-01-22,20.2,26.8,15.1,75,0.0,950.2,14.69
2004-01-23,20.3,27.2,14.7,61,0.0,950.9,20.35
2004-01-24,20.3,28.0,12.4,52,0.0,951.0,20.51
2004-01-25,20.9,29.2,14.1,55,0.0,950.7,19.8
2004-01-26,21.1,28.7,15.3,60,0.0,951.2,20.13
2004-01-27,21.6,28.2,15.6,56,0.0,950.6,17.07
2004-01-28,22.8,30.0,17.5,61,0.0,949.9,17.95
2004-01-29,21.6,29.2,17.1,68,0.0,950.1,19.26
2004-01-30,21.0,27.5,16.6,72,0.0,951.2,18.52
2004-01-31,20.5,26.9,16.2,65,0.0,951.4,19.7
2004-02-01,20.6,27.8,14.6,52,0.0,950.7,21.17
2004-02-02,22.0,29.0,15.3,49,0.0,951.0,19.59
2004-02-03,24.1,30.3,17.7,51,0.0,952.6,19.55
2004-02-04,24.4,31.2,19.0,55,0.0,952.1,19.95
2004-02-05,23.0,30.6,16.8,55,0.0,952.0,21.47
2004-02-06,21.9,30.1,13.5,28,0.0,953.0,22.39
2004-02-07,21.9,30.1,13.1,29,0.0,955.3,22.16
2004-02-08,22.2,30.4,13.3,32,0.0,955.4,22.26
2004-02-09,23.2,31.7,14.7,37,0.0,953.9,22.29
2004-02-10,24.1,31.9,17.9,42,0.0,954.0,22.13
2004-02-11,24.3,32.0,17.7,41,0.0,954.4,21.97
2004-02-12,24.7,32.4,19.0,45,0.0,954.2,22.02
2004-02-13,25.1,32.1,17.1,43,0.0,953.9,20.65
2004-02-14,25.2,31.3,18.0,46,0.0,953.6,17.84
2004-02-15,25.5,32.3,17.9,48,0.0,953.1,20.8
2004-02-16,25.6,32.8,17.7,43,0.0,953.4,22.3
2004-02-17,26.0,33.1,18.2,38,0.0,952.2,22.62
2004-02-18,25.3,33.0,18.5,44,0.0,950.4,22.67
2004-02-19,24.3,32.2,17.3,43,0.0,951.0,23.06
2004-02-20,25.0,33.7,17.7,48,0.0,952.3,23.18
2004-02-21,26.5,34.7,18.7,46,0.0,953.5,23.05
2004-02-22,26.4,34.2,18.9,35,0.0,952.9,23.28
2004-02-23,26.9,34.5,20.0,29,0.0,952.4,23.6
2004-02-24,27.3,35.3,20.7,28,0.0,953.4,23.64
2004-02-25,27.4,35.4,20.4,29,0.0,953.2,23.76
2004-02-26,27.2,35.4,20.4,37,0.0,951.5,23.65
2004-02-27,26.6,34.6,19.3,43,0.0,951.1,23.53
2004-02-28,25.9,33.9,18.8,42,0.0,951.6,23.75
2004-02-29,26.0,34.7,17.9,43,0.0,951.8,23.95
2004-03-01,27.5,35.3,20.2,40,0.0,951.6,23.9
2004-03-02,28.6,36.3,22.0,29,0.0,951.1,23.99
2004-03-03,28.6,36.7,20.6,28,0.0,950.8,24.06
2004-03-04,28.5,36.5,21.2,34,0.0,951.3,22.18
2004-03-05,28.5,36.6,22.6,46,0.0,951.3,21.78
2004-03-06,29.0,36.4,23.3,43,0.1,952.2,21.45
2004-03-07,28.6,36.6,21.1,28,0.0,952.3,25.11
2004-03-08,28.3,36.8,19.8,16,0.0,953.4,26.06
2004-03-09,27.4,35.4,19.4,26,0.0,953.7,25.15
2004-03-10,27.4,35.5,19.5,45,0.0,951.5,25.17
2004-03-11,28.1,36.2,21.0,39,0.0,951.3,25.49
2004-03-12,28.9,36.5,21.8,25,0.0,952.2,25.38
2004-03-13,29.4,37.3,20.4,24,0.0,953.5,25.34
2004-03-14,29.8,37.9,21.6,28,0.0,953.4,25.44
2004-03-15,29.7,37.9,22.0,31,0.0,952.5,25.59
2004-03-16,29.8,38.4,22.0,31,0.0,951.1,26.08
2004-03-17,29.7,38.6,22.9,44,0.0,951.4,25.1
2004-03-18,30.2,39.4,20.6,43,0.0,951.5,25.73
2004-03-19,31.1,39.2,23.4,23,0.0,950.5,26.37
2004-03-20,30.2,39.0,21.8,21,0.0,948.7,26.67
2004-03-21,28.9,38.1,20.3,28,0.0,949.2,26.68
2004-03-22,29.1,38.4,20.3,44,0.0,949.8,26.31
2004-03-23,29.3,37.8,20.9,41,0.0,950.1,26.29
2004-03-24,28.9,37.7,20.3,49,0.0,950.0,25.95
2004-03-25,28.3,36.2,21.9,33,0.0,949.4,26.42
2004-03-26,27.8,36.1,20.4,33,0.0,949.8,26.44
2004-03-27,29.3,37.8,21.3,29,0.0,951.3,26.24
2004-03-28,29.7,37.4,22.1,36,0.0,951.4,22.6
2004-03-29,30.1,37.8,24.2,38,0.0,951.3,22.89
2004-03-30,29.2,37.1,23.3,41,0.0,951.3,24.35
2004-03-31,27.8,36.6,20.1,46,0.0,951.7,26.13
2004-04-01,28.1,37.4,20.2,45,0.0,952.6,25.56
2004-04-02,28.5,37.6,19.9,45,0.0,952.9,25.61
2004-04-03,29.6,38.4,21.7,46,0.0,952.6,25.2
2004-04-04,30.3,38.3,23.8,42,0.5,952.7,21.88
2004-04-05,29.2,36.7,23.1,48,0.6,952.2,23.9
2004-04-06,28.5,37.6,20.2,50,0.0,951.1,26.69
2004-04-07,27.2,35.2,20.5,52,0.0,952.0,27.02
2004-04-08,26.5,35.6,18.8,53,0.0,951.4,27.07
2004-04-09,26.9,36.1,19.6,58,0.0,949.7,27.19
2004-04-10,28.1,37.9,19.4,50,0.0,949.9,27.29
2004-04-11,29.6,39.2,20.7,39,0.0,951.0,27.39
2004-04-12,30.2,39.3,21.9,35,0.0,950.3,27.35
2004-04-13,30.5,39.5,23.0,43,0.0,949.1,27.09
2004-04-14,29.5,37.8,22.8,50,0.0,949.7,26.82
2004-04-15,29.0,37.5,21.8,43,0.0,949.9,27.82
2004-04-16,27.5,36.2,20.2,53,0.0,950.3,27.31
2004-04-17,27.5,36.0,19.7,49,0.0,949.3,27.59
2004-04-18,26.9,35.2,19.8,48,0.0,948.9,27.38
2004-04-19,27.3,35.9,19.7,49,0.0,949.4,27.46
2004-04-20,29.4,39.2,19.9,52,0.0,951.0,27.3
2004-04-21,30.3,39.5,21.7,45,0.0,950.4,26.63
2004-04-22,29.7,38.6,21.5,43,0.0,948.5,27.58
2004-04-23,29.0,37.8,22.0,52,0.0,948.6,26.87
2004-04-24,29.4,38.8,21.4,53,0.0,948.5,27.11
2004-04-25,30.1,39.1,21.6,46,0.0,948.3,26.35
2004-04-26,30.5,39.6,24.5,49,0.0,949.5,24.75
2004-04-27,29.4,38.1,23.0,52,0.0,950.1,25.99
2004-04-28,29.0,37.4,22.3,51,0.1,949.1,25.72
2004-04-29,29.3,37.8,22.1,50,0.1,947.7,23.29
2004-04-30,28.8,37.5,21.0,53,0.0,947.7,26.31
2004-05-01,29.8,38.9,21.8,50,0.0,947.8,27.6
2004-05-02,32.0,40.1,23.9,40,0.0,947.5,25.97
2004-05-03,32.9,40.4,23.6,28,0.0,947.0,25.06
2004-05-04,31.5,37.9,26.1,45,3.0,947.4,20.18
2004-05-05,32.1,38.3,25.3,39,0.0,946.5,22.78
2004-05-06,31.7,37.4,26.1,43,0.0,945.8,20.71
2004-05-07,29.6,37.2,25.3,62,2.4,945.7,17.59
2004-05-08,29.6,35.2,25.1,62,0.2,945.2,19.72
2004-05-09,30.0,37.1,25.9,60,5.8,945.8,20.45
2004-05-10,28.1,32.8,24.0,73,6.3,948.0,22.22
2004-05-11,27.3,34.1,23.5,72,2.2,948.7,20.7
2004-05-12,27.5,33.3,23.1,66,0.0,947.7,24.9
2004-05-13,27.2,32.5,23.5,71,1.6,946.9,20.42
2004-05-14,27.1,32.4,22.9,72,1.6,947.4,20.81
2004-05-15,26.7,32.8,23.6,77,3.3,947.4,19.11
2004-05-16,27.0,33.3,23.7,75,3.0,947.7,20.19
2004-05-17,25.3,29.1,23.6,83,8.2,948.3,9.52
2004-05-18,25.2,29.2,23.1,84,7.2,948.2,13.31
2004-05-19,24.8,28.7,22.7,84,8.4,946.7,14.16
2004-05-20,25.4,30.4,22.3,77,0.5,947.3,20.88
2004-05-21,25.8,31.1,22.2,72,0.0,947.7,23.6
2004-05-22,25.9,31.7,22.0,72,0.0,947.1,24.24
2004-05-23,26.2,32.3,21.9,68,0.0,947.5,25.71
2004-05-24,26.9,34.2,22.1,66,0.0,948.9,26.81
2004-05-25,26.7,33.5,21.6,65,0.0,949.4,25.85
2004-05-26,27.2,35.0,21.5,61,0.0,949.7,27.01
2004-05-27,27.3,35.7,21.3,62,0.0,950.1,26.43
2004-05-28,28.2,36.4,21.8,61,0.0,950.9,25.99
2004-05-29,29.1,37.1,23.3,61,0.5,949.3,25.23
2004-05-30,28.5,34.8,23.8,67,0.2,949.2,22.52
2004-05-31,28.4,35.4,23.5,68,1.2,949.5,22.13
2004-06-01,28.5,34.6,24.1,68,0.0,950.1,22.38
2004-06-02,28.4,34.9,23.8,69,0.5,950.3,23.07
2004-06-03,27.9,34.6,23.5,68,1.0,949.4,23.64
2004-06-04,27.7,33.7,23.7,69,0.2,948.9,20.91
2004-06-05,26.8,32.0,23.9,78,5.1,948.6,17.63
2004-06-06,26.3,32.0,23.9,79,3.8,948.0,19.03
2004-06-07,26.9,33.8,23.4,76,4.8,947.1,18.5
2004-06-08,26.3,30.9,23.4,77,11.1,945.8,18.63
2004-06-09,25.4,30.4,23.3,81,7.7,945.8,14.2
2004-06-10,25.0,28.4,23.2,82,2.1,944.5,13.47
2004-06-11,25.5,30.5,22.8,77,2.3,944.0,17.7
2004-06-12,25.3,29.0,23.2,78,0.7,945.0,14.35
2004-06-13,24.3,27.6,22.9,88,9.7,943.8,9.21
2004-06-14,23.6,24.8,22.9,93,25.7,941.6,5.17
2004-06-15,24.1,26.0,23.0,92,21.1,939.9,9.01
2004-06-16,23.6,24.9,22.4,92,19.1,942.0,8.6
2004-06-17,23.1,24.7,21.6,92,43.0,941.1,5.72
2004-06-18,22.9,24.8,21.6,87,5.1,945.0,9.21
2004-06-19,23.8,25.4,22.8,89,4.3,946.4,7.02
2004-06-20,24.2,26.5,22.5,85,4.7,947.7,15.72
2004-06-21,24.5,27.9,22.5,83,1.9,949.5,17.42
2004-06-22,24.7,28.1,22.6,81,2.1,950.9,18.81
2004-06-23,24.6,27.7,22.2,81,1.3,949.5,18.49
2004-06-24,23.8,27.5,21.9,84,3.8,949.4,17.1
2004-06-25,24.0,27.6,22.1,85,2.0,949.8,15.98
2004-06-26,23.9,27.0,22.6,88,2.2,948.9,12.05
2004-06-27,24.5,27.9,22.7,84,1.9,948.8,16.28
2004-06-28,24.6,28.1,22.2,83,1.4,948.8,16.88
2004-06-29,24.5,28.0,22.5,82,2.9,948.7,17.05
2004-06-30,24.2,28.3,22.6,84,3.7,947.7,16.87
2004-07-01,24.4,27.9,22.5,82,2.5,947.7,17.45
2004-07-02,24.8,27.8,22.9,84,2.8,946.0,17.56
2004-07-03,24.1,26.7,22.6,87,3.2,944.7,11.46
2004-07-04,23.8,26.9,22.6,90,8.8,944.8,10.5
2004-07-05,24.1,26.7,22.4,89,3.8,945.3,11.32
2004-07-06,24.5,28.1,22.3,83,1.5,947.5,16.66
2004-07-07,24.8,28.4,22.3,80,0.5,947.9,16.32
2004-07-08,24.5,28.0,22.1,83,1.2,948.4,16.19
2004-07-09,24.5,28.4,22.1,82,2.1,948.3,16.98
2004-07-10,24.5,27.8,22.2,82,2.9,947.5,16.53
2004-07-11,24.2,27.7,22.2,85,3.0,947.3,16.07
2004-07-12,24.2,27.7,22.3,83,2.9,947.5,16.44
2004-07-13,24.3,28.1,22.1,82,3.7,947.8,17.69
2004-07-14,24.0,27.1,22.0,84,1.8,946.4,14.67
2004-07-15,24.1,27.9,22.3,85,5.2,945.2,14.43
2004-07-16,24.2,27.8,22.4,87,4.9,945.2,13.41
2004-07-17,24.5,27.4,22.7,85,2.8,945.6,13.09
2004-07-18,24.9,28.7,22.6,82,0.8,946.1,16.82
2004-07-19,24.7,28.3,22.4,82,1.5,945.8,15.69
2004-07-20,24.5,27.8,22.5,83,1.5,946.1,15.77
2004-07-21,24.3,27.5,22.3,83,2.4,947.4,15.33
2004-07-22,23.8,27.4,22.0,83,3.4,948.2,14.91
2004-07-23,23.4,26.9,21.7,86,3.6,947.9,11.79
2004-07-24,23.6,26.7,21.7,86,3.7,946.9,11.55
2004-07-25,22.3,23.1,21.7,96,14.4,946.2,3.57
2004-07-26,22.0,22.8,21.6,97,22.0,945.8,3.02
2004-07-27,21.9,23.2,21.4,96,13.7,945.8,4.42
2004-07-28,22.5,24.4,21.6,93,12.2,945.3,6.81
2004-07-29,22.2,23.3,21.5,95,20.5,945.6,4.58
2004-07-30,21.9,22.8,21.0,97,22.7,946.8,3.18
2004-07-31,22.0,23.3,21.0,96,21.6,947.8,4.63
2004-08-01,22.1,23.0,21.2,94,56.9,946.6,4.3
2004-08-02,22.1,22.5,21.6,94,85.7,943.9,3.19
2004-08-03,22.4,23.2,21.7,96,52.4,942.3,4.25
2004-08-04,22.6,23.8,22.1,95,39.6,940.9,4.25
2004-08-05,22.8,24.9,21.6,93,11.8,941.5,8.47
2004-08-06,23.2,25.5,21.8,90,11.7,943.9,12.19
2004-08-07,23.1,25.4,21.7,89,10.0,946.4,13.56
2004-08-08,23.0,25.1,21.5,88,14.9,947.8,14.24
2004-08-09,22.9,25.3,21.6,89,17.3,948.3,11.98
2004-08-10,22.5,24.4,21.6,91,16.0,948.3,8.47
2004-08-11,22.4,24.9,21.3,92,36.0,947.0,7.97
2004-08-12,22.6,24.6,21.6,91,14.1,946.5,9.29
2004-08-13,23.2,25.8,21.6,88,6.2,947.1,14.04
2004-08-14,22.8,25.2,21.8,89,7.1,947.1,11.5
2004-08-15,22.8,24.8,21.5,88,13.2,946.8,12.65
2004-08-16,22.9,25.1,21.4,89,9.9,946.9,13.5
2004-08-17,23.1,25.5,21.6,88,7.3,948.2,13.65
2004-08-18,23.2,26.2,21.8,88,6.6,949.8,14.41
2004-08-19,22.8,25.3,21.3,88,7.7,948.8,13.9
2004-08-20,22.7,25.4,21.1,88,7.4,947.3,12.45
2004-08-21,22.9,25.2,21.6,88,3.5,947.4,12.17
2004-08-22,22.5,24.4,21.5,91,5.0,947.9,8.76
2004-08-23,22.8,25.0,21.5,89,3.5,948.4,11.96
2004-08-24,22.5,24.3,21.5,90,2.3,949.3,8.04
2004-08-25,23.3,26.2,21.3,85,0.8,949.8,15.89
2004-08-26,23.4,26.6,21.3,85,1.3,949.3,16.13
2004-08-27,23.1,25.9,20.9,84,1.5,948.9,16.19
2004-08-28,23.3,26.7,21.0,82,0.3,949.1,16.78
2004-08-29,23.3,27.1,20.9,83,1.0,949.5,16.36
2004-08-30,23.3,26.8,21.0,83,0.9,949.7,16.08
2004-08-31,23.0,26.3,20.9,84,3.2,949.9,15.85
2004-09-01,23.1,26.5,20.5,83,1.9,948.8,17.11
2004-09-02,23.5,28.0,20.4,81,0.5,949.8,19.36
2004-09-03,23.9,28.3,20.4,81,0.0,951.2,20.11
2004-09-04,24.1,28.9,20.8,81,0.0,949.9,20.62
2004-09-05,23.7,27.8,20.3,77,0.6,948.2,19.13
2004-09-06,22.8,26.2,21.1,90,21.4,948.2,9.73
2004-09-07,22.2,24.3,21.3,95,32.1,948.4,3.43
2004-09-08,23.2,25.8,21.6,90,2.2,948.8,10.89
2004-09-09,23.8,27.0,22.1,90,6.5,948.2,10.16
2004-09-10,22.9,24.9,21.8,89,6.1,949.3,10.05
2004-09-11,22.9,26.4,20.9,86,4.4,949.1,16.45
2004-09-12,22.9,26.1,21.2,89,1.6,949.1,15.25
2004-09-13,23.3,27.2,21.1,88,1.8,951.2,15.99
2004-09-14,23.5,27.5,20.5,84,1.3,951.5,19.29
2004-09-15,23.0,26.9,20.3,87,1.6,949.7,16.72
2004-09-16,23.2,27.5,20.9,87,1.0,950.2,16.18
2004-09-17,23.6,28.2,20.0,82,0.3,950.9,19.79
2004-09-18,24.4,28.9,21.0,83,0.5,950.2,21.83
2004-09-19,23.7,27.9,21.4,90,16.2,949.1,14.24
2004-09-20,24.0,27.9,21.9,89,6.9,949.5,14.06
2004-09-21,24.6,28.3,22.8,88,5.7,949.2,12.93
2004-09-22,22.7,24.0,21.8,95,29.0,948.7,4.69
2004-09-23,24.3,28.8,21.5,83,3.3,948.9,17.36
2004-09-24,24.2,29.6,20.0,87,9.7,949.1,19.26
2004-09-25,24.1,28.5,20.8,87,13.9,949.4,17.11
2004-09-26,24.4,28.8,21.1,86,4.0,950.5,16.98
2004-09-27,24.8,29.5,21.3,85,4.9,950.8,19.43
2004-09-28,24.5,29.4,21.1,87,7.8,949.5,18.42
2004-09-29,24.6,29.2,20.6,84,0.1,949.8,18.4
2004-09-30,24.8,29.0,21.7,83,4.8,951.6,17.16
2004-10-01,24.4,29.0,20.9,85,1.5,952.7,19.49
2004-10-02,24.1,28.5,20.8,86,1.4,951.3,16.77
2004-10-03,23.7,27.8,21.0,88,12.5,949.9,14.7
2004-10-04,23.6,27.7,21.3,87,2.0,949.7,15.39
2004-10-05,23.5,27.2,21.6,87,1.4,949.3,13.63
2004-10-06,23.4,26.9,20.9,87,4.3,950.1,14.39
2004-10-07,23.3,27.4,20.5,86,1.8,950.4,13.47
2004-10-08,23.4,27.4,20.6,85,1.1,951.2,16.49
2004-10-09,23.7,28.3,20.4,83,0.0,952.4,19.05
2004-10-10,23.3,28.6,18.9,83,0.2,953.1,17.89
2004-10-11,23.5,27.6,21.0,88,2.1,952.9,15.94
2004-10-12,23.9,28.3,20.3,82,0.0,952.7,18.97
2004-10-13,24.5,28.9,20.6,80,0.4,953.4,18.49
2004-10-14,24.8,29.8,21.0,73,0.0,953.8,21.63
2004-10-15,23.9,29.5,19.0,62,0.0,953.8,22.81
2004-10-16,23.0,29.0,17.8,58,0.0,953.3,23.32
2004-10-17,22.9,29.4,16.8,59,0.0,953.6,23.16
2004-10-18,23.0,29.4,17.3,59,0.0,953.2,22.99
2004-10-19,22.7,29.6,16.1,56,0.0,952.5,23.14
2004-10-20,22.9,29.7,16.6,52,0.0,952.1,23.01
2004-10-21,23.3,30.1,16.8,50,0.0,952.9,22.9
2004-10-22,23.8,30.6,16.6,53,0.0,953.7,22.01
2004-10-23,24.9,31.3,18.6,55,0.0,953.3,21.44
2004-10-24,24.7,29.6,18.7,62,0.0,953.4,17.28
2004-10-25,25.4,30.5,20.6,52,0.0,954.5,18.39
2004-10-26,24.4,30.9,17.6,51,0.0,954.2,21.07
2004-10-27,24.2,30.5,17.2,54,0.0,953.7,20.67
2004-10-28,24.3,29.3,19.7,55,0.2,953.1,15.65
2004-10-29,24.6,29.3,19.7,58,0.0,952.9,17.15
2004-10-30,24.7,30.0,20.0,53,0.0,952.8,17.62
2004-10-31,25.0,30.2,20.5,60,0.2,952.8,18.14
2004-11-01,24.9,29.5,20.6,66,0.0,953.1,15.42
2004-11-02,25.0,29.6,21.6,71,5.2,953.4,13.96
2004-11-03,25.5,28.9,22.9,57,0.0,954.2,12.15
2004-11-04,24.6,30.3,19.7,44,0.0,953.5,20.32
2004-11-05,23.4,29.7,17.0,51,0.0,952.8,20.58
2004-11-06,22.9,29.6,16.0,50,0.0,952.3,20.9
2004-11-07,24.1,30.8,17.6,63,0.1,951.7,17.02
2004-11-08,24.5,29.3,21.9,80,16.2,952.0,11.99
2004-11-09,23.2,27.8,20.2,87,11.3,952.1,13.04
2004-11-10,23.2,28.1,20.0,87,10.7,952.6,13.76
2004-11-11,23.6,29.2,19.5,84,6.3,953.0,15.72
2004-11-12,24.5,30.0,19.9,80,0.7,954.3,17.4
2004-11-13,24.7,29.8,20.1,74,0.0,954.8,16.12
2004-11-14,24.8,30.3,20.0,68,0.0,954.6,17.27
2004-11-15,25.0,30.2,19.8,68,0.0,954.5,16.46
2004-11-16,25.4,30.6,21.3,65,0.0,954.0,16.26
2004-11-17,25.6,30.9,21.4,56,0.0,954.3,18.42
2004-11-18,25.4,31.3,20.4,52,0.0,954.2,19.3
2004-11-19,24.8,31.4,19.3,55,0.0,953.8,19.46
2004-11-20,23.6,30.3,17.7,51,0.0,954.0,19.64
2004-11-21,22.8,29.9,16.1,50,0.0,954.0,19.79
2004-11-22,22.1,29.7,15.3,49,0.0,953.3,19.93
2004-11-23,21.8,29.1,16.0,46,0.0,953.2,19.88
2004-11-24,22.1,29.6,15.7,47,0.0,952.5,19.72
2004-11-25,21.7,29.2,14.6,48,0.0,953.4,19.52
2004-11-26,21.8,29.0,14.6,51,0.0,954.4,19.26
2004-11-27,22.5,29.5,16.4,45,0.0,954.9,19.19
2004-11-28,22.1,29.6,14.7,44,0.0,956.3,19.46
2004-11-29,21.9,28.7,14.9,49,0.0,955.5,19.18
2004-11-30,21.9,28.5,16.1,48,0.0,953.9,19.3
2004-12-01,20.9,28.4,13.8,50,0.0,953.1,19.12
2004-12-02,21.1,28.5,13.9,49,0.0,955.3,19.07
2004-12-03,21.0,28.7,13.7,47,0.0,956.7,19.2
2004-12-04,20.8,28.8,13.1,46,0.0,955.7,19.31
2004-12-05,20.8,29.0,13.5,44,0.0,954.9,19.29
2004-12-06,20.9,29.3,14.2,45,0.0,955.5,19.43
2004-12-07,22.2,30.2,15.7,42,0.0,956.1,19.16
2004-12-08,22.1,29.8,15.0,45,0.0,955.5,18.9
2004-12-09,21.9,30.5,14.0,45,0.0,954.3,18.91
2004-12-10,22.6,31.4,14.6,41,0.0,954.4,18.99
2004-12-11,22.2,30.5,14.6,37,0.0,954.6,19.11
2004-12-12,21.7,29.4,14.0,45,0.0,955.3,19.03
2004-12-13,21.5,28.7,14.2,49,0.0,955.0,18.85
2004-12-14,21.4,29.1,13.9,48,0.0,953.0,18.47
2004-12-15,21.6,30.1,13.4,48,0.0,952.1,18.94
2004-12-16,22.3,30.8,14.3,46,0.0,953.1,19.0
2004-12-17,22.4,30.5,16.2,42,0.0,954.7,19.06
2004-12-18,22.1,29.8,16.0,40,0.0,954.0,19.11
2004-12-19,21.7,29.7,16.2,41,0.0,951.5,19.17
2004-12-20,20.5,28.6,14.8,54,0.0,950.3,19.17
2004-12-21,19.2,28.1,12.2,68,0.0,949.9,18.36
2004-12-22,19.3,27.4,12.6,72,0.0,950.7,18.01
2004-12-23,20.6,28.4,14.0,63,0.0,951.3,18.39
2004-12-24,22.5,29.4,16.5,49,0.0,952.6,18.32
2004-12-25,22.3,29.3,15.4,51,0.0,953.9,18.3
2004-12-26,22.0,28.3,15.4,55,0.0,952.6,17.86
2004-12-27,22.7,29.2,15.1,52,0.0,951.9,18.36
2004-12-28,22.8,29.1,15.9,54,0.0,953.3,18.51
2004-12-29,22.9,29.7,15.4,56,0.0,953.1,18.33
2004-12-30,23.1,30.0,17.1,52,0.0,952.5,16.61
2004-12-31,22.6,29.6,17.2,70,0.0,952.9,17.86
2005-01-01,21.1,26.0,17.2,76,0.0,953.8,10.95
2005-01-02,22.0,27.6,17.1,66,0.0,952.8,16.02
2005-01-03,22.8,30.0,16.0,62,0.0,952.7,18.28
2005-01-04,24.1,30.5,18.7,54,0.0,954.8,18.4
2005-01-05,23.9,30.6,16.9,51,0.0,954.9,18.59
2005-01-06,24.1,30.6,18.9,51,0.0,954.1,18.61
2005-01-07,23.9,30.4,19.1,49,0.0,954.1,18.87
2005-01-08,23.6,30.4,16.4,45,0.0,953.9,19.3
2005-01-09,23.2,30.6,17.9,49,0.0,953.5,19.35
2005-01-10,21.4,29.6,15.2,45,0.0,951.3,20.17
2005-01-11,19.3,27.6,12.7,53,0.0,951.9,20.29
2005-01-12,20.9,28.9,13.6,51,0.0,953.6,20.04
2005-01-13,21.2,29.7,13.8,43,0.0,953.3,20.16
2005-01-14,22.7,29.9,16.9,40,0.0,952.3,19.48
2005-01-15,23.0,30.9,17.1,48,0.0,951.4,19.84
2005-01-16,22.5,29.5,17.6,48,0.0,951.8,19.75
2005-01-17,20.2,27.9,13.6,50,0.0,951.9,20.33
2005-01-18,19.2,27.2,13.0,42,0.0,952.7,20.61
2005-01-19,19.7,27.7,12.2,38,0.0,953.5,20.44
2005-01-20,21.0,29.1,12.5,44,0.0,954.4,20.1
2005-01-21,22.6,30.1,15.2,51,0.0,955.5,19.45
2005-01-22,24.2,31.1,19.6,51,0.0,953.9,19.25
2005-01-23,22.8,30.9,16.7,44,0.0,952.6,20.29
2005-01-24,23.1,30.7,15.3,43,0.0,952.8,20.3
2005-01-25,23.5,31.8,17.5,53,0.0,952.2,19.7
2005-01-26,23.5,31.2,17.7,56,0.0,950.8,20.21
2005-01-27,22.6,29.9,17.7,56,0.2,950.0,19.94
2005-01-28,21.3,27.6,16.7,54,0.0,950.2,18.14
2005-01-29,21.0,27.9,16.2,58,0.2,949.5,19.53
2005-01-30,19.5,24.8,14.3,59,0.0,950.2,15.9
2005-01-31,19.0,25.4,14.3,62,1.9,952.4,17.59
2005-02-01,19.5,25.9,14.4,65,0.0,954.4,18.93
2005-02-02,20.3,27.6,12.6,56,0.0,954.0,20.75
2005-02-03,21.7,29.3,14.0,56,0.0,953.2,19.94
2005-02-04,23.0,30.5,16.3,55,0.0,952.6,20.69
2005-02-05,23.9,31.8,17.5,54,0.0,952.4,21.08
2005-02-06,23.4,30.9,17.6,57,0.0,953.2,20.48
2005-02-07,22.9,30.7,16.5,62,0.0,954.2,20.43
2005-02-08,24.0,31.9,16.2,59,0.0,954.5,20.85
2005-02-09,25.7,33.5,17.1,33,0.0,955.2,21.98
2005-02-10,25.3,34.0,17.3,33,0.0,955.9,22.29
2005-02-11,25.4,33.8,18.8,47,0.0,956.6,22.28
2005-02-12,26.0,33.8,19.4,46,0.0,956.1,22.09
2005-02-13,26.0,34.1,17.9,37,0.0,954.7,22.37
2005-02-14,26.7,34.8,21.1,31,0.0,953.0,22.54
2005-02-15,24.8,34.3,17.1,37,0.0,952.1,23.25
2005-02-16,23.0,31.9,15.3,57,0.0,951.3,22.6
2005-02-17,22.5,30.1,15.9,63,0.0,951.5,22.84
2005-02-18,21.0,28.2,15.3,69,0.0,952.2,22.27
2005-02-19,20.1,28.7,12.6,56,0.0,952.9,23.29
2005-02-20,21.0,30.5,13.3,46,0.0,952.5,23.28
2005-02-21,21.2,29.8,15.4,34,0.0,952.0,23.13
2005-02-22,20.8,29.4,13.1,41,0.0,953.1,24.28
2005-02-23,23.2,32.1,16.0,40,0.0,953.3,23.71
2005-02-24,24.3,32.9,17.3,44,0.0,953.2,23.61
2005-02-25,25.9,33.9,18.4,43,0.0,952.9,22.75
2005-02-26,27.3,34.5,20.6,42,0.0,953.0,21.12
2005-02-27,27.5,33.1,21.8,44,0.5,952.3,15.74
2005-02-28,26.7,33.3,21.5,52,0.3,951.9,18.03
2005-03-01,27.3,34.2,21.5,52,0.0,952.6,19.72
2005-03-02,27.0,34.7,20.4,51,0.0,954.7,21.97
2005-03-03,26.5,34.9,18.6,50,0.0,954.2,23.68
2005-03-04,25.8,34.0,19.0,56,0.0,954.3,21.64
2005-03-05,25.8,33.8,18.8,50,0.0,955.7,23.26
2005-03-06,26.0,33.7,20.3,45,0.0,955.4,21.52
2005-03-07,25.1,33.0,19.1,52,0.3,954.9,21.6
2005-03-08,23.7,29.2,18.7,63,4.8,955.1,19.93
2005-03-09,24.0,31.6,18.2,62,0.0,954.9,23.35
2005-03-10,23.0,31.6,16.1,52,0.0,954.1,25.23
2005-03-11,23.9,32.3,16.5,49,0.0,952.2,25.42
2005-03-12,25.3,33.8,17.1,39,0.0,952.2,25.61
2005-03-13,25.9,33.9,17.3,35,0.0,952.6,25.77
2005-03-14,27.0,35.0,20.6,27,0.0,952.2,25.99
2005-03-15,27.6,35.8,19.3,29,0.0,951.5,26.05
2005-03-16,28.3,36.5,21.7,26,0.0,951.3,26.0
2005-03-17,29.0,37.1,21.5,29,0.0,951.5,25.38
2005-03-18,29.6,37.6,21.5,28,0.0,951.0,25.03
2005-03-19,30.0,37.6,23.6,33,0.0,950.7,23.62
2005-03-20,29.7,37.3,23.7,42,0.0,951.5,20.47
2005-03-21,28.7,36.7,21.5,37,0.0,950.8,22.16
2005-03-22,27.3,34.9,20.5,38,0.0,949.9,25.68
2005-03-23,24.9,32.5,18.9,42,0.0,949.0,26.77
2005-03-24,24.5,33.2,15.5,47,0.0,949.5,26.7
2005-03-25,26.9,35.4,19.6,42,0.0,950.8,26.53
2005-03-26,28.1,36.7,20.7,34,0.0,951.6,26.55
2005-03-27,29.1,38.1,21.2,32,0.0,951.4,26.56
2005-03-28,28.2,36.2,20.4,25,0.0,950.7,27.05
2005-03-29,27.0,35.9,18.5,44,0.0,950.3,26.61
2005-03-30,27.4,36.0,18.6,47,0.0,949.1,26.76
2005-03-31,28.0,36.9,19.9,39,0.0,948.7,27.05
2005-04-01,28.3,37.7,19.0,33,0.0,948.8,27.07
2005-04-02,29.8,38.4,21.6,37,0.0,949.5,24.61
2005-04-03,30.9,37.8,23.6,27,0.0,950.5,20.67
2005-04-04,31.5,38.6,25.0,34,0.0,950.7,23.78
2005-04-05,31.3,39.4,22.9,33,0.0,950.3,26.61
2005-04-06,30.7,38.2,23.6,44,0.0,949.8,22.49
2005-04-07,28.8,37.2,23.3,56,0.0,949.6,23.33
2005-04-08,27.9,36.0,21.5,52,0.0,950.9,25.65
2005-04-09,27.3,36.4,18.8,40,0.0,951.0,27.77
2005-04-10,27.9,37.5,18.7,34,0.0,950.6,27.75
2005-04-11,29.7,37.9,22.6,23,0.0,950.8,27.75
2005-04-12,30.3,39.1,21.2,27,0.0,951.1,26.23
2005-04-13,29.5,37.0,23.8,47,0.7,953.1,20.56
2005-04-14,28.4,35.8,24.0,63,9.7,954.5,22.05
2005-04-15,28.6,36.3,22.1,57,1.4,954.0,23.8
2005-04-16,29.0,37.0,21.6,47,0.1,953.8,25.85
2005-04-17,29.7,38.3,21.9,47,2.4,952.8,23.0
2005-04-18,30.9,39.1,23.3,41,0.0,952.3,23.4
2005-04-19,31.2,39.8,23.1,29,0.0,952.7,28.21
2005-04-20,30.7,39.8,22.3,30,0.0,952.7,27.71
2005-04-21,29.7,38.5,21.3,49,0.0,952.5,26.25
2005-04-22,29.6,37.1,22.3,49,0.7,951.5,23.02
2005-04-23,28.6,33.7,24.6,62,2.5,952.0,18.07
2005-04-24,28.9,35.7,23.0,59,2.2,951.7,22.57
2005-04-25,29.1,36.1,23.4,51,1.6,951.7,25.26
2005-04-26,28.7,36.7,22.2,51,0.3,950.7,26.03
2005-04-27,28.4,37.2,20.2,51,0.0,950.0,26.32
2005-04-28,27.9,37.2,19.7,54,0.0,949.9,25.64
2005-04-29,28.4,37.4,19.5,48,0.0,948.6,27.76
2005-04-30,28.2,37.7,19.4,46,0.0,947.5,27.94
2005-05-01,28.0,37.3,19.6,56,0.4,948.4,26.14
2005-05-02,29.1,37.1,22.1,57,0.0,949.2,24.88
2005-05-03,28.2,35.1,22.7,63,2.9,949.5,22.21
2005-05-04,26.8,33.2,23.1,71,8.7,949.5,20.27
2005-05-05,27.0,33.3,21.7,65,0.1,948.7,22.77
2005-05-06,27.0,33.4,21.4,65,0.0,948.3,23.19
2005-05-07,27.3,34.8,21.4,63,0.1,948.5,25.5
2005-05-08,28.1,36.1,21.4,61,0.0,949.3,27.15
2005-05-09,27.8,34.9,21.8,62,0.0,949.8,25.29
2005-05-10,27.6,34.2,22.1,63,0.2,949.8,25.52
2005-05-11,27.8,34.7,21.6,62,0.0,949.9,26.28
2005-05-12,29.0,36.9,20.9,54,0.0,950.0,26.27
2005-05-13,29.3,37.5,22.1,47,0.0,949.6,28.31
2005-05-14,28.4,37.7,18.8,41,0.0,949.4,28.71
2005-05-15,29.0,38.2,21.2,46,0.0,949.7,28.12
2005-05-16,28.9,37.9,20.9,53,0.0,950.5,27.59
2005-05-17,28.9,38.0,21.7,56,0.0,950.4,27.6
2005-05-18,28.6,37.2,21.9,55,0.0,949.9,27.24
2005-05-19,29.6,39.7,21.8,56,0.0,949.2,27.28
2005-05-20,30.7,41.0,22.2,56,0.0,947.8,25.57
2005-05-21,30.3,39.0,23.3,57,0.5,948.2,24.87
2005-05-22,30.1,38.8,23.6,56,0.0,949.5,26.48
2005-05-23,30.0,39.4,23.0,56,0.0,949.6,26.24
2005-05-24,30.1,39.0,23.3,58,1.3,949.9,24.92
2005-05-25,30.4,38.6,24.2,57,1.5,950.0,25.82
2005-05-26,29.7,37.7,23.6,56,0.4,949.5,26.05
2005-05-27,28.7,36.5,22.8,61,0.3,949.9,25.51
2005-05-28,28.8,36.9,23.4,62,1.3,949.3,24.11
2005-05-29,28.4,35.8,24.0,64,5.2,949.4,23.13
2005-05-30,29.2,35.9,23.6,64,0.2,949.0,23.81
2005-05-31,28.7,36.3,23.9,68,2.6,947.8,22.93
2005-06-01,27.3,30.8,24.5,74,0.0,947.4,13.27
2005-06-02,27.7,32.5,24.4,69,0.6,947.4,19.23
2005-06-03,27.9,34.4,22.8,66,0.0,947.5,23.67
2005-06-04,28.2,35.1,22.9,66,0.0,946.9,24.91
2005-06-05,28.7,36.7,22.9,63,0.0,946.0,25.86
2005-06-06,27.7,35.0,22.5,64,0.0,946.7,25.69
2005-06-07,27.6,33.9,22.5,66,0.0,946.8,21.01
2005-06-08,28.1,34.9,23.2,66,0.0,945.8,23.9
2005-06-09,28.0,35.7,22.3,66,0.0,945.5,23.55
2005-06-10,27.9,35.1,23.2,68,0.9,946.4,20.69
2005-06-11,28.1,34.8,23.6,65,1.2,947.4,23.16
2005-06-12,26.7,33.3,23.1,75,15.8,947.2,18.92
2005-06-13,27.3,32.6,23.8,75,2.4,947.1,21.34
2005-06-14,27.5,32.3,23.5,73,1.6,948.1,21.24
2005-06-15,27.1,32.9,23.7,76,6.1,947.5,19.38
2005-06-16,27.6,33.2,23.6,73,0.5,946.3,21.17
2005-06-17,28.0,34.0,23.6,73,7.0,944.6,22.4
2005-06-18,27.4,33.6,24.4,76,2.3,942.3,17.16
2005-06-19,25.6,29.2,23.2,81,6.4,942.2,13.2
2005-06-20,24.9,27.5,23.5,85,10.4,942.3,8.7
2005-06-21,24.7,27.8,22.9,84,6.6,944.5,12.68
2005-06-22,24.3,27.5,22.8,86,2.6,946.6,11.7
2005-06-23,24.6,28.1,23.1,87,12.2,946.9,13.28
2005-06-24,24.6,28.2,22.9,88,12.6,945.9,13.97
2005-06-25,24.0,26.7,23.0,89,17.9,945.7,10.74
2005-06-26,23.5,26.3,21.4,91,25.4,945.9,11.73
2005-06-27,22.7,24.0,21.9,96,38.5,944.6,3.26
2005-06-28,23.2,24.1,22.5,94,59.1,943.7,4.06
2005-06-29,22.9,23.6,21.8,96,80.1,943.8,2.07
2005-06-30,22.7,22.9,22.3,97,26.1,943.8,2.42
2005-07-01,23.0,24.6,22.3,93,20.4,945.1,7.91
2005-07-02,23.2,24.6,22.2,92,15.4,946.3,9.05
2005-07-03,23.3,25.5,22.4,91,16.0,946.4,11.2
2005-07-04,23.3,25.8,22.2,92,9.8,944.8,9.53
2005-07-05,24.2,26.8,22.4,88,7.9,944.1,17.29
2005-07-06,24.2,26.4,22.5,88,7.1,946.5,16.16
2005-07-07,24.6,27.4,22.6,87,5.3,947.2,16.9
2005-07-08,24.3,26.1,23.1,85,1.6,946.5,8.64
2005-07-09,24.2,26.3,22.8,85,1.3,946.0,10.73
2005-07-10,23.8,26.6,22.7,89,5.9,946.3,7.92
2005-07-11,24.1,27.3,22.6,88,3.7,948.2,12.43
2005-07-12,23.8,26.4,22.6,89,6.4,949.2,11.58
2005-07-13,24.3,27.4,22.6,86,1.5,948.6,14.35
2005-07-14,24.7,27.9,22.5,83,0.5,949.4,15.38
2005-07-15,24.9,28.9,22.1,83,2.5,949.5,19.36
2005-07-16,24.4,28.0,22.0,87,3.6,948.4,14.25
2005-07-17,24.7,29.1,21.8,86,5.2,946.8,17.4
2005-07-18,25.0,29.4,22.8,86,4.1,947.5,16.73
2005-07-19,24.9,28.9,22.7,87,6.6,948.9,14.52
2005-07-20,24.4,27.6,22.8,89,9.4,947.9,12.8
2005-07-21,23.7,26.3,22.3,90,4.6,948.0,10.4
2005-07-22,23.8,25.3,22.7,89,1.1,946.9,9.89
2005-07-23,24.2,27.1,22.5,87,2.8,946.2,16.8
2005-07-24,23.4,25.3,22.6,91,3.9,945.7,8.58
2005-07-25,22.8,24.5,21.6,95,13.2,944.5,4.42
2005-07-26,22.4,23.3,21.5,97,48.4,943.1,2.35
2005-07-27,22.9,23.8,22.0,95,67.2,943.0,4.41
2005-07-28,22.5,23.7,22.1,93,42.6,944.7,4.66
2005-07-29,22.5,23.7,21.8,93,22.8,944.3,7.82
2005-07-30,23.4,25.5,22.1,90,16.0,943.3,11.9
2005-07-31,23.0,25.1,21.9,92,16.0,943.1,8.6
2005-08-01,22.3,22.7,21.9,94,73.4,941.8,3.09
2005-08-02,22.8,24.3,21.9,92,55.3,942.9,8.38
2005-08-03,22.8,24.1,22.0,92,17.1,944.6,7.36
2005-08-04,23.0,25.4,21.7,90,15.0,945.9,12.1
2005-08-05,22.3,23.3,21.8,95,24.5,946.7,3.64
2005-08-06,22.9,24.3,22.1,91,24.3,946.4,8.65
2005-08-07,22.9,24.8,21.7,90,9.9,945.9,9.43
2005-08-08,23.4,25.6,21.8,89,5.9,947.5,13.62
2005-08-09,23.5,26.1,22.0,87,3.2,948.8,13.72
2005-08-10,23.7,26.2,22.4,86,4.4,948.5,14.95
2005-08-11,23.5,25.7,22.1,87,4.4,947.6,13.96
2005-08-12,23.7,26.3,22.1,87,5.2,947.1,15.49
2005-08-13,23.6,26.2,22.2,88,3.7,947.0,13.31
2005-08-14,23.7,26.6,22.5,88,2.6,946.8,12.34
2005-08-15,23.7,26.0,22.6,87,3.2,945.7,12.88
2005-08-16,23.0,24.8,22.1,91,6.9,946.4,7.55
2005-08-17,22.8,24.9,21.8,91,10.9,947.5,8.59
2005-08-18,23.3,26.8,21.7,88,3.4,948.6,14.0
2005-08-19,23.2,25.9,21.8,89,3.7,948.6,12.56
2005-08-20,22.6,24.6,21.6,91,4.7,948.3,7.92
2005-08-21,23.0,25.8,21.5,88,5.9,948.3,12.46
2005-08-22,23.3,26.0,21.6,87,3.0,949.4,14.99
2005-08-23,23.7,27.6,20.8,84,0.7,950.2,16.14
2005-08-24,23.7,27.5,21.2,85,3.0,950.6,18.52
2005-08-25,23.1,26.2,21.3,87,1.6,950.5,15.0
2005-08-26,23.1,26.8,20.8,87,2.2,950.7,16.28
2005-08-27,23.5,26.8,21.1,88,1.2,950.2,15.56
2005-08-28,23.9,27.8,20.8,84,1.1,949.6,17.13
2005-08-29,24.6,29.1,21.0,81,0.1,950.2,20.62
2005-08-30,24.7,29.1,21.6,84,0.6,948.6,18.69
2005-08-31,24.1,28.2,21.7,88,8.6,947.6,15.67
2005-09-01,24.5,29.5,21.9,87,14.1,947.6,16.14
2005-09-02,25.3,30.5,22.1,86,4.4,948.4,16.92
2005-09-03,25.4,29.5,23.3,88,5.4,947.4,14.82
2005-09-04,23.9,26.0,22.6,94,25.7,945.1,6.75
2005-09-05,24.7,29.1,21.9,89,10.1,945.0,14.34
2005-09-06,25.3,30.0,22.0,86,4.8,946.1,17.68
2005-09-07,24.9,29.0,22.3,88,9.6,947.2,14.09
2005-09-08,24.5,28.5,22.8,90,5.6,946.4,13.03
2005-09-09,23.7,27.6,22.2,93,28.4,945.7,7.04
2005-09-10,23.5,26.3,22.0,91,6.8,944.4,10.92
2005-09-11,23.1,25.2,21.9,91,21.2,942.4,10.15
2005-09-12,23.1,25.6,22.3,93,22.3,942.2,7.99
2005-09-13,23.5,25.8,22.3,90,12.5,943.8,10.71
2005-09-14,23.7,26.1,22.6,88,6.8,945.3,11.8
2005-09-15,23.6,26.0,22.0,86,7.1,947.4,16.44
2005-09-16,23.3,25.6,21.8,87,6.9,949.3,16.58
2005-09-17,22.9,25.2,21.5,87,7.8,950.9,14.75
2005-09-18,22.8,25.3,21.0,87,7.3,951.9,14.05
2005-09-19,22.6,24.8,21.4,89,4.2,948.9,11.65
2005-09-20,22.5,23.9,21.4,93,33.4,945.5,5.84
2005-09-21,23.8,28.3,22.1,91,11.7,945.0,10.34
2005-09-22,23.2,24.4,22.5,97,34.0,945.7,3.43
2005-09-23,23.1,25.5,22.1,93,18.6,949.2,8.04
2005-09-24,23.4,26.8,21.4,85,0.6,951.0,15.31
2005-09-25,23.2,27.1,20.9,86,2.0,951.3,15.21
2005-09-26,23.3,27.1,20.6,84,0.4,950.8,16.34
2005-09-27,23.1,27.7,19.2,82,0.0,951.0,21.17
2005-09-28,23.1,28.1,19.8,85,1.6,951.1,19.89
2005-09-29,22.4,24.0,21.1,91,1.2,950.6,4.29
2005-09-30,22.9,27.2,20.8,90,17.2,951.5,11.01
2005-10-01,22.9,27.9,19.8,88,4.8,952.6,16.01
2005-10-02,23.5,28.3,20.6,89,14.5,952.3,15.92
2005-10-03,23.3,27.8,20.8,89,18.1,950.9,13.32
2005-10-04,23.5,28.5,20.8,88,7.1,951.5,15.33
2005-10-05,23.7,28.7,20.0,85,2.0,952.6,16.84
2005-10-06,24.7,29.6,20.4,74,0.0,952.4,20.29
2005-10-07,25.4,29.6,22.4,65,0.0,951.8,19.21
2005-10-08,25.3,30.5,21.2,63,0.0,951.5,22.22
2005-10-09,24.8,30.5,19.7,63,0.0,951.9,22.09
2005-10-10,25.0,30.4,20.4,60,0.0,951.1,20.65
2005-10-11,25.1,31.3,18.7,63,0.0,950.5,22.37
2005-10-12,25.0,29.8,20.7,73,0.1,950.5,16.35
2005-10-13,25.0,29.9,20.9,74,0.9,949.5,16.02
2005-10-14,24.1,28.2,21.2,84,7.9,949.2,13.85
2005-10-15,23.2,25.4,21.9,89,5.8,948.7,10.45
2005-10-16,23.5,27.1,21.8,92,12.2,950.3,9.31
2005-10-17,23.4,28.7,20.5,90,10.1,951.7,15.16
2005-10-18,24.2,29.1,20.9,87,1.2,951.7,16.28
2005-10-19,24.4,29.4,20.4,77,0.0,950.3,19.12
2005-10-20,23.9,29.7,19.0,71,0.0,949.7,20.92
2005-10-21,24.1,29.3,20.1,57,0.0,950.5,21.57
2005-10-22,23.7,28.5,20.0,55,0.0,951.1,19.88
2005-10-23,23.0,27.6,19.3,57,0.0,950.9,18.69
2005-10-24,23.3,28.2,18.7,60,0.0,951.2,21.21
2005-10-25,23.7,28.7,19.6,64,0.0,951.1,17.45
2005-10-26,23.3,28.4,19.3,84,4.9,950.8,15.8
2005-10-27,24.5,28.9,21.1,74,0.1,951.1,18.2
2005-10-28,23.5,29.2,18.6,60,0.0,951.7,20.69
2005-10-29,23.4,29.0,18.3,48,0.0,951.6,21.63
2005-10-30,23.9,29.2,20.1,44,0.0,950.5,21.04
2005-10-31,23.2,29.5,18.1,52,0.0,950.4,21.87
2005-11-01,23.2,29.4,17.8,56,0.0,950.7,21.41
2005-11-02,23.6,29.6,17.6,66,0.0,951.8,17.87
2005-11-03,24.4,29.8,19.6,60,0.0,952.5,19.61
2005-11-04,23.6,30.1,17.7,50,0.0,952.6,20.91
2005-11-05,22.6,29.6,17.3,50,0.0,953.5,21.2
2005-11-06,22.2,29.3,15.1,60,0.0,953.0,20.92
2005-11-07,22.4,29.1,16.3,57,0.0,952.2,20.74
2005-11-08,21.8,29.0,15.4,48,0.0,952.0,21.07
2005-11-09,21.2,28.8,13.6,48,0.0,952.6,21.38
2005-11-10,21.3,29.2,14.6,45,0.0,952.6,21.31
2005-11-11,21.0,28.9,14.5,48,0.0,952.3,21.12
2005-11-12,21.4,29.5,13.9,47,0.0,953.2,20.44
2005-11-13,22.4,29.9,15.9,42,0.0,953.9,20.76
2005-11-14,22.6,29.6,17.2,42,0.0,953.8,20.54
2005-11-15,21.7,29.4,15.3,48,0.0,952.9,20.56
2005-11-16,22.0,30.1,15.3,45,0.0,952.4,20.64
2005-11-17,22.4,30.1,16.0,45,0.0,953.5,20.56
2005-11-18,23.6,30.3,18.7,41,0.0,953.5,20.32
2005-11-19,22.7,30.2,16.8,45,0.0,953.7,20.13
2005-11-20,22.7,30.8,15.6,42,0.0,953.6,20.01
2005-11-21,22.4,30.9,14.2,43,0.0,953.5,19.57
2005-11-22,22.1,30.5,14.1,42,0.0,953.6,20.22
2005-11-23,21.8,30.1,14.4,45,0.0,953.2,19.22
2005-11-24,22.4,29.8,15.2,52,0.0,952.8,19.29
2005-11-25,23.2,30.0,16.7,57,0.0,952.8,18.6
2005-11-26,22.8,29.8,15.3,50,0.0,952.5,19.1
2005-11-27,22.9,29.3,16.6,51,0.0,953.0,16.76
2005-11-28,23.0,29.1,17.6,53,0.0,953.5,16.03
2005-11-29,22.5,28.8,16.5,50,0.0,952.8,18.27
2005-11-30,23.0,29.3,17.4,51,0.0,949.8,18.55
2005-12-01,23.5,29.1,17.2,51,0.0,949.2,16.29
2005-12-02,23.3,27.1,20.6,51,0.0,951.4,7.38
2005-12-03,24.2,29.6,18.7,57,0.0,952.1,16.29
2005-12-04,25.0,29.7,21.3,60,0.0,951.5,14.71
2005-12-05,25.2,29.9,21.0,57,0.0,951.3,15.56
2005-12-06,24.7,30.1,19.9,55,0.0,952.5,17.2
2005-12-07,23.5,29.8,17.3,53,0.0,952.7,18.58
2005-12-08,22.9,29.2,15.6,52,0.0,951.5,18.65
2005-12-09,22.1,28.4,15.0,46,0.0,951.1,18.85
2005-12-10,21.5,28.5,14.9,46,0.0,951.9,18.82
2005-12-11,20.9,28.4,13.5,50,0.0,952.5,18.75
2005-12-12,20.9,28.4,13.5,51,0.0,953.1,18.62
2005-12-13,21.2,28.6,14.4,49,0.0,953.8,18.51
2005-12-14,21.0,28.5,14.5,45,0.0,952.6,18.98
2005-12-15,20.9,28.6,14.2,43,0.0,953.1,18.8
2005-12-16,20.6,28.2,14.3,46,0.0,953.6,17.83
2005-12-17,20.0,27.7,12.3,47,0.0,953.1,18.95
2005-12-18,19.8,27.4,13.1,43,0.0,951.6,19.11
2005-12-19,20.3,27.8,13.4,44,0.0,949.7,18.96
2005-12-20,21.1,28.9,16.3,47,0.0,949.8,18.86
2005-12-21,20.6,28.5,14.5,50,0.0,951.0,18.71
2005-12-22,20.9,28.3,15.2,45,0.0,950.7,18.54
2005-12-23,20.3,27.4,15.1,50,0.0,950.3,18.82
2005-12-24,20.3,27.5,13.3,56,0.0,951.7,18.49
2005-12-25,20.6,27.1,14.2,56,0.0,953.6,18.59
2005-12-26,20.4,27.1,13.5,52,0.0,954.3,18.66
2005-12-27,20.5,27.6,13.5,47,0.0,954.5,18.89
2005-12-28,21.1,28.2,14.1,41,0.0,954.4,19.17
2005-12-29,21.8,29.1,15.9,38,0.0,954.2,19.28
2005-12-30,21.5,28.9,16.4,44,0.0,954.5,19.21
2005-12-31,21.5,28.6,16.4,45,0.0,954.6,19.15
2006-01-01,21.7,28.5,13.2,48,0.0,954.7,18.9
2006-01-02,21.7,28.4,16.4,54,0.0,953.3,18.64
2006-01-03,21.7,28.3,15.6,59,0.0,952.5,18.33
2006-01-04,21.5,28.7,14.6,56,0.0,952.4,18.57
2006-01-05,20.7,28.6,13.2,51,0.0,952.2,19.22
2006-01-06,20.6,28.0,13.4,49,0.0,952.2,18.53
2006-01-07,20.7,28.3,13.5,51,0.0,952.3,19.02
2006-01-08,21.2,28.8,13.7,55,0.0,952.8,19.02
2006-01-09,22.2,29.7,14.7,56,0.0,952.5,18.95
2006-01-10,22.9,30.4,15.6,55,0.0,952.8,19.06
2006-01-11,22.8,30.3,15.2,50,0.0,952.3,19.41
2006-01-12,23.8,30.7,16.9,41,0.0,952.4,19.81
2006-01-13,23.9,30.7,17.8,40,0.0,951.9,19.7
2006-01-14,24.0,30.9,17.7,44,0.0,951.9,19.54
2006-01-15,24.0,31.7,16.0,50,0.0,952.0,19.56
2006-01-16,24.7,32.2,16.1,49,0.0,952.6,19.65
2006-01-17,24.9,32.0,20.0,52,0.0,953.3,19.6
2006-01-18,24.6,32.2,18.7,52,0.0,953.9,19.77
2006-01-19,24.8,32.0,19.1,49,0.0,954.3,19.76
2006-01-20,24.3,31.7,18.0,45,0.0,954.9,19.94
2006-01-21,24.3,31.6,18.5,44,0.0,954.6,20.18
2006-01-22,23.3,30.8,17.9,41,0.0,953.9,20.5
2006-01-23,19.8,27.6,12.5,45,0.0,953.6,20.85
2006-01-24,18.9,26.7,11.0,39,0.0,954.6,21.2
2006-01-25,18.8,26.4,11.0,37,0.0,955.3,21.27
2006-01-26,18.9,26.7,10.6,33,0.0,956.9,21.39
2006-01-27,19.8,28.5,12.2,28,0.0,955.6,21.61
2006-01-28,20.0,28.9,12.3,33,0.0,954.2,21.66
2006-01-29,21.9,29.8,15.0,28,0.0,954.1,21.54
2006-01-30,22.6,30.7,14.2,34,0.0,954.3,21.21
2006-01-31,23.7,31.2,16.4,35,0.0,955.1,21.37
2006-02-01,24.1,31.6,14.8,37,0.0,955.3,21.25
2006-02-02,23.9,31.5,15.7,39,0.0,955.0,21.33
2006-02-03,23.5,31.7,15.1,39,0.0,955.5,21.39
2006-02-04,23.5,31.5,15.3,39,0.0,956.6,21.5
2006-02-05,24.0,31.8,17.8,31,0.0,955.5,22.05
2006-02-06,24.3,31.4,18.9,28,0.0,954.7,22.32
2006-02-07,24.2,31.5,18.7,29,0.0,953.7,22.27
2006-02-08,23.6,31.3,17.2,33,0.0,954.0,22.16
2006-02-09,24.2,31.5,18.1,35,0.0,954.8,21.93
2006-02-10,24.1,31.0,15.8,37,0.0,955.2,22.03
2006-02-11,24.6,31.3,18.1,34,0.0,953.9,22.27
2006-02-12,23.9,31.2,16.7,36,0.0,953.3,22.29
2006-02-13,25.0,32.1,19.2,35,0.0,953.2,22.41
2006-02-14,25.3,32.8,19.0,39,0.0,952.4,22.39
2006-02-15,25.1,33.1,18.0,47,0.0,951.4,22.38
2006-02-16,25.2,33.2,18.9,41,0.0,950.9,22.64
2006-02-17,25.8,34.1,19.2,35,0.0,952.3,22.9
2006-02-18,26.8,34.8,20.5,28,0.0,952.9,23.17
2006-02-19,27.5,34.9,21.7,26,0.0,952.3,23.16
2006-02-20,27.8,35.5,21.5,32,0.0,951.8,23.24
2006-02-21,27.7,35.7,20.8,34,0.0,951.3,23.01
2006-02-22,27.7,35.4,21.8,47,0.0,951.5,21.65
2006-02-23,27.7,35.7,20.1,45,0.0,950.9,23.17
2006-02-24,28.0,35.5,20.7,35,0.0,950.3,23.37
2006-02-25,27.8,35.5,20.6,37,0.0,950.7,23.18
2006-02-26,26.4,34.7,18.8,55,0.0,950.4,22.5
2006-02-27,26.8,34.5,19.7,55,0.0,950.3,21.39
2006-02-28,27.5,34.9,21.9,48,0.0,949.8,21.16
2006-03-01,27.1,34.5,20.7,52,0.4,949.7,21.63
2006-03-02,27.2,34.2,20.7,52,0.0,949.8,20.63
2006-03-03,27.2,34.0,21.8,45,0.2,950.7,21.39
2006-03-04,25.7,33.5,19.4,39,0.0,951.8,24.81
2006-03-05,24.1,32.1,17.0,27,0.0,952.2,25.25
2006-03-06,23.2,32.4,14.7,31,0.0,952.0,25.65
2006-03-07,23.2,32.6,14.3,52,0.0,951.7,24.92
2006-03-08,23.2,32.9,14.4,54,0.0,951.5,24.77
2006-03-09,22.7,31.0,18.1,65,4.7,952.8,17.0
2006-03-10,21.6,28.2,17.1,62,0.5,951.5,23.51
2006-03-11,21.0,27.6,15.4,68,0.0,951.2,20.39
2006-03-12,22.5,29.5,16.0,63,0.0,950.7,24.66
2006-03-13,24.5,32.1,17.9,56,0.0,949.9,22.67
2006-03-14,24.4,32.0,17.8,59,0.0,950.8,22.65
2006-03-15,24.1,30.5,18.8,59,0.0,951.5,19.74
2006-03-16,24.1,30.5,18.4,60,0.1,951.2,20.5
2006-03-17,25.2,32.1,18.5,51,0.0,951.2,20.48
2006-03-18,26.5,33.9,18.9,53,0.0,951.3,22.77
2006-03-19,27.5,34.3,20.5,51,0.0,951.5,19.11
2006-03-20,28.7,35.5,22.7,44,0.0,951.8,20.94
2006-03-21,28.6,36.4,21.5,39,0.0,951.2,25.28
2006-03-22,28.5,36.6,21.3,32,0.0,949.7,25.82
2006-03-23,28.6,36.7,20.5,26,0.0,949.3,26.15
2006-03-24,29.3,37.2,22.0,35,0.0,949.7,26.02
2006-03-25,29.6,37.6,22.5,32,0.0,950.7,25.92
2006-03-26,28.3,36.7,20.9,34,0.0,951.3,25.54
2006-03-27,26.7,34.8,19.1,28,0.0,950.6,25.99
2006-03-28,27.7,36.1,19.2,37,0.0,950.5,26.57
2006-03-29,29.2,36.8,21.3,26,0.0,950.7,24.53
2006-03-30,29.2,36.5,22.3,37,0.0,951.4,19.94
2006-03-31,28.6,37.5,22.2,53,0.0,952.0,21.23
2006-04-01,28.6,37.1,20.6,43,0.0,951.0,25.17
2006-04-02,28.4,36.3,20.6,33,0.0,950.9,26.43
2006-04-03,27.6,35.8,19.9,33,0.0,950.8,26.93
2006-04-04,27.3,36.9,18.2,41,0.0,950.5,27.43
2006-04-05,28.4,38.1,19.5,45,0.0,950.0,27.18
2006-04-06,29.0,38.6,20.6,44,0.0,950.4,27.04
2006-04-07,28.2,37.0,21.3,52,0.0,950.6,26.65
2006-04-08,28.6,37.9,20.7,41,0.0,949.2,27.28
2006-04-09,28.9,38.1,21.2,45,0.0,949.1,27.13
2006-04-10,29.5,38.4,22.0,39,0.0,949.7,27.13
2006-04-11,28.8,37.9,20.7,44,0.0,949.1,26.99
2006-04-12,28.1,36.7,21.1,51,0.0,948.5,26.54
2006-04-13,28.6,37.8,20.6,43,0.0,947.9,25.96
2006-04-14,29.7,38.9,21.0,47,0.0,949.3,26.77
2006-04-15,30.2,39.0,22.1,42,0.0,949.8,26.84
2006-04-16,28.9,36.9,22.9,54,0.7,948.4,24.2
2006-04-17,28.1,36.2,21.8,53,0.0,949.9,27.04
2006-04-18,27.0,35.3,19.8,56,0.0,950.7,26.51
2006-04-19,28.8,37.1,19.7,48,0.0,951.3,27.39
2006-04-20,29.3,38.2,21.0,46,0.0,951.5,25.57
2006-04-21,29.6,37.8,22.6,47,0.0,951.5,22.78
2006-04-22,29.6,37.0,23.2,50,0.4,951.1,23.64
2006-04-23,28.9,36.5,22.8,51,0.2,950.9,23.12
2006-04-24,29.4,37.9,21.8,48,0.0,949.9,27.3
2006-04-25,27.8,36.9,20.8,55,0.0,949.6,27.23
2006-04-26,27.9,36.8,20.8,58,0.0,950.2,27.68
2006-04-27,28.3,37.5,20.0,55,0.0,949.8,27.7
2006-04-28,28.3,38.1,19.7,52,0.0,949.0,28.07
2006-04-29,27.7,36.7,20.3,58,0.0,949.2,27.62
2006-04-30,28.2,37.1,21.0,60,0.0,950.0,27.03
2006-05-01,29.0,38.3,21.7,57,0.0,950.6,26.46
2006-05-02,30.9,40.0,23.4,53,0.2,949.7,24.79
2006-05-03,31.5,40.2,23.5,51,0.2,949.9,24.76
2006-05-04,31.4,40.0,22.7,49,0.0,950.2,26.92
2006-05-05,30.4,39.2,23.6,55,0.9,951.0,24.88
2006-05-06,30.1,39.1,23.4,57,0.4,950.4,24.76
2006-05-07,29.6,38.9,23.0,55,0.0,948.8,25.02
2006-05-08,29.4,38.2,22.3,54,0.0,949.2,24.15
2006-05-09,30.0,38.4,23.1,53,0.0,949.9,24.88
2006-05-10,29.3,37.7,23.1,56,0.0,949.4,25.84
2006-05-11,30.1,39.1,22.3,48,0.0,949.6,27.8
2006-05-12,30.0,38.9,22.4,49,0.0,950.8,28.19
2006-05-13,29.3,38.4,22.0,51,0.0,950.2,27.93
2006-05-14,28.9,37.8,22.3,54,0.0,950.2,27.32
2006-05-15,28.4,36.8,21.9,59,0.0,949.9,26.72
2006-05-16,29.3,38.3,21.9,57,0.0,949.7,27.78
2006-05-17,29.5,38.6,22.7,59,0.0,950.2,27.15
2006-05-18,28.8,37.2,22.1,60,0.4,949.3,26.36
2006-05-19,27.7,34.3,22.9,64,0.0,949.1,23.25
2006-05-20,27.4,34.8,22.4,63,0.0,949.7,26.04
2006-05-21,27.3,34.4,22.3,63,0.0,949.4,25.28
2006-05-22,27.2,33.9,22.5,69,1.8,949.0,22.01
2006-05-23,27.5,34.1,23.4,69,1.7,948.4,22.03
2006-05-24,27.8,34.3,23.0,66,0.2,947.6,23.74
2006-05-25,27.3,33.7,23.4,71,1.8,947.2,21.37
2006-05-26,28.0,34.3,23.6,67,0.3,948.4,21.39
2006-05-27,27.3,33.2,23.8,74,2.1,947.7,18.41
2006-05-28,27.9,33.2,23.6,71,1.1,945.5,17.36
2006-05-29,28.1,32.9,24.3,70,0.6,942.8,15.18
2006-05-30,27.5,33.3,24.2,76,16.3,941.0,15.9
2006-05-31,24.8,27.8,22.7,86,28.6,941.4,8.85
2006-06-01,22.9,24.7,22.2,93,43.4,944.2,4.41
2006-06-02,23.1,24.5,22.1,94,37.0,945.6,4.78
2006-06-03,23.6,26.7,22.3,90,3.1,946.1,10.05
2006-06-04,23.9,26.7,22.7,90,2.6,946.9,8.65
2006-06-05,24.5,27.7,22.4,85,1.2,947.9,14.4
2006-06-06,25.0,29.5,22.2,81,1.1,948.4,19.4
2006-06-07,24.9,29.3,21.9,81,2.1,948.9,18.91
2006-06-08,25.1,29.5,21.7,79,3.6,949.3,21.25
2006-06-09,25.3,29.7,22.0,80,2.0,948.3,21.13
2006-06-10,25.2,30.3,22.3,81,1.0,948.7,19.68
2006-06-11,25.2,28.7,22.7,82,1.5,949.1,18.35
2006-06-12,25.1,30.1,21.5,79,1.1,949.1,20.78
2006-06-13,25.6,30.7,22.0,76,0.0,949.0,20.84
2006-06-14,25.7,31.0,21.8,78,0.5,949.4,21.69
2006-06-15,25.7,30.4,22.4,80,1.0,949.6,19.72
2006-06-16,25.7,30.6,22.3,81,1.4,949.4,19.98
2006-06-17,26.1,31.2,22.9,80,2.3,949.4,20.69
2006-06-18,26.6,31.9,23.2,79,3.3,948.5,19.79
2006-06-19,26.4,32.1,23.6,82,10.0,947.3,19.24
2006-06-20,26.4,31.8,23.5,78,4.4,946.2,18.14
2006-06-21,25.4,31.0,22.8,86,22.6,944.9,14.71
2006-06-22,26.2,31.9,22.6,85,10.3,943.7,18.6
2006-06-23,25.0,29.9,22.8,90,28.8,942.9,9.89
2006-06-24,25.3,29.2,23.7,89,21.8,943.3,10.84
2006-06-25,25.0,28.3,23.3,88,12.7,943.5,10.89
2006-06-26,24.3,26.6,23.3,90,8.0,944.3,8.06
2006-06-27,24.5,26.9,23.2,89,6.4,944.4,11.2
2006-06-28,24.7,27.8,22.8,86,4.4,945.6,16.34
2006-06-29,24.2,26.3,23.0,89,9.9,945.6,12.7
2006-06-30,23.2,24.8,22.6,95,18.1,945.7,5.05
2006-07-01,23.5,25.2,22.4,92,23.4,944.9,8.45
2006-07-02,23.5,24.1,23.0,95,50.0,942.5,4.04
2006-07-03,23.0,24.6,21.3,89,10.4,941.9,7.84
2006-07-04,22.1,23.0,20.8,94,26.5,940.9,3.56
2006-07-05,21.7,22.8,20.7,94,47.1,942.6,3.55
2006-07-06,23.1,26.0,21.3,89,11.4,946.5,13.77
2006-07-07,24.0,26.7,22.1,88,8.2,947.3,14.75
2006-07-08,24.1,26.4,22.6,88,6.3,947.0,15.03
2006-07-09,23.9,26.3,22.6,88,7.1,946.6,13.94
2006-07-10,23.9,26.7,22.3,87,7.0,947.2,15.89
2006-07-11,23.8,26.1,22.5,88,7.2,946.9,14.19
2006-07-12,23.7,25.7,22.6,88,6.1,946.3,13.22
2006-07-13,24.0,25.9,22.5,87,5.6,945.8,14.64
2006-07-14,24.0,26.8,22.3,85,4.5,945.8,17.72
2006-07-15,23.9,26.2,22.4,87,5.3,946.3,13.29
2006-07-16,23.9,26.9,22.4,86,4.1,945.6,16.59
2006-07-17,23.6,26.6,21.8,86,1.8,944.2,15.85
2006-07-18,23.3,25.4,22.2,87,2.3,944.1,10.73
2006-07-19,23.4,25.4,22.1,88,3.4,945.9,11.36
2006-07-20,23.5,26.1,22.1,87,4.7,947.1,12.99
2006-07-21,23.1,25.2,22.0,90,10.3,945.9,10.6
2006-07-22,22.5,23.3,22.1,96,38.0,945.6,5.77
2006-07-23,22.7,24.7,21.7,91,22.7,947.1,8.94
2006-07-24,23.5,26.3,21.9,88,5.6,949.0,14.73
2006-07-25,23.8,26.4,22.2,87,4.5,948.1,14.09
2006-07-26,23.5,26.5,22.1,88,5.8,948.5,14.57
2006-07-27,22.8,25.0,21.7,90,25.2,947.8,11.24
2006-07-28,22.1,23.3,21.5,93,67.6,944.5,5.37
2006-07-29,21.9,22.9,21.4,93,76.4,943.6,4.9
2006-07-30,22.7,24.9,21.6,91,29.9,945.2,10.43
2006-07-31,22.7,24.7,21.8,90,26.1,946.6,11.68
2006-08-01,22.5,24.7,21.4,90,23.7,947.0,9.58
2006-08-02,22.6,24.8,21.3,90,27.3,946.6,11.41
2006-08-03,22.0,23.0,21.3,94,10.6,945.8,3.9
2006-08-04,22.3,24.3,21.6,94,11.0,944.9,5.86
2006-08-05,22.3,22.6,21.9,95,44.5,945.5,2.24
2006-08-06,22.4,22.7,22.0,95,83.2,946.6,2.16
2006-08-07,22.2,22.7,21.7,94,55.8,947.3,3.47
2006-08-08,22.4,23.6,21.7,93,45.7,948.0,6.5
2006-08-09,23.0,25.0,21.7,90,26.0,947.4,13.61
2006-08-10,23.0,25.1,21.9,90,24.6,945.2,10.66
2006-08-11,22.9,24.4,22.0,93,27.5,944.2,6.01
2006-08-12,23.4,25.7,22.2,90,17.2,944.3,12.54
2006-08-13,23.5,26.2,22.3,89,12.9,944.4,12.51
2006-08-14,23.1,25.3,22.1,90,14.8,944.1,11.62
2006-08-15,23.1,25.3,22.0,90,13.8,943.5,12.5
2006-08-16,23.0,25.0,21.9,90,17.6,942.9,8.37
2006-08-17,23.2,25.3,22.1,89,8.9,943.3,12.3
2006-08-18,23.5,26.3,21.7,87,4.2,945.6,16.4
2006-08-19,23.5,26.0,21.8,87,3.6,947.7,15.21
2006-08-20,23.6,26.2,22.0,87,3.3,948.7,14.06
2006-08-21,23.5,26.0,21.9,88,4.2,949.0,14.44
2006-08-22,23.0,26.0,21.1,87,2.9,948.6,12.91
2006-08-23,23.3,25.9,21.8,87,3.8,948.9,13.61
2006-08-24,23.3,26.0,21.8,86,2.6,950.1,14.94
2006-08-25,23.6,27.3,21.3,86,1.7,951.1,17.57
2006-08-26,23.4,26.4,21.4,86,1.4,951.2,16.28
2006-08-27,23.1,25.9,21.7,88,3.2,949.2,14.0
2006-08-28,22.9,24.7,21.9,88,4.8,948.2,10.4
2006-08-29,23.2,25.6,21.8,86,3.5,948.7,14.83
2006-08-30,23.4,25.8,21.8,85,3.4,948.9,14.98
2006-08-31,23.2,26.6,21.4,86,2.4,947.6,15.24
2006-09-01,22.9,25.5,21.4,89,2.5,947.9,12.8
2006-09-02,23.6,27.2,21.6,86,2.0,949.9,15.76
2006-09-03,23.9,27.8,21.0,83,0.9,950.9,17.66
2006-09-04,23.9,28.6,20.5,84,0.6,948.8,18.82
2006-09-05,23.7,27.1,21.5,89,7.7,947.0,11.81
2006-09-06,23.9,27.9,21.8,88,1.2,946.5,13.92
2006-09-07,24.4,28.2,21.2,84,0.8,948.1,17.16
2006-09-08,25.1,30.0,21.5,82,0.3,949.2,20.8
2006-09-09,25.1,30.4,21.7,85,3.9,949.7,18.55
2006-09-10,25.9,30.9,22.3,85,2.7,949.2,18.71
2006-09-11,25.5,30.2,22.6,87,5.5,947.9,17.39
2006-09-12,25.1,29.8,22.7,87,7.9,948.1,14.67
2006-09-13,24.5,28.9,22.4,90,11.9,949.1,11.08
2006-09-14,24.2,27.2,22.3,88,13.0,948.2,11.31
2006-09-15,24.3,28.3,22.1,89,23.3,946.7,14.43
2006-09-16,24.3,28.7,22.1,88,11.2,947.2,15.51
2006-09-17,22.9,23.8,22.4,96,20.7,947.3,3.64
2006-09-18,22.9,26.3,21.7,94,14.3,947.1,10.04
2006-09-19,24.2,28.1,21.6,84,1.0,946.8,15.12
2006-09-20,24.0,27.3,22.3,88,8.7,947.5,12.03
2006-09-21,23.2,25.8,21.9,94,13.0,948.3,8.47
2006-09-22,23.3,25.9,21.8,92,12.5,948.3,10.99
2006-09-23,24.2,28.1,21.7,86,1.4,949.5,17.85
2006-09-24,24.0,28.2,20.9,85,1.7,950.3,18.14
2006-09-25,24.2,28.5,21.0,83,0.5,951.3,15.95
2006-09-26,24.0,27.8,21.5,84,0.8,951.5,16.69
2006-09-27,23.6,27.5,20.6,82,0.0,950.4,16.57
2006-09-28,24.1,28.3,20.7,83,1.1,950.7,17.97
2006-09-29,24.4,29.1,21.8,86,5.9,950.7,16.68
2006-09-30,24.4,28.1,22.6,88,4.2,950.7,14.09
2006-10-01,23.7,26.3,22.2,91,3.1,949.8,8.48
2006-10-02,24.3,28.0,22.1,89,5.9,948.0,14.23
2006-10-03,24.5,28.9,21.4,87,2.0,948.3,15.48
2006-10-04,24.3,28.3,22.1,89,9.3,949.8,12.75
2006-10-05,24.3,27.9,22.5,89,7.0,950.3,10.56
2006-10-06,23.7,26.5,22.1,92,5.7,950.4,9.42
2006-10-07,24.1,28.3,21.3,83,0.0,950.6,16.84
2006-10-08,23.9,27.3,21.7,87,1.4,951.6,14.12
2006-10-09,24.3,28.8,21.6,87,3.3,952.4,14.76
2006-10-10,24.5,28.9,21.7,86,6.2,953.2,16.26
2006-10-11,24.7,29.3,21.9,82,1.3,954.3,16.12
2006-10-12,25.0,29.8,21.3,79,0.0,954.0,18.5
2006-10-13,24.7,28.7,21.1,77,0.0,954.1,17.14
2006-10-14,25.4,29.1,22.1,69,0.0,954.6,19.19
2006-10-15,25.1,29.9,20.3,66,0.0,953.9,20.43
2006-10-16,24.9,29.9,20.5,67,0.0,953.8,19.93
2006-10-17,25.0,30.5,19.9,72,0.0,954.3,20.69
2006-10-18,25.5,30.7,21.6,68,0.0,954.1,19.66
2006-10-19,25.4,31.1,20.8,65,0.0,952.9,20.73
2006-10-20,25.2,30.6,21.0,65,0.0,953.4,19.73
2006-10-21,24.6,30.2,19.2,68,0.0,954.5,19.27
2006-10-22,25.4,30.1,21.4,68,0.2,954.4,18.65
2006-10-23,25.0,30.0,20.8,70,0.2,954.1,17.67
2006-10-24,25.0,30.4,20.2,66,0.0,954.3,18.57
2006-10-25,24.4,29.0,18.8,64,0.0,954.9,17.03
2006-10-26,24.9,30.6,19.5,59,0.0,954.4,19.89
2006-10-27,24.3,30.4,17.9,55,0.0,953.8,20.75
2006-10-28,24.4,29.9,18.1,59,0.0,952.4,18.65
2006-10-29,24.5,28.7,20.2,70,0.0,952.0,15.5
2006-10-30,24.9,29.3,20.8,70,0.0,952.3,16.61
2006-10-31,24.8,29.6,21.4,72,1.5,952.6,17.36
2006-11-01,24.2,29.2,19.6,75,1.3,951.8,16.95
2006-11-02,23.7,28.0,20.7,79,3.3,951.8,15.24
2006-11-03,23.4,27.6,19.9,80,0.2,953.0,13.63
2006-11-04,23.9,28.2,20.0,79,0.7,953.2,16.39
2006-11-05,23.8,28.5,20.8,82,6.1,953.9,15.52
2006-11-06,23.2,28.8,19.4,83,6.3,953.4,16.33
2006-11-07,22.6,28.0,19.1,83,6.0,952.8,16.31
2006-11-08,22.1,27.0,17.5,82,1.6,953.6,16.65
2006-11-09,22.2,27.0,17.2,74,0.0,954.6,17.04
2006-11-10,22.5,28.7,17.1,63,0.0,955.0,20.35
2006-11-11,22.7,28.6,16.6,62,0.0,955.2,20.34
2006-11-12,23.1,28.4,17.4,61,0.0,954.2,19.77
2006-11-13,22.8,28.5,16.6,58,0.0,953.4,19.76
2006-11-14,23.0,29.2,17.1,60,0.0,952.9,18.82
2006-11-15,23.6,29.4,17.5,62,0.0,953.2,17.42
2006-11-16,24.1,29.7,18.8,57,0.0,953.0,17.82
2006-11-17,24.3,30.3,18.1,56,0.0,952.0,19.33
2006-11-18,24.2,30.4,18.0,57,0.0,952.5,19.25
2006-11-19,24.0,30.1,17.5,57,0.0,952.7,18.91
2006-11-20,24.1,30.2,17.9,58,0.0,952.3,18.26
2006-11-21,24.7,29.6,19.1,62,0.0,952.0,13.89
2006-11-22,24.4,29.4,21.9,80,3.4,951.7,12.94
2006-11-23,23.9,29.1,20.3,81,0.5,951.4,14.63
2006-11-24,24.5,29.8,19.7,72,0.0,951.5,17.18
2006-11-25,23.5,28.5,20.3,83,4.4,951.8,13.02
2006-11-26,24.4,29.2,20.7,76,0.4,951.5,15.09
2006-11-27,25.1,29.1,20.4,70,0.1,951.6,15.44
2006-11-28,24.8,29.4,20.8,69,0.0,952.2,14.42
2006-11-29,24.8,29.3,21.0,73,0.8,953.6,12.93
2006-11-30,25.3,30.3,20.6,68,0.0,954.0,16.6
2006-12-01,25.1,30.6,19.7,63,0.0,954.2,15.71
2006-12-02,24.5,30.3,18.0,55,0.0,953.6,18.6
2006-12-03,24.2,30.5,17.5,54,0.0,954.1,18.78
2006-12-04,24.0,30.3,17.5,59,0.0,955.2,17.97
2006-12-05,24.2,29.8,18.4,57,0.0,955.3,15.82
2006-12-06,23.5,29.7,17.7,56,0.0,954.6,18.43
2006-12-07,23.5,29.6,17.3,52,0.0,953.9,18.63
2006-12-08,22.6,29.3,16.0,57,0.0,954.1,18.55
2006-12-09,22.2,28.8,15.2,56,0.0,954.8,18.63
2006-12-10,22.5,29.0,15.8,51,0.0,954.6,18.62
2006-12-11,22.9,29.5,17.5,49,0.0,953.6,18.68
2006-12-12,22.6,29.7,15.5,57,0.0,953.5,17.86
2006-12-13,24.0,30.2,18.0,58,0.0,954.5,17.99
2006-12-14,23.3,29.8,16.6,61,0.0,955.4,18.28
2006-12-15,22.6,29.9,15.9,53,0.0,954.9,18.75
2006-12-16,21.9,29.7,14.1,47,0.0,955.5,18.58
2006-12-17,21.5,28.7,15.2,41,0.0,954.6,18.88
2006-12-18,20.8,28.8,13.9,42,0.0,953.7,19.01
2006-12-19,21.4,29.2,15.5,43,0.0,953.6,18.49
2006-12-20,21.2,28.7,14.7,46,0.0,953.9,18.76
2006-12-21,20.7,27.6,13.0,54,0.0,953.6,18.6
2006-12-22,21.3,28.0,14.3,57,0.0,952.7,18.36
2006-12-23,21.9,28.1,16.0,60,0.0,953.1,17.29
2006-12-24,22.2,28.1,16.7,61,0.0,952.6,17.72
2006-12-25,22.8,28.6,16.5,59,0.0,953.0,18.29
2006-12-26,23.4,29.7,17.6,59,0.0,952.7,18.2
2006-12-27,22.9,29.4,17.5,59,0.0,952.6,18.38
2006-12-28,23.0,29.8,16.1,55,0.0,953.3,18.47
2006-12-29,23.1,29.4,16.4,51,0.0,954.8,18.67
2006-12-30,23.1,29.2,18.2,52,0.0,954.8,18.66
2006-12-31,22.6,29.2,17.0,56,0.0,954.6,18.66
2007-01-01,22.0,28.4,15.7,53,0.0,954.9,18.71
2007-01-02,21.9,28.3,15.9,51,0.0,955.7,18.77
2007-01-03,21.4,28.2,14.7,54,0.0,955.5,18.95
2007-01-04,21.4,28.3,15.8,56,0.0,954.7,18.86
2007-01-05,21.2,28.5,15.3,59,0.0,954.1,19.03
2007-01-06,21.5,28.8,13.5,56,0.0,953.8,19.16
2007-01-07,21.7,28.7,14.8,54,0.0,953.9,18.97
2007-01-08,21.7,28.4,14.8,55,0.0,953.7,19.13
2007-01-09,21.8,28.8,14.5,56,0.0,954.5,19.22
2007-01-10,22.0,28.9,14.7,54,0.0,955.0,19.24
2007-01-11,22.4,29.1,14.9,54,0.0,953.9,19.34
2007-01-12,23.1,30.0,16.7,53,0.0,953.7,19.3
2007-01-13,23.5,30.5,17.9,55,0.0,953.7,19.44
2007-01-14,23.8,30.8,18.7,55,0.0,953.2,19.48
2007-01-15,23.9,30.9,19.2,57,0.0,953.0,19.5
2007-01-16,23.4,31.0,18.0,49,0.0,953.2,19.67
2007-01-17,22.1,29.6,15.3,39,0.0,954.1,20.23
2007-01-18,22.4,30.0,14.6,45,0.0,954.9,19.91
2007-01-19,22.8,30.2,15.6,50,0.0,955.1,19.8
2007-01-20,24.0,31.1,18.5,51,0.0,954.7,19.87
2007-01-21,24.2,31.5,18.8,45,0.0,954.7,20.09
2007-01-22,24.4,31.9,19.5,40,0.0,955.1,20.2
2007-01-23,24.3,32.0,19.0,39,0.0,955.0,20.37
2007-01-24,24.1,31.6,16.5,46,0.0,954.8,19.97
2007-01-25,24.8,31.3,18.2,51,0.0,954.6,19.93
2007-01-26,24.2,31.3,16.7,49,0.0,953.8,20.32
2007-01-27,24.9,31.5,18.5,49,0.0,954.2,20.06
2007-01-28,25.1,31.3,17.5,45,0.0,954.4,17.55
2007-01-29,25.6,31.3,20.7,47,0.0,953.9,17.29
2007-01-30,24.7,31.1,18.6,45,0.0,954.6,18.81
2007-01-31,25.0,31.6,17.6,44,0.0,955.8,19.03
2007-02-01,25.1,31.7,18.9,48,0.0,955.3,19.48
2007-02-02,25.0,31.8,19.3,41,0.0,954.4,20.99
2007-02-03,24.4,31.8,19.2,42,0.0,954.3,21.24
2007-02-04,22.5,30.5,15.8,54,0.0,953.2,21.49
2007-02-05,23.4,31.1,16.6,57,0.0,952.7,21.26
2007-02-06,23.4,31.1,16.3,56,0.0,953.0,21.32
2007-02-07,23.6,31.4,17.3,49,0.0,952.5,21.81
2007-02-08,24.2,31.9,17.9,56,0.0,952.6,21.56
2007-02-09,24.0,31.8,16.8,65,0.0,952.3,19.31
2007-02-10,23.9,31.0,18.7,60,0.0,951.7,19.27
2007-02-11,22.3,29.4,16.7,67,0.0,952.6,20.69
2007-02-12,21.7,28.9,16.3,71,0.0,952.5,20.03
2007-02-13,21.4,27.4,17.2,62,0.0,951.8,21.57
2007-02-14,20.7,27.8,14.3,62,0.0,952.7,22.01
2007-02-15,20.8,28.7,15.0,67,0.0,953.4,21.6
2007-02-16,22.2,30.5,15.2,61,0.0,952.3,21.91
2007-02-17,23.4,29.8,17.5,49,0.0,952.3,18.09
2007-02-18,24.1,31.2,16.3,45,0.0,952.1,22.47
2007-02-19,25.0,30.6,19.6,47,0.0,952.8,16.7
2007-02-20,26.2,31.5,22.3,41,0.0,953.9,17.15
2007-02-21,25.6,31.9,18.4,38,0.0,954.1,21.8
2007-02-22,25.7,32.0,18.8,37,0.0,952.2,22.93
2007-02-23,25.0,32.4,17.0,36,0.0,950.2,23.32
2007-02-24,25.0,32.4,19.5,45,0.0,951.0,23.39
2007-02-25,24.3,31.8,17.4,57,0.0,951.4,23.2
2007-02-26,24.2,32.1,17.5,48,0.0,950.5,24.02
2007-02-27,25.5,33.6,19.0,43,0.0,950.2,23.9
2007-02-28,24.8,33.5,18.2,51,0.0,950.7,24.03
2007-03-01,22.7,30.1,16.2,55,0.0,951.2,24.29
2007-03-02,22.6,29.4,15.9,62,0.0,951.7,23.94
2007-03-03,24.8,32.4,17.9,52,0.0,951.9,24.27
2007-03-04,25.9,33.6,18.2,43,0.0,952.2,24.29
2007-03-05,26.8,34.0,20.0,37,0.0,953.2,23.45
2007-03-06,26.7,34.1,20.3,35,0.0,951.5,24.52
2007-03-07,26.1,34.3,20.5,39,0.0,949.4,24.41
2007-03-08,24.3,32.8,15.8,46,0.0,949.9,25.07
2007-03-09,24.7,32.9,16.9,37,0.0,950.8,25.28
2007-03-10,26.0,33.7,18.9,37,0.0,951.8,25.11
2007-03-11,26.9,34.4,19.8,40,0.0,951.2,23.43
2007-03-12,26.2,34.2,19.7,53,0.0,952.1,22.13
2007-03-13,24.9,32.3,18.3,60,0.0,952.5,22.76
2007-03-14,25.8,33.7,17.6,52,0.0,951.8,25.26
2007-03-15,27.0,34.5,19.2,33,0.0,951.6,24.9
2007-03-16,27.7,35.0,20.3,34,0.0,951.9,24.14
2007-03-17,28.4,35.6,21.2,40,0.0,951.9,22.9
2007-03-18,28.9,36.9,20.9,38,0.0,950.5,24.83
2007-03-19,28.9,37.6,21.6,42,0.0,951.0,23.7
2007-03-20,29.0,36.8,21.5,38,0.0,952.4,23.07
2007-03-21,28.4,35.7,21.0,39,0.0,952.3,23.53
2007-03-22,27.5,35.0,21.8,45,0.0,953.3,24.44
2007-03-23,28.3,36.5,20.6,50,0.0,953.3,25.17
2007-03-24,28.7,36.7,22.0,38,0.0,953.6,24.08
2007-03-25,28.8,36.9,20.7,32,0.0,951.5,26.14
2007-03-26,29.3,37.1,21.7,29,0.0,950.7,26.29
2007-03-27,30.6,38.3,23.2,28,0.0,951.5,26.27
2007-03-28,30.8,38.4,24.0,34,0.0,952.3,26.14
2007-03-29,30.6,38.5,23.6,41,0.0,951.2,26.4
2007-03-30,30.1,38.6,23.8,42,0.0,950.9,25.9
2007-03-31,29.2,36.8,22.5,56,0.0,952.0,21.13
2007-04-01,29.5,36.9,22.3,55,0.0,952.6,22.5
2007-04-02,30.5,38.5,23.6,42,0.0,951.0,22.77
2007-04-03,30.7,38.8,22.7,31,0.0,950.2,26.56
2007-04-04,31.4,39.5,23.9,22,0.0,949.8,27.04
2007-04-05,31.3,39.4,24.0,24,0.0,950.6,27.09
2007-04-06,30.8,39.0,24.4,37,0.0,951.2,25.95
2007-04-07,28.9,37.3,21.3,55,0.2,951.2,25.59
2007-04-08,29.0,36.9,21.5,52,0.0,950.6,24.66
2007-04-09,29.6,37.8,21.5,46,0.0,950.8,25.19
2007-04-10,29.8,38.1,22.0,41,0.0,950.9,26.6
2007-04-11,29.4,37.8,21.3,45,0.0,950.0,25.7
2007-04-12,29.0,37.9,21.7,39,0.2,949.3,26.51
2007-04-13,28.9,37.6,21.8,40,0.0,949.9,26.61
2007-04-14,29.6,38.1,22.2,45,0.0,950.1,24.13
2007-04-15,29.5,38.4,22.1,49,2.3,950.7,25.28
2007-04-16,29.2,38.2,22.5,60,1.4,950.5,23.91
2007-04-17,28.9,37.0,22.5,57,1.6,949.9,23.85
2007-04-18,28.5,37.3,22.8,63,2.0,950.8,24.09
2007-04-19,28.2,36.6,23.7,65,6.0,951.2,22.43
2007-04-20,27.9,35.5,21.6,63,0.8,951.4,24.32
2007-04-21,27.9,34.8,22.0,63,0.1,951.7,24.91
2007-04-22,27.3,35.4,21.3,60,0.0,952.0,26.8
2007-04-23,27.1,36.2,18.1,48,0.0,951.1,28.17
2007-04-24,28.0,36.9,18.4,45,0.0,949.9,28.07
2007-04-25,29.5,38.4,20.8,44,0.0,949.3,28.09
2007-04-26,30.7,39.5,21.7,47,0.0,949.8,25.95
2007-04-27,31.0,39.9,23.4,46,0.0,950.7,23.77
2007-04-28,30.9,39.2,24.8,53,0.8,949.9,20.59
2007-04-29,30.5,37.8,24.9,55,1.0,950.0,20.47
2007-04-30,30.9,39.9,23.2,54,0.6,950.5,24.7
2007-05-01,30.7,38.7,24.0,57,1.0,951.2,24.36
2007-05-02,30.8,39.1,23.5,54,1.3,949.4,25.02
2007-05-03,30.3,38.9,23.8,56,1.3,947.8,24.24
2007-05-04,29.8,38.1,23.9,58,0.0,948.1,23.73
2007-05-05,29.9,38.3,23.1,57,0.0,948.7,24.17
2007-05-06,29.7,37.8,23.2,60,1.0,947.9,23.95
2007-05-07,28.6,36.2,23.8,65,0.3,948.0,24.99
2007-05-08,27.4,35.3,21.8,65,0.0,948.5,26.82
2007-05-09,27.6,35.7,21.8,64,0.5,949.3,25.68
2007-05-10,27.5,34.8,22.2,67,0.0,950.1,25.19
2007-05-11,28.2,35.9,22.3,61,0.0,948.7,27.31
2007-05-12,27.5,35.5,21.8,64,0.0,949.3,27.0
2007-05-13,27.4,35.0,21.7,64,0.0,949.4,26.31
2007-05-14,27.4,35.1,22.4,66,0.0,949.0,25.75
2007-05-15,26.5,34.1,21.2,63,0.0,949.0,27.16
2007-05-16,26.8,34.8,20.0,59,0.0,949.7,27.85
2007-05-17,28.5,35.7,22.4,62,0.0,949.4,24.02
2007-05-18,28.6,34.9,23.7,62,0.3,949.4,23.19
2007-05-19,28.2,35.1,22.6,63,0.0,950.2,24.87
2007-05-20,27.8,34.2,22.7,66,0.1,950.0,24.02
2007-05-21,27.5,33.2,22.8,67,0.4,948.7,23.58
2007-05-22,27.8,33.6,23.6,69,0.7,948.4,21.84
2007-05-23,27.9,34.6,23.7,71,4.7,949.6,21.71
2007-05-24,28.5,35.1,24.3,65,0.1,949.3,23.3
2007-05-25,27.9,35.3,22.1,62,0.0,948.6,24.61
2007-05-26,27.5,34.5,22.2,64,0.0,949.4,22.95
2007-05-27,27.6,34.3,22.7,65,0.4,950.3,21.97
2007-05-28,27.4,32.9,23.4,65,0.3,950.0,20.66
2007-05-29,27.7,34.2,22.8,60,0.0,949.8,22.21
2007-05-30,28.6,35.0,24.1,65,2.2,949.5,20.41
2007-05-31,28.4,35.6,24.9,72,6.2,948.6,15.19
2007-06-01,27.4,34.7,23.9,77,8.2,948.6,16.75
2007-06-02,27.5,33.8,23.7,75,6.8,948.4,20.59
2007-06-03,27.5,33.3,23.8,74,3.5,948.0,21.43
2007-06-04,27.4,33.6,23.5,74,1.0,949.0,22.29
2007-06-05,28.3,34.5,24.0,71,0.6,949.2,23.72
2007-06-06,28.0,34.2,24.2,73,0.6,948.9,20.56
2007-06-07,28.1,33.0,24.1,72,0.0,948.5,18.52
2007-06-08,27.5,31.9,24.3,77,2.3,947.7,17.06
2007-06-09,26.5,30.7,24.3,82,4.9,947.8,14.76
2007-06-10,26.5,30.7,23.9,80,1.9,946.6,18.33
2007-06-11,26.7,31.1,23.8,80,1.6,945.0,19.1
2007-06-12,26.4,30.7,24.2,81,2.4,944.4,17.37
2007-06-13,26.3,30.8,24.0,82,6.9,944.2,14.2
2007-06-14,26.1,30.8,24.4,84,8.3,943.8,12.48
2007-06-15,26.0,30.8,23.5,82,2.5,942.5,14.96
2007-06-16,26.0,30.3,23.8,79,5.3,942.1,14.77
2007-06-17,25.2,28.5,23.5,82,3.3,942.8,14.29
2007-06-18,25.4,29.2,23.5,83,2.2,944.1,14.43
2007-06-19,25.2,29.3,23.2,84,6.5,944.0,13.71
2007-06-20,24.8,27.1,23.3,85,5.0,943.0,8.88
2007-06-21,25.5,30.0,22.7,83,3.7,941.3,11.93
2007-06-22,25.1,28.9,23.0,89,16.2,938.4,9.0
2007-06-23,24.3,27.7,23.3,93,169.8,937.0,5.79
2007-06-24,23.4,24.4,22.9,93,58.5,942.8,4.49
2007-06-25,23.9,26.4,22.7,89,20.8,947.0,13.66
2007-06-26,24.0,26.6,22.5,89,9.0,947.5,15.04
2007-06-27,24.1,26.6,22.6,88,11.4,946.5,14.6
2007-06-28,24.0,26.7,22.9,89,5.9,944.0,12.91
2007-06-29,24.1,26.7,22.8,91,29.0,942.5,9.76
2007-06-30,24.1,26.1,23.0,93,35.9,941.9,9.0
2007-07-01,23.5,24.0,22.7,94,53.2,939.8,2.84
2007-07-02,23.8,24.9,23.0,92,19.6,941.4,7.72
2007-07-03,23.8,25.5,22.5,90,15.4,944.0,13.01
2007-07-04,23.8,25.8,22.7,91,13.0,945.8,9.81
2007-07-05,23.7,25.7,22.4,91,12.6,945.6,8.95
2007-07-06,24.3,26.9,23.0,88,6.7,945.3,15.83
2007-07-07,23.3,24.4,22.3,91,8.9,945.6,6.53
2007-07-08,22.9,23.8,22.0,93,8.1,944.9,5.42
2007-07-09,23.0,25.2,21.3,93,13.4,944.4,8.5
2007-07-10,23.8,26.0,22.6,90,7.4,944.1,11.08
2007-07-11,24.4,27.4,22.9,87,2.2,945.1,15.2
2007-07-12,24.2,26.8,22.9,88,5.5,945.7,13.91
2007-07-13,24.2,26.5,22.8,87,6.9,944.8,14.92
2007-07-14,24.2,26.8,22.7,87,5.9,943.6,15.16
2007-07-15,24.4,27.1,22.7,85,3.8,943.3,16.46
2007-07-16,24.6,27.4,23.0,85,2.9,944.1,14.82
2007-07-17,24.4,27.2,22.7,85,2.5,945.4,14.71
2007-07-18,24.5,27.7,22.3,83,1.1,946.4,17.31
2007-07-19,24.4,27.4,22.1,84,1.3,947.2,16.51
2007-07-20,24.4,27.5,22.1,83,1.7,947.4,17.9
2007-07-21,24.3,27.6,22.2,85,2.0,946.5,18.14
2007-07-22,24.4,28.4,22.1,84,1.1,945.8,15.94
2007-07-23,25.0,29.3,22.6,83,6.8,945.4,16.38
2007-07-24,24.8,28.6,22.0,86,6.8,945.9,14.32
2007-07-25,25.2,29.8,21.9,84,2.8,946.1,17.38
2007-07-26,25.2,29.6,22.3,85,2.6,946.3,16.04
2007-07-27,24.3,27.6,22.9,89,9.1,946.0,10.42
2007-07-28,23.8,25.7,22.5,91,2.2,946.3,8.2
2007-07-29,23.7,26.1,22.4,88,2.4,946.9,10.74
2007-07-30,24.1,27.4,22.2,88,1.4,947.3,14.65
2007-07-31,24.4,27.7,22.6,87,3.2,946.9,13.85
2007-08-01,24.0,26.9,22.5,87,4.3,946.7,11.98
2007-08-02,24.0,26.6,22.7,89,4.7,946.1,11.39
2007-08-03,23.6,25.8,22.4,91,25.4,946.1,10.76
2007-08-04,22.8,23.8,22.5,95,57.3,944.2,3.49
2007-08-05,22.5,23.0,22.0,95,18.6,943.6,3.03
2007-08-06,22.6,24.4,21.7,93,15.1,944.0,8.43
2007-08-07,22.4,23.3,22.0,95,28.1,943.1,4.25
2007-08-08,22.8,23.9,22.1,92,18.3,942.0,6.39
2007-08-09,23.3,25.6,22.0,89,16.0,942.5,15.43
2007-08-10,23.4,25.8,22.2,89,9.8,945.1,14.41
2007-08-11,23.4,25.8,22.0,89,4.7,946.6,12.33
2007-08-12,22.8,23.8,22.1,92,10.7,947.3,6.32
2007-08-13,23.2,25.3,21.6,88,8.3,947.6,14.23
2007-08-14,23.0,24.5,21.8,90,5.1,948.3,10.2
2007-08-15,23.5,26.2,22.0,87,5.6,948.5,14.53
2007-08-16,23.6,26.5,21.9,86,1.7,948.1,14.99
2007-08-17,23.6,26.3,21.8,86,2.3,948.5,14.45
2007-08-18,23.4,26.0,21.9,87,3.0,949.0,14.82
2007-08-19,23.2,26.0,22.1,90,2.8,948.4,10.26
2007-08-20,23.4,26.0,22.0,90,1.5,948.2,12.24
2007-08-21,23.5,26.6,21.7,87,2.0,946.9,14.53
2007-08-22,23.7,26.8,21.8,86,1.3,946.4,15.87
2007-08-23,23.8,27.1,21.7,85,0.8,947.8,16.18
2007-08-24,24.4,28.6,21.6,84,1.2,948.4,15.9
2007-08-25,24.5,28.2,22.5,87,4.3,948.0,12.85
2007-08-26,23.6,26.2,22.3,95,37.8,946.4,7.24
2007-08-27,23.7,26.0,22.4,92,9.6,946.1,6.98
2007-08-28,23.6,25.7,22.4,92,10.4,946.1,8.07
2007-08-29,23.1,25.1,22.4,95,20.0,945.9,5.14
2007-08-30,23.5,26.4,22.1,89,7.8,945.7,12.69
2007-08-31,23.6,26.0,22.2,89,7.3,945.9,11.73
2007-09-01,23.8,26.5,22.5,89,3.2,945.5,12.54
2007-09-02,23.8,26.6,22.1,89,4.8,944.8,12.6
2007-09-03,23.9,27.1,22.5,91,7.1,945.2,12.37
2007-09-04,24.2,27.5,22.4,89,4.5,945.1,13.2
2007-09-05,24.1,26.5,22.7,89,6.0,944.8,12.22
2007-09-06,23.8,26.3,22.6,88,6.8,945.0,15.26
2007-09-07,23.8,26.3,22.3,88,4.0,945.5,12.59
2007-09-08,24.3,28.0,21.9,84,0.9,947.2,16.56
2007-09-09,24.4,28.3,21.6,83,1.0,948.5,17.67
2007-09-10,24.7,29.4,21.3,81,0.0,948.9,21.06
2007-09-11,24.5,28.4,21.0,83,0.5,948.4,19.48
2007-09-12,24.5,29.0,20.9,85,2.8,947.9,17.9
2007-09-13,24.5,28.6,21.7,85,1.5,948.7,15.98
2007-09-14,24.3,28.6,21.9,85,2.4,949.6,18.19
2007-09-15,24.4,28.5,21.3,83,1.1,948.1,17.9
2007-09-16,24.7,28.5,21.8,82,0.5,947.0,18.2
2007-09-17,24.7,28.6,21.9,82,0.0,947.9,16.11
2007-09-18,23.4,25.2,22.6,95,21.4,946.8,5.88
2007-09-19,22.8,24.7,22.0,96,15.1,946.2,4.44
2007-09-20,22.0,24.5,20.2,90,9.7,946.8,9.21
2007-09-21,23.0,27.2,20.7,87,6.0,946.0,14.52
2007-09-22,23.5,26.8,22.0,89,7.0,944.5,11.47
2007-09-23,23.9,26.4,22.5,88,2.2,943.6,11.74
2007-09-24,24.0,27.1,22.4,87,2.9,942.5,12.84
2007-09-25,24.2,26.8,22.9,89,3.4,944.4,12.84
2007-09-26,23.9,26.7,22.4,84,0.5,947.1,13.26
2007-09-27,24.1,26.9,22.5,86,2.0,947.7,11.85
2007-09-28,23.8,27.3,22.5,90,3.7,948.0,11.22
2007-09-29,24.4,28.4,22.0,85,1.6,950.2,16.85
2007-09-30,24.5,28.6,21.4,84,0.4,951.1,18.12
2007-10-01,25.2,30.3,21.9,79,0.0,949.7,21.07
2007-10-02,24.7,29.4,21.2,79,0.0,949.1,20.46
2007-10-03,24.8,29.2,21.7,78,0.2,948.9,19.49
2007-10-04,25.0,29.9,20.9,77,0.0,948.6,19.29
2007-10-05,24.9,30.1,20.4,76,0.0,948.1,20.3
2007-10-06,24.7,29.8,21.7,79,0.0,948.0,16.35
2007-10-07,24.4,28.9,21.9,80,0.5,948.6,17.94
2007-10-08,23.7,27.5,22.1,85,1.1,950.0,11.01
2007-10-09,23.3,27.0,20.9,84,0.3,950.2,9.49
2007-10-10,24.8,30.1,20.2,76,0.1,949.6,17.95
2007-10-11,26.2,31.2,21.3,67,0.0,951.0,19.85
2007-10-12,26.1,31.2,21.4,71,0.0,952.8,19.76
2007-10-13,26.1,30.8,22.4,67,0.5,952.7,18.92
2007-10-14,25.8,31.2,21.3,56,0.0,951.7,22.65
2007-10-15,25.4,31.1,21.0,50,0.0,952.0,22.06
2007-10-16,25.1,30.8,20.3,52,0.0,951.8,18.61
2007-10-17,25.6,31.4,21.0,50,0.0,951.6,17.34
2007-10-18,26.1,31.8,20.2,45,0.0,952.6,21.18
2007-10-19,25.4,31.9,18.9,47,0.0,953.5,22.04
2007-10-20,25.3,31.7,19.6,53,0.0,952.8,18.99
2007-10-21,25.8,32.0,19.7,58,0.0,951.7,20.0
2007-10-22,25.7,32.0,19.9,57,0.0,951.6,19.16
2007-10-23,25.4,31.8,19.0,40,0.0,951.5,21.94
2007-10-24,26.1,31.9,20.3,38,0.0,951.8,21.05
2007-10-25,26.7,32.3,20.9,39,0.0,951.8,20.84
2007-10-26,25.9,32.1,20.4,40,0.0,951.1,21.66
2007-10-27,25.8,32.3,20.1,41,0.0,950.5,21.37
2007-10-28,25.4,32.0,18.9,42,0.0,949.0,21.42
2007-10-29,25.2,32.2,17.9,44,0.0,947.6,20.87
2007-10-30,25.3,30.8,19.4,51,0.1,948.2,13.81
2007-10-31,25.2,29.9,20.7,56,0.0,950.1,16.14
2007-11-01,24.0,29.4,20.5,82,10.8,950.8,12.46
2007-11-02,25.2,29.8,22.5,82,0.6,950.3,15.06
2007-11-03,25.3,30.8,19.6,68,0.0,949.5,19.91
2007-11-04,26.3,31.1,21.2,64,0.0,951.8,18.07
2007-11-05,26.0,30.3,20.6,67,0.1,952.5,16.9
2007-11-06,26.3,31.6,22.1,68,0.5,951.7,16.73
2007-11-07,26.3,31.9,21.9,73,0.4,951.5,16.59
2007-11-08,26.6,32.9,20.8,66,0.0,950.8,18.71
2007-11-09,26.3,32.2,20.7,64,0.0,951.0,18.13
2007-11-10,26.0,32.6,20.2,60,0.0,951.0,19.67
2007-11-11,26.3,31.8,20.5,50,0.0,952.2,17.02
2007-11-12,25.7,31.5,19.6,45,0.0,952.5,18.28
2007-11-13,25.3,31.4,19.4,48,0.0,951.7,17.26
2007-11-14,25.2,31.2,19.2,46,0.0,950.8,19.58
2007-11-15,24.7,31.2,18.5,44,0.0,952.0,20.0
2007-11-16,24.2,30.7,18.6,38,0.0,953.8,20.31
2007-11-17,22.8,29.8,16.5,37,0.0,952.6,20.49
2007-11-18,22.2,29.1,16.2,40,0.0,952.6,20.35
2007-11-19,22.3,29.0,15.3,47,0.0,954.7,19.84
2007-11-20,22.7,29.7,15.8,47,0.0,955.8,19.76
2007-11-21,22.3,29.4,15.1,39,0.0,954.9,20.06
2007-11-22,21.7,29.6,14.2,33,0.0,954.7,20.54
2007-11-23,21.2,29.0,13.2,36,0.0,954.0,20.35
2007-11-24,21.3,29.2,14.5,37,0.0,953.6,20.17
2007-11-25,21.2,29.3,13.9,39,0.0,953.8,20.16
2007-11-26,20.7,28.8,12.9,41,0.0,954.3,19.88
2007-11-27,21.8,29.6,14.6,46,0.0,953.8,19.35
2007-11-28,23.7,30.5,17.7,49,0.0,952.7,18.1
2007-11-29,24.3,29.8,19.6,50,0.0,952.5,14.75
2007-11-30,23.7,29.3,18.8,46,0.0,953.8,14.37
2007-12-01,23.1,28.4,17.8,46,0.0,954.4,15.52
2007-12-02,22.6,28.4,16.0,54,0.0,953.8,16.58
2007-12-03,23.4,28.6,16.9,50,0.0,954.5,17.46
2007-12-04,22.9,27.5,18.9,52,0.0,954.5,14.89
2007-12-05,22.2,27.1,17.4,50,0.0,955.4,16.12
2007-12-06,22.0,26.2,18.3,53,0.0,955.4,12.37
2007-12-07,21.4,27.0,15.4,54,0.0,954.1,16.92
2007-12-08,21.9,27.9,16.1,53,0.0,952.4,18.49
2007-12-09,22.5,28.7,16.0,53,0.0,952.1,18.31
2007-12-10,23.6,29.8,18.3,59,0.0,951.6,17.17
2007-12-11,23.5,29.8,18.3,62,0.0,951.4,17.59
2007-12-12,23.4,29.9,18.7,63,0.0,951.2,17.24
2007-12-13,22.8,28.5,17.2,62,0.0,950.6,13.91
2007-12-14,22.9,28.8,17.4,58,0.0,950.9,16.49
2007-12-15,22.4,28.5,16.6,62,0.0,951.2,16.16
2007-12-16,23.5,29.6,17.7,57,0.0,952.7,16.4
2007-12-17,23.8,29.6,18.1,54,0.0,953.7,17.91
2007-12-18,22.9,29.1,17.1,50,0.0,953.4,18.45
2007-12-19,22.9,29.5,15.0,49,0.0,952.8,18.19
2007-12-20,24.4,29.9,19.2,58,0.0,953.5,15.09
2007-12-21,25.8,31.5,20.9,58,0.0,954.8,16.64
2007-12-22,26.3,32.1,21.7,54,0.0,954.8,15.8
2007-12-23,25.3,32.1,19.9,49,0.0,954.0,18.43
2007-12-24,25.0,32.1,19.8,42,0.0,953.0,18.67
2007-12-25,24.7,31.6,19.6,45,0.0,952.5,18.59
2007-12-26,24.4,31.4,18.8,49,0.0,953.0,18.38
2007-12-27,24.7,31.8,19.0,51,0.0,953.5,18.33
2007-12-28,24.1,31.4,19.3,47,0.0,952.2,18.44
2007-12-29,23.3,31.3,17.4,46,0.0,951.4,18.7
2007-12-30,24.0,31.2,18.8,46,0.0,952.3,18.37
2007-12-31,24.9,31.4,19.8,49,0.0,952.4,17.7
2008-01-01,23.9,30.7,18.7,50,0.0,952.7,18.08
2008-01-02,22.6,30.2,15.2,44,0.0,952.7,18.76
2008-01-03,23.2,29.6,18.5,43,0.0,953.9,17.0
2008-01-04,23.7,30.0,17.4,48,0.0,954.8,17.98
2008-01-05,23.0,30.0,15.0,43,0.0,954.6,19.2
2008-01-06,22.8,29.6,15.3,40,0.0,955.1,19.31
2008-01-07,22.1,29.2,14.3,48,0.0,955.1,18.91
2008-01-08,22.7,29.0,16.4,46,0.0,954.9,19.06
2008-01-09,23.1,29.3,16.7,46,0.0,954.4,19.08
2008-01-10,23.7,29.9,18.6,49,0.0,953.5,18.96
2008-01-11,23.4,30.6,16.7,52,0.0,953.1,19.16
2008-01-12,23.5,30.8,16.2,52,0.0,953.6,19.3
2008-01-13,24.4,31.2,18.1,46,0.0,953.6,19.42
2008-01-14,24.0,31.2,16.7,49,0.0,953.5,19.4
2008-01-15,24.2,31.5,16.7,50,0.0,954.1,19.49
2008-01-16,24.0,31.2,16.7,47,0.0,955.5,19.64
2008-01-17,24.3,30.9,18.4,44,0.0,955.3,19.66
2008-01-18,23.6,30.9,18.4,49,0.0,952.1,19.88
2008-01-19,22.3,30.3,16.2,50,0.0,950.3,20.16
2008-01-20,21.5,29.9,15.2,53,0.0,950.5,20.36
2008-01-21,22.1,30.1,16.3,48,0.0,950.3,20.1
2008-01-22,21.3,29.7,15.3,52,0.0,949.3,20.49
2008-01-23,20.0,28.1,13.3,49,0.0,949.1,20.47
2008-01-24,20.5,28.3,14.7,43,0.0,949.2,20.36
2008-01-25,20.2,28.0,14.9,43,0.0,949.4,20.61
2008-01-26,18.3,25.4,12.6,39,0.0,950.2,20.81
2008-01-27,17.8,25.4,10.5,41,0.0,950.9,21.21
2008-01-28,19.9,28.6,12.7,36,0.0,951.9,21.12
2008-01-29,22.1,30.6,16.2,36,0.0,951.2,20.96
2008-01-30,20.0,27.3,13.7,57,0.0,949.9,20.04
2008-01-31,18.7,26.0,12.2,57,0.0,950.1,20.99
2008-02-01,20.0,27.9,13.9,38,0.0,950.5,21.67
2008-02-02,21.4,30.1,15.1,41,0.0,950.7,21.41
2008-02-03,20.3,28.0,13.4,60,0.0,949.9,20.31
2008-02-04,19.0,25.8,13.7,64,0.0,950.5,21.41
2008-02-05,17.7,25.6,10.8,51,0.0,951.1,22.04
2008-02-06,18.4,25.6,12.5,45,0.0,951.6,21.34
2008-02-07,18.0,25.1,12.2,55,0.0,951.2,21.83
2008-02-08,16.9,24.6,10.4,55,0.0,951.2,22.1
2008-02-09,18.8,26.7,11.0,43,0.0,951.0,22.03
2008-02-10,20.7,28.6,13.3,51,0.0,950.8,20.69
2008-02-11,22.2,29.9,15.1,56,0.0,951.0,21.55
2008-02-12,23.4,30.9,17.0,51,0.0,951.7,19.85
2008-02-13,24.2,31.7,17.8,51,0.0,952.8,21.55
2008-02-14,24.5,31.8,17.6,56,0.0,953.6,20.38
2008-02-15,25.2,30.9,19.7,56,0.0,954.3,18.75
2008-02-16,26.1,31.7,20.6,45,0.0,954.7,17.87
2008-02-17,25.8,33.3,19.4,44,0.0,953.9,22.47
2008-02-18,25.3,33.2,19.1,37,0.0,952.6,22.81
2008-02-19,25.2,32.6,18.9,38,0.0,952.9,22.81
2008-02-20,25.4,32.7,18.8,43,0.0,953.6,22.76
2008-02-21,25.5,32.9,18.9,45,0.0,954.3,23.01
2008-02-22,26.1,33.5,20.4,41,0.0,953.6,23.1
2008-02-23,26.1,33.9,20.5,40,0.0,953.0,23.27
2008-02-24,25.2,33.4,18.0,41,0.0,952.2,23.51
2008-02-25,25.2,33.0,19.5,38,0.0,952.0,23.82
2008-02-26,25.0,33.1,17.5,31,0.0,951.9,24.17
2008-02-27,25.1,33.1,16.8,31,0.0,953.4,24.08
2008-02-28,25.4,32.9,17.1,28,0.0,953.5,24.45
2008-02-29,26.1,33.5,19.0,26,0.0,952.1,24.63
2008-03-01,26.4,34.1,19.9,29,0.0,950.9,24.61
2008-03-02,26.4,34.2,19.8,29,0.0,951.4,24.73
2008-03-03,26.4,34.2,19.6,28,0.0,951.7,24.64
2008-03-04,26.6,34.5,19.6,33,0.0,950.7,24.71
2008-03-05,27.1,34.8,20.7,35,0.0,951.5,24.6
2008-03-06,27.6,34.8,21.3,33,0.0,952.7,24.56
2008-03-07,27.8,35.2,20.9,37,0.0,953.0,24.74
2008-03-08,27.8,35.0,20.7,35,0.0,951.7,24.62
2008-03-09,27.6,35.2,19.8,34,0.0,951.3,25.02
2008-03-10,27.5,34.7,21.0,40,0.0,951.8,24.48
2008-03-11,28.1,35.2,22.5,42,0.0,950.5,23.01
2008-03-12,27.7,34.9,21.8,44,0.0,949.6,22.73
2008-03-13,27.0,34.0,21.1,50,0.2,949.2,21.52
2008-03-14,27.4,34.7,20.5,53,0.3,950.5,22.76
2008-03-15,28.3,34.8,21.9,45,0.0,950.3,22.78
2008-03-16,28.6,35.8,21.3,31,0.0,949.6,24.57
2008-03-17,29.0,34.7,23.0,36,0.0,948.7,19.33
2008-03-18,29.4,35.2,22.9,41,0.0,948.2,21.29
2008-03-19,29.1,36.0,22.5,32,0.0,948.2,23.55
2008-03-20,28.9,36.5,21.2,32,0.0,947.0,25.29
2008-03-21,28.4,35.1,23.4,44,1.0,947.3,19.85
2008-03-22,26.6,32.2,23.0,67,13.6,948.0,15.72
2008-03-23,25.3,30.3,22.0,79,5.4,948.3,17.91
2008-03-24,25.7,31.6,20.9,67,0.0,949.4,21.75
2008-03-25,26.0,31.9,21.1,63,0.0,949.8,20.67
2008-03-26,26.3,31.6,21.2,58,0.0,950.3,21.02
2008-03-27,26.8,33.2,20.4,56,0.0,949.9,22.13
2008-03-28,27.4,34.0,20.7,54,0.0,949.5,19.54
2008-03-29,27.6,34.0,20.8,53,0.0,950.0,22.22
2008-03-30,27.7,33.9,21.9,51,0.0,950.1,20.84
2008-03-31,26.1,33.7,19.3,37,0.0,950.1,26.77
2008-04-01,24.7,33.0,16.6,42,0.0,950.6,27.43
2008-04-02,24.3,33.7,15.7,53,0.0,951.1,27.63
2008-04-03,24.4,33.5,16.4,54,0.0,951.4,27.39
2008-04-04,24.4,32.6,16.3,58,0.0,949.9,27.33
2008-04-05,25.9,34.6,19.0,61,0.0,951.3,25.98
2008-04-06,27.9,35.5,19.8,53,0.0,953.5,23.72
2008-04-07,26.9,33.7,23.1,58,4.2,952.6,20.36
2008-04-08,26.9,34.4,20.9,58,2.9,951.8,22.28
2008-04-09,28.4,34.9,22.8,46,2.0,951.1,21.37
2008-04-10,30.1,36.4,23.1,38,0.0,951.2,24.25
2008-04-11,30.7,38.0,23.5,35,0.0,949.2,26.08
2008-04-12,30.4,38.6,22.3,33,0.0,948.9,24.8
2008-04-13,30.2,38.2,22.0,35,0.0,948.8,23.43
2008-04-14,31.0,39.6,22.4,42,0.0,948.3,26.58
2008-04-15,30.7,39.2,22.3,36,0.0,949.2,27.26
2008-04-16,30.1,38.5,21.6,40,0.0,950.1,26.92
2008-04-17,30.3,39.1,22.9,46,0.0,949.3,27.13
2008-04-18,30.1,39.0,21.9,44,0.0,949.0,27.29
2008-04-19,29.6,38.6,20.8,45,0.0,949.8,27.37
2008-04-20,30.7,39.7,22.1,41,0.0,949.3,26.98
2008-04-21,31.3,39.8,21.9,39,0.0,948.7,26.32
2008-04-22,31.9,39.9,23.7,33,0.0,949.2,23.72
2008-04-23,32.1,40.4,23.5,36,0.0,950.2,24.49
2008-04-24,31.5,40.4,22.6,34,0.0,949.3,25.3
2008-04-25,30.4,39.6,23.3,51,0.4,949.8,24.36
2008-04-26,30.5,37.9,24.0,51,0.0,949.7,22.81
2008-04-27,30.8,39.9,23.9,48,0.1,947.5,25.48
2008-04-28,29.3,37.2,22.9,55,0.2,946.9,25.13
2008-04-29,29.4,38.2,22.3,51,0.4,947.1,26.1
2008-04-30,29.4,37.5,22.1,53,0.0,948.8,26.27
2008-05-01,29.3,37.3,22.6,53,2.3,949.0,23.85
2008-05-02,29.0,36.8,22.6,48,0.0,948.6,28.27
2008-05-03,27.3,35.6,20.5,54,0.0,948.2,28.2
2008-05-04,27.1,35.9,20.3,58,0.0,949.1,27.66
2008-05-05,26.8,35.0,20.7,62,0.0,950.1,26.64
2008-05-06,26.9,35.3,20.5,62,0.0,949.4,27.32
2008-05-07,27.1,35.4,20.8,64,0.0,949.1,26.35
2008-05-08,27.5,35.7,20.9,61,0.0,950.2,25.7
2008-05-09,27.5,35.4,21.4,62,0.0,950.7,25.9
2008-05-10,27.6,36.5,21.1,62,0.0,950.4,25.96
2008-05-11,27.3,35.4,21.2,63,0.0,950.4,26.18
2008-05-12,26.9,35.3,20.7,62,0.0,950.2,27.37
2008-05-13,27.3,36.6,20.2,60,0.1,950.7,27.6
2008-05-14,27.3,36.1,20.9,62,0.2,951.1,26.92
2008-05-15,27.1,35.2,21.1,64,0.0,951.2,26.63
2008-05-16,27.4,35.1,21.1,62,0.0,951.5,26.73
2008-05-17,27.1,34.2,22.0,65,0.0,950.6,25.25
2008-05-18,27.2,33.6,22.2,66,0.4,948.7,23.92
2008-05-19,27.7,34.4,22.6,68,0.4,948.9,22.57
2008-05-20,27.5,33.5,23.2,71,1.9,949.6,20.7
2008-05-21,27.3,33.4,22.8,68,0.9,949.2,22.49
2008-05-22,27.7,34.5,23.1,69,0.9,948.3,22.44
2008-05-23,27.9,34.4,23.6,70,1.3,948.4,21.39
2008-05-24,28.8,36.0,23.6,64,0.2,948.6,24.13
2008-05-25,28.7,36.2,23.1,65,0.4,948.1,24.87
2008-05-26,28.9,36.1,23.6,63,1.3,949.3,23.79
2008-05-27,29.1,36.5,23.6,64,0.3,949.7,24.38
2008-05-28,28.8,36.6,22.8,64,0.1,948.2,25.53
2008-05-29,28.5,35.6,23.2,64,0.0,947.8,24.87
2008-05-30,28.1,35.7,22.7,65,0.4,948.9,25.53
2008-05-31,27.9,34.8,22.7,66,0.3,948.6,24.19
2008-06-01,28.0,34.8,22.6,66,0.6,947.8,25.3
2008-06-02,28.5,35.2,22.9,63,0.1,947.5,25.98
2008-06-03,28.3,35.1,22.6,64,0.2,948.1,23.81
2008-06-04,27.5,34.2,24.5,73,11.2,949.4,17.68
2008-06-05,26.8,32.1,23.3,74,2.4,948.2,20.42
2008-06-06,25.3,29.6,23.2,81,4.2,946.1,15.65
2008-06-07,23.6,25.5,22.5,94,27.0,945.3,6.68
2008-06-08,23.2,24.1,22.7,95,25.7,943.7,4.32
2008-06-09,24.0,26.0,22.8,90,14.9,944.4,12.05
2008-06-10,23.6,25.4,22.6,91,12.6,945.7,8.14
2008-06-11,23.8,26.1,22.7,90,6.4,946.0,8.94
2008-06-12,23.3,25.7,22.3,93,13.0,945.8,6.63
2008-06-13,23.2,24.6,22.4,89,5.6,945.3,6.93
2008-06-14,23.7,26.5,22.2,87,10.4,943.7,14.32
2008-06-15,24.7,27.5,22.8,85,9.8,943.7,16.24
2008-06-16,24.4,26.4,23.0,85,4.3,944.0,13.0
2008-06-17,24.6,27.5,22.9,84,6.5,944.4,17.0
2008-06-18,24.7,28.0,22.7,82,2.4,944.8,20.24
2008-06-19,24.7,28.0,22.5,81,1.5,946.2,17.43
2008-06-20,24.9,28.2,22.6,82,2.0,947.6,19.09
2008-06-21,24.8,28.2,22.3,80,0.4,948.1,17.5
2008-06-22,24.8,28.4,22.8,82,1.4,947.6,17.44
2008-06-23,24.9,29.0,22.6,80,1.5,947.1,18.35
2008-06-24,24.5,28.1,22.2,81,1.2,946.5,16.91
2008-06-25,24.7,28.0,22.6,81,2.6,946.5,16.74
2008-06-26,24.4,27.4,22.8,84,1.5,946.4,13.11
2008-06-27,24.3,27.3,22.6,84,3.5,945.9,14.58
2008-06-28,24.3,27.3,22.6,85,3.7,945.0,15.03
2008-06-29,23.9,26.5,22.7,88,10.0,943.8,11.04
2008-06-30,23.7,26.0,22.7,90,16.5,944.6,9.62
2008-07-01,23.6,26.2,22.3,88,9.7,946.2,11.69
2008-07-02,23.7,26.4,22.2,86,5.9,947.5,16.43
2008-07-03,23.9,27.2,22.2,86,4.5,947.4,15.09
2008-07-04,24.0,26.7,22.3,86,5.7,947.2,14.78
2008-07-05,24.1,26.9,22.4,85,5.8,946.4,17.51
2008-07-06,24.3,27.5,22.4,84,4.6,946.2,18.39
2008-07-07,23.8,26.1,22.3,87,4.5,946.3,11.49
2008-07-08,24.1,27.2,22.4,85,4.5,945.5,14.43
2008-07-09,24.0,27.1,22.0,86,4.2,945.9,14.91
2008-07-10,23.4,26.5,22.1,87,3.4,946.3,11.02
2008-07-11,23.4,25.4,22.2,88,4.0,945.7,10.67
2008-07-12,23.8,26.6,22.0,85,3.5,945.3,16.54
2008-07-13,24.3,27.9,22.1,83,2.5,946.8,16.19
2008-07-14,24.8,28.6,22.6,82,0.8,948.5,17.19
2008-07-15,24.7,28.4,22.5,82,2.7,947.8,17.31
2008-07-16,24.3,28.0,22.2,84,2.2,946.1,16.29
2008-07-17,24.8,28.7,22.3,82,0.9,945.7,17.88
2008-07-18,24.8,28.3,22.4,81,1.3,946.0,17.99
2008-07-19,24.9,29.6,21.9,80,0.0,945.7,18.66
2008-07-20,24.4,28.2,22.2,82,0.1,946.0,11.33
2008-07-21,24.4,28.2,21.8,82,2.1,946.8,17.68
2008-07-22,24.2,27.7,22.1,83,1.2,945.6,12.46
2008-07-23,24.9,29.7,22.0,80,2.3,945.4,17.07
2008-07-24,24.0,27.8,22.3,87,12.1,945.5,11.39
2008-07-25,23.0,25.4,22.1,94,22.8,944.1,6.49
2008-07-26,22.3,23.1,21.7,96,21.8,943.6,4.12
2008-07-27,22.9,24.7,22.0,93,12.8,942.9,6.73
2008-07-28,22.5,23.9,21.7,95,29.7,941.4,4.89
2008-07-29,22.7,24.4,22.2,93,15.3,941.4,6.09
2008-07-30,23.1,25.4,21.8,91,11.4,942.9,10.07
2008-07-31,24.0,26.7,22.1,86,4.3,944.7,16.53
2008-08-01,23.8,26.4,22.2,87,4.6,945.7,14.62
2008-08-02,23.1,24.7,22.1,92,12.0,945.8,9.4
2008-08-03,23.6,26.0,22.4,88,5.4,945.6,11.74
2008-08-04,22.8,24.5,21.9,91,11.0,945.6,7.12
2008-08-05,22.5,24.0,21.9,94,11.9,945.9,5.33
2008-08-06,22.7,24.4,21.8,94,13.9,946.6,7.07
2008-08-07,22.7,24.5,21.7,92,5.1,945.6,7.19
2008-08-08,23.0,25.4,22.0,91,8.4,944.8,9.67
2008-08-09,22.9,24.8,21.9,91,37.7,943.8,8.82
2008-08-10,22.4,23.4,21.7,94,32.6,942.4,5.17
2008-08-11,22.4,22.7,22.1,94,65.6,940.9,1.74
2008-08-12,22.9,25.2,21.8,90,28.2,942.2,8.72
2008-08-13,23.3,25.3,22.2,91,17.4,944.4,10.5
2008-08-14,23.3,26.0,22.2,91,10.8,945.8,10.79
2008-08-15,23.3,25.4,21.8,87,3.8,945.3,12.62
2008-08-16,23.4,25.7,21.8,86,2.2,945.5,12.93
2008-08-17,23.3,25.8,21.9,87,1.8,947.6,11.74
2008-08-18,23.5,27.0,21.3,85,0.5,948.4,17.37
2008-08-19,23.4,27.1,20.7,85,0.8,948.8,14.63
2008-08-20,23.3,26.1,20.8,85,1.3,949.9,14.4
2008-08-21,23.2,26.8,21.2,85,2.6,949.4,18.14
2008-08-22,22.9,26.2,20.8,87,2.1,948.8,17.25
2008-08-23,22.9,25.6,21.0,87,0.9,948.6,13.0
2008-08-24,23.4,27.3,20.7,85,1.5,948.6,16.04
2008-08-25,23.9,27.8,21.3,87,0.9,948.2,16.61
2008-08-26,23.7,26.6,21.8,88,3.8,948.5,12.4
2008-08-27,24.1,28.4,20.9,83,0.5,948.4,18.81
2008-08-28,24.5,29.1,20.8,82,0.1,948.2,19.63
2008-08-29,25.1,29.5,21.9,82,0.0,947.8,19.09
2008-08-30,25.2,29.8,22.4,83,2.5,948.3,18.17
2008-08-31,24.6,29.2,22.5,89,8.4,948.9,12.08
2008-09-01,24.6,28.9,21.7,89,19.6,948.7,15.66
2008-09-02,25.0,29.6,21.4,86,5.7,948.6,17.38
2008-09-03,24.9,29.9,21.4,87,10.1,948.1,17.31
2008-09-04,24.6,29.3,21.6,88,9.8,948.7,14.68
2008-09-05,23.8,26.9,22.1,91,5.5,948.8,9.15
2008-09-06,23.6,27.3,21.9,92,7.6,948.4,10.75
2008-09-07,23.9,27.7,22.0,89,12.2,948.6,12.51
2008-09-08,23.5,27.0,21.9,89,11.4,947.6,10.67
2008-09-09,23.2,26.5,21.9,93,63.2,946.0,6.58
2008-09-10,23.0,24.4,21.9,95,15.7,944.2,5.63
2008-09-11,24.0,28.5,22.2,91,21.8,942.3,12.21
2008-09-12,23.3,25.9,21.3,89,0.9,942.9,10.05
2008-09-13,22.1,24.1,20.9,91,10.1,943.9,6.81
2008-09-14,22.2,25.0,21.0,92,39.3,945.1,7.38
2008-09-15,22.8,25.2,21.5,89,6.3,946.9,11.84
2008-09-16,22.6,24.7,21.8,90,9.1,946.5,8.01
2008-09-17,23.1,25.5,21.9,89,7.1,947.0,13.94
2008-09-18,23.2,26.3,21.0,85,2.0,946.7,18.93
2008-09-19,22.6,24.4,21.5,89,2.3,945.6,6.42
2008-09-20,22.7,24.2,21.5,94,16.9,948.1,5.98
2008-09-21,23.4,27.1,21.3,87,2.1,949.2,12.52
2008-09-22,23.9,27.7,21.4,83,0.3,949.5,17.65
2008-09-23,23.7,28.3,20.5,82,0.0,950.0,20.15
2008-09-24,24.0,28.6,21.0,83,0.0,950.5,20.24
2008-09-25,23.9,28.6,21.0,81,0.0,951.8,21.75
2008-09-26,23.3,27.5,20.5,81,0.0,951.7,18.91
2008-09-27,22.8,28.0,18.9,82,0.0,950.8,20.76
2008-09-28,23.5,28.6,20.2,81,0.0,951.3,20.89
2008-09-29,23.5,29.3,19.0,80,0.0,951.2,22.63
2008-09-30,23.3,29.7,18.9,79,0.0,950.5,22.65
2008-10-01,22.8,29.6,16.6,76,0.0,949.5,23.29
2008-10-02,23.8,30.4,19.1,74,0.0,949.4,21.82
2008-10-03,23.8,27.7,20.8,89,4.3,950.6,12.4
2008-10-04,24.2,29.6,20.9,88,17.4,950.4,15.8
2008-10-05,24.2,29.2,21.1,88,10.1,951.2,17.11
2008-10-06,24.3,29.0,21.9,87,1.5,951.4,17.02
2008-10-07,24.2,29.0,21.3,86,5.1,951.5,17.72
2008-10-08,24.0,28.3,20.7,86,1.7,951.1,17.51
2008-10-09,24.3,29.1,21.0,86,6.7,952.2,16.74
2008-10-10,24.6,29.2,21.1,87,2.9,953.6,18.55
2008-10-11,24.7,29.9,20.0,83,3.0,953.6,19.94
2008-10-12,25.5,30.7,20.9,77,0.0,953.3,20.23
2008-10-13,25.9,30.6,21.8,65,0.0,952.3,20.19
2008-10-14,25.9,31.5,22.0,57,0.0,951.8,22.67
2008-10-15,25.7,31.2,20.8,56,0.0,951.7,22.72
2008-10-16,25.1,31.2,18.5,60,0.0,951.5,21.02
2008-10-17,25.6,31.1,20.1,59,0.0,950.8,20.55
2008-10-18,25.6,30.9,20.9,70,0.8,951.1,19.42
2008-10-19,26.0,30.6,21.5,66,0.0,951.7,19.22
2008-10-20,25.5,31.5,19.9,52,0.0,950.5,22.34
2008-10-21,24.6,31.4,18.5,49,0.0,950.2,22.77
2008-10-22,24.8,31.7,18.8,46,0.0,949.8,22.67
2008-10-23,24.9,32.0,18.0,46,0.0,949.8,22.14
2008-10-24,24.5,31.7,17.7,43,0.0,950.4,22.77
2008-10-25,24.8,31.7,19.4,43,0.0,950.6,22.29
2008-10-26,25.3,31.6,19.9,41,0.0,950.3,22.19
2008-10-27,25.1,31.9,18.9,49,0.0,950.5,21.9
2008-10-28,25.5,32.1,20.2,52,0.0,951.5,21.39
2008-10-29,25.1,31.9,19.8,53,0.0,951.8,21.76
2008-10-30,25.4,31.9,19.8,49,0.0,952.9,21.55
2008-10-31,25.2,31.9,18.9,45,0.0,953.5,21.47
2008-11-01,25.8,32.1,20.4,43,0.0,952.9,21.38
2008-11-02,25.9,32.0,20.9,40,0.0,952.2,21.35
2008-11-03,26.1,32.6,21.3,37,0.0,952.3,21.49
2008-11-04,25.8,32.7,20.0,37,0.0,951.7,21.38
2008-11-05,26.0,32.4,20.2,37,0.0,950.8,21.25
2008-11-06,25.5,32.2,20.0,43,0.0,950.3,20.92
2008-11-07,24.7,31.7,18.8,46,0.0,951.8,20.71
2008-11-08,24.7,31.4,18.4,47,0.0,952.6,20.71
2008-11-09,24.7,31.0,19.0,47,0.0,952.2,20.58
2008-11-10,24.8,31.1,18.7,51,0.0,951.9,19.9
2008-11-11,25.0,31.3,18.5,54,0.0,951.3,19.7
2008-11-12,26.1,31.7,21.7,50,0.0,950.5,19.57
2008-11-13,25.4,31.3,19.9,48,0.0,949.6,18.82
2008-11-14,25.0,30.3,19.8,52,0.0,949.9,16.25
2008-11-15,24.7,30.3,19.2,52,0.0,949.4,18.65
2008-11-16,24.0,29.8,18.5,56,0.1,948.9,13.67
2008-11-17,24.0,26.5,22.5,71,0.4,948.0,8.52
2008-11-18,25.3,29.6,21.7,74,0.2,950.1,12.77
2008-11-19,26.1,31.4,20.9,68,0.0,952.1,16.79
2008-11-20,25.9,31.3,21.0,73,3.5,953.6,15.99
2008-11-21,25.3,30.5,20.9,74,0.6,953.8,15.9
2008-11-22,25.7,30.8,21.2,66,0.0,953.9,17.02
2008-11-23,25.3,31.2,20.3,61,0.0,954.3,18.68
2008-11-24,24.6,31.0,19.0,55,0.0,954.0,18.78
2008-11-25,23.2,30.6,16.2,46,0.0,953.5,19.74
2008-11-26,22.4,30.6,14.9,39,0.0,952.9,19.93
2008-11-27,22.4,30.3,15.6,35,0.0,952.5,19.28
2008-11-28,22.6,27.7,18.3,52,0.3,952.2,12.51
2008-11-29,21.3,22.4,20.4,93,22.8,953.1,2.87
2008-11-30,23.4,27.7,21.4,85,3.4,953.9,10.66
2008-12-01,23.1,27.8,20.3,87,4.5,953.5,11.55
2008-12-02,23.0,28.1,19.3,87,2.4,952.4,14.67
2008-12-03,24.0,28.3,21.0,82,3.4,951.7,13.45
2008-12-04,23.7,28.5,19.0,70,0.0,952.4,16.42
2008-12-05,23.2,29.1,18.8,60,0.0,954.8,18.56
2008-12-06,22.0,28.0,15.4,57,0.0,954.5,18.82
2008-12-07,22.3,28.2,17.6,54,0.0,953.0,18.85
2008-12-08,22.1,28.1,17.4,57,0.0,953.0,18.19
2008-12-09,22.7,28.7,18.4,60,0.0,953.1,18.42
2008-12-10,23.4,29.2,18.7,62,0.0,952.8,17.86
2008-12-11,23.7,29.1,19.7,63,0.0,952.5,17.33
2008-12-12,23.7,29.1,19.4,66,0.0,951.4,17.8
2008-12-13,23.6,29.2,17.9,64,0.0,953.2,15.92
2008-12-14,23.3,29.3,17.0,63,0.0,954.0,18.06
2008-12-15,22.7,29.0,16.8,64,0.0,953.2,17.29
2008-12-16,22.5,28.8,16.1,65,0.0,952.4,17.11
2008-12-17,23.2,29.1,17.6,64,0.0,953.5,17.6
2008-12-18,23.1,29.6,18.0,56,0.0,953.7,18.34
2008-12-19,21.9,28.6,15.3,53,0.0,952.7,17.94
2008-12-20,22.9,29.1,17.6,58,0.0,953.2,14.05
2008-12-21,22.9,28.7,17.3,59,0.0,952.9,15.98
2008-12-22,23.1,28.8,17.1,52,0.0,953.3,15.36
2008-12-23,22.9,29.2,17.2,51,0.0,953.7,16.81
2008-12-24,23.0,29.2,17.8,54,0.0,953.9,18.42
2008-12-25,23.2,29.8,17.8,49,0.0,953.8,18.57
2008-12-26,22.9,30.4,16.7,39,0.0,953.2,19.12
2008-12-27,21.6,30.1,15.1,45,0.0,952.9,19.39
2008-12-28,21.5,29.7,15.8,42,0.0,952.1,19.58
2008-12-29,22.4,29.3,16.8,36,0.0,952.4,19.31
2008-12-30,21.9,29.4,16.7,41,0.0,953.2,19.18
2008-12-31,22.2,29.5,16.7,42,0.0,952.7,19.3
2009-01-01,21.8,28.9,15.3,44,0.0,952.1,19.02
2009-01-02,21.7,29.1,14.1,50,0.0,952.8,18.82
2009-01-03,22.6,28.8,17.0,55,0.0,954.0,18.58
2009-01-04,22.4,29.1,16.5,61,0.0,953.1,18.64
2009-01-05,22.4,29.2,17.2,61,0.0,951.4,18.27
2009-01-06,21.7,28.3,16.8,57,0.0,951.1,18.81
2009-01-07,21.7,28.7,16.3,54,0.0,952.0,17.54
2009-01-08,22.1,29.1,16.7,56,0.0,953.6,18.41
2009-01-09,22.5,29.3,16.7,59,0.0,954.6,17.81
2009-01-10,23.2,29.5,18.0,59,0.0,954.5,17.79
2009-01-11,23.9,30.0,17.3,57,0.0,954.7,17.92
2009-01-12,24.4,30.0,18.6,49,0.0,956.5,18.66
2009-01-13,23.2,29.2,16.9,54,0.0,957.4,17.98
2009-01-14,23.0,29.5,15.9,52,0.0,957.7,19.52
2009-01-15,23.2,29.4,17.2,51,0.0,957.1,19.56
2009-01-16,23.0,29.5,15.7,50,0.0,956.3,19.62
2009-01-17,22.9,29.2,16.4,46,0.0,955.1,19.5
2009-01-18,23.1,29.8,16.8,48,0.0,954.1,19.66
2009-01-19,23.1,29.9,16.4,50,0.0,953.6,19.53
2009-01-20,22.9,30.2,15.6,47,0.0,953.9,19.79
2009-01-21,23.4,30.8,16.4,45,0.0,953.7,20.24
2009-01-22,23.9,30.8,16.6,46,0.0,953.0,20.12
2009-01-23,24.5,31.5,17.6,42,0.0,951.7,20.49
2009-01-24,24.4,31.6,18.2,37,0.0,951.4,18.18
2009-01-25,24.9,33.3,18.3,42,0.0,951.7,20.45
2009-01-26,25.1,33.3,19.1,46,0.0,952.1,20.71
2009-01-27,24.9,32.6,19.3,46,0.0,952.4,20.56
2009-01-28,25.4,32.9,19.9,41,0.0,952.0,20.69
2009-01-29,26.1,33.0,20.8,40,0.0,952.5,19.4
2009-01-30,26.5,33.7,19.2,39,0.0,952.4,20.32
2009-01-31,26.4,33.7,20.8,44,0.0,952.0,20.91
2009-02-01,26.0,33.6,20.2,46,0.0,952.9,20.92
2009-02-02,25.3,33.1,19.7,41,0.0,953.5,21.23
2009-02-03,24.7,32.5,18.7,37,0.0,953.1,21.42
2009-02-04,24.0,32.1,18.4,40,0.0,953.4,21.5
2009-02-05,22.0,31.3,13.9,44,0.0,953.3,22.09
2009-02-06,23.3,31.7,16.0,48,0.0,953.5,21.65
2009-02-07,24.9,32.0,19.2,44,0.0,953.0,21.5
2009-02-08,25.7,32.9,19.3,45,0.0,953.9,21.49
2009-02-09,25.5,33.0,19.3,44,0.0,954.0,20.68
2009-02-10,23.8,31.2,17.3,41,0.0,953.1,21.83
2009-02-11,22.2,30.8,14.9,42,0.0,952.5,22.73
2009-02-12,23.1,31.1,17.2,43,0.0,952.3,22.38
2009-02-13,22.6,31.1,15.3,48,0.0,951.4,22.36
2009-02-14,22.8,31.4,15.0,51,0.0,951.5,22.4
2009-02-15,24.3,32.1,17.1,48,0.0,951.2,22.38
2009-02-16,25.6,32.9,18.7,43,0.0,951.4,20.73
2009-02-17,26.4,33.3,20.8,43,0.0,952.3,17.95
2009-02-18,26.3,32.9,21.0,46,0.0,952.0,18.65
2009-02-19,26.5,33.4,20.3,38,0.0,950.6,21.92
2009-02-20,27.3,34.2,20.8,37,0.0,952.2,22.54
2009-02-21,27.4,34.5,19.9,34,0.0,952.5,22.96
2009-02-22,27.4,35.0,21.0,38,0.0,950.3,22.95
2009-02-23,27.6,35.1,21.4,38,0.0,950.9,23.21
2009-02-24,26.2,34.7,18.9,37,0.0,951.6,23.59
2009-02-25,25.7,35.5,17.2,41,0.0,950.7,24.23
2009-02-26,27.3,35.7,21.0,38,0.0,950.7,24.2
2009-02-27,28.4,36.4,21.9,33,0.0,951.6,23.99
2009-02-28,28.6,36.7,22.2,28,0.0,951.6,24.16
2009-03-01,28.9,36.6,23.0,25,0.0,951.6,24.39
2009-03-02,29.3,36.6,23.7,26,0.0,951.8,24.45
2009-03-03,28.9,37.0,21.9,28,0.0,951.3,24.55
2009-03-04,28.6,37.0,21.7,32,0.0,951.1,24.55
2009-03-05,27.8,36.4,20.1,41,0.0,951.1,24.76
2009-03-06,27.8,36.1,20.9,40,0.0,951.7,24.56
2009-03-07,27.6,36.0,20.3,32,0.0,951.2,24.79
2009-03-08,27.3,35.6,20.8,34,0.0,950.0,23.32
2009-03-09,27.5,35.7,19.6,42,0.0,950.5,23.8
2009-03-10,28.3,36.3,21.4,39,0.0,951.5,23.05
2009-03-11,28.5,35.1,20.8,41,0.0,952.4,21.77
2009-03-12,28.7,35.6,21.8,37,0.0,951.7,20.3
2009-03-13,27.9,34.5,22.7,43,1.5,952.9,19.21
2009-03-14,26.2,34.0,20.8,52,2.1,953.6,21.69
2009-03-15,26.5,33.5,20.9,44,0.0,952.6,22.59
2009-03-16,27.1,34.3,20.3,44,0.0,951.2,22.11
2009-03-17,27.7,34.7,20.6,42,0.0,950.7,21.87
2009-03-18,28.6,35.8,21.6,35,0.0,951.3,23.18
2009-03-19,28.0,36.0,19.9,31,0.0,951.2,25.48
2009-03-20,27.5,36.1,20.4,43,0.0,950.7,25.01
2009-03-21,26.6,35.1,18.7,49,0.0,950.9,25.68
2009-03-22,26.9,34.6,18.8,45,0.0,950.3,24.48
2009-03-23,28.3,35.1,21.5,35,0.0,950.9,23.06
2009-03-24,27.7,34.8,21.2,46,0.8,952.7,22.38
2009-03-25,28.2,35.9,20.0,47,0.0,952.1,24.39
2009-03-26,28.7,36.0,21.6,33,0.0,951.1,25.68
2009-03-27,27.9,36.3,20.2,36,0.0,950.9,26.52
2009-03-28,28.4,37.3,20.1,42,0.0,951.2,26.37
2009-03-29,29.4,37.5,22.0,45,0.0,950.6,24.35
2009-03-30,30.4,37.5,23.1,39,0.0,950.3,22.06
2009-03-31,30.5,38.2,23.4,39,0.0,949.4,22.84
2009-04-01,31.2,38.7,23.4,40,0.0,949.9,24.63
2009-04-02,31.0,38.2,23.2,43,0.0,950.4,22.47
2009-04-03,31.3,39.2,23.5,47,0.0,950.6,23.59
2009-04-04,31.0,38.8,24.3,47,0.3,951.1,22.09
2009-04-05,30.7,38.7,24.0,54,0.0,951.7,21.89
2009-04-06,30.7,37.0,24.8,35,0.0,950.9,22.52
2009-04-07,30.4,36.2,24.6,30,0.0,949.0,20.87
2009-04-08,28.9,36.4,22.2,38,0.0,949.3,26.78
2009-04-09,27.7,35.9,19.1,33,0.0,949.8,28.41
2009-04-10,29.6,37.4,20.5,31,0.0,949.6,26.15
2009-04-11,30.8,37.5,22.7,26,0.0,949.1,23.22
2009-04-12,30.8,37.4,24.1,34,0.0,948.6,19.97
2009-04-13,31.7,39.3,25.7,37,0.0,947.8,24.15
2009-04-14,30.5,38.3,24.1,38,0.0,948.1,25.62
2009-04-15,29.3,37.4,23.5,43,0.0,949.0,24.63
2009-04-16,29.4,37.0,22.8,47,0.0,948.1,23.16
2009-04-17,29.9,37.6,22.3,40,0.0,947.2,23.37
2009-04-18,31.3,40.6,22.1,37,0.0,948.5,26.39
2009-04-19,31.2,40.4,22.5,41,0.0,950.2,26.29
2009-04-20,28.9,37.0,22.7,58,0.0,950.7,25.98
2009-04-21,28.4,35.9,22.0,53,0.0,949.3,26.52
2009-04-22,27.8,35.7,21.3,54,0.0,950.3,27.13
2009-04-23,29.3,38.1,20.7,44,0.0,951.4,27.8
2009-04-24,30.4,38.2,21.6,32,0.0,950.5,22.45
2009-04-25,31.6,39.1,23.4,20,0.0,950.7,25.14
2009-04-26,32.0,39.6,25.5,24,0.0,950.8,24.65
2009-04-27,31.5,40.3,22.5,40,0.0,950.7,25.46
2009-04-28,31.2,40.9,22.1,47,0.0,950.6,26.99
2009-04-29,30.5,40.7,22.6,53,0.0,951.1,26.45
2009-04-30,29.6,38.9,22.7,53,0.0,950.8,26.13
2009-05-01,29.4,37.9,22.0,52,0.0,951.3,26.63
2009-05-02,30.1,39.1,22.7,50,0.0,952.0,26.53
2009-05-03,30.7,39.3,23.3,41,0.0,951.5,27.37
2009-05-04,29.7,38.6,22.3,43,0.0,949.6,27.32
2009-05-05,28.5,37.0,21.8,58,0.1,950.9,26.05
2009-05-06,29.3,38.1,21.9,55,0.0,952.0,26.82
2009-05-07,30.4,39.3,21.7,49,0.3,950.0,26.46
2009-05-08,31.2,39.3,23.2,45,0.0,949.3,24.96
2009-05-09,30.7,39.3,22.4,41,0.0,948.8,27.58
2009-05-10,30.0,37.9,22.8,40,0.0,948.6,27.9
2009-05-11,29.3,37.2,22.8,44,0.0,948.8,27.71
2009-05-12,29.0,38.2,21.1,49,0.0,948.4,27.88
2009-05-13,28.1,37.7,21.6,63,0.0,947.4,26.51
2009-05-14,27.5,36.1,21.5,65,0.3,947.0,26.24
2009-05-15,27.7,35.3,22.0,66,0.3,947.8,25.17
2009-05-16,28.2,35.8,22.6,66,0.0,948.8,25.56
2009-05-17,28.4,37.2,22.0,64,0.3,949.1,26.22
2009-05-18,28.8,36.2,23.3,65,0.9,949.4,24.11
2009-05-19,28.2,35.4,23.8,69,1.2,949.0,22.45
2009-05-20,27.9,34.5,23.9,68,1.5,948.2,22.28
2009-05-21,28.2,35.0,23.8,67,1.7,947.5,21.54
2009-05-22,28.3,32.7,24.4,71,0.2,947.7,21.47
2009-05-23,27.9,34.6,23.2,69,0.4,946.3,24.26
2009-05-24,27.7,34.9,23.0,66,0.0,945.2,25.6
2009-05-25,27.3,33.5,22.3,64,0.5,944.4,25.34
2009-05-26,27.9,35.5,22.5,64,0.2,944.6,25.5
2009-05-27,28.0,35.1,21.9,64,0.0,946.5,25.01
2009-05-28,28.3,35.5,22.6,64,0.0,947.1,24.83
2009-05-29,28.1,34.9,22.8,64,0.0,948.0,25.15
2009-05-30,27.7,34.6,22.5,66,0.0,946.9,25.62
2009-05-31,27.8,34.7,22.7,65,0.3,947.2,25.2
2009-06-01,27.4,34.7,23.4,72,1.0,948.3,21.37
2009-06-02,27.1,33.3,23.7,74,3.3,949.3,20.11
2009-06-03,27.2,32.6,23.5,73,1.0,950.0,18.49
2009-06-04,26.6,31.2,24.0,77,2.1,948.3,16.82
2009-06-05,26.6,32.2,23.2,76,2.3,945.9,18.46
2009-06-06,25.7,31.0,23.6,80,9.0,944.3,13.84
2009-06-07,25.3,28.7,23.2,82,1.7,945.6,10.89
2009-06-08,26.4,31.7,22.8,74,0.0,947.7,22.66
2009-06-09,26.4,32.2,22.0,73,0.0,948.9,21.76
2009-06-10,26.6,32.9,21.9,70,0.0,949.0,21.32
2009-06-11,26.8,32.5,22.5,70,0.0,949.0,20.23
2009-06-12,26.8,32.7,22.5,68,0.0,949.5,21.34
2009-06-13,27.3,33.9,22.8,67,0.1,950.2,24.82
2009-06-14,27.3,34.1,22.7,69,0.0,950.3,23.04
2009-06-15,27.0,33.7,22.2,68,0.0,948.9,21.92
2009-06-16,27.5,34.1,22.7,68,0.0,948.3,21.83
2009-06-17,27.5,34.1,22.6,69,0.0,947.6,20.47
2009-06-18,28.1,35.6,23.2,67,0.2,946.8,23.5
2009-06-19,27.4,33.3,23.3,71,1.0,946.9,16.95
2009-06-20,26.6,32.4,24.0,79,7.1,947.1,14.98
2009-06-21,26.3,31.4,23.5,79,4.3,947.5,17.11
2009-06-22,26.2,30.8,23.4,76,3.0,946.5,15.58
2009-06-23,25.2,28.9,23.3,79,1.0,946.0,12.98
2009-06-24,25.5,29.8,22.8,79,0.9,946.1,17.64
2009-06-25,25.4,30.2,23.2,80,3.0,946.5,18.69
2009-06-26,25.0,28.9,23.0,82,4.8,946.3,15.16
2009-06-27,24.8,28.5,22.9,83,4.5,945.5,14.63
2009-06-28,24.9,28.5,23.0,84,6.7,945.2,13.69
2009-06-29,24.9,27.9,23.2,86,3.5,945.2,11.5
2009-06-30,25.9,30.8,23.4,80,1.4,945.8,16.78
2009-07-01,25.4,28.8,23.4,83,3.4,945.7,12.67
2009-07-02,24.5,28.6,22.9,89,28.5,944.2,10.99
2009-07-03,23.2,24.0,22.5,93,28.4,943.2,3.33
2009-07-04,23.2,24.4,22.6,94,15.2,942.7,4.79
2009-07-05,24.1,27.6,21.5,85,1.6,943.1,12.93
2009-07-06,22.8,24.1,21.6,95,24.1,942.9,5.59
2009-07-07,23.3,24.6,22.4,96,13.6,943.4,4.5
2009-07-08,23.7,26.1,22.8,93,49.4,943.3,5.31
2009-07-09,22.8,24.5,21.8,96,35.5,943.1,4.45
2009-07-10,23.1,25.4,22.1,95,13.9,943.7,5.4
2009-07-11,23.7,25.6,22.5,90,10.1,945.9,10.43
2009-07-12,24.1,26.8,22.4,86,8.2,946.2,17.18
2009-07-13,23.8,26.5,22.6,89,16.3,944.8,15.71
2009-07-14,22.9,23.3,22.3,94,71.5,943.0,3.4
2009-07-15,23.1,24.5,22.6,95,35.9,941.9,4.53
2009-07-16,22.9,23.9,22.3,95,14.9,942.3,4.24
2009-07-17,23.7,26.2,22.4,89,15.1,942.5,15.72
2009-07-18,23.7,26.4,22.4,87,14.6,944.7,17.84
2009-07-19,23.7,26.4,22.2,87,9.5,947.5,17.41
2009-07-20,23.3,25.2,22.1,89,15.5,946.4,12.47
2009-07-21,22.7,24.2,21.9,94,22.7,945.9,6.55
2009-07-22,22.4,22.6,22.1,95,46.5,944.3,2.55
2009-07-23,22.6,23.6,22.1,93,31.5,944.2,7.18
2009-07-24,23.5,26.1,22.0,90,14.3,946.6,14.73
2009-07-25,23.5,26.0,22.0,88,9.9,948.0,15.27
2009-07-26,23.3,25.7,21.8,88,10.7,947.5,14.37
2009-07-27,23.4,25.9,22.1,87,10.4,946.4,14.37
2009-07-28,23.6,26.3,22.0,87,8.2,946.2,16.39
2009-07-29,23.8,26.3,22.0,86,4.1,947.6,14.29
2009-07-30,24.0,26.6,22.7,86,2.8,949.0,13.05
2009-07-31,23.9,26.5,22.1,85,1.6,948.8,14.76
2009-08-01,24.2,27.3,22.2,84,1.9,948.3,16.64
2009-08-02,24.0,26.8,22.1,84,2.6,948.2,16.17
2009-08-03,23.9,26.8,22.2,84,2.0,947.6,15.96
2009-08-04,23.9,26.9,22.0,84,2.3,947.4,17.86
2009-08-05,23.8,26.7,22.0,85,3.4,947.3,17.76
2009-08-06,23.9,27.2,21.7,84,4.2,946.7,17.82
2009-08-07,23.7,26.3,22.1,86,5.3,947.1,17.08
2009-08-08,23.9,26.5,22.3,86,4.9,946.4,16.95
2009-08-09,23.8,26.4,22.0,85,3.8,946.1,16.08
2009-08-10,23.9,26.7,22.2,85,2.5,946.1,15.98
2009-08-11,23.8,26.6,22.0,86,2.5,947.3,11.43
2009-08-12,24.0,27.5,22.0,85,1.2,947.9,15.39
2009-08-13,24.0,27.6,21.8,84,1.0,948.3,16.53
2009-08-14,23.9,27.4,21.6,85,3.1,948.9,16.03
2009-08-15,23.7,26.4,21.9,85,2.4,949.0,14.76
2009-08-16,23.8,26.8,21.6,86,1.3,948.5,13.9
2009-08-17,24.5,28.5,21.9,82,0.7,949.4,17.0
2009-08-18,24.6,29.2,22.0,87,15.5,949.2,15.06
2009-08-19,25.4,30.2,22.6,88,10.5,949.2,15.72
2009-08-20,24.4,27.2,22.8,92,5.6,949.8,7.66
2009-08-21,23.7,26.4,22.4,94,12.2,949.3,8.43
2009-08-22,23.6,27.2,21.7,90,4.8,948.1,11.67
2009-08-23,23.6,25.8,22.4,94,4.8,947.5,8.21
2009-08-24,23.4,25.2,22.3,92,2.8,947.8,7.97
2009-08-25,23.5,25.8,22.2,90,0.7,948.0,11.87
2009-08-26,23.3,26.1,22.0,87,2.4,948.4,13.18
2009-08-27,23.2,26.5,21.4,88,2.6,947.7,12.5
2009-08-28,23.4,25.4,22.0,89,4.0,947.5,11.95
2009-08-29,23.5,26.3,22.5,89,5.4,946.7,10.01
2009-08-30,23.8,26.6,22.5,87,2.3,947.9,14.39
2009-08-31,24.1,27.6,22.2,86,1.6,949.5,16.56
2009-09-01,23.9,27.6,22.5,90,2.8,949.0,11.03
2009-09-02,22.8,23.8,22.2,96,11.7,947.0,3.0
2009-09-03,22.9,24.5,22.0,96,28.6,945.7,4.64
2009-09-04,22.8,24.3,22.0,95,22.9,945.8,4.62
2009-09-05,22.5,24.0,21.8,95,18.7,945.6,3.44
2009-09-06,23.7,26.6,22.0,86,1.8,945.3,15.62
2009-09-07,23.4,26.9,21.9,89,1.7,945.9,12.12
2009-09-08,23.6,26.7,21.8,87,0.1,947.1,12.52
2009-09-09,23.9,27.3,21.9,87,0.6,947.4,14.29
2009-09-10,23.9,27.7,21.5,86,1.6,947.6,15.13
2009-09-11,23.6,27.6,21.5,88,6.0,948.9,12.42
2009-09-12,24.1,28.8,21.8,90,14.4,951.3,12.84
2009-09-13,24.6,29.0,22.2,89,13.1,951.8,14.95
2009-09-14,24.3,28.6,22.3,90,13.7,951.8,14.45
2009-09-15,24.2,28.2,22.0,89,3.4,950.1,14.99
2009-09-16,24.2,28.8,21.7,87,1.3,949.8,17.95
2009-09-17,24.2,29.1,20.5,87,1.9,950.6,19.02
2009-09-18,25.3,30.2,20.7,79,0.0,951.2,21.35
2009-09-19,25.4,30.6,21.4,84,1.0,951.2,20.05
2009-09-20,25.7,30.2,23.2,85,4.1,950.9,19.26
2009-09-21,25.2,29.8,22.4,88,14.4,950.4,16.67
2009-09-22,25.8,30.4,23.2,88,5.2,949.7,16.34
2009-09-23,25.2,29.6,21.9,88,6.3,949.9,14.07
2009-09-24,25.1,29.4,23.2,89,4.7,951.3,13.46
2009-09-25,25.2,29.7,22.8,85,1.9,951.1,15.77
2009-09-26,25.6,30.0,22.7,83,0.6,950.5,19.92
2009-09-27,25.6,29.8,22.8,82,0.0,949.2,21.39
2009-09-28,24.9,28.7,22.5,87,2.3,948.4,15.25
2009-09-29,24.5,27.2,23.0,91,7.6,947.5,11.01
2009-09-30,24.4,27.6,23.1,91,7.1,947.0,8.31
2009-10-01,25.8,29.9,23.2,86,2.1,945.8,14.61
2009-10-02,25.8,29.8,23.5,88,4.1,944.6,12.97
2009-10-03,24.2,26.4,23.0,95,14.1,944.4,5.07
2009-10-04,23.4,25.0,22.6,96,15.9,946.0,4.37
2009-10-05,23.4,25.3,22.4,94,11.7,947.2,6.81
2009-10-06,23.2,25.5,21.9,91,1.6,948.3,7.19
2009-10-07,23.6,27.2,21.4,88,1.4,949.5,14.76
2009-10-08,23.4,27.8,20.2,82,0.0,949.7,19.35
2009-10-09,23.2,28.2,20.0,80,0.0,950.0,21.59
2009-10-10,22.8,28.3,18.1,81,0.0,951.2,20.21
2009-10-11,23.8,28.1,20.1,83,1.1,952.2,17.7
2009-10-12,24.5,29.3,20.9,81,1.4,952.7,16.87
2009-10-13,24.7,29.4,21.5,79,3.0,953.3,16.22
2009-10-14,25.1,29.5,21.6,74,0.0,953.4,17.45
2009-10-15,25.5,29.6,22.8,64,0.0,952.8,17.11
2009-10-16,25.7,29.9,20.7,61,0.0,952.7,17.58
2009-10-17,25.6,30.2,21.2,60,0.0,951.9,18.21
2009-10-18,25.2,30.2,21.2,65,0.0,951.4,18.64
2009-10-19,25.1,29.7,21.4,61,0.0,952.5,15.93
2009-10-20,25.5,30.7,21.5,59,0.0,953.1,18.78
2009-10-21,25.1,29.8,21.6,66,0.0,953.5,16.39
2009-10-22,25.5,30.3,22.0,64,0.0,954.2,16.09
2009-10-23,25.5,30.6,21.8,58,0.0,953.3,18.23
2009-10-24,24.9,30.6,20.1,49,0.0,952.0,22.22
2009-10-25,24.7,30.6,20.1,43,0.0,952.0,22.16
2009-10-26,24.4,30.8,18.4,49,0.0,952.7,21.89
2009-10-27,24.0,30.8,18.9,48,0.0,952.4,21.66
2009-10-28,24.2,31.7,17.6,48,0.0,952.0,21.37
2009-10-29,25.1,32.4,18.4,46,0.0,953.8,20.97
2009-10-30,25.1,32.8,18.1,43,0.0,954.1,21.43
2009-10-31,24.5,32.6,17.6,42,0.0,953.3,21.74
2009-11-01,24.3,32.0,17.4,39,0.0,952.8,21.67
2009-11-02,24.2,31.9,16.8,39,0.0,953.1,21.69
2009-11-03,24.3,31.8,16.3,38,0.0,953.0,21.47
2009-11-04,24.5,31.4,17.9,41,0.0,953.2,21.21
2009-11-05,24.8,31.7,17.7,46,0.0,952.1,20.72
2009-11-06,25.3,30.0,19.7,57,0.0,951.3,15.49
2009-11-07,26.2,31.4,21.7,57,0.0,949.9,16.64
2009-11-08,25.7,31.4,21.9,68,1.0,949.9,15.72
2009-11-09,22.9,24.5,21.9,87,16.9,948.8,3.6
2009-11-10,22.1,23.4,21.4,92,21.9,945.7,3.8
2009-11-11,21.5,22.8,20.5,95,63.4,939.8,1.2
2009-11-12,23.4,27.3,20.9,87,1.3,946.1,13.01
2009-11-13,23.5,28.5,20.1,82,0.0,950.4,17.97
2009-11-14,22.5,26.8,19.6,89,13.2,951.1,10.3
2009-11-15,23.2,27.6,20.1,90,25.8,949.5,11.74
2009-11-16,22.5,25.2,21.2,94,26.8,949.1,4.91
2009-11-17,22.8,26.9,20.4,91,5.8,950.2,10.07
2009-11-18,23.6,27.7,20.1,83,1.0,952.0,14.56
2009-11-19,22.7,27.5,18.9,79,0.0,953.7,17.04
2009-11-20,21.5,27.0,16.4,75,0.0,954.7,19.41
2009-11-21,21.3,26.8,17.0,73,0.0,954.6,19.4
2009-11-22,20.8,26.9,15.5,73,0.0,953.8,19.23
2009-11-23,21.3,27.2,15.5,69,0.0,954.3,19.13
2009-11-24,22.2,27.8,15.3,66,0.0,954.4,18.85
2009-11-25,23.5,28.7,19.2,65,0.0,954.1,18.75
2009-11-26,23.7,28.9,19.7,68,0.0,953.0,18.48
2009-11-27,23.0,28.2,17.4,70,0.0,953.4,18.27
2009-11-28,22.6,27.2,18.6,62,0.0,954.6,18.33
2009-11-29,21.1,26.2,14.9,59,0.0,954.6,19.1
2009-11-30,20.9,26.2,16.1,57,0.0,954.3,19.0
2009-12-01,20.5,26.5,14.6,61,0.0,953.9,19.02
2009-12-02,20.9,27.3,14.3,65,0.0,953.8,18.77
2009-12-03,22.1,28.2,14.9,65,0.0,953.9,18.16
2009-12-04,23.1,28.0,18.4,62,0.0,953.9,16.88
2009-12-05,23.5,28.7,19.2,62,0.0,952.5,17.31
2009-12-06,23.4,29.0,17.2,67,0.0,951.5,17.4
2009-12-07,24.2,29.4,18.6,65,0.0,952.0,17.82
2009-12-08,23.5,29.1,19.0,61,0.0,952.0,18.36
2009-12-09,22.8,28.8,15.4,57,0.0,952.3,18.5
2009-12-10,22.7,28.2,15.7,58,0.0,952.4,18.37
2009-12-11,21.8,28.0,15.9,65,0.0,951.8,18.28
2009-12-12,21.8,28.0,15.4,62,0.0,951.8,18.33
2009-12-13,22.4,28.8,16.3,56,0.0,952.3,18.44
2009-12-14,22.9,29.2,16.9,58,0.0,953.0,17.86
2009-12-15,23.4,29.2,18.2,61,0.0,953.9,15.93
2009-12-16,23.3,28.7,18.1,63,0.0,953.7,16.0
2009-12-17,22.6,28.0,17.5,68,0.0,953.2,15.69
2009-12-18,22.3,27.2,17.4,76,0.1,954.0,15.18
2009-12-19,22.8,27.4,19.1,75,0.3,955.2,14.0
2009-12-20,23.0,28.5,18.2,63,0.0,956.0,17.39
2009-12-21,22.9,28.2,18.4,62,0.0,955.6,16.69
2009-12-22,22.6,28.3,17.8,61,0.0,954.9,17.56
2009-12-23,21.3,27.9,15.3,57,0.0,954.6,18.0
2009-12-24,20.8,27.1,14.8,51,0.0,954.4,18.57
2009-12-25,20.4,26.7,14.6,45,0.0,953.3,18.79
2009-12-26,21.0,27.3,16.4,52,0.0,951.6,17.22
2009-12-27,21.4,28.1,16.8,60,0.0,951.1,18.13
2009-12-28,20.9,28.2,14.9,67,0.0,950.5,18.05
2009-12-29,22.1,28.3,17.3,58,0.3,950.7,15.86
2009-12-30,21.2,27.7,15.2,54,0.2,951.4,18.06
2009-12-31,21.3,28.2,14.6,48,0.0,952.0,18.81
2010-01-01,22.6,29.5,15.4,58,0.0,952.2,16.8
2010-01-02,24.0,29.0,19.0,60,0.0,954.0,16.5
2010-01-03,24.4,29.8,19.0,64,0.0,954.6,16.34
2010-01-04,23.8,29.6,18.9,66,0.0,953.4,17.21
2010-01-05,23.0,28.7,17.7,67,0.0,951.3,15.9
2010-01-06,23.0,28.8,17.6,57,0.0,951.1,18.78
2010-01-07,22.1,28.0,16.0,50,0.0,952.0,18.95
2010-01-08,22.1,27.6,16.4,47,0.0,952.9,18.57
2010-01-09,22.4,28.4,16.5,51,0.0,952.5,18.15
2010-01-10,22.8,28.5,16.7,61,0.0,952.7,15.06
2010-01-11,24.0,29.8,19.2,69,0.0,953.2,16.23
2010-01-12,23.3,29.2,19.6,76,0.1,954.3,15.96
2010-01-13,21.8,28.2,16.7,66,0.0,955.3,18.69
2010-01-14,21.6,28.7,14.3,55,0.0,956.1,18.96
2010-01-15,23.1,29.7,16.5,62,0.1,957.3,18.5
2010-01-16,23.7,29.3,18.3,64,0.0,958.2,18.61
2010-01-17,23.0,29.3,17.9,58,0.0,957.8,18.65
2010-01-18,22.3,29.4,16.2,50,0.0,956.2,20.03
2010-01-19,22.5,29.3,15.6,52,0.0,954.5,19.65
2010-01-20,22.8,29.3,16.3,46,0.0,955.3,18.08
2010-01-21,22.4,29.1,15.7,43,0.0,954.9,20.11
2010-01-22,21.9,28.6,15.9,40,0.0,954.3,20.43
2010-01-23,22.2,28.7,15.3,35,0.0,954.0,20.67
2010-01-24,22.0,28.9,15.7,45,0.0,952.5,20.25
2010-01-25,22.3,28.9,15.5,46,0.0,953.0,19.54
2010-01-26,22.1,28.5,14.9,44,0.0,954.1,19.45
2010-01-27,22.3,28.6,15.1,42,0.0,954.2,19.8
2010-01-28,22.6,28.3,15.6,43,0.0,954.5,16.12
2010-01-29,22.8,28.9,17.6,47,0.0,954.5,17.58
2010-01-30,23.0,29.4,15.6,47,0.0,954.9,19.8
2010-01-31,23.7,30.0,17.4,47,0.0,954.5,18.85
2010-02-01,24.2,30.7,19.2,51,0.0,953.5,20.02
2010-02-02,23.5,29.6,18.3,56,0.0,952.6,18.14
2010-02-03,23.4,30.4,18.3,58,0.0,952.5,20.01
2010-02-04,23.3,29.3,17.9,62,0.0,953.2,17.71
2010-02-05,23.7,30.6,17.6,54,0.0,953.9,21.12
2010-02-06,24.1,30.9,15.9,45,0.0,954.4,21.41
2010-02-07,24.6,31.1,17.7,45,0.0,954.6,20.42
2010-02-08,24.5,31.2,19.1,53,0.0,952.7,19.05
2010-02-09,23.2,29.4,17.8,63,0.0,951.4,18.98
2010-02-10,23.0,29.1,17.7,65,0.0,951.5,17.95
2010-02-11,23.5,30.7,17.6,67,0.0,952.7,20.85
2010-02-12,23.1,31.0,16.1,61,0.0,953.7,21.83
2010-02-13,24.1,32.6,17.7,58,0.0,952.4,21.6
2010-02-14,24.7,32.9,18.9,47,0.0,951.3,21.8
2010-02-15,24.9,32.8,18.5,41,0.0,951.0,20.33
2010-02-16,25.9,33.9,20.3,38,0.0,952.4,21.47
2010-02-17,25.7,33.1,18.8,37,0.0,953.1,21.23
2010-02-18,25.9,34.2,19.5,42,0.0,952.8,22.02
2010-02-19,25.9,34.3,19.3,44,0.0,953.0,22.1
2010-02-20,26.5,35.1,20.2,43,0.0,953.2,22.63
2010-02-21,26.6,35.1,19.8,44,0.1,953.2,22.32
2010-02-22,26.8,34.3,21.5,49,1.0,953.1,20.41
2010-02-23,25.9,34.1,20.6,52,0.0,952.1,22.64
2010-02-24,23.1,31.2,15.9,44,0.0,951.1,24.36
2010-02-25,22.5,31.9,13.5,56,0.0,951.1,23.56
2010-02-26,24.9,33.5,17.3,47,0.0,952.2,23.99
2010-02-27,26.8,34.6,20.4,41,0.0,952.5,23.76
2010-02-28,27.9,35.1,21.6,35,0.0,952.4,23.42
2010-03-01,28.5,35.1,22.1,32,0.0,953.1,21.67
2010-03-02,27.6,35.7,19.9,41,0.0,952.4,22.92
2010-03-03,26.7,34.1,20.8,48,0.0,952.0,23.18
2010-03-04,25.9,33.7,18.9,41,0.0,951.6,23.75
2010-03-05,25.5,34.4,17.4,52,0.0,951.9,23.99
2010-03-06,25.0,32.9,18.8,60,0.0,953.1,24.17
2010-03-07,24.6,33.5,17.7,56,0.0,954.0,23.99
2010-03-08,26.3,35.2,18.6,48,0.0,953.3,24.52
2010-03-09,28.7,36.4,22.2,32,0.0,953.2,24.31
2010-03-10,28.8,36.6,22.7,39,0.5,953.6,19.49
2010-03-11,29.0,35.7,22.5,49,0.6,955.1,20.57
2010-03-12,28.7,35.9,23.2,51,2.0,955.9,20.74
2010-03-13,28.6,35.2,22.6,51,0.0,954.7,22.05
2010-03-14,27.8,35.7,20.6,39,0.0,953.2,23.35
2010-03-15,27.1,35.7,18.9,26,0.0,952.2,26.11
2010-03-16,27.4,36.3,19.6,38,0.0,951.9,25.03
2010-03-17,28.8,37.3,20.4,40,0.0,953.1,24.16
2010-03-18,29.9,36.8,22.4,34,0.0,954.4,21.47
2010-03-19,30.4,37.1,22.5,31,0.0,953.9,20.73
2010-03-20,29.5,37.2,22.4,45,0.0,952.6,21.1
2010-03-21,30.3,38.3,22.9,42,0.0,951.1,22.14
2010-03-22,30.0,38.5,21.6,37,0.0,949.1,24.4
2010-03-23,29.1,37.8,21.1,24,0.0,947.7,26.05
2010-03-24,28.5,37.2,20.7,29,0.0,948.5,26.1
2010-03-25,28.1,37.3,19.5,39,0.0,949.3,26.12
2010-03-26,28.3,37.7,20.5,49,0.0,949.6,25.19
2010-03-27,28.6,37.7,20.4,46,0.0,950.5,24.53
2010-03-28,29.4,38.9,20.4,44,0.0,950.6,23.4
2010-03-29,30.0,38.3,23.8,46,0.0,951.6,23.33
2010-03-30,28.7,35.6,23.4,35,0.0,952.1,25.85
2010-03-31,26.8,35.3,19.7,45,0.0,951.8,27.26
2010-04-01,25.5,33.6,19.0,61,0.0,951.4,26.58
2010-04-02,26.8,36.3,18.7,57,0.0,951.1,26.7
2010-04-03,29.0,37.9,20.1,35,0.0,951.4,27.1
2010-04-04,29.9,38.3,22.3,20,0.0,951.8,27.29
2010-04-05,30.7,39.0,23.4,22,0.0,951.3,27.37
2010-04-06,31.3,39.7,23.3,28,0.0,950.7,26.97
2010-04-07,31.4,40.8,22.5,36,0.0,951.3,23.31
2010-04-08,32.4,40.5,25.7,40,0.3,952.7,21.46
2010-04-09,29.6,35.7,24.9,59,0.5,952.6,16.38
2010-04-10,29.8,37.0,24.3,53,0.0,950.4,22.24
2010-04-11,30.8,39.7,22.7,40,0.0,949.3,26.5
2010-04-12,31.2,40.3,22.8,34,0.0,949.2,26.55
2010-04-13,30.3,38.6,22.6,36,0.0,950.0,27.23
2010-04-14,30.1,39.4,21.2,44,0.0,949.7,26.82
2010-04-15,31.0,40.2,23.4,54,0.7,951.2,25.1
2010-04-16,31.5,40.9,23.8,51,2.1,951.0,25.02
2010-04-17,30.5,38.5,24.2,57,2.9,951.6,24.08
2010-04-18,29.7,38.3,23.5,56,0.0,951.3,25.93
2010-04-19,28.6,36.1,22.3,58,0.0,950.7,25.98
2010-04-20,28.9,37.7,21.8,53,0.0,949.6,26.45
2010-04-21,29.8,38.8,22.2,50,0.0,949.7,25.62
2010-04-22,30.8,39.0,22.3,49,0.0,950.1,24.47
2010-04-23,32.2,40.5,25.3,40,1.3,950.6,22.78
2010-04-24,31.5,38.9,24.4,39,0.3,950.5,22.13
2010-04-25,31.0,38.6,23.8,42,0.0,950.2,24.6
2010-04-26,31.5,39.3,23.7,40,0.0,951.7,24.35
2010-04-27,31.4,39.9,23.3,43,0.0,952.5,25.94
2010-04-28,31.1,39.0,23.8,45,0.0,951.6,24.49
2010-04-29,31.2,39.9,22.7,45,2.4,949.9,25.87
2010-04-30,30.2,36.0,25.2,51,2.1,951.4,20.79
2010-05-01,29.5,36.3,24.7,62,3.0,952.1,21.64
2010-05-02,29.3,37.5,23.5,58,3.0,950.8,22.68
2010-05-03,29.1,36.1,23.1,58,2.6,949.4,23.94
2010-05-04,29.3,36.7,22.8,58,0.1,947.8,24.27
2010-05-05,29.9,37.8,23.4,56,0.0,947.5,24.58
2010-05-06,29.8,37.4,23.4,54,0.6,947.5,25.23
2010-05-07,31.3,40.2,23.0,55,0.0,947.0,21.95
2010-05-08,31.1,38.5,25.3,56,1.0,948.2,19.31
2010-05-09,32.1,40.5,24.2,50,0.0,947.3,25.39
2010-05-10,31.9,40.1,24.9,51,0.0,947.7,25.46
2010-05-11,31.9,40.3,24.2,45,0.0,947.7,27.68
2010-05-12,30.1,38.2,22.8,50,0.0,948.1,27.11
2010-05-13,29.5,38.7,22.6,58,0.0,948.1,26.61
2010-05-14,29.5,38.7,23.1,60,0.0,947.8,25.86
2010-05-15,29.5,38.5,22.9,59,0.0,947.8,26.11
2010-05-16,29.5,38.6,22.3,60,0.0,947.5,27.09
2010-05-17,30.2,38.9,23.7,56,0.0,948.2,26.12
2010-05-18,31.8,42.1,23.7,52,0.0,947.1,23.65
2010-05-19,30.7,37.6,24.7,55,0.0,946.8,23.92
2010-05-20,30.3,38.6,24.5,58,0.0,945.7,25.23
2010-05-21,29.2,36.4,24.4,64,0.3,946.5,24.84
2010-05-22,29.2,36.2,24.5,65,0.3,947.2,23.67
2010-05-23,29.2,37.4,23.9,66,1.3,947.5,25.03
2010-05-24,28.7,36.4,23.7,66,0.0,947.5,25.79
2010-05-25,28.3,36.1,23.6,65,0.0,948.1,26.07
2010-05-26,28.1,34.6,23.4,66,0.0,948.5,24.68
2010-05-27,28.3,34.7,23.8,65,0.0,948.4,24.5
2010-05-28,28.6,35.4,23.7,64,0.0,949.2,25.94
2010-05-29,28.4,36.2,22.5,65,0.0,949.6,25.06
2010-05-30,28.5,36.4,22.2,62,0.0,949.4,26.13
2010-05-31,28.5,36.3,23.2,64,0.5,949.7,23.58
2010-06-01,28.7,36.7,24.2,67,0.3,950.3,23.23
2010-06-02,28.4,35.0,24.2,69,2.8,951.6,21.91
2010-06-03,28.9,34.5,24.3,67,0.4,952.4,22.48
2010-06-04,28.8,35.0,24.1,66,0.0,952.6,24.42
2010-06-05,27.8,32.3,24.1,71,0.8,951.2,20.92
2010-06-06,27.6,33.4,23.9,70,0.6,949.2,21.29
2010-06-07,26.8,32.1,24.1,75,3.5,948.9,19.86
2010-06-08,27.5,33.0,23.5,73,0.9,948.6,20.24
2010-06-09,28.0,34.7,24.0,73,8.6,947.4,20.58
2010-06-10,28.1,34.3,23.8,74,11.3,946.4,20.16
2010-06-11,28.0,34.8,24.2,76,8.2,945.2,18.91
2010-06-12,27.0,33.5,24.1,82,34.0,944.2,16.51
2010-06-13,27.0,30.5,24.3,81,2.1,944.4,12.58
2010-06-14,25.2,27.9,23.5,89,21.0,945.2,9.99
2010-06-15,24.3,26.6,23.2,93,15.2,945.0,7.19
2010-06-16,23.7,24.5,22.7,96,80.3,944.9,2.22
2010-06-17,24.1,26.3,22.6,91,14.0,945.5,7.28
2010-06-18,24.7,27.4,22.6,90,29.8,945.4,8.42
2010-06-19,25.7,30.4,22.9,86,4.7,945.8,15.72
2010-06-20,24.9,27.7,23.5,88,9.1,947.4,10.41
2010-06-21,25.3,28.4,23.3,84,2.7,948.3,15.48
2010-06-22,25.6,28.8,23.6,84,2.2,947.5,16.12
2010-06-23,24.7,26.8,23.1,91,10.1,946.9,10.01
2010-06-24,24.7,28.1,23.1,88,2.3,945.3,14.41
2010-06-25,24.5,27.7,23.1,90,23.8,943.9,12.41
2010-06-26,25.9,29.7,23.1,83,6.0,943.1,16.87
2010-06-27,25.1,27.6,23.0,87,0.4,944.6,11.53
2010-06-28,25.0,27.9,22.9,83,0.3,945.6,12.53
2010-06-29,25.3,28.4,23.2,85,0.8,945.8,15.06
2010-06-30,25.0,28.4,22.8,84,0.7,945.4,13.41
2010-07-01,23.9,26.9,22.9,92,13.6,944.6,7.11
2010-07-02,23.0,24.2,22.2,93,21.3,944.3,4.63
2010-07-03,22.9,24.8,21.9,96,23.1,943.8,4.32
2010-07-04,24.1,27.1,21.9,87,8.0,943.9,13.35
2010-07-05,24.8,28.1,23.3,85,3.9,945.6,16.88
2010-07-06,23.8,25.0,23.0,91,9.4,946.4,8.11
2010-07-07,24.0,26.7,22.7,90,6.9,947.2,11.53
2010-07-08,23.8,26.2,22.6,90,7.6,948.9,11.39
2010-07-09,24.2,27.7,22.6,87,2.5,949.2,14.13
2010-07-10,24.7,27.6,22.8,85,6.9,949.2,15.66
2010-07-11,24.3,27.5,22.6,88,4.8,949.3,12.23
2010-07-12,24.4,27.0,22.9,85,2.5,948.4,13.47
2010-07-13,24.2,25.9,23.0,89,2.9,948.6,10.41
2010-07-14,24.5,27.6,22.7,86,2.6,948.6,15.49
2010-07-15,24.9,28.8,22.8,86,1.8,947.1,16.74
2010-07-16,24.5,27.4,22.8,90,2.7,944.6,12.12
2010-07-17,24.4,27.7,22.6,89,9.9,944.1,13.55
2010-07-18,24.6,28.0,22.8,88,15.5,945.1,14.04
2010-07-19,24.7,27.1,23.3,90,12.7,943.7,11.79
2010-07-20,24.0,25.8,23.2,92,30.6,943.4,7.12
2010-07-21,23.6,25.1,22.6,94,27.3,944.3,5.47
2010-07-22,23.3,24.5,22.8,94,30.6,945.0,4.63
2010-07-23,23.5,25.9,22.3,90,13.8,945.2,8.97
2010-07-24,23.2,24.6,22.5,93,22.3,944.5,5.74
2010-07-25,22.4,23.3,21.5,95,31.2,942.8,3.86
2010-07-26,22.2,22.7,21.7,96,27.9,942.6,3.66
2010-07-27,23.2,25.4,22.0,90,21.8,944.1,12.27
2010-07-28,23.7,26.3,22.2,89,6.1,945.2,12.5
2010-07-29,23.3,25.3,22.2,90,7.6,945.2,8.27
2010-07-30,23.4,25.6,22.3,91,1.8,944.9,7.68
2010-07-31,22.9,23.9,22.4,94,18.5,945.8,5.36
2010-08-01,23.1,25.3,22.1,90,14.4,946.8,10.42
2010-08-02,23.5,25.8,22.4,89,15.8,945.6,12.09
2010-08-03,23.6,25.7,22.5,90,15.4,943.6,13.72
2010-08-04,23.4,25.9,21.9,88,3.2,944.4,13.67
2010-08-05,24.0,27.0,21.9,85,1.8,946.7,17.43
2010-08-06,23.0,24.9,22.0,90,6.7,947.4,8.56
2010-08-07,22.4,23.0,21.8,96,18.8,945.8,3.55
2010-08-08,23.4,25.8,22.3,91,4.0,945.8,11.42
2010-08-09,23.8,26.9,22.0,86,4.7,947.2,15.41
2010-08-10,23.9,27.0,22.1,86,2.5,947.8,15.48
2010-08-11,24.0,27.1,22.1,88,1.2,947.9,13.18
2010-08-12,24.2,27.4,22.1,87,2.0,947.0,14.67
2010-08-13,23.3,25.4,22.2,94,10.8,946.7,6.72
2010-08-14,23.7,26.4,22.1,91,3.7,946.7,9.62
2010-08-15,24.4,28.3,22.3,87,3.2,946.8,14.18
2010-08-16,24.3,27.4,22.6,89,5.9,947.2,12.15
2010-08-17,24.3,27.6,22.7,89,14.8,946.1,12.65
2010-08-18,23.2,25.2,22.2,93,39.1,946.2,7.96
2010-08-19,23.7,26.2,22.1,88,0.8,948.3,8.93
2010-08-20,23.8,27.4,21.9,89,4.3,949.6,10.77
2010-08-21,23.7,27.0,21.3,87,3.9,948.7,11.57
2010-08-22,23.5,25.9,22.0,91,6.2,948.3,8.49
2010-08-23,24.1,27.5,22.4,87,4.4,947.7,13.72
2010-08-24,24.0,26.9,22.1,89,1.1,946.3,12.76
2010-08-25,23.9,26.7,22.2,90,3.1,945.8,11.16
2010-08-26,22.9,24.3,21.9,95,5.0,945.4,5.07
2010-08-27,23.7,26.0,21.9,91,4.0,944.5,7.86
2010-08-28,24.0,27.7,22.7,93,34.8,944.5,9.03
2010-08-29,23.4,24.7,22.8,96,14.0,945.5,4.3
2010-08-30,22.7,23.3,22.2,95,34.5,944.5,4.61
2010-08-31,22.4,23.0,21.9,95,34.2,945.1,3.81
2010-09-01,23.0,25.0,22.0,90,11.8,947.5,9.01
2010-09-02,23.7,26.6,22.0,87,4.4,949.4,15.43
2010-09-03,23.7,26.4,22.2,86,2.6,948.0,15.28
2010-09-04,23.2,25.5,21.8,89,6.1,946.6,11.09
2010-09-05,23.0,25.4,22.1,92,14.7,947.9,9.09
2010-09-06,23.2,24.9,22.1,94,13.0,947.8,8.05
2010-09-07,23.6,26.2,22.3,89,3.7,946.1,13.0
2010-09-08,22.8,24.5,22.0,95,20.7,944.9,4.96
2010-09-09,22.7,23.6,21.9,94,14.1,945.5,5.28
2010-09-10,23.9,27.2,21.9,85,2.2,946.5,18.06
2010-09-11,23.8,27.4,21.6,85,1.4,947.8,16.94
2010-09-12,24.2,28.1,21.4,82,0.1,948.7,17.37
2010-09-13,23.6,27.3,21.1,87,1.8,947.9,15.03
2010-09-14,23.8,27.0,21.5,87,2.8,946.9,14.59
2010-09-15,23.9,27.2,21.9,87,0.9,947.0,13.53
2010-09-16,23.8,27.6,22.0,88,7.0,947.2,13.4
2010-09-17,24.0,27.6,21.9,88,1.7,946.8,15.57
2010-09-18,23.6,26.2,22.0,90,4.1,945.6,11.73
2010-09-19,24.0,27.8,21.3,86,2.4,945.8,16.46
2010-09-20,23.6,27.1,21.8,91,9.7,947.8,10.27
2010-09-21,24.4,28.5,21.0,85,1.1,949.4,16.55
2010-09-22,24.7,29.4,21.3,85,1.8,950.4,19.01
2010-09-23,25.0,29.4,22.3,87,11.1,949.7,16.57
2010-09-24,24.6,29.0,21.8,90,9.4,949.4,14.8
2010-09-25,24.4,28.8,21.9,88,1.7,949.9,15.53
2010-09-26,24.8,29.3,21.8,88,13.2,950.1,17.55
2010-09-27,25.3,29.7,21.4,84,2.9,950.3,19.01
2010-09-28,24.7,29.5,21.5,87,7.2,950.4,17.47
2010-09-29,25.1,30.5,21.1,85,3.6,950.8,19.54
2010-09-30,25.1,29.4,21.6,85,2.4,950.3,17.39
2010-10-01,25.7,30.0,22.1,73,0.0,948.8,20.61
2010-10-02,25.4,28.8,21.5,69,0.0,948.3,18.11
2010-10-03,24.9,29.7,21.3,81,9.6,948.6,18.51
2010-10-04,24.9,30.1,21.2,86,10.2,948.7,18.1
2010-10-05,24.4,29.2,21.4,89,11.6,947.4,15.54
2010-10-06,25.9,31.4,21.0,79,0.0,946.7,19.95
2010-10-07,26.3,31.8,22.7,78,0.0,946.3,20.96
2010-10-08,25.0,30.7,21.1,79,0.6,947.0,19.03
2010-10-09,25.1,30.0,21.3,77,0.0,947.5,20.2
2010-10-10,23.7,28.1,20.5,82,1.5,948.1,18.92
2010-10-11,22.8,27.1,19.3,86,0.4,949.8,17.1
2010-10-12,23.5,28.0,20.4,84,1.5,951.7,17.01
2010-10-13,23.6,28.9,20.3,85,1.7,951.5,17.87
2010-10-14,23.3,28.5,20.1,87,3.3,950.0,16.57
2010-10-15,24.0,27.9,21.4,86,1.0,949.7,14.23
2010-10-16,24.0,26.9,21.9,85,0.2,948.0,9.58
2010-10-17,24.1,28.7,22.5,90,16.1,946.2,11.72
2010-10-18,23.8,28.3,21.7,90,12.0,947.0,9.34
2010-10-19,24.1,29.4,21.4,90,9.3,948.4,13.55
2010-10-20,23.9,27.2,21.9,90,13.9,949.3,10.35
2010-10-21,24.2,28.2,22.4,89,7.2,947.7,12.3
2010-10-22,23.7,26.6,22.1,89,3.5,946.0,10.2
2010-10-23,23.8,28.1,21.4,88,1.4,947.9,12.68
2010-10-24,23.3,28.2,20.7,88,2.7,949.1,14.57
2010-10-25,23.7,28.3,20.3,84,0.5,949.8,14.77
2010-10-26,24.4,28.8,20.4,78,1.1,951.3,18.09
2010-10-27,24.1,28.9,18.9,71,0.0,952.7,19.2
2010-10-28,23.7,29.3,18.9,69,0.0,952.6,21.14
2010-10-29,23.8,28.7,19.1,67,0.0,952.3,18.2
2010-10-30,23.2,28.9,17.6,65,0.0,952.8,21.19
2010-10-31,22.7,28.3,17.4,66,0.0,952.3,20.76
2010-11-01,21.8,28.0,15.9,65,0.0,950.0,21.34
2010-11-02,22.1,28.2,15.7,70,0.0,949.9,19.95
2010-11-03,23.6,27.8,19.7,79,2.4,952.0,14.9
2010-11-04,23.9,28.4,21.3,86,10.5,952.4,13.35
2010-11-05,23.7,28.1,20.8,87,4.2,952.3,13.37
2010-11-06,23.0,26.8,20.1,91,14.6,950.8,12.11
2010-11-07,22.8,26.5,19.0,76,0.0,949.5,15.62
2010-11-08,22.5,26.3,19.3,78,2.9,948.4,9.91
2010-11-09,23.2,26.5,21.7,88,5.9,950.8,7.96
2010-11-10,23.8,28.4,20.5,87,7.4,953.7,14.51
2010-11-11,24.0,28.6,21.2,86,5.2,952.5,14.44
2010-11-12,23.8,28.3,20.5,87,0.6,950.4,14.75
2010-11-13,24.0,28.3,21.5,88,4.1,949.9,13.26
2010-11-14,24.2,28.9,20.3,86,5.5,952.4,15.97
2010-11-15,24.0,29.2,19.9,87,5.6,953.7,16.64
2010-11-16,23.6,28.0,20.1,85,0.5,951.8,15.79
2010-11-17,23.8,28.3,19.2,80,0.0,951.1,16.64
2010-11-18,23.7,27.7,20.9,85,3.1,952.3,14.63
2010-11-19,23.8,28.4,20.8,85,2.9,952.1,14.13
2010-11-20,24.0,28.5,19.8,83,1.0,950.1,15.16
2010-11-21,23.5,27.9,20.5,87,8.4,949.2,13.16
2010-11-22,23.3,27.7,19.9,82,0.0,948.3,12.79
2010-11-23,23.7,28.2,20.5,82,1.2,948.6,15.36
2010-11-24,23.7,27.9,20.2,82,0.2,951.0,15.87
2010-11-25,24.2,28.6,20.5,78,0.0,951.9,16.0
2010-11-26,23.9,28.5,19.7,75,0.0,951.0,15.83
2010-11-27,22.9,25.9,20.6,78,0.9,950.3,8.04
2010-11-28,22.1,27.8,16.9,66,0.0,951.0,18.58
2010-11-29,22.4,28.0,17.7,70,0.0,951.9,17.71
2010-11-30,22.7,28.4,17.3,70,0.0,950.9,18.44
2010-12-01,23.7,28.7,17.9,68,0.0,950.5,16.74
2010-12-02,23.8,28.8,18.2,65,0.0,950.8,17.88
2010-12-03,23.1,28.3,17.8,70,0.0,951.0,16.44
2010-12-04,22.5,26.8,18.9,78,0.6,949.9,13.7
2010-12-05,22.2,27.5,17.9,69,0.0,948.8,15.73
2010-12-06,20.8,26.5,15.7,59,0.0,949.2,18.2
2010-12-07,20.1,26.2,13.7,63,0.0,948.5,18.26
2010-12-08,22.3,27.8,17.3,73,0.0,948.0,17.03
2010-12-09,22.8,27.3,19.4,78,0.3,948.2,14.12
2010-12-10,21.4,27.1,17.5,80,0.0,948.6,15.34
2010-12-11,18.7,23.8,14.8,80,0.0,948.6,15.52
2010-12-12,16.9,22.5,12.1,77,0.0,947.9,16.31
2010-12-13,18.3,25.1,11.9,73,0.0,949.5,18.18
2010-12-14,19.9,26.8,14.3,65,0.0,950.8,18.34
2010-12-15,20.1,26.4,14.2,61,0.0,951.5,18.32
2010-12-16,20.0,26.3,14.1,59,0.0,951.5,18.42
2010-12-17,20.2,26.7,14.0,55,0.0,951.7,18.7
2010-12-18,18.8,25.9,12.4,50,0.0,952.0,19.11
2010-12-19,18.2,26.3,11.0,44,0.0,952.8,19.41
2010-12-20,18.3,26.4,11.3,42,0.0,954.5,19.5
2010-12-21,19.9,27.8,12.3,44,0.0,953.0,18.88
2010-12-22,20.7,28.2,15.4,46,0.0,950.0,18.31
2010-12-23,20.5,28.7,15.1,53,0.0,949.5,19.11
2010-12-24,20.5,28.5,15.0,58,0.0,950.4,18.95
2010-12-25,21.2,28.6,15.2,57,0.0,950.3,18.86
2010-12-26,21.4,28.8,14.4,54,0.0,950.4,18.7
2010-12-27,21.0,28.5,14.8,70,0.0,950.4,17.45
2010-12-28,22.0,28.6,15.4,59,0.0,950.8,16.92
2010-12-29,21.7,28.6,15.1,68,0.0,951.3,17.7
2010-12-30,21.6,28.1,17.0,75,0.0,951.2,16.78
2010-12-31,20.6,26.9,15.6,67,0.0,950.4,17.61
2011-01-01,20.0,26.6,13.3,61,0.0,949.5,17.83
2011-01-02,20.5,26.2,14.0,66,0.0,949.9,14.9
2011-01-03,22.0,27.2,17.6,64,0.0,950.9,13.87
2011-01-04,22.6,27.6,17.4,60,0.0,951.7,14.76
2011-01-05,22.3,27.3,17.0,58,0.0,951.4,16.77
2011-01-06,20.5,26.7,14.1,52,0.0,951.9,19.08
2011-01-07,18.7,26.1,10.4,39,0.0,951.2,19.93
2011-01-08,19.6,27.9,12.1,44,0.0,949.9,19.5
2011-01-09,20.9,28.4,14.1,42,0.0,950.0,19.73
2011-01-10,20.6,27.8,12.3,39,0.0,951.0,19.93
2011-01-11,21.0,29.0,14.5,38,0.0,951.3,20.07
2011-01-12,21.7,28.9,15.3,36,0.0,950.9,20.1
2011-01-13,22.4,30.5,16.4,37,0.0,951.2,20.04
2011-01-14,22.5,30.1,17.4,44,0.0,951.6,19.87
2011-01-15,22.0,29.5,16.4,47,0.0,952.5,19.97
2011-01-16,21.9,28.9,16.3,45,0.0,952.0,19.95
2011-01-17,22.5,29.7,16.5,46,0.0,951.5,19.97
2011-01-18,22.8,30.5,16.8,46,0.0,951.5,20.16
2011-01-19,23.1,31.4,17.5,38,0.0,950.7,20.36
2011-01-20,23.6,31.2,18.3,37,0.0,952.3,20.41
2011-01-21,22.3,29.8,16.3,39,0.0,952.9,20.48
2011-01-22,22.7,30.3,16.3,36,0.0,953.5,20.65
2011-01-23,23.2,30.9,16.8,38,0.0,954.0,20.65
2011-01-24,23.8,30.7,18.4,40,0.0,953.8,20.51
2011-01-25,23.4,30.8,17.5,45,0.0,953.6,20.44
2011-01-26,23.2,30.5,16.7,45,0.0,954.1,20.55
2011-01-27,22.8,31.0,14.6,45,0.0,954.2,20.78
2011-01-28,23.5,31.0,16.5,44,0.0,953.2,20.74
2011-01-29,22.5,30.7,15.6,48,0.0,951.9,21.01
2011-01-30,23.2,31.2,16.2,44,0.0,952.5,20.86
2011-01-31,23.0,30.8,15.7,48,0.0,953.0,20.88
2011-02-01,24.0,31.0,15.6,44,0.0,953.7,21.03
2011-02-02,24.0,30.8,16.2,45,0.0,953.7,21.06
2011-02-03,23.9,30.9,16.9,47,0.0,953.6,21.18
2011-02-04,23.8,30.5,17.1,44,0.0,953.7,21.3
2011-02-05,24.5,31.5,18.6,38,0.0,952.0,21.79
2011-02-06,23.8,31.6,16.3,36,0.0,951.6,22.0
2011-02-07,24.0,31.6,17.9,38,0.0,951.3,21.91
2011-02-08,24.2,31.3,18.8,41,0.0,949.3,21.78
2011-02-09,23.6,31.4,17.0,49,0.0,948.4,21.86
2011-02-10,24.4,31.8,17.8,46,0.0,950.1,21.93
2011-02-11,24.3,31.5,17.7,44,0.0,951.5,22.22
2011-02-12,24.4,31.8,17.3,42,0.0,951.3,22.03
2011-02-13,24.8,32.2,18.9,46,0.0,950.1,22.15
2011-02-14,24.1,31.8,18.3,55,0.0,949.1,22.24
2011-02-15,21.8,29.4,14.9,64,0.0,949.8,22.1
2011-02-16,21.3,27.5,16.6,70,0.0,951.2,19.41
2011-02-17,21.5,28.6,14.8,63,0.0,951.6,22.49
2011-02-18,22.1,29.7,16.1,57,0.0,950.9,22.61
2011-02-19,22.2,30.2,15.2,55,0.0,951.7,23.02
2011-02-20,22.1,29.4,14.9,46,0.0,952.2,23.2
2011-02-21,22.8,31.0,15.0,42,0.0,952.5,23.35
2011-02-22,23.4,31.1,15.1,45,0.0,952.3,21.45
2011-02-23,25.2,31.2,19.7,48,0.0,952.8,19.41
2011-02-24,24.6,31.4,19.1,53,0.0,952.4,22.38
2011-02-25,23.5,30.8,17.4,47,0.0,950.4,23.78
2011-02-26,24.2,31.7,17.4,47,0.0,950.6,23.66
2011-02-27,24.8,31.2,17.4,46,0.0,952.0,19.43
2011-02-28,25.2,31.4,20.8,60,2.2,952.8,19.23
2011-03-01,25.8,31.8,20.0,54,0.0,952.1,18.48
2011-03-02,27.0,32.3,21.7,47,0.0,951.8,20.2
2011-03-03,27.3,32.9,22.5,43,0.0,951.7,20.85
2011-03-04,27.3,33.8,21.5,47,0.0,951.3,21.6
2011-03-05,27.5,34.0,21.6,45,0.0,951.4,22.36
2011-03-06,28.3,35.5,22.4,38,0.0,953.1,23.8
2011-03-07,28.3,36.1,20.5,36,0.0,954.1,24.45
2011-03-08,28.5,34.9,22.3,34,0.0,952.8,21.13
2011-03-09,26.8,34.7,20.1,31,0.0,951.6,24.93
2011-03-10,25.2,33.9,18.0,36,0.0,951.4,25.33
2011-03-11,25.9,34.0,19.1,29,0.0,950.6,25.63
2011-03-12,26.1,34.2,18.8,32,0.0,950.8,25.51
2011-03-13,27.0,34.7,20.0,32,0.0,951.3,25.4
2011-03-14,27.4,35.3,20.8,33,0.0,950.7,25.56
2011-03-15,28.3,36.1,21.4,29,0.0,950.2,25.98
2011-03-16,28.2,36.6,20.0,24,0.0,949.1,26.11
2011-03-17,27.6,36.0,18.5,21,0.0,949.9,26.5
2011-03-18,28.1,36.6,20.9,32,0.0,949.4,26.13
2011-03-19,27.5,36.4,18.5,43,0.0,948.5,26.07
2011-03-20,27.5,36.0,19.2,32,0.0,948.8,26.21
2011-03-21,26.6,35.3,18.1,37,0.0,950.2,26.15
2011-03-22,26.5,35.0,18.7,44,0.0,950.9,26.1
2011-03-23,26.8,35.4,18.9,42,0.0,950.4,25.32
2011-03-24,26.6,33.9,19.1,41,0.0,950.8,21.8
2011-03-25,26.9,34.1,19.7,51,0.0,950.9,23.58
2011-03-26,28.1,35.0,20.7,45,0.0,951.1,21.03
2011-03-27,29.1,36.7,21.3,38,0.0,951.4,25.69
2011-03-28,29.2,37.4,21.4,37,0.0,950.7,26.73
2011-03-29,29.3,37.5,20.7,40,0.0,951.3,26.5
2011-03-30,29.0,37.5,19.7,36,0.0,951.9,26.76
2011-03-31,29.2,36.7,23.3,21,0.0,952.1,27.01
2011-04-01,27.5,35.1,20.8,24,0.0,951.7,27.79
2011-04-02,25.7,35.1,16.2,43,0.0,950.8,27.93
2011-04-03,25.6,34.2,18.0,56,0.0,951.1,27.0
2011-04-04,25.8,34.5,16.2,50,0.0,950.7,27.23
2011-04-05,26.8,35.7,17.6,48,0.0,950.9,27.3
2011-04-06,27.9,36.7,19.3,46,0.0,950.9,27.05
2011-04-07,28.3,37.0,20.5,47,0.0,951.6,26.08
2011-04-08,28.3,35.5,20.7,48,0.0,952.2,21.55
2011-04-09,28.6,36.2,21.4,47,0.0,952.3,23.53
2011-04-10,29.6,36.6,22.5,46,0.0,952.5,21.24
2011-04-11,29.7,36.3,23.4,47,1.4,952.4,23.32
2011-04-12,29.7,36.4,24.9,49,1.5,951.5,20.5
2011-04-13,29.5,36.8,22.9,51,0.6,951.4,23.47
2011-04-14,28.6,37.0,20.5,57,0.0,950.2,25.08
2011-04-15,28.7,36.3,21.8,56,0.0,949.7,26.29
2011-04-16,29.2,36.6,22.5,57,0.0,950.7,23.76
2011-04-17,30.1,37.7,23.4,55,0.0,951.2,22.3
2011-04-18,29.8,37.9,22.5,54,0.0,950.2,25.3
2011-04-19,29.1,38.1,21.2,52,0.0,948.7,25.59
2011-04-20,28.8,37.2,20.9,54,0.0,948.9,25.91
2011-04-21,28.6,36.7,20.8,52,0.0,949.0,24.81
2011-04-22,28.2,37.2,20.8,55,0.0,949.2,25.41
2011-04-23,28.9,36.7,20.9,51,0.0,948.3,22.66
2011-04-24,28.8,36.1,21.7,54,0.5,948.9,23.69
2011-04-25,29.7,36.9,23.3,53,0.0,948.8,21.48
2011-04-26,30.4,38.9,22.1,45,0.0,948.6,26.11
2011-04-27,30.2,39.5,21.9,50,0.0,947.8,26.36
2011-04-28,29.6,39.3,22.0,56,1.7,946.6,25.9
2011-04-29,28.6,37.4,22.4,61,4.2,947.5,23.93
2011-04-30,30.4,38.5,23.4,51,0.0,948.1,23.24
2011-05-01,30.3,38.3,24.3,56,0.0,949.6,24.51
2011-05-02,29.2,36.0,23.8,61,0.8,949.8,22.81
2011-05-03,28.4,36.2,22.4,59,0.0,949.9,26.1
2011-05-04,27.5,35.4,21.5,61,0.0,950.5,27.06
2011-05-05,27.3,35.7,20.8,60,0.0,950.6,27.62
2011-05-06,27.2,35.3,20.9,61,0.0,949.9,26.89
2011-05-07,26.4,34.1,20.3,62,0.0,949.6,27.37
2011-05-08,27.3,35.4,21.3,64,0.0,948.3,23.32
2011-05-09,27.5,34.9,22.0,66,0.6,948.8,23.53
2011-05-10,27.8,34.7,22.8,61,0.0,949.5,23.46
2011-05-11,28.2,36.4,21.3,52,0.0,949.5,26.36
2011-05-12,27.9,36.5,21.2,52,0.0,949.5,27.49
2011-05-13,28.2,37.2,21.1,55,0.0,949.6,26.94
2011-05-14,29.0,37.1,21.4,54,0.3,949.5,25.64
2011-05-15,29.1,38.2,21.5,57,0.9,950.4,25.26
2011-05-16,28.9,35.2,24.3,52,0.4,951.7,15.6
2011-05-17,30.3,38.2,24.2,45,1.7,951.1,22.71
2011-05-18,29.5,36.7,23.6,60,0.0,950.8,23.34
2011-05-19,28.2,35.4,22.9,61,0.0,949.6,25.98
2011-05-20,27.2,34.1,21.8,63,0.0,948.3,26.67
2011-05-21,27.0,33.3,22.4,68,0.0,947.5,23.27
2011-05-22,27.1,32.6,23.5,72,0.9,948.7,19.68
2011-05-23,27.3,33.4,23.7,72,2.1,950.2,20.92
2011-05-24,27.7,34.0,23.0,69,0.7,949.7,22.76
2011-05-25,28.1,35.9,22.3,64,0.0,948.8,25.7
2011-05-26,28.5,37.1,22.4,63,1.3,949.2,24.5
2011-05-27,28.6,35.4,23.9,65,0.9,949.4,21.58
2011-05-28,28.3,35.1,23.6,66,0.1,949.2,23.06
2011-05-29,28.5,35.3,23.3,67,0.6,949.3,21.9
2011-05-30,28.3,33.8,23.7,69,0.0,949.1,20.33
2011-05-31,28.0,34.5,23.3,68,0.4,947.4,23.57
2011-06-01,27.6,34.1,23.5,74,1.5,946.3,21.26
2011-06-02,27.6,34.3,24.3,74,5.2,946.8,18.44
2011-06-03,25.3,29.1,23.8,87,25.6,946.0,8.86
2011-06-04,25.2,28.3,23.3,86,11.3,944.5,11.22
2011-06-05,25.1,28.5,23.1,88,14.0,943.8,10.25
2011-06-06,25.9,29.9,23.8,81,1.0,944.5,11.46
2011-06-07,26.5,30.2,23.0,74,0.0,945.4,17.68
2011-06-08,25.8,29.8,23.2,79,1.2,945.0,15.98
2011-06-09,24.4,28.3,22.6,86,59.3,944.0,8.65
2011-06-10,22.9,24.7,21.9,94,51.8,944.0,4.48
2011-06-11,23.1,25.3,22.1,94,9.8,944.7,4.62
2011-06-12,24.3,27.3,22.3,86,1.9,946.5,14.09
2011-06-13,24.6,26.8,23.2,86,2.7,947.4,15.07
2011-06-14,24.4,26.9,22.7,87,7.6,947.8,13.61
2011-06-15,24.0,26.1,22.5,88,4.2,947.7,12.46
2011-06-16,23.5,25.8,22.4,92,7.2,946.6,8.96
2011-06-17,24.6,27.4,22.9,86,7.1,945.2,17.68
2011-06-18,24.9,28.3,22.6,82,1.8,945.8,19.58
2011-06-19,24.8,28.0,23.1,84,5.7,945.2,19.38
2011-06-20,24.4,27.2,22.9,86,5.7,945.9,15.54
2011-06-21,24.4,27.3,23.0,84,4.9,946.7,17.04
2011-06-22,24.4,27.0,22.7,86,5.3,945.3,15.78
2011-06-23,25.0,28.4,23.1,83,5.4,945.2,19.52
2011-06-24,24.7,27.8,23.0,86,5.0,945.6,17.29
2011-06-25,24.0,26.2,22.8,88,5.8,944.7,11.83
2011-06-26,23.7,24.9,22.9,90,7.8,944.3,6.8
2011-06-27,24.5,27.3,22.7,86,7.4,944.7,19.09
2011-06-28,24.1,26.5,22.7,88,6.5,944.8,13.5
2011-06-29,24.4,26.6,23.1,87,6.8,945.9,15.07
2011-06-30,24.4,27.1,22.3,86,2.6,946.9,13.42
2011-07-01,24.9,28.3,23.0,83,3.4,947.0,18.26
2011-07-02,24.4,27.5,22.8,85,1.9,946.6,16.14
2011-07-03,23.9,26.2,22.6,87,2.1,946.6,11.31
2011-07-04,24.3,28.3,22.4,85,1.8,947.6,14.39
2011-07-05,24.1,28.2,22.1,85,2.8,946.5,12.57
2011-07-06,23.5,26.5,22.3,90,6.6,945.0,9.86
2011-07-07,22.9,24.0,22.0,96,19.5,944.7,5.17
2011-07-08,23.0,25.3,22.1,93,11.9,947.8,6.42
2011-07-09,23.2,25.7,22.1,91,7.8,948.8,10.19
2011-07-10,23.6,26.6,22.1,89,6.2,948.5,14.52
2011-07-11,23.2,25.1,21.9,91,7.4,947.5,9.5
2011-07-12,23.7,26.7,22.2,88,5.1,945.2,13.91
2011-07-13,22.6,23.8,21.8,94,19.5,943.8,5.6
2011-07-14,22.7,23.5,22.1,95,34.2,943.1,5.52
2011-07-15,24.0,27.3,22.2,89,9.2,942.8,12.01
2011-07-16,24.0,26.2,22.8,91,7.0,941.9,8.33
2011-07-17,23.5,25.7,22.8,92,22.0,941.5,8.11
2011-07-18,23.3,24.2,22.6,93,19.6,942.7,6.33
2011-07-19,23.3,24.9,22.5,92,21.8,944.8,8.66
2011-07-20,23.1,24.8,22.1,92,10.3,945.0,7.79
2011-07-21,23.3,24.8,22.2,89,3.7,945.6,10.07
2011-07-22,23.2,25.2,22.2,89,1.7,945.1,10.94
2011-07-23,23.2,25.7,22.1,89,2.3,944.4,11.29
2011-07-24,23.6,26.0,22.1,87,1.8,944.4,13.07
2011-07-25,24.3,27.7,22.5,87,10.6,945.4,16.25
2011-07-26,23.9,27.0,22.2,90,13.2,946.6,11.09
2011-07-27,23.7,27.1,22.5,93,20.0,947.0,11.86
2011-07-28,23.6,26.8,21.8,90,7.3,946.7,11.87
2011-07-29,23.6,27.1,21.9,90,7.0,946.8,12.5
2011-07-30,23.2,25.3,21.9,93,11.5,946.2,7.29
2011-07-31,22.6,23.7,22.0,96,55.9,945.6,3.56
2011-08-01,22.8,24.2,21.8,92,19.2,945.7,7.09
2011-08-02,23.4,25.3,22.4,91,4.6,944.7,7.27
2011-08-03,23.2,25.0,22.3,93,5.9,944.4,6.96
2011-08-04,23.0,25.1,22.0,94,9.0,945.3,7.24
2011-08-05,23.2,24.6,22.3,92,9.0,945.3,7.26
2011-08-06,23.3,24.8,22.0,90,5.7,945.0,9.41
2011-08-07,23.5,25.3,22.0,89,3.6,944.5,10.67
2011-08-08,23.7,26.1,22.2,87,4.7,944.0,12.74
2011-08-09,23.8,26.1,22.2,87,5.0,944.4,12.89
2011-08-10,23.9,26.5,22.3,86,4.8,945.7,16.64
2011-08-11,23.9,26.6,22.6,87,6.0,946.1,16.47
2011-08-12,23.2,25.3,22.2,90,11.2,944.2,10.83
2011-08-13,22.9,25.1,21.7,91,24.7,943.7,7.59
2011-08-14,23.3,25.7,22.0,90,6.0,946.2,10.4
2011-08-15,23.9,26.7,22.5,86,2.7,947.8,15.65
2011-08-16,23.7,26.4,22.0,87,2.0,947.6,14.19
2011-08-17,23.5,26.6,22.0,87,2.1,947.2,13.63
2011-08-18,23.5,26.8,21.9,89,5.8,947.0,13.35
2011-08-19,23.7,27.0,22.0,89,1.7,946.6,13.82
2011-08-20,23.7,26.6,22.0,87,1.3,946.8,10.63
2011-08-21,23.6,26.3,21.6,88,0.9,946.7,11.35
2011-08-22,23.9,26.4,22.1,87,1.1,947.3,10.0
2011-08-23,23.8,27.4,22.0,90,9.1,947.9,13.53
2011-08-24,22.8,25.7,21.7,94,18.7,946.9,5.71
2011-08-25,22.2,22.9,21.8,96,11.1,947.7,3.39
2011-08-26,22.5,24.3,21.7,94,5.8,948.2,5.88
2011-08-27,22.2,23.4,21.4,96,22.1,946.7,4.5
2011-08-28,22.5,23.6,21.9,95,45.9,945.0,3.64
2011-08-29,22.9,24.0,22.0,94,39.9,943.8,4.34
2011-08-30,23.6,25.6,22.3,90,5.3,944.0,10.08
2011-08-31,24.0,26.6,22.6,90,5.0,943.3,11.02
2011-09-01,23.7,25.6,22.6,91,7.7,942.5,9.21
2011-09-02,23.7,26.5,22.4,90,7.4,942.3,11.26
2011-09-03,23.2,25.2,22.6,94,34.8,942.3,7.0
2011-09-04,23.3,25.6,22.2,92,11.2,944.3,7.4
2011-09-05,23.5,25.7,22.5,90,7.6,945.8,11.42
2011-09-06,23.3,25.8,22.4,90,13.9,946.2,10.38
2011-09-07,23.5,25.8,22.2,89,6.4,946.5,12.69
2011-09-08,23.8,27.0,21.9,85,2.0,946.6,16.96
2011-09-09,23.2,24.9,22.0,88,0.4,947.7,6.56
2011-09-10,23.5,26.1,22.1,88,1.9,947.9,11.88
2011-09-11,23.5,26.6,21.8,87,1.4,946.5,14.9
2011-09-12,23.9,27.3,21.7,85,1.0,945.9,17.68
2011-09-13,23.9,27.6,21.3,85,1.1,946.2,14.05
2011-09-14,24.1,28.0,22.1,87,5.9,946.3,14.84
2011-09-15,23.1,26.9,21.9,93,8.0,946.1,6.66
2011-09-16,23.6,27.2,21.7,86,10.5,947.3,15.31
2011-09-17,23.4,26.9,21.3,87,1.7,948.3,13.87
2011-09-18,23.5,26.8,21.0,85,0.7,949.2,16.48
2011-09-19,23.4,27.1,20.6,84,0.3,950.6,16.89
2011-09-20,23.2,26.7,20.7,86,2.2,951.2,16.74
2011-09-21,22.5,25.6,20.3,88,1.4,950.1,15.59
2011-09-22,22.4,27.0,19.0,82,0.8,949.6,18.88
2011-09-23,22.6,27.1,19.5,84,1.7,949.2,19.13
2011-09-24,22.7,27.3,19.6,83,0.5,949.9,18.9
2011-09-25,22.9,27.7,19.0,81,0.6,951.4,19.77
2011-09-26,23.0,28.3,18.9,81,0.2,952.0,20.68
2011-09-27,23.2,28.5,19.0,79,0.0,951.2,21.14
2011-09-28,23.7,28.4,20.0,81,0.1,950.9,19.88
2011-09-29,23.7,29.1,19.9,83,0.9,950.8,18.43
2011-09-30,23.9,27.9,20.8,86,9.6,951.1,14.82
2011-10-01,24.3,28.3,22.3,87,6.0,950.7,13.87
2011-10-02,24.2,28.2,20.8,86,1.1,950.7,16.53
2011-10-03,24.1,28.8,21.5,83,0.0,950.9,18.64
2011-10-04,23.6,27.7,20.3,80,0.0,950.8,18.45
2011-10-05,23.9,28.8,20.8,83,4.5,951.5,15.7
2011-10-06,24.6,29.4,20.5,74,0.0,952.9,19.16
2011-10-07,25.4,30.5,21.5,76,0.7,952.4,18.85
2011-10-08,25.1,30.6,21.4,80,2.4,952.1,17.1
2011-10-09,25.9,31.6,21.6,74,0.0,952.2,18.7
2011-10-10,26.1,31.6,20.8,67,0.0,951.9,19.89
2011-10-11,26.6,31.3,23.0,67,2.2,952.6,18.72
2011-10-12,24.7,28.9,22.0,86,15.6,952.1,13.11
2011-10-13,24.6,28.9,22.2,88,9.5,950.8,12.24
2011-10-14,25.3,31.0,21.9,84,4.1,950.4,19.63
2011-10-15,25.1,30.3,21.7,86,6.3,950.2,15.58
2011-10-16,24.7,29.9,21.5,88,12.0,950.0,15.63
2011-10-17,25.1,30.1,21.7,82,1.7,950.4,17.59
2011-10-18,25.5,29.1,22.5,79,0.9,951.3,16.79
2011-10-19,25.0,30.2,21.3,80,6.4,949.9,18.27
2011-10-20,24.8,30.1,20.2,77,0.5,949.5,19.28
2011-10-21,24.5,30.4,19.2,70,0.0,950.0,21.08
2011-10-22,25.1,30.3,20.1,52,0.0,950.5,22.48
2011-10-23,25.0,30.3,18.7,51,0.0,951.6,22.17
2011-10-24,23.7,30.4,18.0,53,0.0,951.5,22.42
2011-10-25,23.0,30.3,16.7,52,0.0,950.8,22.26
2011-10-26,24.1,31.1,16.9,51,0.0,951.0,20.54
2011-10-27,25.5,31.2,19.8,60,0.0,951.7,15.93
2011-10-28,25.9,31.4,20.6,62,0.0,951.5,18.47
2011-10-29,25.4,29.9,22.0,71,0.5,951.4,16.38
2011-10-30,25.5,29.7,20.5,67,0.0,950.5,16.75
2011-10-31,24.7,31.1,18.0,62,0.0,950.3,19.88
2011-11-01,24.6,30.6,18.6,59,0.0,950.9,18.63
2011-11-02,24.5,30.5,18.8,60,0.0,950.3,18.58
2011-11-03,24.6,30.6,18.3,58,0.0,950.6,19.48
2011-11-04,24.7,30.9,18.4,59,0.0,951.4,19.8
2011-11-05,25.4,31.4,19.0,59,0.0,952.3,19.84
2011-11-06,25.8,31.7,19.9,57,0.0,952.3,19.97
2011-11-07,25.4,31.8,19.2,54,0.0,952.7,20.24
2011-11-08,25.5,31.5,19.9,56,0.0,953.2,20.47
2011-11-09,24.8,31.1,18.3,47,0.0,952.3,20.52
2011-11-10,24.1,30.7,17.6,49,0.0,952.3,20.57
2011-11-11,24.9,31.3,19.0,49,0.0,952.5,20.24
2011-11-12,25.7,31.9,20.7,47,0.0,952.4,20.12
2011-11-13,25.7,31.8,19.9,48,0.0,952.4,19.92
2011-11-14,25.8,30.8,20.1,49,0.0,953.0,16.57
2011-11-15,25.3,31.0,20.1,49,0.0,953.6,19.15
2011-11-16,23.8,30.2,18.2,49,0.0,953.5,19.77
2011-11-17,22.7,30.2,15.5,43,0.0,953.1,20.4
2011-11-18,22.6,30.6,15.8,40,0.0,952.9,20.33
2011-11-19,23.1,31.1,15.7,42,0.0,953.0,20.09
2011-11-20,23.6,31.1,16.6,44,0.0,953.8,19.95
2011-11-21,23.6,31.2,16.0,45,0.0,954.3,19.81
2011-11-22,23.3,30.3,17.2,44,0.0,953.3,19.77
2011-11-23,22.8,29.8,15.5,49,0.0,952.3,19.58
2011-11-24,23.0,29.3,16.8,51,0.0,952.7,19.28
2011-11-25,23.7,30.1,17.6,50,0.0,951.8,18.26
2011-11-26,24.2,30.5,17.4,55,0.0,950.6,15.87
2011-11-27,26.4,30.9,22.7,57,0.0,950.2,16.21
2011-11-28,25.1,28.2,22.7,68,0.4,949.6,8.06
2011-11-29,25.9,30.4,22.8,68,0.0,950.5,13.27
2011-11-30,26.2,32.0,20.5,59,0.0,951.3,17.83
2011-12-01,25.9,31.8,20.4,65,0.0,951.4,15.68
2011-12-02,25.9,32.2,21.4,55,0.0,950.8,18.38
2011-12-03,24.8,31.5,18.2,42,0.0,949.6,18.68
2011-12-04,25.2,31.8,19.4,44,0.0,950.2,18.58
2011-12-05,25.3,32.4,19.5,53,0.0,951.2,18.51
2011-12-06,25.5,32.0,20.7,53,0.0,951.5,18.27
2011-12-07,24.5,30.7,18.3,49,0.0,952.0,18.57
2011-12-08,23.1,29.6,16.9,47,0.0,952.1,18.84
2011-12-09,23.5,30.7,15.8,43,0.0,952.1,18.87
2011-12-10,24.1,30.9,18.3,45,0.0,952.4,18.42
2011-12-11,24.2,30.6,18.9,45,0.0,951.8,18.69
2011-12-12,23.9,30.7,17.5,48,0.0,952.4,18.42
2011-12-13,24.4,30.7,18.7,51,0.0,953.1,18.05
2011-12-14,23.3,29.4,17.2,51,0.0,953.8,18.49
2011-12-15,22.0,28.9,15.4,47,0.0,953.6,18.33
2011-12-16,22.0,29.4,14.4,46,0.0,953.2,18.87
2011-12-17,21.9,29.3,14.8,49,0.0,953.2,18.78
2011-12-18,22.1,29.6,14.8,49,0.0,953.3,18.66
2011-12-19,21.9,29.0,15.0,49,0.0,953.5,18.4
2011-12-20,22.2,28.8,14.7,49,0.0,952.6,18.39
2011-12-21,21.7,28.9,14.2,48,0.0,952.5,18.72
2011-12-22,21.0,28.6,13.7,47,0.0,952.3,17.94
2011-12-23,21.0,28.0,14.1,43,0.0,951.9,17.2
2011-12-24,22.5,29.6,16.9,40,0.0,951.3,18.94
2011-12-25,22.5,29.8,16.2,35,0.0,951.9,19.1
2011-12-26,22.7,30.5,16.9,37,0.0,951.9,19.17
2011-12-27,21.7,30.0,15.3,47,0.0,951.5,19.23
2011-12-28,21.8,29.6,15.3,41,0.0,952.0,19.02
2011-12-29,21.1,28.9,13.3,44,0.0,952.7,19.03
2011-12-30,22.0,29.9,15.4,47,0.0,952.6,18.9
2011-12-31,23.6,30.9,16.9,53,0.0,951.9,18.07
2012-01-01,23.7,30.8,18.2,57,0.0,951.4,17.81
2012-01-02,23.4,30.9,17.5,57,0.0,951.7,18.21
2012-01-03,23.9,31.3,19.2,58,0.0,952.0,18.45
2012-01-04,23.6,31.8,17.1,54,0.0,951.9,18.87
2012-01-05,24.3,31.6,18.8,45,0.0,953.3,18.73
2012-01-06,24.4,32.2,18.9,38,0.0,954.1,19.08
2012-01-07,22.6,31.3,16.3,40,0.0,954.6,19.57
2012-01-08,21.3,30.1,14.5,44,0.0,954.5,19.66
2012-01-09,20.0,27.5,14.4,36,0.0,953.5,19.8
2012-01-10,19.2,26.5,12.1,45,0.0,953.1,19.46
2012-01-11,19.4,26.7,11.9,43,0.0,954.3,19.53
2012-01-12,19.3,26.7,11.6,38,0.0,954.4,19.77
2012-01-13,19.3,26.8,11.5,40,0.0,954.5,19.71
2012-01-14,19.9,27.5,11.5,39,0.0,953.4,19.9
2012-01-15,21.1,28.5,13.2,34,0.0,952.0,20.06
2012-01-16,21.9,29.8,16.5,37,0.0,950.8,20.16
2012-01-17,21.8,30.5,15.7,42,0.0,949.6,20.28
2012-01-18,19.1,27.2,12.2,62,0.0,949.2,20.26
2012-01-19,17.5,25.5,10.4,66,0.0,949.5,20.4
2012-01-20,19.1,27.1,12.1,58,0.0,951.0,20.39
2012-01-21,20.0,28.4,11.7,46,0.0,951.2,20.32
2012-01-22,21.1,29.0,14.8,63,0.0,952.2,19.83
2012-01-23,21.6,29.2,14.3,66,0.0,952.7,18.9
2012-01-24,22.6,30.1,16.5,52,0.0,952.1,19.34
2012-01-25,22.6,29.8,17.1,50,0.0,951.8,18.05
2012-01-26,21.3,27.9,15.4,55,0.0,952.4,19.84
2012-01-27,21.8,29.5,15.5,52,0.0,951.8,20.35
2012-01-28,21.1,29.0,14.8,54,0.0,951.2,20.62
2012-01-29,20.2,27.8,14.1,43,0.0,951.2,21.0
2012-01-30,21.7,29.6,14.5,45,0.0,951.7,20.28
2012-01-31,22.9,29.8,16.4,52,0.0,953.4,18.91
2012-02-01,22.9,29.7,16.6,53,0.0,954.3,20.57
2012-02-02,23.3,30.2,16.5,49,0.0,954.7,20.85
2012-02-03,23.4,30.6,15.8,45,0.0,954.2,20.98
2012-02-04,24.0,31.4,17.9,48,0.0,953.1,20.99
2012-02-05,24.1,31.2,18.1,49,0.0,952.9,21.14
2012-02-06,24.4,32.4,18.7,48,0.0,952.4,21.1
2012-02-07,23.2,31.9,17.1,49,0.0,951.9,21.1
2012-02-08,21.0,29.3,14.3,33,0.0,951.8,21.39
2012-02-09,19.5,28.1,10.5,24,0.0,951.4,22.74
2012-02-10,21.0,29.8,12.0,30,0.0,951.1,22.33
2012-02-11,22.5,31.6,14.0,40,0.0,951.2,21.99
2012-02-12,23.5,32.7,15.9,43,0.0,950.9,22.58
2012-02-13,23.6,32.8,16.0,47,0.0,951.8,22.45
2012-02-14,24.2,33.1,16.9,45,0.0,952.3,22.24
2012-02-15,23.9,32.4,17.3,46,0.0,951.7,22.09
2012-02-16,22.1,30.6,14.4,38,0.0,950.4,23.0
2012-02-17,23.5,31.6,15.5,32,0.0,950.7,22.74
2012-02-18,25.3,33.0,18.4,39,0.0,952.0,22.26
2012-02-19,26.0,33.6,18.5,43,0.0,952.7,21.91
2012-02-20,26.5,34.3,19.4,40,0.0,951.9,22.8
2012-02-21,27.7,35.0,22.0,28,0.0,951.1,23.22
2012-02-22,27.1,34.9,20.0,27,0.0,950.5,23.58
2012-02-23,26.6,34.5,19.6,30,0.0,950.7,23.46
2012-02-24,26.7,34.5,20.1,30,0.0,950.1,23.57
2012-02-25,27.0,34.5,20.9,26,0.0,949.3,23.75
2012-02-26,26.5,34.3,19.6,28,0.0,949.5,23.93
2012-02-27,27.5,35.5,20.7,30,0.0,949.5,24.0
2012-02-28,26.0,35.2,18.5,28,0.0,948.3,24.46
2012-02-29,23.8,33.4,16.0,38,0.0,947.9,24.98
2012-03-01,23.0,32.4,15.3,35,0.0,948.7,25.36
2012-03-02,21.9,31.6,13.3,38,0.0,948.3,25.4
2012-03-03,22.8,32.3,14.5,60,0.0,948.9,24.67
2012-03-04,25.9,35.1,17.2,44,0.0,949.8,24.87
2012-03-05,28.0,35.7,21.4,24,0.0,950.1,25.08
2012-03-06,25.6,34.6,18.1,33,0.0,949.6,25.16
2012-03-07,23.1,32.9,14.6,38,0.0,948.0,25.65
2012-03-08,21.3,30.3,13.3,56,0.0,949.0,25.51
2012-03-09,22.0,30.9,13.3,51,0.0,948.8,25.73
2012-03-10,24.0,33.1,15.7,34,0.0,948.2,25.84
2012-03-11,25.4,34.3,18.5,32,0.0,948.8,25.34
2012-03-12,25.5,34.2,18.5,33,0.0,952.1,24.94
2012-03-13,25.8,34.3,16.6,32,0.0,952.8,26.01
2012-03-14,26.5,34.8,18.1,24,0.0,953.6,25.88
2012-03-15,27.6,35.8,20.8,25,0.0,952.6,25.85
2012-03-16,28.4,36.5,21.8,24,0.0,952.6,25.92
2012-03-17,28.1,37.1,19.8,32,0.0,951.8,25.98
2012-03-18,29.0,37.5,21.5,28,0.0,952.0,26.21
2012-03-19,28.7,37.4,21.4,23,0.0,952.3,26.48
2012-03-20,28.6,37.7,20.8,27,0.0,951.5,26.44
2012-03-21,29.2,37.6,22.5,25,0.0,951.1,26.53
2012-03-22,29.1,37.7,21.4,25,0.0,951.2,26.64
2012-03-23,29.6,38.0,22.0,22,0.0,952.2,26.71
2012-03-24,29.5,37.9,21.8,21,0.0,952.2,27.0
2012-03-25,29.4,38.0,21.7,22,0.0,952.0,27.11
2012-03-26,29.3,38.1,20.8,28,0.0,951.8,26.97
2012-03-27,28.4,37.6,20.3,36,0.0,952.4,26.31
2012-03-28,29.3,38.1,21.8,36,0.0,953.6,25.6
2012-03-29,29.4,38.3,20.8,40,0.0,953.4,24.81
2012-03-30,28.4,37.2,20.3,44,0.1,952.3,25.98
2012-03-31,28.6,37.4,19.9,48,0.0,951.8,26.45
2012-04-01,30.1,38.2,22.0,43,0.0,951.2,24.4
2012-04-02,29.8,37.3,23.3,48,0.9,952.4,20.89
2012-04-03,29.2,37.9,23.0,54,2.9,954.2,23.22
2012-04-04,28.9,38.2,21.8,55,0.0,953.5,24.58
2012-04-05,28.2,37.2,20.2,55,0.2,952.1,26.26
2012-04-06,28.1,37.1,19.8,49,0.0,950.6,27.23
2012-04-07,28.2,38.0,19.2,42,0.0,949.7,27.37
2012-04-08,29.1,39.1,20.2,48,0.0,949.3,25.96
2012-04-09,28.9,38.2,21.3,47,0.6,950.3,25.01
2012-04-10,28.9,38.3,21.8,53,0.3,950.6,25.61
2012-04-11,28.9,38.3,21.5,54,1.0,950.0,25.21
2012-04-12,28.1,36.9,20.9,53,0.0,949.6,24.25
2012-04-13,28.3,37.4,20.0,47,0.0,949.6,25.04
2012-04-14,29.2,38.1,20.1,45,0.0,950.1,25.13
2012-04-15,30.7,37.4,24.2,38,0.0,950.6,23.88
2012-04-16,30.3,38.2,22.6,42,0.0,950.1,24.56
2012-04-17,29.7,37.3,23.1,51,0.1,949.4,22.95
2012-04-18,29.7,38.2,22.3,48,0.0,948.5,24.37
2012-04-19,29.4,38.2,23.4,55,4.9,949.8,22.26
2012-04-20,29.4,37.3,24.3,49,1.3,950.7,24.59
2012-04-21,29.7,37.0,23.6,51,2.0,950.8,24.57
2012-04-22,29.7,36.9,22.5,46,0.1,948.4,25.18
2012-04-23,28.8,37.3,21.5,43,0.0,947.8,27.8
2012-04-24,27.6,37.0,19.0,50,0.0,948.8,27.96
2012-04-25,28.4,37.6,20.1,55,0.4,949.2,27.58
2012-04-26,30.1,38.7,21.7,43,0.0,949.4,27.38
2012-04-27,30.4,38.2,22.3,30,0.0,949.1,27.42
2012-04-28,30.1,37.9,22.9,34,0.0,948.3,27.19
2012-04-29,28.9,37.6,21.4,40,0.0,947.9,27.69
2012-04-30,28.6,37.8,21.2,52,0.0,947.9,26.72
2012-05-01,28.4,37.6,21.3,49,0.0,948.5,28.25
2012-05-02,27.9,37.4,20.2,51,0.0,950.0,28.08
2012-05-03,27.8,37.9,20.0,53,0.0,948.9,28.06
2012-05-04,27.1,35.9,21.0,60,0.0,948.3,27.14
2012-05-05,26.7,34.9,20.9,62,0.0,949.1,26.36
2012-05-06,26.5,34.5,20.6,62,0.0,950.6,25.15
2012-05-07,27.3,36.4,20.2,60,0.0,949.8,26.45
2012-05-08,28.7,38.0,21.2,57,0.0,949.7,25.7
2012-05-09,29.1,38.1,22.8,59,0.5,950.7,25.28
2012-05-10,28.4,37.0,23.2,65,3.6,951.7,23.97
2012-05-11,28.7,35.9,23.3,63,1.6,950.0,23.28
2012-05-12,28.0,36.1,22.9,63,3.3,948.9,24.42
2012-05-13,27.7,35.7,21.8,61,0.6,949.3,26.71
2012-05-14,28.1,36.3,20.9,56,0.0,949.3,27.6
2012-05-15,29.0,37.9,21.0,56,0.2,949.8,26.51
2012-05-16,29.0,38.1,22.0,58,0.1,949.4,26.71
2012-05-17,28.7,37.9,21.0,53,0.0,948.8,27.93
2012-05-18,29.7,38.7,21.2,47,0.0,949.4,28.21
2012-05-19,30.1,38.8,21.3,46,0.0,950.0,28.0
2012-05-20,29.2,38.9,21.9,56,0.0,949.1,27.85
2012-05-21,29.1,38.1,22.2,57,0.0,948.8,27.77
2012-05-22,28.4,38.0,21.7,61,0.0,949.3,27.26
2012-05-23,28.2,37.2,21.6,62,0.2,949.2,26.42
2012-05-24,27.9,36.5,21.9,63,0.0,948.7,26.63
2012-05-25,27.9,36.1,21.9,61,0.0,948.3,26.07
2012-05-26,28.3,36.6,22.0,57,0.0,948.7,26.27
2012-05-27,27.7,35.0,22.3,62,0.0,948.8,25.47
2012-05-28,27.5,34.7,21.9,64,0.0,948.4,23.29
2012-05-29,28.1,35.7,22.4,62,0.0,949.2,25.06
2012-05-30,27.3,34.4,21.8,64,0.0,948.4,26.39
2012-05-31,27.0,34.7,21.4,65,0.0,946.9,25.45
2012-06-01,27.2,34.8,21.4,60,0.0,947.4,25.75
2012-06-02,27.3,34.1,21.6,64,0.0,947.4,23.11
2012-06-03,27.7,34.2,22.8,66,0.0,946.6,22.73
2012-06-04,28.3,35.7,22.8,65,0.0,946.0,22.69
2012-06-05,27.4,32.8,23.6,70,0.3,945.6,14.67
2012-06-06,25.7,29.0,23.3,78,1.4,944.9,8.0
2012-06-07,26.0,31.6,23.4,77,2.5,945.9,15.85
2012-06-08,25.9,31.5,23.3,77,3.2,947.8,16.16
2012-06-09,26.1,31.4,23.0,77,1.0,948.6,19.15
2012-06-10,25.2,30.0,22.8,78,2.4,947.6,17.53
2012-06-11,26.0,31.1,23.0,76,0.8,945.0,17.87
2012-06-12,26.5,31.9,22.5,75,2.3,943.6,17.03
2012-06-13,26.2,30.9,23.4,77,6.1,945.4,16.04
2012-06-14,27.1,33.0,23.8,74,1.3,946.8,19.08
2012-06-15,26.8,31.8,23.8,74,1.2,947.2,19.27
2012-06-16,25.6,30.2,23.5,81,5.2,946.2,15.57
2012-06-17,24.6,26.7,23.3,88,11.0,944.8,7.82
2012-06-18,24.1,27.0,22.5,87,2.8,945.6,10.3
2012-06-19,24.8,28.4,22.5,82,3.1,946.7,16.52
2012-06-20,24.9,29.6,22.7,79,2.7,946.5,17.7
2012-06-21,25.5,30.1,22.6,77,1.3,946.7,19.41
2012-06-22,26.0,31.2,22.6,74,0.1,947.3,20.49
2012-06-23,25.4,29.9,22.7,78,0.7,946.3,16.34
2012-06-24,25.0,28.7,23.0,80,3.1,945.6,15.04
2012-06-25,25.4,29.5,23.1,79,2.2,947.4,15.7
2012-06-26,25.3,29.6,23.1,80,2.4,948.2,16.44
2012-06-27,25.1,29.7,22.8,79,3.6,947.7,18.24
2012-06-28,23.9,25.7,22.7,86,1.4,947.2,6.92
2012-06-29,24.5,28.3,22.6,84,5.6,946.5,13.7
2012-06-30,25.2,31.2,22.6,80,5.4,945.1,17.06
2012-07-01,24.9,29.8,22.6,82,16.0,943.2,14.29
2012-07-02,24.8,30.0,22.3,86,19.8,941.7,14.36
2012-07-03,23.7,26.1,21.9,85,3.2,941.7,11.4
2012-07-04,24.3,27.6,22.5,84,6.8,941.5,13.51
2012-07-05,24.6,27.4,23.1,84,4.4,944.1,14.07
2012-07-06,24.5,27.8,23.0,85,3.2,945.0,15.28
2012-07-07,23.4,25.2,22.6,89,4.8,944.2,7.06
2012-07-08,23.8,26.5,22.3,88,7.0,943.8,10.56
2012-07-09,24.7,28.3,22.8,83,2.2,944.3,14.83
2012-07-10,24.4,27.7,22.5,84,2.6,944.5,14.31
2012-07-11,24.8,28.2,23.1,84,6.7,945.4,15.4
2012-07-12,24.9,29.0,23.0,84,3.5,946.7,15.44
2012-07-13,24.5,28.3,22.4,84,4.9,947.4,15.4
2012-07-14,24.6,28.1,22.5,82,2.1,946.6,15.99
2012-07-15,23.6,25.7,22.1,87,4.3,946.6,9.79
2012-07-16,24.4,27.3,22.2,83,2.3,947.7,11.79
2012-07-17,24.4,27.5,22.7,86,3.5,948.2,12.7
2012-07-18,23.3,25.7,22.2,91,15.2,947.7,7.65
2012-07-19,23.1,24.8,22.6,94,17.2,946.2,5.86
2012-07-20,24.0,26.4,22.1,86,6.1,945.1,13.29
2012-07-21,24.6,27.5,22.9,84,2.3,945.8,13.23
2012-07-22,24.1,27.0,22.4,84,1.3,946.1,10.92
2012-07-23,23.8,26.7,22.3,87,2.9,944.5,12.46
2012-07-24,23.9,26.6,22.6,88,8.1,944.5,12.0
2012-07-25,23.4,25.2,22.6,91,6.9,945.8,6.01
2012-07-26,23.3,24.5,22.6,91,5.9,945.9,5.88
2012-07-27,23.9,25.7,22.8,87,4.4,944.6,10.14
2012-07-28,23.6,26.6,22.3,87,3.3,945.3,10.86
2012-07-29,22.3,24.1,21.2,94,12.5,946.7,4.57
2012-07-30,22.4,25.5,21.0,92,14.7,946.8,8.86
2012-07-31,22.4,23.6,21.9,94,18.6,946.6,5.86
2012-08-01,23.0,25.2,22.0,91,4.9,947.6,8.01
2012-08-02,23.3,25.4,22.0,90,3.5,948.2,10.08
2012-08-03,23.2,25.4,22.1,89,11.7,946.3,10.93
2012-08-04,23.3,25.3,22.3,90,8.6,945.0,9.73
2012-08-05,23.6,26.3,22.5,89,6.0,946.0,12.69
2012-08-06,23.6,25.4,22.4,89,4.3,946.0,8.34
2012-08-07,23.6,25.9,22.4,88,3.1,946.2,11.11
2012-08-08,23.8,26.4,22.1,86,6.7,947.4,14.05
2012-08-09,23.5,26.0,22.1,87,10.7,946.8,14.08
2012-08-10,22.8,24.4,21.9,91,10.0,945.2,5.41
2012-08-11,23.3,25.2,22.1,89,3.7,945.4,8.48
2012-08-12,24.0,26.4,22.5,86,3.6,945.8,14.66
2012-08-13,23.8,26.3,22.2,86,4.1,946.5,16.38
2012-08-14,23.7,26.4,22.1,85,3.4,947.5,14.67
2012-08-15,23.8,26.7,22.1,84,3.2,948.2,16.12
2012-08-16,24.0,27.4,21.9,83,0.8,948.2,16.37
2012-08-17,24.1,27.6,21.8,81,1.0,948.3,17.73
2012-08-18,23.8,26.7,21.9,84,3.5,947.6,15.34
2012-08-19,22.8,23.9,22.0,89,3.8,945.8,6.04
2012-08-20,23.4,26.5,21.9,87,1.6,945.8,11.85
2012-08-21,23.7,27.3,21.6,83,0.0,947.4,13.05
2012-08-22,23.9,27.5,21.8,83,0.3,947.9,11.88
2012-08-23,24.8,29.4,22.0,82,1.5,949.0,16.75
2012-08-24,24.9,29.0,22.0,81,1.9,949.5,17.55
2012-08-25,24.8,29.0,21.8,80,1.2,948.9,18.57
2012-08-26,23.7,27.4,22.2,86,4.0,948.1,11.61
2012-08-27,23.2,26.3,21.7,89,10.5,946.4,10.74
2012-08-28,22.9,25.1,21.7,93,18.1,946.2,6.24
2012-08-29,24.0,27.7,22.1,88,7.0,945.9,13.32
2012-08-30,24.1,27.4,22.5,87,4.9,945.2,13.5
2012-08-31,24.1,27.3,22.1,87,8.0,944.1,12.16
2012-09-01,24.3,27.2,22.7,88,2.5,944.5,13.09
2012-09-02,24.6,27.8,22.7,87,8.7,945.7,12.88
2012-09-03,23.7,26.4,22.6,92,9.3,944.7,6.8
2012-09-04,23.3,25.7,22.1,91,10.7,944.4,8.35
2012-09-05,23.1,24.7,22.1,92,10.8,944.9,6.94
2012-09-06,23.6,26.5,22.2,87,7.1,946.2,12.39
2012-09-07,23.8,27.0,22.2,86,5.6,946.6,13.74
2012-09-08,24.3,27.3,22.5,85,3.8,946.9,14.82
2012-09-09,24.4,27.3,22.8,85,2.6,947.5,15.14
2012-09-10,23.6,25.8,22.3,89,9.0,947.8,11.57
2012-09-11,22.4,23.6,21.5,96,20.7,947.4,3.81
2012-09-12,23.7,27.1,21.9,85,0.4,948.0,16.28
2012-09-13,23.9,27.4,22.0,84,1.5,949.0,16.96
2012-09-14,23.5,26.9,21.6,85,3.9,948.6,16.46
2012-09-15,23.7,27.1,21.8,85,2.3,947.6,16.55
2012-09-16,23.9,27.3,21.7,82,0.6,947.7,17.22
2012-09-17,23.6,27.3,21.1,83,1.0,948.5,15.76
2012-09-18,23.6,27.3,20.9,84,1.4,949.2,16.84
2012-09-19,23.8,28.5,20.7,81,1.7,948.9,17.74
2012-09-20,23.7,27.5,21.5,86,3.2,949.7,15.39
2012-09-21,23.7,26.9,21.2,83,0.3,949.9,12.43
2012-09-22,23.6,27.9,20.8,84,2.2,951.0,15.95
2012-09-23,23.6,28.8,20.1,80,0.0,950.7,18.57
2012-09-24,23.5,28.8,19.9,79,0.0,950.8,20.54
2012-09-25,23.4,28.5,19.5,79,0.5,951.0,19.75
2012-09-26,24.2,29.8,19.9,78,0.0,952.5,19.76
2012-09-27,24.7,30.1,20.9,80,1.0,952.7,18.13
2012-09-28,24.6,30.5,21.0,81,14.0,951.9,15.33
2012-09-29,26.5,32.0,21.6,71,1.2,950.5,20.02
2012-09-30,26.9,32.6,21.7,66,0.4,949.4,15.94
2012-10-01,26.2,32.0,22.9,75,17.3,949.2,15.12
2012-10-02,25.0,30.1,22.7,86,11.3,948.6,12.88
2012-10-03,24.3,28.9,22.1,89,19.4,948.5,11.51
2012-10-04,24.1,28.9,22.2,90,27.1,948.8,11.23
2012-10-05,23.2,27.3,21.8,93,26.3,950.0,8.2
2012-10-06,23.3,27.1,21.6,91,21.1,951.4,7.19
2012-10-07,23.2,26.7,21.8,92,15.5,951.8,9.14
2012-10-08,24.6,29.2,20.9,84,0.8,950.7,17.76
2012-10-09,24.7,29.2,21.3,80,0.0,950.2,17.64
2012-10-10,25.1,29.7,20.9,74,0.0,950.6,19.18
2012-10-11,25.5,30.6,20.8,68,0.0,951.0,19.9
2012-10-12,25.6,30.5,22.1,64,0.0,951.2,19.3
2012-10-13,25.7,30.1,22.2,64,0.0,951.6,18.15
2012-10-14,25.2,30.4,21.0,59,0.0,952.6,22.53
2012-10-15,25.3,30.8,21.0,57,0.0,954.0,20.26
2012-10-16,24.9,30.2,20.3,59,0.0,954.7,18.3
2012-10-17,24.9,31.0,19.6,53,0.0,954.3,20.28
2012-10-18,25.1,31.3,19.3,53,0.0,953.1,20.12
2012-10-19,25.2,31.5,19.0,49,0.0,952.8,22.37
2012-10-20,25.1,31.3,18.1,51,0.0,952.8,21.16
2012-10-21,25.0,28.8,22.0,69,0.0,953.2,12.7
2012-10-22,25.1,29.2,22.0,58,0.0,953.4,13.67
2012-10-23,25.1,30.5,22.4,73,3.4,953.0,14.39
2012-10-24,25.1,30.9,21.0,77,4.4,952.6,17.72
2012-10-25,25.4,30.1,21.5,71,0.3,951.4,17.14
2012-10-26,25.3,30.4,21.3,68,1.3,951.0,16.64
2012-10-27,24.8,29.8,20.4,71,0.7,951.2,17.65
2012-10-28,25.3,30.1,20.9,65,0.5,952.3,17.73
2012-10-29,25.1,30.3,20.4,53,0.0,951.9,17.51
2012-10-30,23.3,30.0,17.1,41,0.0,950.8,21.61
2012-10-31,23.6,30.9,16.0,44,0.0,949.9,20.83
2012-11-01,24.4,30.2,19.7,54,0.2,949.0,14.75
2012-11-02,25.1,30.2,20.5,65,0.5,948.5,16.66
2012-11-03,25.4,30.6,21.6,73,0.7,949.7,17.01
2012-11-04,25.2,31.4,20.6,70,0.0,950.2,18.31
2012-11-05,25.2,31.5,20.1,57,0.0,950.2,19.85
2012-11-06,25.4,31.8,18.9,58,0.0,950.8,19.38
2012-11-07,25.6,31.6,20.3,54,0.0,951.6,18.65
2012-11-08,25.4,32.4,20.1,49,0.0,950.8,20.63
2012-11-09,24.8,32.0,19.4,49,0.0,951.4,20.74
2012-11-10,25.2,32.0,19.5,53,0.0,952.5,18.73
2012-11-11,25.5,31.4,21.2,51,0.0,952.4,18.76
2012-11-12,25.2,30.6,19.0,58,0.0,952.4,17.56
2012-11-13,25.5,30.7,20.6,57,0.0,953.7,15.04
2012-11-14,25.3,30.9,19.8,42,0.0,952.6,19.45
2012-11-15,24.1,30.2,18.0,42,0.0,952.4,19.05
2012-11-16,23.3,29.9,17.1,39,0.0,953.5,20.24
2012-11-17,22.4,29.4,16.1,35,0.0,953.2,20.34
2012-11-18,22.3,29.7,15.8,37,0.0,952.1,20.33
2012-11-19,22.0,29.4,14.6,38,0.0,951.6,20.34
2012-11-20,22.0,29.9,14.1,39,0.0,952.1,20.15
2012-11-21,22.4,30.2,15.2,46,0.0,952.5,19.41
2012-11-22,24.5,31.0,17.8,47,0.0,952.2,19.2
2012-11-23,25.1,31.6,19.1,45,0.0,952.4,18.82
2012-11-24,25.1,31.3,19.9,48,0.0,952.2,17.15
2012-11-25,25.6,31.9,19.7,51,0.0,952.7,17.62
2012-11-26,25.8,31.3,20.1,55,0.0,953.1,15.84
2012-11-27,25.7,31.4,20.8,54,0.0,952.7,17.1
2012-11-28,25.1,31.5,20.2,52,0.0,952.7,18.31
2012-11-29,24.5,31.3,19.8,41,0.0,951.6,19.09
2012-11-30,23.9,30.8,18.9,40,0.0,952.0,19.12
2012-12-01,24.0,30.7,19.0,46,0.0,951.6,18.82
2012-12-02,24.5,31.3,18.9,52,0.0,952.3,18.39
2012-12-03,24.8,31.0,19.7,51,0.0,952.6,18.5
2012-12-04,24.6,30.9,18.6,47,0.0,952.4,16.88
2012-12-05,25.3,31.4,18.8,47,0.0,952.3,17.66
2012-12-06,25.8,31.1,22.0,62,1.0,953.3,13.96
2012-12-07,26.6,32.8,21.5,57,0.0,953.2,17.39
2012-12-08,26.6,32.8,21.8,57,0.0,952.7,17.56
2012-12-09,26.3,32.4,21.6,60,0.0,952.0,16.82
2012-12-10,24.6,31.7,19.4,52,0.0,951.4,18.4
2012-12-11,22.7,30.7,16.5,58,0.0,951.7,18.64
2012-12-12,21.9,30.2,14.4,58,0.0,951.6,18.77
2012-12-13,21.4,29.9,14.1,54,0.0,952.0,19.04
2012-12-14,21.6,30.1,14.5,57,0.0,953.6,18.58
2012-12-15,23.5,30.8,15.8,48,0.0,954.5,18.26
2012-12-16,23.6,30.3,16.1,49,0.0,955.2,18.35
2012-12-17,23.4,30.5,16.5,47,0.0,955.1,18.09
2012-12-18,23.1,29.7,16.9,46,0.0,955.1,18.66
2012-12-19,22.3,28.9,15.7,45,0.0,953.5,18.33
2012-12-20,21.9,29.1,14.8,45,0.0,951.5,18.37
2012-12-21,22.5,30.2,14.1,48,0.0,951.3,18.42
2012-12-22,23.6,30.6,15.8,52,0.0,952.3,18.3
2012-12-23,23.6,30.2,16.2,54,0.0,952.3,18.19
2012-12-24,23.5,30.1,17.7,54,0.0,951.8,17.55
2012-12-25,22.8,29.0,16.9,49,0.0,951.4,18.22
2012-12-26,21.6,28.5,14.6,41,0.0,951.4,18.88
2012-12-27,20.8,28.2,13.4,36,0.0,951.0,19.05
2012-12-28,21.1,28.9,13.5,41,0.0,949.6,19.05
2012-12-29,22.5,29.9,15.4,48,0.0,949.7,18.49
2012-12-30,23.9,31.3,16.3,58,0.0,950.1,16.52
2012-12-31,25.1,30.4,20.8,62,0.0,950.4,13.47
2013-01-01,25.0,32.0,19.9,66,0.0,951.8,17.54
2013-01-02,24.3,31.9,17.7,63,0.0,952.6,18.36
2013-01-03,24.5,32.7,18.8,55,0.0,952.9,18.65
2013-01-04,23.6,32.4,17.7,45,0.0,952.5,19.16
2013-01-05,21.6,30.4,14.5,42,0.0,950.3,19.64
2013-01-06,21.1,30.0,15.1,43,0.0,950.7,19.65
2013-01-07,21.5,29.6,15.1,42,0.0,951.7,19.52
2013-01-08,21.6,29.8,14.5,53,0.0,953.0,19.04
2013-01-09,23.0,30.3,15.7,58,0.0,953.5,18.67
2013-01-10,23.5,30.3,17.1,53,0.0,953.1,18.82
2013-01-11,23.0,30.5,15.7,46,0.0,953.7,19.32
2013-01-12,22.8,30.8,15.4,36,0.0,954.9,19.77
2013-01-13,23.8,31.7,17.3,31,0.0,953.8,19.94
2013-01-14,24.7,32.4,18.7,31,0.0,953.0,19.93
2013-01-15,24.5,32.3,18.6,38,0.0,953.2,19.85
2013-01-16,24.8,32.3,19.8,39,0.0,953.6,19.22
2013-01-17,23.8,31.2,18.5,48,0.0,953.7,19.82
2013-01-18,21.4,28.6,15.7,65,0.0,954.7,19.41
2013-01-19,21.1,28.7,13.4,51,0.0,954.6,19.95
2013-01-20,22.0,29.3,15.0,48,0.0,954.0,19.88
2013-01-21,22.2,30.2,15.0,50,0.0,954.4,19.96
2013-01-22,22.6,30.9,14.8,50,0.0,954.1,19.78
2013-01-23,23.2,30.9,17.3,50,0.0,953.9,19.88
2013-01-24,22.9,30.8,16.9,48,0.0,953.5,19.85
2013-01-25,23.1,30.7,17.4,42,0.0,954.0,20.2
2013-01-26,23.2,30.9,16.8,46,0.0,954.5,18.53
2013-01-27,23.3,30.0,17.9,49,0.0,954.5,17.72
2013-01-28,23.4,30.8,17.4,49,0.0,953.9,19.38
2013-01-29,23.3,30.3,17.8,43,0.0,953.4,20.03
2013-01-30,23.6,31.1,17.4,41,0.0,953.3,19.5
2013-01-31,24.1,31.7,16.4,53,0.0,953.8,18.93
2013-02-01,25.7,31.8,19.6,50,0.0,954.1,17.57
2013-02-02,25.4,31.7,18.9,55,0.0,953.7,16.29
2013-02-03,25.6,32.6,19.5,55,0.0,953.0,18.7
2013-02-04,24.7,32.5,19.8,61,0.0,953.2,19.34
2013-02-05,22.9,30.5,17.1,68,0.0,954.1,19.61
2013-02-06,22.8,30.2,16.6,59,0.0,955.1,20.28
2013-02-07,23.2,31.3,16.5,50,0.0,952.7,21.24
2013-02-08,23.6,31.7,16.4,52,0.0,951.7,21.75
2013-02-09,24.9,33.0,18.2,52,0.0,951.3,21.65
2013-02-10,26.1,33.6,20.4,49,0.2,951.7,20.8
2013-02-11,26.2,32.9,21.6,50,1.1,952.0,18.81
2013-02-12,26.3,32.7,19.5,48,0.0,952.1,19.1
2013-02-13,26.6,32.4,20.6,41,0.0,951.6,18.29
2013-02-14,27.0,33.6,20.6,43,0.0,950.9,19.46
2013-02-15,25.3,32.1,19.7,51,0.0,950.3,18.4
2013-02-16,22.7,28.1,18.0,66,0.0,949.4,19.49
2013-02-17,20.5,28.8,13.0,52,0.0,950.0,23.55
2013-02-18,21.9,30.3,13.0,35,0.0,950.9,23.25
2013-02-19,23.5,32.9,14.6,34,0.0,951.7,23.09
2013-02-20,25.2,33.2,18.1,37,0.0,952.4,23.01
2013-02-21,25.8,34.2,18.1,38,0.0,953.0,22.95
2013-02-22,26.4,34.5,20.2,41,0.0,953.7,22.8
2013-02-23,25.7,33.8,19.3,41,0.0,954.2,21.68
2013-02-24,24.4,33.1,15.3,40,0.0,953.8,24.1
2013-02-25,25.4,33.9,16.4,34,0.0,953.9,23.5
2013-02-26,26.1,34.2,19.9,38,0.0,954.1,23.69
2013-02-27,25.1,33.4,17.3,36,0.0,954.1,23.93
2013-02-28,26.2,34.0,17.9,36,0.0,953.1,23.84
2013-03-01,27.0,34.2,19.8,29,0.0,953.5,23.9
2013-03-02,27.0,34.3,19.5,27,0.0,954.2,24.34
2013-03-03,26.7,35.0,18.0,21,0.0,953.7,25.0
2013-03-04,26.3,35.1,16.7,17,0.0,953.2,25.39
2013-03-05,26.7,35.1,17.3,20,0.0,952.9,24.88
2013-03-06,27.1,34.9,19.2,25,0.0,953.5,24.69
2013-03-07,27.7,35.4,18.9,31,0.0,953.5,24.18
2013-03-08,28.4,35.8,20.6,34,0.0,953.7,21.72
2013-03-09,28.9,36.5,21.5,33,0.0,952.8,24.43
2013-03-10,28.1,36.4,20.5,30,0.0,950.9,25.14
2013-03-11,27.9,36.0,20.5,34,0.0,951.5,24.91
2013-03-12,27.1,34.8,20.0,41,0.0,952.5,23.9
2013-03-13,26.3,34.5,18.7,45,0.0,952.5,23.72
2013-03-14,26.5,35.0,18.7,44,0.0,952.3,25.39
2013-03-15,27.4,34.9,20.4,45,0.0,952.6,20.97
2013-03-16,27.7,35.8,21.2,47,1.9,953.0,21.23
2013-03-17,27.7,35.2,21.4,44,0.0,952.8,25.37
2013-03-18,27.7,35.6,20.6,41,0.0,950.8,25.44
2013-03-19,27.7,35.4,21.1,27,0.0,950.8,25.62
2013-03-20,27.2,34.3,20.8,24,0.0,952.2,26.34
2013-03-21,26.7,35.5,18.6,33,0.0,950.8,26.55
2013-03-22,27.5,36.2,19.9,44,0.0,949.2,25.55
2013-03-23,27.1,36.2,20.2,56,0.0,949.7,24.39
2013-03-24,27.8,36.0,19.8,48,0.0,951.3,25.57
2013-03-25,29.4,37.3,22.6,45,0.0,950.7,21.52
2013-03-26,28.5,36.2,23.3,48,0.0,950.2,21.98
2013-03-27,27.9,36.4,21.3,46,0.0,950.4,24.99
2013-03-28,27.2,35.3,19.9,49,0.2,950.9,24.06
2013-03-29,27.2,35.2,19.9,44,0.0,951.4,26.54
2013-03-30,27.3,36.4,18.9,36,0.0,950.0,26.89
2013-03-31,28.6,37.4,21.1,36,0.0,949.8,26.57
2013-04-01,28.0,37.2,20.2,46,0.0,950.4,26.18
2013-04-02,27.1,35.1,20.5,51,0.1,951.2,25.61
2013-04-03,26.9,36.0,19.0,48,0.0,951.4,26.85
2013-04-04,27.1,36.4,17.8,43,0.0,950.5,27.35
2013-04-05,28.0,37.4,19.4,47,0.0,949.4,27.39
2013-04-06,28.2,37.3,19.4,43,0.0,949.5,27.32
2013-04-07,28.2,37.9,18.4,38,0.0,949.2,27.76
2013-04-08,28.6,38.7,18.9,39,0.0,949.5,27.71
2013-04-09,29.5,39.3,21.0,39,0.0,949.5,27.31
2013-04-10,28.9,38.4,20.0,47,0.0,949.9,26.83
2013-04-11,29.2,38.1,20.9,45,0.0,950.2,26.92
2013-04-12,30.5,39.3,21.4,39,0.0,949.9,26.73
2013-04-13,30.7,39.5,23.1,41,0.0,950.6,24.0
2013-04-14,30.4,39.0,22.8,41,0.0,951.4,26.14
2013-04-15,29.2,37.8,22.3,38,0.0,950.4,27.7
2013-04-16,26.6,35.3,18.9,45,0.0,949.6,27.87
2013-04-17,25.6,35.0,18.1,58,0.0,948.3,27.41
2013-04-18,25.5,34.4,18.0,59,0.0,948.4,27.46
2013-04-19,25.7,34.3,19.3,63,0.3,948.8,25.62
2013-04-20,25.9,33.9,19.7,62,0.0,948.8,24.66
2013-04-21,26.5,35.6,19.9,62,0.1,948.9,24.76
2013-04-22,27.8,36.2,20.7,60,0.0,950.0,23.48
2013-04-23,28.8,37.5,21.5,57,0.0,951.3,24.24
2013-04-24,29.6,38.4,21.5,56,0.0,952.0,25.96
2013-04-25,30.8,39.3,23.5,47,2.7,951.5,24.04
2013-04-26,31.4,38.9,24.2,44,0.0,951.7,25.11
2013-04-27,31.5,40.1,23.1,37,0.0,950.9,27.03
2013-04-28,31.2,40.2,22.5,39,0.0,949.6,27.54
2013-04-29,31.6,40.1,24.1,40,0.0,949.7,26.38
2013-04-30,32.3,41.3,22.8,41,0.0,949.3,25.95
2013-05-01,33.0,40.9,26.1,41,0.1,948.5,23.85
2013-05-02,31.8,40.0,25.3,46,0.1,947.5,26.36
2013-05-03,29.2,37.0,22.9,47,0.0,947.5,27.66
2013-05-04,28.8,37.1,22.3,53,0.0,947.4,27.42
2013-05-05,29.5,38.8,22.2,49,0.0,948.0,27.7
2013-05-06,29.1,38.7,22.2,53,0.0,948.4,27.27
2013-05-07,29.0,38.9,22.0,58,0.0,948.5,26.8
2013-05-08,29.6,38.6,22.9,59,0.0,949.1,26.13
2013-05-09,29.7,38.5,22.7,57,0.0,949.7,27.34
2013-05-10,29.5,37.9,22.7,54,0.0,949.5,26.79
2013-05-11,29.3,37.2,22.8,56,0.1,947.9,26.78
2013-05-12,28.6,35.9,22.1,53,0.0,948.8,27.3
2013-05-13,28.2,37.0,21.2,60,0.0,948.1,25.6
2013-05-14,28.3,35.6,22.5,60,0.2,947.5,24.81
2013-05-15,28.0,35.5,22.8,62,0.7,947.0,24.66
2013-05-16,27.8,33.9,23.4,65,0.3,948.1,21.27
2013-05-17,28.5,35.3,23.5,57,0.0,949.4,20.66
2013-05-18,29.2,37.2,22.7,53,0.0,949.0,26.9
2013-05-19,29.3,37.5,23.2,61,0.9,948.8,25.72
2013-05-20,30.4,39.5,23.9,59,0.0,948.3,25.44
2013-05-21,29.1,35.8,24.4,60,0.0,949.8,19.9
2013-05-22,29.1,37.0,23.3,61,0.1,949.5,24.46
2013-05-23,28.9,36.3,23.3,61,0.0,949.3,25.51
2013-05-24,27.9,34.9,22.7,63,0.0,949.1,25.27
2013-05-25,28.0,35.4,23.0,64,0.0,949.7,24.16
2013-05-26,28.6,35.5,23.5,64,0.0,949.6,24.69
2013-05-27,28.1,34.1,23.7,67,1.7,949.6,21.5
2013-05-28,28.1,34.2,24.0,68,1.2,949.5,21.74
2013-05-29,27.8,33.8,23.9,72,1.7,948.7,21.36
2013-05-30,27.9,34.9,23.0,67,0.4,947.3,25.0
2013-05-31,28.0,34.9,22.8,65,0.6,946.4,24.37
2013-06-01,27.9,34.9,22.8,64,0.0,946.4,23.89
2013-06-02,27.5,34.9,23.8,69,5.0,946.0,18.86
2013-06-03,26.5,33.6,23.8,77,9.1,945.4,16.27
2013-06-04,26.1,32.7,22.6,78,8.0,946.9,18.14
2013-06-05,26.6,31.9,23.5,76,3.9,947.9,17.65
2013-06-06,26.5,32.0,24.0,80,9.8,946.7,17.46
2013-06-07,26.1,31.2,23.8,84,29.4,944.8,12.4
2013-06-08,24.8,27.3,23.4,87,20.2,944.3,9.77
2013-06-09,23.5,24.6,22.7,94,37.2,945.3,4.38
2013-06-10,23.6,25.6,22.7,94,25.8,945.0,5.71
2013-06-11,24.8,28.2,22.9,84,3.3,944.6,17.57
2013-06-12,24.5,27.8,22.9,84,5.5,943.1,15.52
2013-06-13,23.9,26.5,22.8,90,8.4,941.8,7.98
2013-06-14,23.1,23.8,22.6,95,21.9,941.4,2.61
2013-06-15,22.9,24.8,21.1,92,31.4,940.5,4.59
2013-06-16,23.3,24.6,22.0,93,47.6,940.2,5.53
2013-06-17,22.9,23.8,22.4,94,55.0,942.1,3.39
2013-06-18,23.8,25.6,22.7,92,10.9,943.5,9.19
2013-06-19,23.9,27.7,22.4,90,6.6,944.9,13.26
2013-06-20,24.1,27.2,22.3,88,5.2,946.5,14.19
2013-06-21,24.2,27.3,22.2,86,2.7,946.7,13.95
2013-06-22,24.0,26.8,22.4,86,3.0,946.5,13.47
2013-06-23,24.1,27.2,22.6,86,2.1,945.2,14.51
2013-06-24,23.4,25.7,22.2,90,5.4,944.2,8.08
2013-06-25,22.6,23.6,22.1,95,15.7,945.6,4.61
2013-06-26,22.8,24.3,22.2,94,10.8,947.1,4.92
2013-06-27,23.5,25.8,22.2,89,8.9,947.5,12.88
2013-06-28,23.4,26.1,22.0,88,8.5,947.0,13.34
2013-06-29,23.6,26.0,22.3,86,7.5,947.5,14.37
2013-06-30,23.5,25.7,22.1,88,6.1,947.7,12.57
2013-07-01,23.3,25.2,22.0,88,3.9,945.8,9.48
2013-07-02,24.1,26.9,22.5,88,2.2,944.3,11.43
2013-07-03,24.0,26.6,22.4,86,2.5,944.7,12.71
2013-07-04,23.3,25.3,22.1,89,4.5,944.5,11.26
2013-07-05,23.7,26.6,22.2,87,5.5,944.9,15.57
2013-07-06,23.8,25.9,22.1,86,2.2,946.4,13.45
2013-07-07,23.6,26.4,22.2,88,6.4,946.9,11.39
2013-07-08,23.2,25.4,22.3,91,7.3,946.1,7.95
2013-07-09,23.4,25.7,22.1,89,4.6,945.2,10.77
2013-07-10,22.8,25.0,21.8,92,22.2,944.5,8.83
2013-07-11,22.1,22.8,21.7,95,26.5,944.3,4.37
2013-07-12,22.0,22.5,21.7,96,29.8,944.2,2.75
2013-07-13,22.8,24.9,21.8,91,7.9,945.4,8.52
2013-07-14,23.5,25.8,21.7,87,3.3,946.1,14.23
2013-07-15,22.6,23.7,21.8,92,6.7,945.9,4.85
2013-07-16,22.1,23.4,21.6,96,23.3,945.3,4.45
2013-07-17,22.6,23.9,22.0,95,23.5,945.6,5.17
2013-07-18,22.6,24.0,21.9,94,20.0,945.1,5.32
2013-07-19,22.5,23.5,22.0,94,26.6,943.6,5.36
2013-07-20,22.2,22.9,21.8,95,31.7,944.5,4.2
2013-07-21,22.8,24.8,21.9,92,24.0,944.2,8.37
2013-07-22,22.5,24.1,21.7,92,17.1,943.0,6.51
2013-07-23,22.0,22.4,21.5,95,57.2,942.4,2.26
2013-07-24,22.4,23.3,21.9,93,35.0,942.3,4.39
2013-07-25,22.8,24.6,21.9,90,14.9,943.4,8.27
2013-07-26,22.8,24.5,21.7,92,15.8,943.3,6.86
2013-07-27,23.0,25.0,22.1,90,23.9,945.2,10.85
2013-07-28,22.9,24.5,21.8,90,24.1,947.7,10.59
2013-07-29,23.0,25.7,21.6,88,22.6,947.8,16.91
2013-07-30,22.4,24.2,21.5,91,28.9,945.1,9.09
2013-07-31,21.8,22.5,21.5,94,29.8,943.8,3.34
2013-08-01,21.8,22.5,21.2,96,29.2,942.3,2.94
2013-08-02,21.5,22.3,20.9,95,25.5,943.4,4.14
2013-08-03,22.9,25.3,21.4,89,6.6,946.0,14.13
2013-08-04,23.3,26.8,21.5,87,4.0,947.0,15.02
2013-08-05,23.0,26.2,21.2,87,1.9,947.3,14.66
2013-08-06,22.4,24.8,21.4,91,3.1,947.4,6.46
2013-08-07,23.0,26.4,21.1,88,2.8,948.4,13.03
2013-08-08,23.1,26.2,21.3,88,1.8,948.7,14.99
2013-08-09,22.6,24.7,21.6,91,7.1,948.4,8.83
2013-08-10,22.5,24.1,21.4,92,6.5,947.9,7.23
2013-08-11,23.2,25.6,21.8,88,3.4,948.3,12.46
2013-08-12,23.5,26.2,22.0,87,2.6,947.7,13.69
2013-08-13,22.8,25.1,21.7,91,10.9,945.7,9.59
2013-08-14,23.1,25.5,21.5,88,3.7,946.1,11.71
2013-08-15,23.3,26.3,21.5,88,4.5,947.3,13.16
2013-08-16,23.5,26.7,21.6,87,2.4,946.8,13.81
2013-08-17,23.6,26.2,22.3,90,3.2,946.6,10.74
2013-08-18,23.5,25.7,22.3,89,2.5,947.1,12.07
2013-08-19,23.3,25.8,21.7,87,2.4,947.7,14.51
2013-08-20,23.2,26.0,21.2,86,1.9,947.1,14.73
2013-08-21,22.9,26.0,21.5,88,4.4,946.8,15.26
2013-08-22,22.4,23.9,21.5,90,1.5,947.0,6.71
2013-08-23,22.5,25.0,21.3,88,1.5,946.9,8.02
2013-08-24,23.1,25.8,21.7,88,2.7,946.7,13.37
2013-08-25,22.8,25.5,21.3,90,7.9,947.1,11.35
2013-08-26,22.5,24.4,21.1,90,6.0,947.5,9.24
2013-08-27,23.1,26.5,21.2,86,2.5,948.0,15.47
2013-08-28,23.1,26.0,21.2,88,2.1,949.4,14.61
2013-08-29,23.2,26.6,21.2,87,2.0,950.7,15.89
2013-08-30,23.5,26.6,21.4,86,1.9,950.3,15.7
2013-08-31,23.8,27.0,21.4,87,0.6,949.7,16.39
2013-09-01,24.1,29.3,20.4,82,0.0,950.0,20.09
2013-09-02,24.1,28.9,20.8,82,0.0,950.6,20.11
2013-09-03,23.7,27.6,21.0,83,0.3,950.4,17.68
2013-09-04,23.4,27.5,20.8,82,0.4,950.4,19.17
2013-09-05,22.8,26.4,20.4,86,2.0,950.1,16.54
2013-09-06,23.3,27.1,21.0,85,1.6,950.4,15.26
2013-09-07,23.4,27.3,20.8,86,0.2,950.4,17.87
2013-09-08,23.5,27.4,20.7,85,1.2,950.0,15.19
2013-09-09,23.3,26.5,21.3,88,4.1,950.3,10.16
2013-09-10,23.0,26.2,21.8,94,26.6,948.4,6.09
2013-09-11,23.8,27.3,21.4,91,22.5,947.3,10.89
2013-09-12,24.2,28.7,21.3,89,14.6,948.6,14.14
2013-09-13,24.7,29.0,21.2,87,4.8,949.2,16.52
2013-09-14,24.7,29.4,21.8,88,5.2,948.1,16.02
2013-09-15,24.1,28.7,22.0,91,18.4,946.2,12.45
2013-09-16,24.0,27.5,22.5,92,13.3,945.7,10.65
2013-09-17,23.8,27.4,21.8,91,16.6,945.1,10.21
2013-09-18,23.9,27.4,22.1,92,33.6,945.1,8.29
2013-09-19,23.3,24.4,22.4,93,7.4,945.4,3.76
2013-09-20,23.9,26.6,22.7,91,0.9,945.2,10.36
2013-09-21,23.7,26.6,22.0,86,3.3,945.4,14.1
2013-09-22,22.6,24.6,21.6,89,4.9,945.5,6.84
2013-09-23,22.7,25.2,21.5,87,4.8,945.5,10.27
2013-09-24,22.8,25.3,21.6,91,15.9,946.2,10.65
2013-09-25,23.0,25.7,21.6,88,3.5,948.1,10.96
2013-09-26,23.8,27.3,21.7,86,2.6,950.0,15.68
2013-09-27,23.9,27.6,21.9,86,1.4,950.8,15.05
2013-09-28,23.4,26.8,21.3,87,1.3,950.5,14.91
2013-09-29,23.0,25.7,21.3,88,1.6,948.3,11.13
2013-09-30,23.4,27.2,21.0,89,0.7,946.8,13.67
2013-10-01,24.1,27.8,21.7,84,0.2,947.6,17.18
2013-10-02,24.1,28.4,21.5,85,1.4,948.5,16.41
2013-10-03,24.3,28.1,21.2,83,0.5,948.0,15.04
2013-10-04,23.4,26.6,21.7,87,8.8,947.7,8.24
2013-10-05,23.8,27.9,20.6,84,0.5,947.8,13.49
2013-10-06,24.0,28.0,21.9,87,2.3,948.9,14.95
2013-10-07,24.1,28.5,21.4,85,0.1,950.6,17.33
2013-10-08,24.2,28.3,21.3,84,0.6,951.4,17.16
2013-10-09,23.6,27.4,20.7,83,0.4,950.7,18.27
2013-10-10,23.1,27.3,20.4,81,0.0,951.0,18.53
2013-10-11,23.0,26.5,20.7,86,2.4,950.9,15.08
2013-10-12,23.5,27.4,20.6,83,1.0,948.9,17.14
2013-10-13,24.0,28.2,21.0,84,0.1,948.7,15.56
2013-10-14,24.2,28.2,21.6,86,2.7,950.3,15.82
2013-10-15,24.5,28.7,21.7,84,0.9,951.4,16.56
2013-10-16,24.4,29.1,21.5,87,1.6,951.0,15.66
2013-10-17,24.8,29.8,21.6,84,2.5,951.2,17.19
2013-10-18,24.8,29.5,21.3,73,0.0,951.8,14.95
2013-10-19,25.1,30.5,20.5,67,0.0,952.0,20.46
2013-10-20,25.2,29.8,22.0,67,0.1,951.5,17.68
2013-10-21,25.1,29.5,21.6,62,0.0,949.6,17.3
2013-10-22,24.7,30.3,19.2,60,0.0,949.4,20.25
2013-10-23,24.2,29.8,19.2,70,1.8,949.6,17.93
2013-10-24,25.1,29.7,20.8,74,0.0,949.1,18.62
2013-10-25,24.9,29.0,21.5,79,2.0,948.2,15.57
2013-10-26,24.6,29.2,21.3,85,1.7,949.0,15.64
2013-10-27,25.0,29.4,22.2,81,0.9,950.9,15.28
2013-10-28,25.1,29.3,21.7,80,0.9,952.1,14.65
2013-10-29,25.4,30.5,22.0,76,0.0,953.0,18.58
2013-10-30,25.8,30.6,21.2,65,0.0,953.7,18.34
2013-10-31,24.3,30.2,18.8,59,0.0,953.7,20.24
2013-11-01,23.3,30.0,17.0,54,0.0,953.4,21.37
2013-11-02,24.1,30.3,17.7,60,0.0,953.0,17.28
2013-11-03,25.4,30.2,20.1,66,0.0,953.6,16.36
2013-11-04,25.6,29.8,21.3,68,0.2,955.1,16.87
2013-11-05,25.3,30.8,20.8,58,0.0,954.7,18.57
2013-11-06,24.3,29.4,18.9,58,0.0,954.2,16.08
2013-11-07,24.2,29.6,18.3,61,0.0,953.1,15.4
2013-11-08,24.5,29.4,19.6,62,0.0,952.3,15.12
2013-11-09,24.3,29.4,18.8,61,0.0,952.0,15.05
2013-11-10,23.4,29.3,17.5,52,0.0,952.7,19.8
2013-11-11,22.6,29.0,15.8,53,0.0,951.4,20.06
2013-11-12,22.7,29.0,16.1,54,0.0,951.1,19.99
2013-11-13,23.7,29.7,17.1,48,0.0,951.5,20.08
2013-11-14,23.1,29.2,16.2,50,0.0,951.9,19.61
2013-11-15,22.6,28.8,16.3,50,0.0,952.5,19.94
2013-11-16,22.2,28.7,16.2,45,0.0,953.1,20.4
2013-11-17,22.6,29.8,14.9,51,0.0,953.1,19.65
2013-11-18,24.8,30.4,19.1,56,0.0,953.7,17.49
2013-11-19,25.5,31.6,19.7,51,0.0,953.8,18.43
2013-11-20,24.1,30.7,18.7,48,0.0,951.8,19.79
2013-11-21,23.5,30.3,16.2,42,0.0,949.5,19.94
2013-11-22,22.3,29.7,14.8,44,0.0,950.7,19.78
2013-11-23,22.7,30.2,15.6,55,0.0,951.5,19.25
2013-11-24,24.5,30.1,18.4,61,0.0,952.4,15.74
2013-11-25,25.3,30.3,20.9,70,0.2,952.1,16.08
2013-11-26,25.1,31.0,21.0,74,3.9,951.2,14.88
2013-11-27,25.5,30.3,20.8,66,0.0,952.1,14.08
2013-11-28,23.7,30.5,17.1,40,0.0,952.9,19.31
2013-11-29,23.7,30.2,15.7,52,0.0,953.0,17.06
2013-11-30,24.5,27.6,20.9,71,0.4,953.3,11.03
2013-12-01,24.4,29.2,19.2,71,0.2,953.6,13.82
2013-12-02,24.3,29.8,20.2,73,0.4,953.2,14.43
2013-12-03,23.8,28.9,19.4,75,0.3,952.6,14.26
2013-12-04,24.0,28.6,20.4,74,0.1,953.2,13.23
2013-12-05,24.1,29.6,19.0,58,0.0,952.9,17.35
2013-12-06,22.2,28.4,16.1,57,0.0,951.7,18.54
2013-12-07,20.8,27.6,13.7,50,0.0,951.6,19.13
2013-12-08,19.7,27.6,12.0,46,0.0,951.0,19.35
2013-12-09,20.4,28.7,12.9,44,0.0,950.1,19.37
2013-12-10,20.9,28.4,14.7,42,0.0,950.2,19.21
2013-12-11,21.1,28.4,13.4,43,0.0,951.5,19.22
2013-12-12,20.6,28.2,13.2,46,0.0,951.7,19.21
2013-12-13,19.8,27.7,12.4,44,0.0,952.4,19.3
2013-12-14,20.4,28.6,14.0,44,0.0,952.2,19.27
2013-12-15,21.7,29.8,15.2,36,0.0,952.6,19.33
2013-12-16,21.0,29.1,14.5,40,0.0,953.1,19.26
2013-12-17,20.3,28.3,12.9,45,0.0,952.0,19.18
2013-12-18,20.4,27.9,13.5,43,0.0,951.4,19.18
2013-12-19,22.0,29.6,16.3,39,0.0,951.7,18.9
2013-12-20,21.8,29.2,16.5,48,0.0,952.4,18.83
2013-12-21,21.8,29.6,16.4,51,0.0,952.4,18.67
2013-12-22,21.6,29.0,15.3,52,0.0,953.0,18.59
2013-12-23,21.6,28.4,14.6,55,0.0,954.5,18.34
2013-12-24,21.6,28.2,16.0,54,0.0,955.3,18.48
2013-12-25,21.6,28.6,14.3,58,0.0,955.7,18.18
2013-12-26,21.8,28.8,14.6,56,0.0,954.4,18.27
2013-12-27,22.1,29.0,14.9,59,0.0,953.5,18.13
2013-12-28,22.2,29.2,16.0,67,0.0,953.3,17.78
2013-12-29,22.7,29.7,17.3,60,0.0,952.7,17.87
2013-12-30,22.2,28.9,17.1,67,0.0,952.7,16.18
2013-12-31,22.2,28.9,15.6,63,0.0,953.6,17.89
2014-01-01,22.1,28.6,15.2,57,0.0,953.7,18.28
2014-01-02,22.6,28.5,16.6,56,0.0,954.7,18.05
2014-01-03,22.5,28.8,15.7,54,0.0,954.6,18.48
2014-01-04,22.8,30.0,17.2,57,0.0,953.2,18.67
2014-01-05,21.7,28.9,16.2,66,0.0,951.7,18.56
2014-01-06,21.7,28.8,14.6,52,0.0,951.6,19.17
2014-01-07,22.3,29.7,14.6,53,0.0,952.3,18.87
2014-01-08,23.1,30.4,15.5,51,0.0,953.1,18.96
2014-01-09,22.5,30.1,16.9,60,0.0,952.8,19.11
2014-01-10,21.9,29.7,15.9,54,0.0,952.6,19.33
2014-01-11,19.7,28.3,13.1,50,0.0,952.8,19.96
2014-01-12,20.7,29.2,13.0,50,0.0,954.4,19.26
2014-01-13,22.5,30.3,16.0,60,0.0,954.1,18.64
2014-01-14,23.5,30.0,18.0,63,0.0,953.5,17.54
2014-01-15,22.9,29.8,17.3,62,0.0,953.9,17.83
2014-01-16,22.8,30.0,17.3,51,0.0,954.3,18.92
2014-01-17,21.3,29.0,15.3,63,0.0,953.4,19.27
2014-01-18,20.2,27.6,12.1,62,0.0,953.9,19.81
2014-01-19,21.6,29.7,14.4,50,0.0,955.7,19.55
2014-01-20,23.5,30.6,16.5,51,0.0,955.4,17.19
2014-01-21,23.1,29.2,18.2,58,0.2,955.0,12.06
2014-01-22,23.5,29.0,17.9,54,0.0,954.0,16.84
2014-01-23,23.4,29.5,17.9,60,0.0,954.2,17.93
2014-01-24,22.8,27.5,17.8,66,0.2,953.6,15.2
2014-01-25,23.5,30.0,17.7,59,0.0,953.3,17.38
2014-01-26,23.9,28.6,19.9,54,0.0,954.0,14.71
2014-01-27,23.9,29.5,18.7,47,0.0,954.5,20.12
2014-01-28,22.3,28.6,15.3,46,0.0,954.3,20.61
2014-01-29,22.0,29.2,14.3,41,0.0,953.8,20.55
2014-01-30,22.6,29.2,15.7,46,0.0,954.1,18.41
2014-01-31,22.8,29.3,16.2,50,0.0,953.9,18.27
2014-02-01,22.8,29.4,16.0,45,0.0,953.8,19.94
2014-02-02,23.0,29.7,15.8,45,0.0,953.4,20.04
2014-02-03,23.9,30.7,17.8,45,0.0,952.2,21.1
2014-02-04,24.2,31.1,18.1,47,0.0,950.8,21.16
2014-02-05,24.6,31.6,18.9,48,0.0,950.1,21.17
2014-02-06,24.9,32.7,19.7,48,0.0,950.3,21.36
2014-02-07,24.4,32.6,18.3,40,0.0,950.6,21.82
2014-02-08,23.4,31.8,17.1,50,0.0,950.0,22.0
2014-02-09,21.7,30.3,14.5,49,0.0,949.7,22.38
2014-02-10,20.6,29.2,13.1,44,0.0,950.1,22.53
2014-02-11,21.0,29.3,13.6,51,0.0,949.3,22.1
2014-02-12,21.7,30.1,15.5,54,0.0,948.8,22.26
2014-02-13,20.4,27.3,14.6,62,0.0,950.1,17.33
2014-02-14,19.8,25.6,14.9,68,0.0,951.2,18.26
2014-02-15,18.9,25.9,12.9,68,0.0,950.1,17.83
2014-02-16,19.2,26.0,13.0,62,0.0,951.0,21.51
2014-02-17,20.3,28.0,12.3,44,0.0,953.5,23.04
2014-02-18,22.1,30.0,13.7,34,0.0,954.4,23.09
2014-02-19,23.6,31.6,15.4,42,0.0,952.8,22.71
2014-02-20,25.0,32.7,19.3,55,0.0,952.0,22.27
2014-02-21,23.7,29.8,19.2,72,0.0,952.9,17.83
2014-02-22,22.4,29.7,16.4,68,0.0,953.2,19.79
2014-02-23,23.9,31.6,17.4,60,0.1,953.0,21.84
2014-02-24,25.3,33.1,18.7,57,0.2,953.0,20.71
2014-02-25,25.9,33.7,18.4,57,0.0,953.4,22.87
2014-02-26,25.2,32.4,20.1,63,0.4,952.5,20.44
2014-02-27,23.7,30.5,18.4,66,1.2,952.2,21.34
2014-02-28,21.5,27.9,16.3,61,0.0,952.1,21.76
2014-03-01,20.5,28.6,13.0,49,0.0,952.1,24.97
2014-03-02,21.6,29.7,13.6,37,0.0,952.0,24.67
2014-03-03,22.6,30.2,16.1,47,0.0,951.4,21.13
2014-03-04,22.9,30.5,17.3,63,0.0,952.4,22.1
2014-03-05,23.3,30.6,17.1,64,0.0,952.6,21.15
2014-03-06,23.1,30.8,16.4,67,0.0,952.3,22.5
2014-03-07,23.8,31.3,17.1,63,0.0,952.7,22.8
2014-03-08,24.6,33.1,17.2,59,1.1,953.4,22.8
2014-03-09,23.8,31.2,18.6,67,3.1,953.2,21.26
2014-03-10,24.2,31.5,18.5,64,0.0,952.8,21.88
2014-03-11,25.1,32.9,18.2,49,0.0,952.8,24.45
2014-03-12,26.2,33.2,19.9,44,0.1,953.3,21.41
2014-03-13,25.8,32.7,19.2,59,0.7,953.6,20.42
2014-03-14,26.7,33.8,19.2,55,0.0,953.2,22.04
2014-03-15,28.0,34.7,21.4,42,0.0,954.8,19.79
2014-03-16,28.6,34.6,22.6,41,0.0,955.7,20.47
2014-03-17,28.7,34.0,23.3,44,0.0,955.1,17.35
2014-03-18,29.2,34.4,24.1,41,0.0,954.4,21.32
2014-03-19,28.9,35.3,22.3,42,0.0,953.2,20.63
2014-03-20,30.0,36.7,24.2,28,0.0,952.4,22.09
2014-03-21,28.1,36.3,20.6,30,0.0,951.2,25.89
2014-03-22,27.0,35.1,19.0,29,0.0,949.7,26.36
2014-03-23,27.9,36.9,19.7,41,0.0,950.1,26.33
2014-03-24,28.0,36.2,21.1,47,0.0,951.4,22.64
2014-03-25,28.0,36.2,19.8,43,0.0,951.4,25.87
2014-03-26,29.1,37.2,20.3,41,0.0,951.0,26.04
2014-03-27,29.5,37.9,23.0,39,0.1,951.7,25.05
2014-03-28,29.3,37.3,21.5,36,0.0,952.4,25.28
2014-03-29,30.1,37.9,22.2,35,0.0,951.7,26.12
2014-03-30,31.0,38.4,24.2,30,0.0,951.0,25.61
2014-03-31,30.3,38.4,23.4,33,0.3,950.8,25.04
2014-04-01,28.9,37.2,20.7,39,0.0,950.2,26.57
2014-04-02,28.3,36.4,20.0,38,0.0,950.2,26.72
2014-04-03,29.1,37.4,20.3,36,0.0,950.6,27.05
2014-04-04,30.6,38.1,22.9,35,0.0,951.1,24.61
2014-04-05,30.8,39.2,22.6,37,0.0,951.7,24.82
2014-04-06,30.1,38.5,23.0,44,0.0,952.0,20.77
2014-04-07,30.1,37.7,23.6,44,0.0,952.8,20.08
2014-04-08,28.9,36.1,22.9,49,0.0,952.8,21.86
2014-04-09,28.8,36.5,21.5,44,0.0,952.9,25.81
2014-04-10,28.4,36.8,20.8,44,0.0,953.1,25.42
2014-04-11,28.6,36.9,21.6,33,0.0,952.5,27.31
2014-04-12,28.8,37.0,20.9,24,0.0,951.0,27.89
2014-04-13,27.3,37.1,18.1,40,0.0,950.8,27.9
2014-04-14,27.7,37.7,18.6,45,0.0,951.3,27.47
2014-04-15,28.6,37.7,20.4,50,0.0,952.2,26.03
2014-04-16,29.0,37.9,21.5,56,2.0,951.3,23.14
2014-04-17,28.2,36.3,22.4,61,0.9,950.4,22.17
2014-04-18,28.0,37.1,22.0,62,3.6,952.1,22.6
2014-04-19,28.5,37.3,21.4,59,1.2,952.0,25.01
2014-04-20,29.3,36.6,22.9,55,1.8,950.7,23.93
2014-04-21,29.6,36.3,24.3,55,1.7,950.8,22.54
2014-04-22,30.3,36.2,23.6,45,0.1,952.4,22.13
2014-04-23,31.2,36.7,25.6,40,0.0,951.8,22.68
2014-04-24,31.6,38.9,24.9,36,0.0,950.3,25.21
2014-04-25,30.7,39.2,23.0,43,0.0,950.7,27.49
2014-04-26,31.0,39.8,22.4,47,0.0,950.1,27.12
2014-04-27,30.8,39.7,21.8,50,0.0,950.5,24.07
2014-04-28,30.7,39.3,23.4,53,1.1,950.8,24.44
2014-04-29,31.1,39.2,23.8,49,0.0,950.0,24.38
2014-04-30,30.8,38.8,23.9,51,1.9,950.6,24.33
2014-05-01,30.8,39.6,24.0,51,1.5,950.1,24.88
2014-05-02,30.4,38.6,23.5,51,0.6,949.7,26.13
2014-05-03,29.8,38.6,23.5,50,1.5,949.2,22.26
2014-05-04,29.6,37.9,22.5,51,0.0,948.6,26.22
2014-05-05,29.7,38.2,20.8,45,0.0,948.7,26.67
2014-05-06,30.9,37.6,24.2,48,0.0,949.4,20.89
2014-05-07,31.2,37.8,26.4,49,2.5,949.2,21.17
2014-05-08,29.5,36.3,25.2,57,0.6,948.6,18.54
2014-05-09,28.2,34.1,25.8,64,5.0,948.1,13.51
2014-05-10,28.4,35.0,23.5,55,0.0,948.7,26.61
2014-05-11,27.5,35.5,20.6,56,0.0,950.9,27.43
2014-05-12,27.7,36.0,20.7,57,0.0,951.4,26.74
2014-05-13,27.8,36.0,21.6,58,0.5,951.4,26.0
2014-05-14,27.5,34.6,21.7,61,0.5,951.1,23.77
2014-05-15,28.0,35.6,22.0,60,0.1,950.0,23.29
2014-05-16,28.3,35.3,22.3,59,0.0,949.7,24.37
2014-05-17,28.6,36.4,22.6,61,0.2,951.0,23.88
2014-05-18,29.3,36.7,24.3,64,3.6,950.9,20.15
2014-05-19,30.1,36.6,24.9,56,2.3,950.0,16.61
2014-05-20,30.0,37.0,25.7,60,2.4,949.9,17.51
2014-05-21,29.6,36.8,24.2,61,1.2,949.3,23.21
2014-05-22,29.0,35.3,23.6,57,0.0,948.9,25.05
2014-05-23,28.9,36.7,22.3,56,0.0,948.2,25.8
2014-05-24,29.5,38.2,22.6,59,0.0,948.4,26.34
2014-05-25,29.3,38.2,22.3,57,0.0,948.8,26.71
2014-05-26,29.4,38.2,22.6,61,0.1,948.8,25.14
2014-05-27,28.4,36.6,24.3,71,8.3,949.2,19.88
2014-05-28,29.2,36.6,24.8,68,2.7,949.3,23.49
2014-05-29,28.9,35.7,24.1,70,2.0,949.9,23.27
2014-05-30,28.5,35.7,23.9,68,0.8,949.6,24.59
2014-05-31,28.3,36.2,22.4,64,0.0,948.4,26.67
2014-06-01,28.7,36.5,22.3,63,0.0,948.0,26.01
2014-06-02,29.2,37.9,23.4,66,0.7,948.3,24.79
2014-06-03,28.3,33.1,25.3,76,2.8,947.9,15.06
2014-06-04,28.9,35.0,24.3,71,0.0,946.5,21.1
2014-06-05,28.4,34.3,24.7,75,3.2,946.0,18.77
2014-06-06,28.8,34.9,24.7,71,0.6,945.9,22.06
2014-06-07,28.6,35.6,24.1,69,0.3,945.5,23.54
2014-06-08,29.1,35.2,24.8,67,0.0,944.5,24.33
2014-06-09,28.4,34.7,24.7,71,1.4,944.7,19.79
2014-06-10,28.2,35.9,24.7,71,6.9,944.7,22.26
2014-06-11,28.1,33.3,24.8,67,0.3,946.0,22.39
2014-06-12,27.3,32.4,24.1,70,0.5,946.6,19.28
2014-06-13,26.5,31.8,23.5,75,0.6,947.3,19.53
2014-06-14,26.2,30.7,23.2,76,1.9,947.6,19.87
2014-06-15,25.6,29.6,23.4,79,1.9,947.6,18.27
2014-06-16,25.9,29.9,23.4,79,2.3,946.5,16.27
2014-06-17,25.8,30.2,23.3,77,1.3,946.2,16.42
2014-06-18,25.6,29.8,23.1,78,3.2,944.8,17.9
2014-06-19,25.5,29.3,23.3,81,3.8,944.1,14.34
2014-06-20,25.9,29.8,23.5,79,4.1,945.2,19.64
2014-06-21,26.1,30.7,23.6,77,2.7,947.3,20.89
2014-06-22,25.8,29.8,23.1,77,1.5,949.2,18.12
2014-06-23,25.7,30.0,23.1,78,1.9,949.3,17.96
2014-06-24,26.0,30.6,23.1,76,1.9,947.7,19.85
2014-06-25,25.9,30.7,23.0,76,1.0,947.8,18.33
2014-06-26,26.5,31.9,22.4,71,0.0,949.4,19.83
2014-06-27,26.7,32.5,21.9,72,0.0,950.3,20.7
2014-06-28,26.6,32.3,22.8,74,0.0,949.9,17.76
2014-06-29,26.7,32.4,22.4,72,0.0,949.0,21.1
2014-06-30,26.3,31.8,22.8,73,0.7,948.7,20.31
2014-07-01,25.9,31.3,22.9,76,2.4,949.6,19.9
2014-07-02,25.5,29.7,22.8,77,1.7,950.2,18.98
2014-07-03,24.3,27.7,22.5,83,3.2,948.1,12.11
2014-07-04,25.0,28.6,22.7,82,2.0,946.9,12.79
2014-07-05,25.9,31.1,23.2,77,2.5,947.4,17.38
2014-07-06,25.9,31.3,22.9,79,2.2,948.4,17.93
2014-07-07,25.6,30.3,22.9,81,1.7,948.4,16.79
2014-07-08,24.7,29.4,22.8,83,2.8,947.3,11.66
2014-07-09,23.8,26.7,22.4,89,9.6,946.8,7.91
2014-07-10,23.4,26.7,22.4,91,16.9,946.9,7.23
2014-07-11,23.5,26.2,22.4,90,14.1,946.5,8.39
2014-07-12,23.2,25.3,22.0,92,8.0,945.6,6.36
2014-07-13,24.2,26.6,22.6,88,4.0,945.0,10.39
2014-07-14,24.2,27.6,22.6,87,7.4,944.5,11.46
2014-07-15,23.1,24.5,22.5,94,22.9,943.2,4.7
2014-07-16,23.1,25.0,22.4,90,22.4,942.8,6.46
2014-07-17,23.9,26.1,22.6,88,16.4,943.5,12.33
2014-07-18,23.9,26.0,22.4,88,13.4,944.0,11.47
2014-07-19,23.6,26.1,22.2,89,13.2,945.2,11.42
2014-07-20,23.5,26.0,22.4,88,5.5,946.7,11.16
2014-07-21,22.9,25.0,22.0,90,4.7,946.5,8.66
2014-07-22,21.9,22.7,21.1,95,10.6,945.8,3.6
2014-07-23,21.9,22.2,21.4,97,31.4,944.5,2.8
2014-07-24,22.9,25.6,21.6,90,12.2,946.0,14.53
2014-07-25,23.3,26.6,21.3,88,4.4,947.6,14.28
2014-07-26,23.7,26.3,22.3,88,2.3,949.1,13.69
2014-07-27,23.6,26.1,22.2,89,14.0,949.1,12.34
2014-07-28,22.6,23.6,22.1,95,34.2,946.8,4.76
2014-07-29,22.6,23.4,22.0,93,52.8,945.6,3.83
2014-07-30,22.9,24.6,21.9,94,63.6,945.1,5.29
2014-07-31,23.2,24.3,22.6,94,31.0,944.5,5.37
2014-08-01,23.9,26.7,22.4,89,19.9,944.7,14.71
2014-08-02,23.7,26.1,22.3,88,7.6,945.6,15.26
2014-08-03,23.7,26.5,22.0,88,12.3,945.6,15.02
2014-08-04,23.4,25.9,22.3,89,19.1,944.8,12.53
2014-08-05,22.9,25.0,21.8,90,18.9,944.9,10.39
2014-08-06,22.7,24.8,21.7,91,11.4,945.7,9.59
2014-08-07,23.1,25.4,21.8,88,10.7,945.9,12.82
2014-08-08,23.0,25.6,21.5,88,7.2,946.3,14.33
2014-08-09,23.4,26.7,21.9,87,3.9,947.5,14.84
2014-08-10,23.5,26.4,22.0,88,3.7,948.3,13.55
2014-08-11,23.3,26.3,22.0,88,2.2,947.7,10.82
2014-08-12,23.4,26.2,21.5,87,2.4,948.1,14.07
2014-08-13,23.5,26.2,21.7,87,3.3,949.1,14.22
2014-08-14,23.5,26.4,22.0,88,5.5,949.3,14.37
2014-08-15,23.3,26.1,21.7,88,6.3,949.1,13.81
2014-08-16,23.2,25.8,21.8,86,5.6,949.4,14.5
2014-08-17,23.6,26.7,21.8,86,1.3,949.6,15.0
2014-08-18,24.1,27.9,21.1,85,2.2,950.3,16.9
2014-08-19,24.8,29.5,21.6,86,5.6,950.6,17.61
2014-08-20,25.1,29.1,22.9,89,4.5,949.2,11.31
2014-08-21,25.0,29.1,23.0,89,12.2,947.3,12.17
2014-08-22,23.9,26.5,22.2,94,9.3,946.8,7.02
2014-08-23,25.1,29.6,22.0,88,13.6,947.6,17.43
2014-08-24,25.1,30.0,21.7,87,34.3,947.8,17.75
2014-08-25,24.4,28.0,22.1,89,22.7,948.9,12.86
2014-08-26,23.2,25.8,21.7,94,19.5,949.2,6.94
2014-08-27,22.4,25.2,21.0,93,15.9,947.9,7.11
2014-08-28,22.7,25.4,21.1,92,14.1,947.0,7.08
2014-08-29,23.6,27.9,21.6,91,28.3,945.5,12.7
2014-08-30,23.5,25.9,22.4,93,18.4,944.3,7.2
2014-08-31,22.9,24.7,22.2,96,27.1,942.6,5.15
2014-09-01,22.5,24.2,21.8,94,26.4,941.9,5.93
2014-09-02,23.1,25.3,21.6,90,11.6,943.4,10.67
2014-09-03,23.7,26.2,22.2,87,7.1,945.8,13.52
2014-09-04,23.5,26.1,22.0,87,6.6,946.7,15.44
2014-09-05,23.3,25.7,22.0,89,12.0,947.6,12.96
2014-09-06,23.5,26.3,22.0,88,2.6,947.8,15.09
2014-09-07,23.0,25.8,21.6,87,1.5,947.8,10.72
2014-09-08,22.1,22.9,21.7,94,10.1,947.7,4.37
2014-09-09,22.6,25.0,21.4,89,5.7,948.4,13.62
2014-09-10,23.0,25.7,21.5,88,4.2,948.8,13.31
2014-09-11,23.3,26.0,21.5,88,1.7,949.9,13.86
2014-09-12,23.4,26.4,21.6,88,1.7,950.7,13.72
2014-09-13,23.6,27.1,21.7,87,1.1,950.0,15.0
2014-09-14,23.7,27.2,21.4,85,2.2,949.4,17.35
2014-09-15,23.8,28.5,20.6,82,0.0,948.9,19.22
2014-09-16,23.7,28.0,20.9,84,0.3,948.2,18.48
2014-09-17,23.6,27.9,20.6,85,2.3,947.9,18.43
2014-09-18,23.7,28.1,21.3,87,3.7,949.2,17.26
2014-09-19,23.8,27.6,21.1,86,1.1,950.0,17.36
2014-09-20,23.5,27.4,21.5,89,4.8,949.2,15.13
2014-09-21,24.0,28.3,20.9,83,0.1,949.6,18.46
2014-09-22,24.2,28.6,21.1,83,0.1,950.7,18.63
2014-09-23,24.7,29.4,21.2,80,0.0,950.8,21.68
2014-09-24,24.9,29.6,21.6,84,3.6,951.0,19.33
2014-09-25,25.3,30.4,21.7,85,7.0,950.8,18.33
2014-09-26,26.0,30.8,21.9,77,0.5,951.6,20.54
2014-09-27,25.9,31.4,20.6,70,0.0,951.9,22.52
2014-09-28,26.0,30.8,20.1,67,0.0,952.2,20.17
2014-09-29,26.6,31.2,21.7,70,0.0,952.1,20.02
2014-09-30,26.5,31.8,21.7,73,0.5,952.0,19.77
2014-10-01,26.4,31.5,22.6,76,0.0,952.5,18.23
2014-10-02,26.7,31.2,23.2,72,0.4,952.3,18.01
2014-10-03,27.2,31.9,23.0,62,0.0,951.6,19.73
2014-10-04,26.7,32.3,23.3,78,2.0,952.5,19.6
2014-10-05,26.2,32.2,22.6,79,3.2,952.8,19.42
2014-10-06,26.4,32.1,22.5,72,0.4,952.5,19.88
2014-10-07,25.7,31.6,22.2,75,3.8,950.4,18.98
2014-10-08,24.8,30.8,21.7,83,4.6,950.1,16.42
2014-10-09,25.1,30.7,21.4,83,3.7,950.5,17.56
2014-10-10,25.9,31.1,22.1,82,4.7,949.9,17.4
2014-10-11,26.3,32.1,22.0,72,0.0,949.0,20.24
2014-10-12,26.5,32.2,21.7,57,0.0,948.6,21.74
2014-10-13,25.3,31.4,19.8,69,0.0,947.9,21.29
2014-10-14,25.4,31.9,19.4,68,0.0,950.1,22.65
2014-10-15,26.9,33.7,20.6,68,0.0,952.2,20.54
2014-10-16,27.1,32.3,22.8,68,0.6,952.5,17.82
2014-10-17,26.6,31.9,22.6,72,1.8,952.9,16.85
2014-10-18,25.8,31.1,21.8,75,2.7,952.4,18.78
2014-10-19,26.0,31.7,21.6,74,1.3,951.9,17.97
2014-10-20,27.0,32.6,21.9,62,0.0,952.4,20.08
2014-10-21,26.7,32.4,20.7,56,0.0,953.3,19.88
2014-10-22,27.0,32.0,22.1,59,0.0,954.0,18.62
2014-10-23,27.0,32.3,22.1,51,0.0,953.2,18.49
2014-10-24,26.1,30.5,20.8,54,0.0,952.1,13.32
2014-10-25,21.8,23.8,20.3,84,12.6,951.9,3.98
2014-10-26,21.0,23.4,19.0,86,6.1,953.6,5.94
2014-10-27,21.1,23.5,19.3,87,0.8,954.2,6.99
2014-10-28,23.4,28.8,18.5,71,0.0,953.1,19.16
2014-10-29,23.4,29.0,16.6,63,0.0,953.1,20.92
2014-10-30,23.8,29.7,16.5,57,0.0,952.4,21.0
2014-10-31,24.1,30.1,17.0,56,0.0,952.1,21.09
2014-11-01,24.7,31.2,18.5,56,0.0,952.2,21.0
2014-11-02,25.3,32.0,18.7,56,0.0,953.1,20.5
2014-11-03,25.5,32.3,18.8,55,0.0,953.5,20.52
2014-11-04,25.0,31.8,19.2,54,0.0,953.2,20.37
2014-11-05,25.4,31.8,19.8,50,0.0,953.9,20.45
2014-11-06,25.4,32.0,20.1,52,0.0,953.0,20.74
2014-11-07,25.4,31.8,20.4,49,0.0,952.8,20.22
2014-11-08,25.1,32.0,19.1,48,0.0,953.0,20.52
2014-11-09,25.2,31.6,18.8,47,0.0,952.9,19.83
2014-11-10,25.9,32.1,18.9,51,0.0,952.0,16.84
2014-11-11,25.6,31.2,21.5,75,5.6,951.5,14.62
2014-11-12,26.3,32.3,20.4,64,0.0,952.0,17.31
2014-11-13,25.9,31.6,21.8,68,1.0,953.1,15.47
2014-11-14,24.5,28.3,22.0,74,5.3,954.3,8.76
2014-11-15,22.6,24.5,21.3,92,16.3,953.8,4.55
2014-11-16,23.8,28.4,20.4,81,0.6,953.4,14.09
2014-11-17,24.3,29.7,19.7,78,1.2,953.8,17.4
2014-11-18,24.5,30.0,20.2,78,0.8,954.6,16.86
2014-11-19,24.3,29.4,19.8,78,0.1,954.4,16.3
2014-11-20,24.2,29.9,19.2,69,0.0,953.7,17.55
2014-11-21,23.7,29.1,18.8,62,0.0,953.2,19.04
2014-11-22,24.2,29.5,18.6,59,0.0,952.3,18.32
2014-11-23,24.1,29.7,19.3,62,0.0,952.1,16.39
2014-11-24,23.5,29.5,17.8,64,0.0,952.7,17.13
2014-11-25,23.1,29.2,17.3,60,0.0,952.9,18.99
2014-11-26,22.3,29.3,15.3,53,0.0,951.0,19.52
2014-11-27,22.5,29.5,15.0,49,0.0,951.0,19.37
2014-11-28,23.5,29.9,16.6,47,0.0,952.2,19.0
2014-11-29,23.4,29.8,16.7,47,0.0,952.5,17.78
2014-11-30,22.8,29.7,16.9,47,0.0,952.6,18.93
2014-12-01,21.7,28.2,15.0,47,0.0,952.5,11.61
2014-12-02,22.9,30.1,15.9,50,0.0,952.9,18.4
2014-12-03,23.4,30.0,16.9,53,0.0,953.4,18.4
2014-12-04,24.1,30.2,18.3,51,0.0,953.3,18.3
2014-12-05,22.6,29.9,15.8,49,0.0,953.4,18.66
2014-12-06,22.3,30.0,15.2,47,0.0,953.2,18.87
2014-12-07,22.8,30.0,15.8,46,0.0,952.9,18.77
2014-12-08,23.1,30.5,16.3,49,0.0,952.6,17.74
2014-12-09,24.6,31.1,19.1,54,0.0,953.3,17.52
2014-12-10,25.2,31.3,18.6,57,0.0,952.8,17.29
2014-12-11,24.1,31.1,19.7,72,6.2,952.2,15.68
2014-12-12,23.3,29.2,19.8,81,5.6,952.9,14.48
2014-12-13,22.7,27.2,19.6,82,3.6,953.4,12.63
2014-12-14,22.3,28.4,18.4,72,0.0,953.4,15.84
2014-12-15,20.3,26.7,13.9,57,0.0,953.6,18.57
2014-12-16,20.0,26.9,13.0,60,0.0,954.7,18.36
2014-12-17,19.6,25.9,13.4,61,0.0,955.1,17.24
2014-12-18,19.0,26.3,11.8,52,0.0,954.7,19.0
2014-12-19,20.2,27.7,12.9,50,0.0,955.8,18.21
2014-12-20,20.8,27.0,15.4,54,0.0,954.3,15.54
2014-12-21,20.4,28.0,13.6,52,0.0,952.2,18.51
2014-12-22,20.2,28.4,12.3,47,0.0,951.5,19.02
2014-12-23,21.1,28.6,13.4,46,0.0,952.1,18.81
2014-12-24,21.9,28.8,14.4,47,0.0,953.6,18.6
2014-12-25,21.4,28.3,15.0,54,0.0,954.0,18.54
2014-12-26,20.8,27.5,14.1,54,0.0,953.0,18.19
2014-12-27,19.9,26.8,12.9,52,0.0,952.9,18.62
2014-12-28,19.5,26.5,12.2,47,0.0,953.0,19.01
2014-12-29,19.9,28.1,12.3,48,0.0,951.1,18.99
2014-12-30,21.0,28.9,14.2,60,0.0,948.8,17.16
2014-12-31,19.9,24.4,15.5,76,0.3,948.3,12.68
2015-01-01,19.4,23.7,16.8,75,0.6,948.9,10.96
2015-01-02,19.5,25.2,14.3,73,0.0,951.2,15.03
2015-01-03,20.5,25.4,16.5,68,0.0,953.2,13.79
2015-01-04,20.8,26.2,15.6,71,0.0,953.8,12.63
2015-01-05,21.2,27.4,15.3,69,0.0,953.8,18.15
2015-01-06,21.7,28.4,16.0,64,0.0,953.7,18.68
2015-01-07,21.9,29.0,16.8,60,0.0,953.2,18.83
2015-01-08,21.1,28.0,15.0,53,0.0,953.5,19.08
2015-01-09,20.3,27.4,12.7,42,0.0,954.8,19.57
2015-01-10,20.0,27.6,13.1,38,0.0,955.1,20.07
2015-01-11,20.2,28.3,13.3,38,0.0,954.9,20.15
2015-01-12,19.6,27.8,12.6,41,0.0,954.3,20.26
2015-01-13,20.7,28.2,14.8,41,0.0,953.3,20.22
2015-01-14,21.1,29.0,14.9,43,0.0,952.4,20.07
2015-01-15,20.9,28.3,14.1,48,0.0,952.5,19.97
2015-01-16,21.2,28.2,13.7,45,0.0,953.4,19.81
2015-01-17,21.5,28.1,14.4,45,0.0,953.9,19.84
2015-01-18,21.5,28.7,14.7,50,0.0,953.7,19.74
2015-01-19,21.8,29.2,16.1,57,0.0,952.8,19.44
2015-01-20,20.8,28.2,14.4,58,0.0,954.0,19.65
2015-01-21,21.3,29.0,15.2,60,0.0,955.6,18.8
2015-01-22,21.4,28.5,16.5,67,0.0,955.8,17.32
2015-01-23,21.6,27.6,16.4,70,0.0,954.1,16.24
2015-01-24,23.0,29.3,17.5,62,0.0,954.0,16.37
2015-01-25,22.8,28.7,18.6,63,0.0,954.9,15.88
2015-01-26,22.2,28.2,17.5,61,0.0,954.5,15.88
2015-01-27,22.4,29.6,17.2,60,0.0,953.1,19.07
2015-01-28,22.3,29.5,15.5,63,0.0,951.7,19.77
2015-01-29,22.7,29.3,16.2,63,0.0,952.8,19.01
2015-01-30,22.5,29.3,15.9,60,0.0,955.1,19.96
2015-01-31,23.0,29.8,15.7,54,0.0,955.0,20.48
2015-02-01,24.1,30.8,18.5,50,0.0,954.2,20.24
2015-02-02,24.4,31.6,17.3,49,0.0,954.3,20.77
2015-02-03,24.0,30.5,16.9,50,0.0,956.6,20.52
2015-02-04,23.7,30.8,16.7,40,0.0,956.5,21.28
2015-02-05,23.6,30.2,17.3,36,0.0,954.6,20.26
2015-02-06,23.5,30.3,15.7,37,0.0,953.9,19.2
2015-02-07,22.8,30.9,17.4,53,0.0,953.0,21.26
2015-02-08,21.3,28.8,14.6,54,0.0,953.0,21.95
2015-02-09,22.5,30.3,15.2,43,0.0,953.0,21.6
2015-02-10,23.5,31.5,16.7,52,1.1,953.6,20.26
2015-02-11,23.6,30.2,16.9,53,0.0,953.6,19.78
2015-02-12,23.7,30.3,18.3,52,0.0,953.1,21.71
2015-02-13,24.1,31.3,18.1,50,0.0,953.1,21.97
2015-02-14,24.6,32.0,18.5,46,0.0,952.4,22.23
2015-02-15,25.1,33.0,19.3,41,0.0,952.4,22.47
2015-02-16,25.8,33.9,19.9,37,0.0,953.3,22.8
2015-02-17,25.7,34.0,19.6,43,0.0,953.1,22.81
2015-02-18,23.7,32.9,15.6,41,0.0,951.6,23.3
2015-02-19,24.1,32.0,17.4,50,0.0,951.5,23.04
2015-02-20,24.9,32.7,17.7,47,0.0,952.2,22.68
2015-02-21,25.2,32.7,17.7,38,0.0,952.7,22.86
2015-02-22,25.8,33.2,18.3,39,0.0,953.7,23.07
2015-02-23,26.1,33.3,19.6,35,0.0,953.6,23.37
2015-02-24,26.1,33.7,19.6,45,0.0,952.1,22.41
2015-02-25,25.1,32.9,17.8,55,0.0,950.9,23.12
2015-02-26,24.2,31.9,18.0,53,0.0,950.4,23.5
2015-02-27,23.5,31.0,16.4,42,0.0,950.3,23.78
2015-02-28,20.3,28.8,16.2,68,30.7,950.2,15.24
2015-03-01,19.2,23.5,16.2,83,19.3,949.3,13.27
2015-03-02,19.9,24.7,15.7,76,1.2,952.2,20.99
2015-03-03,18.5,24.4,14.2,72,0.0,952.8,23.48
2015-03-04,19.5,25.9,13.2,64,0.0,952.0,24.62
2015-03-05,21.4,29.2,14.2,57,0.0,952.5,24.7
2015-03-06,23.3,30.7,16.6,57,0.0,954.0,24.25
2015-03-07,23.5,30.7,15.8,49,0.0,953.5,24.61
2015-03-08,24.1,31.6,17.3,48,0.0,953.3,24.7
2015-03-09,24.8,31.7,18.1,53,0.0,954.4,23.04
2015-03-10,24.4,31.3,18.3,68,1.6,954.9,21.33
2015-03-11,23.8,30.8,19.0,75,2.4,954.7,20.66
2015-03-12,25.3,32.0,18.9,58,0.4,954.8,22.51
2015-03-13,24.2,32.9,18.0,61,2.0,953.2,23.19
2015-03-14,24.9,32.2,19.3,63,1.7,953.7,21.95
2015-03-15,24.5,30.5,20.2,72,0.0,954.0,22.72
2015-03-16,23.6,30.9,17.2,67,0.0,954.8,24.66
2015-03-17,24.6,32.9,17.5,55,0.0,954.0,25.23
2015-03-18,26.1,33.6,18.5,43,0.0,952.0,25.24
2015-03-19,26.8,35.0,18.8,48,0.0,952.2,25.04
2015-03-20,27.6,35.2,21.0,52,0.0,953.1,21.95
2015-03-21,28.4,35.8,22.1,50,0.2,954.0,22.69
2015-03-22,28.4,36.5,21.6,53,0.1,953.6,22.77
2015-03-23,29.0,36.3,22.2,49,0.0,952.3,21.16
2015-03-24,29.5,37.4,21.3,46,0.0,951.3,24.6
2015-03-25,29.9,37.6,22.8,42,0.0,951.4,24.33
2015-03-26,29.4,37.2,23.2,57,0.0,953.1,20.4
2015-03-27,29.2,36.6,23.0,61,0.0,953.8,22.36
2015-03-28,28.8,36.5,21.8,62,1.1,952.7,22.22
2015-03-29,27.8,34.3,23.6,64,1.9,951.4,15.5
2015-03-30,27.8,34.3,21.7,55,2.0,951.3,23.28
2015-03-31,27.7,35.3,20.8,38,0.0,951.6,26.36
2015-04-01,27.2,35.5,19.8,29,0.0,951.1,26.8
2015-04-02,27.0,36.1,18.8,45,0.0,950.6,26.79
2015-04-03,26.7,33.9,20.4,45,0.0,950.1,26.76
2015-04-04,26.1,34.3,18.1,40,0.0,948.8,27.39
2015-04-05,26.3,35.4,17.7,52,0.0,948.7,27.09
2015-04-06,27.1,36.7,18.9,52,0.0,948.5,27.25
2015-04-07,26.6,36.1,17.9,52,0.0,949.3,26.67
2015-04-08,27.8,37.0,20.3,58,0.0,950.6,25.96
2015-04-09,28.8,37.4,21.2,59,0.0,951.0,23.63
2015-04-10,28.1,35.0,22.9,65,1.3,951.8,20.47
2015-04-11,26.5,33.3,22.4,71,4.4,952.1,22.54
2015-04-12,25.9,33.3,20.4,62,0.0,952.9,25.87
2015-04-13,24.6,31.8,18.7,64,0.5,952.5,24.27
2015-04-14,24.4,30.5,19.0,67,0.0,951.2,21.0
2015-04-15,25.7,32.5,19.3,64,0.0,951.4,20.16
2015-04-16,27.2,32.5,21.0,59,0.0,953.2,21.41
2015-04-17,28.6,36.1,21.8,59,0.0,952.3,22.6
2015-04-18,29.4,38.0,20.7,56,0.0,949.8,25.14
2015-04-19,31.0,39.7,22.7,48,0.0,949.6,25.37
2015-04-20,31.1,38.6,24.1,49,0.0,951.0,21.91
2015-04-21,30.3,38.6,24.4,62,1.4,951.4,22.37
2015-04-22,29.8,37.1,24.9,64,2.9,950.9,23.49
2015-04-23,29.0,36.2,24.3,64,0.2,951.3,23.97
2015-04-24,28.4,36.3,22.5,55,0.0,951.4,27.33
2015-04-25,27.6,36.7,19.5,54,0.0,950.1,27.29
2015-04-26,28.2,38.3,20.1,55,0.0,950.5,25.45
2015-04-27,29.2,38.7,21.0,56,0.0,951.5,24.96
2015-04-28,29.4,38.3,22.5,55,0.3,951.7,26.23
2015-04-29,29.2,38.7,22.2,52,0.0,950.7,27.21
2015-04-30,28.8,38.0,21.7,56,0.0,951.6,27.12
2015-05-01,29.3,37.9,21.4,51,0.0,951.0,27.39
2015-05-02,29.5,39.9,21.2,55,0.0,950.3,27.36
2015-05-03,29.9,39.0,22.7,53,0.0,950.4,26.06
2015-05-04,30.4,39.9,21.8,49,0.1,950.0,26.56
2015-05-05,30.4,38.7,23.3,55,1.2,950.3,23.79
2015-05-06,30.5,38.3,24.4,54,1.4,949.9,24.26
2015-05-07,30.4,38.8,23.0,53,0.8,950.2,24.8
2015-05-08,31.1,39.3,23.9,53,0.5,950.1,23.38
2015-05-09,31.4,39.1,24.8,50,2.0,948.8,21.74
2015-05-10,31.3,38.7,24.2,43,0.5,949.1,24.41
2015-05-11,31.2,38.6,24.0,43,0.1,949.4,23.02
2015-05-12,30.3,38.7,24.3,57,2.6,950.1,24.54
2015-05-13,29.1,36.2,24.5,63,1.7,949.8,22.22
2015-05-14,28.2,31.8,24.7,62,1.1,950.3,14.23
2015-05-15,28.9,35.4,25.2,66,3.2,950.3,14.81
2015-05-16,30.0,36.4,24.6,62,0.0,948.4,21.57
2015-05-17,30.5,39.0,24.4,57,0.2,947.2,25.86
2015-05-18,30.0,38.9,23.7,58,0.0,947.9,25.42
2015-05-19,29.2,36.9,24.1,60,0.0,949.0,24.71
2015-05-20,29.3,38.3,23.0,61,0.0,949.8,25.29
2015-05-21,28.7,36.0,23.1,66,0.0,950.0,24.7
2015-05-22,29.1,37.3,23.1,66,0.0,949.9,26.19
2015-05-23,28.6,36.4,23.4,65,0.1,950.0,25.42
2015-05-24,28.4,35.4,23.2,65,0.1,950.4,24.93
2015-05-25,28.2,34.9,23.0,66,0.0,950.4,24.92
2015-05-26,28.1,35.6,22.8,66,0.1,950.6,25.1
2015-05-27,28.5,37.2,22.2,64,0.0,950.1,26.32
2015-05-28,28.8,37.7,22.3,65,0.0,948.9,25.87
2015-05-29,29.0,37.2,22.9,66,1.8,948.9,23.55
2015-05-30,29.5,36.0,24.7,67,1.9,949.9,22.69
2015-05-31,30.0,37.5,25.2,65,0.7,948.1,24.05
2015-06-01,28.4,35.2,23.8,65,0.0,947.5,25.6
2015-06-02,27.4,34.6,21.6,64,0.0,948.8,26.52
2015-06-03,28.0,36.4,21.6,64,0.2,948.1,26.06
2015-06-04,28.9,37.3,22.2,62,0.0,948.0,24.71
2015-06-05,27.8,37.0,24.2,73,10.0,949.1,18.31
2015-06-06,28.0,34.2,24.0,73,5.1,948.0,20.54
2015-06-07,28.1,34.1,24.7,74,9.0,947.2,20.8
2015-06-08,27.0,32.5,24.2,76,5.6,947.3,17.69
2015-06-09,27.0,33.2,23.6,73,1.5,948.8,21.27
2015-06-10,26.8,32.2,24.1,74,2.0,948.2,18.42
2015-06-11,26.4,31.7,23.8,79,10.7,947.9,18.58
2015-06-12,25.2,28.5,23.7,86,11.4,947.8,11.51
2015-06-13,24.2,26.5,23.0,90,11.8,946.8,7.54
2015-06-14,23.1,23.8,22.4,96,22.5,946.3,3.75
2015-06-15,23.6,26.0,22.3,91,9.5,946.6,6.47
2015-06-16,23.9,27.9,22.3,88,4.4,946.1,10.56
2015-06-17,24.4,28.5,22.2,84,3.4,944.5,14.36
2015-06-18,24.6,28.2,22.8,85,7.9,944.2,13.7
2015-06-19,23.6,25.1,22.9,93,11.0,943.2,4.32
2015-06-20,24.0,25.8,23.1,91,15.1,942.1,6.31
2015-06-21,24.1,26.6,22.9,91,26.6,941.0,9.13
2015-06-22,23.8,25.2,22.9,91,23.1,941.7,7.3
2015-06-23,23.7,25.8,22.9,91,24.1,941.4,4.18
2015-06-24,24.3,26.7,23.5,90,21.7,944.0,10.34
2015-06-25,24.6,27.5,22.8,86,5.4,945.1,17.16
2015-06-26,24.8,28.5,22.9,84,3.3,945.3,19.97
2015-06-27,25.0,28.1,23.0,83,2.6,946.4,17.15
2015-06-28,25.1,28.4,22.6,82,1.3,948.5,17.08
2015-06-29,25.0,29.0,22.2,80,0.7,949.7,18.56
2015-06-30,24.5,27.7,22.5,84,2.1,949.5,16.88
2015-07-01,25.0,28.2,22.6,81,0.3,950.1,19.2
2015-07-02,25.2,29.4,22.1,79,0.0,951.1,18.83
2015-07-03,25.1,29.4,22.2,77,0.0,951.2,19.91
2015-07-04,25.0,28.4,22.5,79,0.1,950.8,17.52
2015-07-05,25.0,28.8,22.5,80,1.0,949.4,18.55
2015-07-06,24.8,28.5,22.4,81,3.3,948.0,19.8
2015-07-07,24.6,27.6,22.6,84,4.5,946.8,16.12
2015-07-08,24.8,27.9,22.9,84,3.8,947.7,15.97
2015-07-09,24.8,28.4,22.9,84,4.1,948.3,16.66
2015-07-10,24.7,27.4,23.1,84,5.5,945.9,15.47
2015-07-11,24.4,27.3,22.6,84,4.3,945.8,13.63
2015-07-12,25.0,28.3,22.8,81,2.2,947.4,16.58
2015-07-13,25.3,29.1,22.8,80,0.4,948.1,16.47
2015-07-14,25.6,29.9,22.6,79,0.8,947.4,20.08
2015-07-15,25.3,29.1,22.8,77,0.1,945.7,18.53
2015-07-16,25.1,28.7,23.0,81,3.6,944.0,19.19
2015-07-17,24.8,27.6,22.8,83,4.3,943.9,15.74
2015-07-18,24.8,27.9,23.1,83,4.5,945.5,14.69
2015-07-19,24.5,27.2,22.8,85,5.3,946.0,15.9
2015-07-20,23.5,25.5,22.7,89,5.5,944.9,5.04
2015-07-21,24.0,25.8,22.9,87,4.5,945.0,9.91
2015-07-22,23.8,26.1,22.5,89,5.3,945.4,9.45
2015-07-23,24.0,27.4,22.5,88,9.0,945.8,10.07
2015-07-24,24.3,27.7,22.7,87,5.4,947.3,14.02
2015-07-25,24.0,26.8,22.7,86,5.6,947.4,13.05
2015-07-26,23.6,26.4,22.1,87,8.3,947.3,13.41
2015-07-27,23.3,25.7,21.9,87,12.0,948.1,13.94
2015-07-28,23.1,25.8,21.7,87,9.3,948.7,11.96
2015-07-29,22.8,25.2,21.8,89,8.5,949.0,10.26
2015-07-30,23.4,26.5,21.6,85,4.7,949.3,15.51
2015-07-31,23.6,26.2,22.0,85,4.0,949.3,15.43
2015-08-01,23.9,26.9,22.1,84,3.6,950.5,15.55
2015-08-02,23.9,27.0,21.7,84,2.3,950.9,16.14
2015-08-03,23.9,26.2,22.5,84,2.4,949.5,12.05
2015-08-04,23.5,25.7,22.1,86,4.0,948.1,9.92
2015-08-05,22.3,23.1,21.9,94,12.0,947.1,4.52
2015-08-06,22.9,24.7,21.9,93,8.2,946.3,5.86
2015-08-07,24.2,27.3,22.4,87,4.8,946.7,15.58
2015-08-08,24.2,27.3,22.3,85,5.6,947.1,15.94
2015-08-09,23.6,26.4,22.4,91,7.1,945.7,8.81
2015-08-10,24.1,26.5,22.5,87,2.0,945.4,12.5
2015-08-11,24.2,27.6,22.2,85,2.8,947.2,14.59
2015-08-12,23.0,25.1,22.0,94,11.3,947.7,6.39
2015-08-13,23.8,26.4,22.4,87,2.2,947.5,11.26
2015-08-14,24.0,27.4,22.4,87,2.1,947.6,13.72
2015-08-15,24.0,27.3,22.0,86,2.7,948.7,14.23
2015-08-16,24.1,27.5,22.0,85,1.6,950.1,13.74
2015-08-17,24.0,27.2,22.0,87,0.9,949.0,12.11
2015-08-18,25.0,29.2,21.8,81,0.3,949.7,15.99
2015-08-19,25.3,30.5,21.9,81,0.0,950.7,17.82
2015-08-20,25.3,29.5,22.2,81,0.5,950.9,18.42
2015-08-21,24.4,27.8,21.8,83,1.7,950.5,16.58
2015-08-22,24.2,27.2,22.3,85,3.8,949.4,16.07
2015-08-23,24.1,26.9,22.5,85,2.9,949.6,15.44
2015-08-24,24.5,28.1,22.5,82,3.9,950.5,17.3
2015-08-25,23.7,26.8,21.8,85,2.0,949.9,13.85
2015-08-26,24.3,27.4,22.1,85,2.5,948.5,15.72
2015-08-27,24.1,28.1,22.0,85,1.7,947.9,16.28
2015-08-28,23.6,26.3,22.2,87,2.3,948.6,10.41
2015-08-29,23.8,26.4,22.2,87,1.4,948.5,11.17
2015-08-30,24.0,27.6,22.1,85,2.1,948.9,13.72
2015-08-31,24.1,27.6,21.9,83,1.7,949.9,15.07
2015-09-01,24.5,28.8,21.6,80,0.0,949.3,19.7
2015-09-02,24.4,28.8,21.2,79,0.8,948.7,18.51
2015-09-03,24.5,31.0,20.0,76,0.0,949.6,21.08
2015-09-04,25.7,31.7,21.6,74,0.0,952.1,22.05
2015-09-05,26.0,31.9,21.7,77,0.1,952.7,20.28
2015-09-06,26.0,31.2,22.5,73,0.0,952.2,21.02
2015-09-07,25.5,30.8,22.1,76,1.3,951.6,20.38
2015-09-08,24.6,28.1,21.5,78,0.2,951.0,10.85
2015-09-09,24.0,27.9,22.0,89,8.6,950.8,11.07
2015-09-10,24.0,28.3,21.9,89,12.3,950.6,12.23
2015-09-11,24.8,30.3,22.1,86,14.0,950.2,15.74
2015-09-12,24.3,29.1,22.1,88,8.1,950.1,13.1
2015-09-13,24.2,29.2,22.1,89,7.0,950.7,13.85
2015-09-14,24.2,28.6,22.7,89,8.1,949.7,11.12
2015-09-15,24.0,28.5,22.3,90,7.0,948.2,11.74
2015-09-16,24.0,27.2,22.6,89,8.8,947.3,10.1
2015-09-17,24.1,27.1,22.2,88,1.8,946.3,9.91
2015-09-18,22.9,23.4,22.5,95,14.0,945.3,2.71
2015-09-19,24.0,27.4,22.0,87,7.1,946.0,17.15
2015-09-20,23.7,26.7,22.1,86,2.6,946.5,14.96
2015-09-21,23.9,27.7,22.0,84,1.1,947.1,16.73
2015-09-22,24.3,28.1,21.9,83,0.8,948.8,15.04
2015-09-23,24.8,29.2,21.8,82,1.2,951.3,18.33
2015-09-24,25.0,29.8,21.2,81,0.1,950.9,19.71
2015-09-25,24.8,29.8,21.6,80,0.0,950.0,20.28
2015-09-26,24.2,30.4,20.0,74,0.0,950.2,23.55
2015-09-27,24.3,31.1,18.7,75,0.0,950.3,22.57
2015-09-28,26.0,32.0,20.7,70,0.0,949.6,22.24
2015-09-29,26.7,32.3,20.8,65,0.0,949.5,20.26
2015-09-30,27.7,33.1,22.5,61,0.0,950.9,21.59
2015-10-01,26.7,33.0,22.3,74,16.4,951.7,18.34
2015-10-02,25.2,30.7,22.2,86,13.7,952.9,16.35
2015-10-03,24.8,28.8,22.7,88,13.1,953.3,13.05
2015-10-04,24.8,28.7,22.8,90,22.6,952.9,14.82
2015-10-05,25.1,30.3,21.6,86,8.9,951.4,18.21
2015-10-06,26.1,31.2,22.2,70,0.0,950.1,22.37
2015-10-07,26.0,31.3,20.9,62,0.0,950.2,22.9
2015-10-08,26.7,31.9,22.8,60,0.0,950.1,21.41
2015-10-09,26.5,31.8,22.6,75,0.1,950.1,18.27
2015-10-10,26.2,30.9,22.5,78,0.5,950.9,17.83
2015-10-11,25.3,29.8,22.6,85,18.3,952.2,13.55
2015-10-12,25.2,30.1,21.1,83,4.8,953.4,17.54
2015-10-13,26.1,31.4,22.1,79,1.0,953.2,16.74
2015-10-14,26.6,31.7,21.2,68,0.0,953.3,18.32
2015-10-15,27.4,32.8,22.7,56,0.0,953.0,20.61
2015-10-16,27.6,32.3,23.1,51,0.0,953.1,20.16
2015-10-17,26.8,32.0,20.8,62,0.0,953.4,19.34
2015-10-18,27.1,32.0,22.1,67,0.0,954.3,18.51
2015-10-19,27.7,32.8,22.3,57,0.0,954.0,19.08
2015-10-20,27.3,33.0,22.4,59,0.0,952.4,19.11
2015-10-21,27.3,32.7,23.1,56,0.0,951.7,17.67
2015-10-22,27.7,33.3,23.2,55,0.0,952.4,17.5
2015-10-23,27.6,33.7,22.5,55,0.0,952.5,17.58
2015-10-24,28.2,33.5,23.4,54,0.0,952.0,16.21
2015-10-25,27.9,32.8,23.3,57,0.0,952.9,16.21
2015-10-26,26.9,31.4,22.4,58,0.0,953.9,15.92
2015-10-27,26.8,31.7,22.7,60,0.0,953.7,16.35
2015-10-28,27.3,33.0,21.6,55,0.0,952.7,18.33
2015-10-29,26.9,32.9,21.8,60,0.0,952.3,17.9
2015-10-30,26.7,32.9,21.3,55,0.0,952.0,19.94
2015-10-31,26.6,32.4,21.6,56,0.0,951.6,18.89
2015-11-01,26.5,32.1,21.3,54,0.0,952.1,19.25
2015-11-02,26.1,32.3,19.6,52,0.0,952.9,19.66
2015-11-03,26.3,32.4,19.4,53,0.0,953.2,20.02
2015-11-04,26.4,32.2,20.3,56,0.0,952.8,17.27
2015-11-05,26.6,33.1,20.6,64,0.2,952.8,18.02
2015-11-06,26.9,32.7,21.5,61,0.0,952.3,17.14
2015-11-07,27.7,32.5,23.1,48,0.0,952.6,15.95
2015-11-08,27.4,33.1,21.8,46,0.0,953.3,19.58
2015-11-09,26.2,32.7,19.8,45,0.0,952.7,19.55
2015-11-10,25.5,31.7,19.2,45,0.0,951.9,19.41
2015-11-11,26.0,32.7,19.8,46,0.0,952.4,20.15
2015-11-12,26.6,33.3,20.4,43,0.0,953.9,20.22
2015-11-13,26.0,32.8,19.0,43,0.0,954.5,19.84
2015-11-14,25.7,32.5,18.4,44,0.0,952.3,19.91
2015-11-15,25.6,32.1,18.9,45,0.0,951.4,18.76
2015-11-16,26.1,32.4,19.5,45,0.0,951.1,18.77
2015-11-17,26.1,32.3,20.1,44,0.0,951.0,19.76
2015-11-18,25.0,31.8,18.1,40,0.0,952.3,20.2
2015-11-19,24.6,31.1,18.5,39,0.0,953.2,20.08
2015-11-20,25.5,31.4,19.4,48,0.0,952.2,17.39
2015-11-21,25.1,29.3,22.3,72,7.6,952.1,10.27
2015-11-22,24.5,29.4,22.1,83,7.3,952.2,11.5
2015-11-23,24.1,28.5,21.5,86,21.1,953.1,12.66
2015-11-24,24.3,28.4,21.5,84,3.1,953.3,12.35
2015-11-25,24.5,29.6,20.6,80,2.5,953.2,14.5
2015-11-26,24.9,30.1,20.3,66,0.0,953.0,17.88
2015-11-27,25.4,30.4,21.6,63,0.0,951.4,17.0
2015-11-28,25.2,30.6,20.9,69,0.0,952.6,17.24
2015-11-29,25.4,31.1,19.8,59,0.0,953.9,17.95
2015-11-30,25.0,31.0,18.8,57,0.0,954.5,18.12
2015-12-01,24.8,30.5,19.4,65,0.0,953.3,15.91
2015-12-02,25.1,30.6,20.0,62,0.0,953.1,15.18
2015-12-03,24.9,30.4,19.8,65,0.0,954.0,16.18
2015-12-04,25.3,31.3,19.2,55,0.0,953.3,18.6
2015-12-05,24.1,30.7,17.4,56,0.0,953.4,18.49
2015-12-06,24.0,31.1,17.4,53,0.0,953.3,18.75
2015-12-07,23.6,30.6,16.8,50,0.0,953.9,18.57
2015-12-08,23.4,30.4,16.3,51,0.0,953.9,18.17
2015-12-09,23.8,31.0,16.0,47,0.0,953.8,18.71
2015-12-10,24.7,31.9,17.8,56,0.0,953.1,17.38
2015-12-11,24.4,31.4,18.9,64,0.0,951.9,17.1
2015-12-12,24.2,32.0,18.5,64,0.0,951.2,17.91
2015-12-13,25.1,32.6,19.9,55,0.0,951.7,17.49
2015-12-14,25.5,32.5,20.1,51,0.0,952.5,17.57
2015-12-15,25.3,31.6,19.5,61,0.0,952.4,16.25
2015-12-16,25.4,31.4,21.1,64,0.0,952.5,15.54
2015-12-17,25.4,32.0,20.5,55,0.0,952.1,16.91
2015-12-18,24.3,31.1,18.6,43,0.0,953.1,17.88
2015-12-19,24.5,31.8,18.6,58,0.0,954.8,17.58
2015-12-20,24.5,31.1,19.6,67,0.0,954.6,16.86
2015-12-21,23.7,30.8,18.9,62,0.0,954.3,17.97
2015-12-22,21.6,28.8,16.3,53,0.0,955.4,18.79
2015-12-23,22.1,29.8,16.9,44,0.0,955.5,18.61
2015-12-24,21.0,28.3,13.9,48,0.0,955.2,18.59
2015-12-25,20.3,27.5,13.3,38,0.0,956.1,19.02
2015-12-26,19.4,27.1,11.8,35,0.0,956.4,19.34
2015-12-27,20.3,28.7,12.3,35,0.0,956.9,19.07
2015-12-28,22.6,31.2,15.3,34,0.0,957.8,18.73
2015-12-29,23.4,32.0,15.1,34,0.0,956.8,18.79
2015-12-30,24.2,32.2,17.2,34,0.0,955.3,18.69
2015-12-31,23.9,32.1,15.9,37,0.0,955.9,18.85
2016-01-01,24.3,31.9,16.7,36,0.0,957.3,18.91
2016-01-02,24.6,31.4,19.5,37,0.0,957.9,18.61
2016-01-03,23.8,30.8,18.9,37,0.0,956.1,19.06
2016-01-04,23.5,30.5,16.3,37,0.0,956.0,19.08
2016-01-05,23.5,30.1,18.0,42,0.0,955.3,18.81
2016-01-06,24.0,30.3,19.0,42,0.0,955.0,18.65
2016-01-07,24.0,29.7,18.2,41,0.0,955.8,15.88
2016-01-08,23.6,29.7,18.7,47,0.0,955.9,15.82
2016-01-09,23.7,29.8,18.2,42,0.0,954.2,18.75
2016-01-10,23.6,30.0,17.1,43,0.0,954.6,19.0
2016-01-11,23.6,30.1,18.4,41,0.0,954.9,19.36
2016-01-12,23.0,29.9,18.2,52,0.0,953.3,19.15
2016-01-13,22.5,29.6,17.0,58,0.0,952.4,19.21
2016-01-14,22.2,29.6,16.7,59,0.0,952.4,19.4
2016-01-15,21.2,28.5,14.6,69,0.0,951.7,16.31
2016-01-16,21.4,28.1,16.7,69,0.1,951.4,16.41
2016-01-17,20.3,27.4,14.4,63,0.0,951.1,19.33
2016-01-18,20.3,27.3,14.7,57,0.0,950.5,19.65
2016-01-19,19.8,27.0,13.7,55,0.0,951.2,19.77
2016-01-20,20.1,27.3,14.3,42,0.0,953.0,20.44
2016-01-21,20.0,27.4,12.6,44,0.0,954.3,20.2
2016-01-22,21.1,28.5,14.0,42,0.0,954.6,20.21
2016-01-23,22.1,29.2,14.3,44,0.0,955.1,19.97
2016-01-24,23.4,30.7,16.6,45,0.0,955.1,19.01
2016-01-25,23.1,30.7,17.7,46,0.0,953.7,20.49
2016-01-26,23.2,31.8,17.3,45,0.0,953.0,20.56
2016-01-27,23.0,32.1,16.5,46,0.0,953.3,20.72
2016-01-28,24.2,32.9,18.0,35,0.0,953.8,21.07
2016-01-29,25.3,33.1,17.9,37,0.0,955.1,20.87
2016-01-30,25.8,33.4,19.6,38,0.0,955.0,20.92
2016-01-31,25.7,33.8,19.6,45,0.0,954.2,20.93
2016-02-01,25.9,33.5,20.2,44,0.0,954.8,20.78
2016-02-02,25.3,33.8,19.0,39,0.0,954.7,21.28
2016-02-03,25.0,33.3,19.5,31,0.0,954.2,21.84
2016-02-04,23.9,32.5,17.9,36,0.0,953.3,21.98
2016-02-05,24.3,33.1,16.6,43,0.0,952.3,21.47
2016-02-06,22.2,30.5,14.8,57,0.0,951.3,21.56
2016-02-07,21.8,29.9,14.8,59,0.0,953.6,21.68
2016-02-08,23.5,31.9,16.3,54,0.0,953.1,21.57
2016-02-09,24.9,33.1,18.7,55,0.0,952.6,21.32
2016-02-10,24.2,31.2,18.5,58,0.0,952.3,19.53
2016-02-11,22.9,30.2,17.2,62,0.0,952.2,21.75
2016-02-12,20.6,29.2,14.8,68,0.0,952.1,21.32
2016-02-13,21.4,30.7,14.0,60,0.0,952.8,22.44
2016-02-14,23.9,32.1,17.1,52,0.0,952.7,21.82
2016-02-15,25.4,32.6,19.4,47,0.0,953.1,19.66
2016-02-16,26.0,34.3,19.8,48,0.0,953.2,21.69
2016-02-17,26.6,34.3,20.6,50,0.0,953.7,20.73
2016-02-18,26.2,34.7,17.8,51,0.0,953.4,22.05
2016-02-19,26.5,34.3,21.1,60,0.0,954.9,20.29
2016-02-20,27.6,34.7,21.4,59,0.0,955.3,20.74
2016-02-21,28.0,35.3,22.4,55,0.2,954.4,21.03
2016-02-22,27.6,35.6,21.9,40,0.0,954.3,21.47
2016-02-23,27.7,36.4,21.5,34,0.0,952.5,22.74
2016-02-24,25.3,32.9,18.8,43,0.0,951.9,23.22
2016-02-25,24.5,33.1,16.7,49,0.0,952.7,21.22
2016-02-26,25.8,34.3,18.1,46,0.0,953.6,21.17
2016-02-27,27.8,35.3,21.2,47,0.0,954.4,21.63
2016-02-28,28.1,35.5,22.5,54,0.5,955.4,20.14
2016-02-29,28.2,34.6,23.2,54,3.2,955.6,20.4
2016-03-01,26.4,32.9,22.5,62,3.0,954.2,18.96
2016-03-02,25.6,32.8,20.6,68,3.4,954.4,20.07
2016-03-03,26.3,32.7,20.4,63,0.9,955.7,20.39
2016-03-04,26.4,32.1,22.1,57,1.6,954.7,21.24
2016-03-05,26.7,32.9,20.7,54,0.0,952.7,20.97
2016-03-06,26.4,33.5,21.0,48,0.0,952.1,20.67
2016-03-07,26.6,34.3,20.2,41,0.0,951.7,23.63
2016-03-08,26.6,35.1,18.5,45,0.0,951.1,23.44
2016-03-09,27.1,34.9,20.4,40,0.0,952.0,24.27
2016-03-10,28.2,36.1,21.3,40,0.0,952.7,24.47
2016-03-11,28.7,36.7,22.6,42,0.0,953.1,21.28
2016-03-12,27.4,35.2,20.6,50,0.0,952.3,23.4
2016-03-13,25.5,32.4,20.1,47,0.0,953.0,24.96
2016-03-14,24.2,32.5,16.3,56,0.0,952.9,25.81
2016-03-15,25.7,34.4,18.8,58,0.0,952.3,25.33
2016-03-16,25.9,34.1,18.4,58,0.0,952.0,25.28
2016-03-17,27.2,35.5,19.3,52,0.0,952.5,25.3
2016-03-18,28.5,37.2,20.7,51,0.0,952.4,25.37
2016-03-19,29.6,38.0,21.8,43,0.0,952.6,25.05
2016-03-20,29.8,37.6,22.0,35,0.0,953.4,25.58
2016-03-21,28.9,36.6,22.1,35,0.0,952.9,26.11
2016-03-22,28.1,36.8,19.9,32,0.0,950.7,26.61
2016-03-23,29.7,38.2,22.1,32,0.0,950.8,26.47
2016-03-24,29.8,39.1,21.0,43,0.0,952.4,24.1
2016-03-25,29.6,38.1,23.3,52,0.0,953.7,22.38
2016-03-26,29.6,37.9,22.8,53,0.0,953.4,22.17
2016-03-27,29.8,37.8,23.0,47,2.0,952.9,23.05
2016-03-28,29.8,37.5,22.9,40,0.0,953.1,26.22
2016-03-29,29.4,37.4,22.8,32,0.0,953.3,26.45
2016-03-30,29.0,37.8,21.4,41,0.0,953.5,26.47
2016-03-31,29.2,37.8,20.9,41,0.0,952.9,26.55
2016-04-01,29.6,38.4,21.1,38,0.0,950.8,26.65
2016-04-02,29.5,39.3,21.9,51,0.0,951.3,25.29
2016-04-03,29.3,39.0,21.9,55,0.0,952.8,23.15
2016-04-04,30.4,38.8,23.0,52,0.9,951.5,22.09
2016-04-05,29.1,36.0,24.5,59,4.0,951.4,17.69
2016-04-06,28.9,37.1,22.9,59,3.5,952.2,23.98
2016-04-07,28.9,36.8,21.3,49,0.0,951.6,24.36
2016-04-08,29.7,37.6,21.8,40,0.0,951.0,24.54
2016-04-09,30.6,37.9,23.8,34,0.0,951.3,23.5
2016-04-10,30.5,38.9,22.3,38,0.0,952.6,25.7
2016-04-11,30.6,38.3,23.6,39,0.0,952.4,24.15
2016-04-12,30.9,39.0,23.3,40,0.0,950.8,25.43
2016-04-13,30.1,38.8,22.3,42,0.0,949.8,26.93
2016-04-14,30.0,39.9,21.4,51,0.0,949.6,27.53
2016-04-15,30.7,40.6,22.3,46,0.0,950.5,27.61
2016-04-16,30.1,39.9,23.1,45,0.0,950.4,27.26
2016-04-17,29.1,37.7,21.8,42,0.0,950.0,27.42
2016-04-18,30.4,40.2,21.5,52,0.0,949.9,26.83
2016-04-19,31.6,39.5,24.5,51,0.1,950.5,22.06
2016-04-20,31.8,39.1,25.6,50,2.0,952.3,22.18
2016-04-21,31.3,39.5,25.4,47,0.0,951.6,25.86
2016-04-22,28.1,34.9,22.8,48,0.0,951.1,26.05
2016-04-23,27.2,35.6,20.3,56,0.0,949.8,27.08
2016-04-24,27.4,36.2,20.3,56,0.0,948.6,27.16
2016-04-25,28.0,38.1,19.6,55,0.0,949.1,27.32
2016-04-26,29.5,39.5,19.7,50,0.0,950.6,27.3
2016-04-27,31.9,40.8,23.7,40,0.0,950.0,25.18
2016-04-28,31.6,39.8,23.9,37,0.2,949.5,24.16
2016-04-29,30.7,39.5,22.9,48,0.0,950.4,25.1
2016-04-30,30.3,39.6,22.2,50,0.5,950.9,26.56
2016-05-01,30.0,39.3,22.1,47,0.0,950.2,27.48
2016-05-02,29.8,38.8,22.1,52,0.0,950.5,26.97
2016-05-03,30.5,40.2,22.1,45,0.0,949.8,26.82
2016-05-04,29.8,38.7,21.3,48,0.0,949.7,26.99
2016-05-05,29.6,37.7,22.5,54,0.5,950.7,25.19
2016-05-06,28.7,37.3,22.6,60,0.2,950.3,27.06
2016-05-07,28.5,37.1,21.4,60,0.0,950.0,26.33
2016-05-08,28.7,37.3,23.0,63,0.9,951.4,22.74
2016-05-09,28.9,37.7,23.6,64,4.8,951.1,23.09
2016-05-10,29.7,37.3,24.5,60,1.7,951.0,22.84
2016-05-11,29.3,36.7,23.8,63,2.5,951.0,22.1
2016-05-12,29.9,36.8,24.3,62,0.2,949.2,22.74
2016-05-13,30.2,37.4,25.2,63,0.3,949.2,23.91
2016-05-14,30.8,38.1,25.2,61,1.8,950.1,23.76
2016-05-15,30.8,38.5,24.9,61,2.5,949.9,24.11
2016-05-16,31.1,40.1,23.7,56,0.0,947.8,26.07
2016-05-17,31.1,40.5,23.7,56,0.0,945.9,25.68
2016-05-18,30.1,37.4,24.4,64,1.1,945.0,23.32
2016-05-19,28.9,35.9,24.0,68,0.0,944.8,22.67
2016-05-20,28.1,33.6,24.3,69,0.0,946.1,20.48
2016-05-21,28.1,34.9,23.6,67,0.0,948.0,24.77
2016-05-22,28.2,35.2,23.3,67,0.0,949.4,25.8
2016-05-23,28.3,34.5,23.8,68,0.0,950.3,22.98
2016-05-24,28.6,35.1,24.2,67,0.1,949.8,22.42
2016-05-25,28.2,34.3,24.1,70,1.0,949.2,21.76
2016-05-26,28.2,33.8,24.4,70,1.0,949.5,20.48
2016-05-27,28.2,33.4,24.1,70,0.5,950.5,21.67
2016-05-28,28.0,34.1,23.9,71,1.3,950.1,20.39
2016-05-29,28.1,34.1,23.6,69,0.3,949.4,22.37
2016-05-30,28.6,35.1,24.0,66,0.4,948.7,23.58
2016-05-31,28.5,34.6,23.8,67,0.6,949.5,21.81
2016-06-01,28.9,35.5,24.3,67,2.0,950.0,22.64
2016-06-02,29.3,36.5,24.4,66,0.8,949.3,23.9
2016-06-03,29.2,37.0,24.5,67,1.1,948.6,22.68
2016-06-04,28.5,34.7,24.7,72,4.0,948.7,19.28
2016-06-05,28.6,33.7,25.1,70,0.3,948.8,19.36
2016-06-06,26.9,30.2,24.7,78,0.0,948.5,9.5
2016-06-07,28.2,34.6,24.3,73,2.0,948.2,20.65
2016-06-08,28.0,33.9,24.3,73,2.2,947.4,18.69
2016-06-09,28.5,34.3,24.6,69,0.1,947.5,21.46
2016-06-10,26.9,31.2,24.2,77,0.4,948.1,12.38
2016-06-11,25.4,27.7,23.8,84,1.2,948.8,8.93
2016-06-12,26.2,30.5,23.8,81,3.6,948.7,15.05
2016-06-13,26.6,31.1,23.7,77,1.6,949.3,19.4
2016-06-14,26.3,31.4,23.3,78,2.0,948.8,19.87
2016-06-15,26.1,30.4,23.3,78,3.3,947.2,19.56
2016-06-16,26.7,31.8,23.5,75,1.8,946.5,21.96
2016-06-17,26.8,31.5,23.3,73,0.4,946.7,20.55
2016-06-18,25.8,29.8,23.6,78,1.3,947.0,10.44
2016-06-19,24.3,26.5,22.9,89,10.2,946.0,7.16
2016-06-20,22.9,25.4,21.1,91,25.9,944.4,4.44
2016-06-21,24.6,28.9,22.3,87,10.2,944.7,11.85
2016-06-22,25.1,28.8,22.6,83,3.0,946.8,15.43
2016-06-23,25.3,28.7,23.3,85,4.6,946.8,15.98
2016-06-24,24.8,28.2,23.1,85,8.8,946.3,12.83
2016-06-25,23.1,24.0,22.4,95,61.7,947.0,3.0
2016-06-26,23.7,25.8,22.2,90,9.2,946.6,7.57
2016-06-27,24.2,27.4,22.9,90,7.8,945.1,11.84
2016-06-28,23.9,26.4,22.9,92,10.2,944.7,6.58
2016-06-29,23.6,26.2,22.7,93,15.5,945.4,5.93
2016-06-30,23.3,24.4,22.6,94,8.8,945.5,4.2
2016-07-01,24.2,26.4,22.8,90,11.9,944.5,10.45
2016-07-02,23.7,25.4,23.0,92,26.0,944.1,5.63
2016-07-03,23.9,26.2,23.0,92,15.8,945.0,7.5
2016-07-04,23.8,25.5,23.0,92,13.1,945.9,7.12
2016-07-05,23.5,25.3,22.6,92,8.7,945.8,5.9
2016-07-06,23.9,25.8,22.7,88,2.2,945.8,10.4
2016-07-07,24.2,26.9,22.8,85,2.3,946.5,13.83
2016-07-08,23.8,25.9,22.4,87,4.5,945.9,11.27
2016-07-09,22.9,23.6,22.3,94,26.0,944.6,5.0
2016-07-10,23.2,24.2,22.6,93,24.7,944.0,5.53
2016-07-11,23.3,24.5,22.5,94,19.4,944.1,5.71
2016-07-12,23.1,24.9,22.2,92,8.6,945.0,7.42
2016-07-13,23.9,26.5,22.4,87,6.4,945.6,15.32
2016-07-14,24.1,27.3,22.3,86,3.5,946.1,15.9
2016-07-15,24.2,27.5,22.4,85,1.1,946.8,13.78
2016-07-16,24.3,27.4,22.4,84,2.3,947.4,16.53
2016-07-17,24.2,27.5,22.5,86,3.2,949.1,15.0
2016-07-18,23.5,26.3,22.2,88,4.2,949.8,10.95
2016-07-19,22.9,24.0,22.2,91,6.2,949.5,6.12
2016-07-20,23.3,26.4,22.1,91,12.0,948.5,10.46
2016-07-21,22.8,24.5,21.8,92,9.4,947.5,5.5
2016-07-22,22.6,23.9,21.9,95,8.3,946.4,4.91
2016-07-23,23.1,25.7,22.0,92,7.4,945.8,7.95
2016-07-24,23.6,26.2,22.1,90,1.8,946.2,8.95
2016-07-25,23.7,27.1,21.9,89,5.4,946.6,10.91
2016-07-26,23.7,26.0,22.1,87,1.2,947.2,9.9
2016-07-27,23.2,25.1,22.0,92,6.3,947.8,8.29
2016-07-28,23.1,25.2,22.0,93,11.2,948.0,7.83
2016-07-29,23.0,24.4,22.0,92,8.2,947.5,6.46
2016-07-30,22.9,24.9,22.0,93,11.4,946.9,5.99
2016-07-31,23.0,25.2,22.0,93,23.0,947.6,6.03
2016-08-01,22.6,23.9,22.1,95,36.3,946.5,5.74
2016-08-02,22.4,23.0,21.7,94,54.9,944.1,3.28
2016-08-03,22.6,23.9,22.1,94,41.4,943.7,5.0
2016-08-04,23.1,25.7,21.9,90,13.2,944.6,13.39
2016-08-05,23.1,25.1,21.9,92,23.1,944.6,9.9
2016-08-06,23.1,25.2,22.1,91,16.6,945.4,9.84
2016-08-07,23.1,25.5,22.1,90,12.0,946.5,11.79
2016-08-08,23.2,25.3,21.7,89,10.6,947.6,11.91
2016-08-09,23.3,25.7,22.0,89,9.6,947.4,12.46
2016-08-10,22.9,24.5,21.9,90,9.1,947.9,7.57
2016-08-11,23.4,25.6,22.0,89,4.6,949.1,10.22
2016-08-12,23.7,26.0,22.0,87,2.6,949.3,12.02
2016-08-13,23.7,26.3,22.3,86,1.9,948.4,13.99
2016-08-14,23.6,26.4,21.6,85,2.6,948.1,16.64
2016-08-15,23.5,26.2,21.4,86,4.3,947.7,16.08
2016-08-16,23.6,26.4,21.9,85,2.2,946.9,16.47
2016-08-17,23.7,26.5,22.0,85,1.9,946.1,16.93
2016-08-18,23.3,25.7,21.8,87,1.4,946.4,13.01
2016-08-19,23.7,27.0,21.8,85,1.8,946.8,16.7
2016-08-20,23.2,25.8,21.4,87,2.1,946.5,13.91
2016-08-21,23.6,25.9,22.0,88,3.8,947.0,14.64
2016-08-22,23.7,26.5,22.0,87,2.1,947.8,12.69
2016-08-23,23.6,26.1,22.3,89,3.4,947.5,10.03
2016-08-24,23.9,26.5,22.3,87,1.6,947.1,13.08
2016-08-25,24.0,27.6,21.6,83,0.8,948.3,17.66
2016-08-26,23.9,27.5,21.8,87,2.1,948.1,14.57
2016-08-27,22.7,24.2,22.0,94,16.9,947.9,4.74
2016-08-28,23.3,25.7,22.0,91,3.3,948.2,7.66
2016-08-29,23.9,26.4,22.0,88,0.7,948.0,11.35
2016-08-30,24.2,27.1,22.0,86,1.6,947.1,13.19
2016-08-31,23.9,27.1,22.1,86,0.5,947.3,12.06
2016-09-01,22.7,24.5,21.7,93,4.9,948.2,5.08
2016-09-02,23.6,26.8,21.8,86,2.0,948.5,15.19
2016-09-03,23.3,26.5,21.1,85,1.0,948.7,16.78
2016-09-04,23.2,27.0,20.7,81,0.1,950.5,17.66
2016-09-05,23.2,26.9,20.5,82,0.0,951.3,18.29
2016-09-06,22.7,26.0,20.4,84,1.2,951.4,16.64
2016-09-07,22.9,26.4,20.6,83,1.9,950.7,17.62
2016-09-08,23.0,26.2,20.6,85,1.1,950.8,16.41
2016-09-09,23.3,28.0,20.4,84,1.3,951.6,18.6
2016-09-10,23.4,27.6,20.7,84,1.3,951.0,16.76
2016-09-11,23.3,26.6,21.1,85,1.0,949.8,11.61
2016-09-12,24.0,27.5,21.1,82,0.8,949.1,15.99
2016-09-13,23.6,26.3,21.5,86,0.0,949.5,8.26
2016-09-14,23.5,25.7,22.1,90,5.2,949.4,8.55
2016-09-15,22.8,24.0,22.1,96,16.5,948.0,5.18
2016-09-16,23.4,26.2,22.1,95,84.6,946.6,6.07
2016-09-17,22.6,23.8,22.0,98,179.1,945.5,1.88
2016-09-18,22.9,25.4,21.5,92,33.8,947.2,11.02
2016-09-19,23.3,26.3,21.6,89,4.6,949.2,12.95
2016-09-20,22.9,25.2,21.8,90,14.9,949.1,8.69
2016-09-21,22.5,24.6,21.3,95,28.5,949.0,6.03
2016-09-22,23.1,25.6,21.5,92,21.6,949.1,7.33
2016-09-23,23.6,27.2,22.1,93,6.0,947.2,8.56
2016-09-24,23.4,25.6,22.5,94,3.8,946.1,6.0
2016-09-25,23.9,26.3,22.4,90,2.5,947.3,11.37
2016-09-26,23.9,27.2,21.9,89,2.5,949.2,13.42
2016-09-27,24.0,27.8,21.6,89,2.7,950.1,14.24
2016-09-28,24.2,28.6,21.1,87,0.8,949.6,15.6
2016-09-29,23.9,27.5,21.5,86,0.8,948.9,14.95
2016-09-30,23.7,27.8,20.5,84,0.0,948.3,17.45
2016-10-01,21.9,22.8,21.0,96,29.9,948.0,3.61
2016-10-02,21.9,23.7,20.7,95,12.0,949.3,5.45
2016-10-03,21.6,25.4,20.3,91,5.5,948.9,7.87
2016-10-04,22.3,25.9,20.5,85,5.9,949.1,12.9
2016-10-05,22.4,25.4,20.2,87,1.7,949.6,10.92
2016-10-06,22.9,25.9,20.4,86,0.4,950.1,11.85
2016-10-07,23.8,28.1,21.0,86,1.3,949.9,14.01
2016-10-08,24.1,28.4,21.3,85,2.1,950.3,14.27
2016-10-09,24.1,27.6,22.0,87,1.6,950.3,13.44
2016-10-10,24.2,28.5,21.7,87,1.6,950.1,15.02
2016-10-11,24.5,29.0,22.0,85,1.3,950.6,17.95
2016-10-12,24.4,28.6,21.4,83,0.5,950.6,18.18
2016-10-13,24.5,28.5,21.1,82,0.9,950.9,17.79
2016-10-14,24.0,28.2,20.4,83,2.9,951.3,17.77
2016-10-15,24.5,27.2,21.9,78,0.4,951.8,15.94
2016-10-16,25.3,29.2,22.3,70,0.0,952.5,17.12
2016-10-17,24.9,29.1,21.5,64,0.0,951.9,17.3
2016-10-18,25.0,29.5,21.8,60,0.0,951.1,19.79
2016-10-19,24.9,29.2,21.2,60,0.0,950.6,19.97
2016-10-20,24.6,29.3,21.0,61,0.0,949.5,20.32
2016-10-21,24.4,29.3,19.8,62,0.0,950.0,20.29
2016-10-22,24.6,29.4,20.3,60,0.0,951.6,20.34
2016-10-23,24.7,29.6,20.5,65,0.0,952.0,18.08
2016-10-24,24.2,28.9,20.2,71,0.0,951.8,14.96
2016-10-25,23.8,29.0,19.2,70,0.0,951.2,17.97
2016-10-26,23.8,29.3,19.5,64,0.0,951.7,20.65
2016-10-27,24.0,29.1,19.7,56,0.0,953.1,19.29
2016-10-28,23.9,29.6,19.5,51,0.0,952.5,21.81
2016-10-29,23.4,29.2,18.8,47,0.0,951.8,21.9
2016-10-30,23.8,30.0,17.8,51,0.0,952.1,21.29
2016-10-31,24.4,29.8,19.3,67,0.0,954.2,18.14
2016-11-01,23.9,29.8,18.4,57,0.0,953.9,21.03
2016-11-02,22.8,29.4,16.2,53,0.0,953.1,21.08
2016-11-03,22.5,29.1,16.5,53,0.0,953.0,21.15
2016-11-04,23.5,28.9,18.3,52,0.0,951.9,20.96
2016-11-05,23.5,29.3,18.3,57,0.0,950.5,20.02
2016-11-06,23.2,29.1,18.5,50,0.0,951.7,20.98
2016-11-07,23.5,29.6,18.6,45,0.0,953.5,20.95
2016-11-08,23.0,29.5,18.2,46,0.0,953.9,20.85
2016-11-09,23.0,29.2,18.6,48,0.0,954.3,20.74
2016-11-10,23.0,29.1,18.5,44,0.0,953.7,20.91
2016-11-11,22.8,29.3,17.8,44,0.0,952.9,20.89
2016-11-12,22.5,28.8,17.4,46,0.0,953.4,20.53
2016-11-13,22.6,29.2,16.3,52,0.0,954.2,19.65
2016-11-14,23.7,30.3,17.1,61,0.0,953.9,18.41
2016-11-15,24.4,30.4,19.0,69,0.2,953.2,17.47
2016-11-16,25.0,30.1,19.7,66,0.0,953.8,15.95
2016-11-17,24.2,30.3,18.8,56,0.0,954.4,19.35
2016-11-18,22.1,28.1,16.1,51,0.0,953.4,15.47
2016-11-19,22.1,28.9,16.6,47,0.0,951.9,19.46
2016-11-20,22.2,29.1,16.5,48,0.0,952.0,19.74
2016-11-21,21.9,29.3,15.9,48,0.0,952.3,19.84
2016-11-22,22.0,29.4,15.6,50,0.0,952.2,19.58
2016-11-23,22.5,29.4,16.2,50,0.0,951.9,19.58
2016-11-24,22.1,29.3,15.4,52,0.0,952.3,19.38
2016-11-25,21.8,29.5,15.0,51,0.0,952.2,19.54
2016-11-26,22.6,30.1,15.6,45,0.0,952.9,19.53
2016-11-27,23.6,30.2,18.5,41,0.0,953.3,19.52
2016-11-28,24.7,31.7,18.8,44,0.0,953.2,19.47
2016-11-29,24.6,31.4,19.0,44,0.0,953.7,19.28
2016-11-30,23.8,30.3,18.4,46,0.0,954.0,18.58
2016-12-01,23.4,29.6,18.3,48,0.0,953.4,17.06
2016-12-02,22.7,29.7,16.3,52,0.0,953.3,17.96
2016-12-03,23.3,30.2,16.0,57,0.0,954.2,18.48
2016-12-04,25.0,29.7,20.7,64,0.0,955.5,14.62
2016-12-05,24.9,30.2,20.4,64,0.0,954.7,15.78
2016-12-06,22.7,28.8,17.0,58,0.0,954.0,18.23
2016-12-07,21.6,28.3,15.4,52,0.0,953.7,18.93
2016-12-08,21.9,28.8,16.4,50,0.0,953.6,18.99
2016-12-09,22.2,28.4,17.2,43,0.0,952.5,19.13
2016-12-10,21.5,28.5,16.5,43,0.0,951.7,19.29
2016-12-11,21.2,28.7,15.6,46,0.0,951.1,19.04
2016-12-12,22.3,29.7,17.1,45,0.0,951.2,18.85
2016-12-13,22.3,30.1,14.1,47,0.0,950.8,18.71
2016-12-14,23.0,26.4,19.5,60,0.0,952.2,12.09
2016-12-15,23.9,28.6,19.4,68,0.0,953.4,13.28
2016-12-16,24.7,29.9,19.7,66,0.0,954.6,15.25
2016-12-17,24.5,29.8,19.0,61,0.0,955.0,15.51
2016-12-18,23.8,29.4,19.2,55,0.0,955.0,17.32
2016-12-19,22.8,29.0,16.4,54,0.0,954.6,18.3
2016-12-20,21.4,28.6,14.1,55,0.0,953.9,18.73
2016-12-21,21.6,29.4,14.5,50,0.0,954.7,18.92
2016-12-22,22.9,30.3,16.8,41,0.0,954.5,19.1
2016-12-23,23.4,30.9,17.9,40,0.0,953.0,19.08
2016-12-24,23.5,31.1,17.7,37,0.0,950.9,19.03
2016-12-25,23.5,31.0,18.1,44,0.0,951.6,18.84
2016-12-26,22.6,29.6,17.1,48,0.0,953.1,18.85
2016-12-27,21.0,28.4,13.7,49,0.0,953.2,18.95
2016-12-28,20.3,28.3,12.5,50,0.0,953.1,18.95
2016-12-29,20.8,29.1,13.8,48,0.0,953.5,19.05
2016-12-30,22.4,29.5,16.0,46,0.0,954.2,18.95
2016-12-31,23.2,29.9,17.7,45,0.0,953.3,18.9
2017-01-01,21.4,29.1,13.6,52,0.0,952.8,18.85
2017-01-02,21.8,28.5,14.8,47,0.0,953.9,18.9
2017-01-03,20.7,27.6,15.5,43,0.0,954.4,19.16
2017-01-04,20.0,27.9,13.4,44,0.0,953.6,19.27
2017-01-05,20.1,28.3,14.4,41,0.0,952.6,19.4
2017-01-06,20.0,29.0,12.1,46,0.0,951.5,19.42
2017-01-07,18.4,27.5,10.8,55,0.0,949.9,20.01
2017-01-08,18.7,28.0,12.0,66,0.0,949.5,18.71
2017-01-09,19.1,28.9,12.8,67,0.0,950.2,17.97
2017-01-10,18.6,27.0,12.1,54,0.0,951.3,19.97
2017-01-11,18.7,27.1,10.5,45,0.0,952.0,19.73
2017-01-12,18.0,26.1,10.9,51,0.0,951.0,19.68
2017-01-13,19.2,27.0,12.3,55,0.0,950.5,19.53
2017-01-14,20.8,29.0,13.7,60,0.0,951.6,16.25
2017-01-15,21.8,28.5,15.4,62,0.0,953.8,16.54
2017-01-16,22.3,29.0,16.4,57,0.0,954.0,17.26
2017-01-17,21.8,28.5,16.1,54,0.0,953.7,18.96
2017-01-18,22.4,29.1,15.7,48,0.0,954.2,16.43
2017-01-19,21.8,28.1,15.5,46,0.0,954.9,19.92
2017-01-20,21.1,27.5,14.8,48,0.0,954.9,17.9
2017-01-21,21.8,30.0,14.4,53,0.0,955.1,20.02
2017-01-22,23.2,31.0,15.4,47,0.0,956.2,20.07
2017-01-23,23.7,31.1,17.9,46,0.0,955.7,20.11
2017-01-24,23.7,30.5,16.9,48,0.0,955.0,19.8
2017-01-25,23.4,30.0,16.5,45,0.0,955.1,20.2
2017-01-26,22.6,30.2,14.8,52,0.0,954.2,17.81
2017-01-27,22.3,29.4,16.0,48,0.0,953.7,20.57
2017-01-28,22.2,29.9,15.0,49,0.0,954.1,20.81
2017-01-29,22.2,30.3,15.0,47,0.0,954.1,20.82
2017-01-30,22.7,31.0,16.8,45,0.0,953.5,21.07
2017-01-31,23.1,31.0,16.5,46,0.0,952.8,20.96
2017-02-01,23.1,31.2,15.4,47,0.0,952.7,21.06
2017-02-02,23.1,31.9,15.9,48,0.0,953.9,21.1
2017-02-03,23.6,31.4,16.6,49,0.0,954.3,21.01
2017-02-04,23.9,31.6,16.8,52,0.0,953.0,21.19
2017-02-05,22.5,30.6,15.9,65,0.0,952.6,21.14
2017-02-06,22.1,30.0,15.1,61,0.0,952.9,21.36
2017-02-07,22.7,31.1,14.3,52,0.0,952.7,21.48
2017-02-08,23.6,31.6,17.0,49,0.0,952.9,21.5
2017-02-09,23.6,30.6,17.5,48,0.0,952.3,21.56
2017-02-10,23.8,31.3,18.5,40,0.0,951.1,21.6
2017-02-11,23.1,31.0,17.0,40,0.0,951.3,21.97
2017-02-12,22.2,30.6,14.9,41,0.0,953.2,21.98
2017-02-13,23.9,31.6,15.5,40,0.0,954.9,21.82
2017-02-14,23.9,30.8,17.1,44,0.0,956.9,22.09
2017-02-15,24.5,31.1,18.2,47,0.0,957.2,22.11
2017-02-16,23.9,31.5,17.4,45,0.0,955.6,22.61
2017-02-17,24.5,32.8,16.8,41,0.0,954.5,22.51
2017-02-18,25.0,33.2,17.9,35,0.0,955.2,22.65
2017-02-19,24.8,32.8,16.1,38,0.0,954.6,22.94
2017-02-20,25.6,34.1,18.3,34,0.0,951.7,23.05
2017-02-21,24.5,32.8,18.4,35,0.0,950.6,23.58
2017-02-22,24.0,33.8,16.0,45,0.0,951.3,23.45
2017-02-23,25.0,34.2,17.7,41,0.0,952.9,23.55
2017-02-24,26.4,34.0,19.6,27,0.0,954.0,23.71
2017-02-25,25.5,33.7,18.7,27,0.0,953.8,23.81
2017-02-26,24.7,33.4,17.0,28,0.0,951.7,24.0
2017-02-27,25.5,33.7,19.3,24,0.0,952.1,24.2
2017-02-28,25.0,33.7,17.6,30,0.0,952.9,24.03
2017-03-01,26.0,34.2,19.4,30,0.0,952.1,23.95
2017-03-02,25.8,33.8,17.7,32,0.0,950.6,24.06
2017-03-03,25.9,34.2,18.8,30,0.0,948.7,24.16
2017-03-04,24.8,33.5,18.6,25,0.0,948.2,24.85
2017-03-05,23.5,32.3,15.6,38,0.0,948.7,24.95
2017-03-06,23.9,33.6,16.6,45,0.0,948.4,24.8
2017-03-07,23.8,32.2,16.6,39,0.0,948.2,25.03
2017-03-08,24.4,32.0,17.8,38,0.0,949.0,24.01
2017-03-09,24.0,31.6,18.2,32,0.0,948.5,25.17
2017-03-10,21.7,28.2,16.5,49,0.0,948.8,23.66
2017-03-11,20.7,28.0,15.6,61,0.0,951.0,21.65
2017-03-12,20.9,30.2,12.8,48,0.0,951.4,26.16
2017-03-13,23.3,33.2,13.6,40,0.0,951.2,25.66
2017-03-14,24.7,33.3,17.7,33,0.0,951.6,25.43
2017-03-15,25.8,34.0,18.4,31,0.0,951.6,25.01
2017-03-16,26.0,33.3,19.6,31,0.0,951.9,25.08
2017-03-17,26.0,34.1,18.6,31,0.0,951.7,26.01
2017-03-18,26.3,34.1,19.5,34,0.0,952.4,25.46
2017-03-19,26.7,34.5,20.5,32,0.0,952.5,25.68
2017-03-20,26.0,34.2,18.5,34,0.0,952.3,26.11
2017-03-21,26.6,35.6,18.0,39,0.0,952.7,25.9
2017-03-22,27.2,36.0,18.7,36,0.0,952.3,26.03
2017-03-23,28.1,36.9,20.5,36,0.0,951.2,26.14
2017-03-24,29.0,37.4,20.8,33,0.0,951.1,25.13
2017-03-25,29.8,38.0,22.2,35,0.0,951.5,25.42
2017-03-26,30.2,37.8,22.8,34,0.0,952.1,24.83
2017-03-27,30.6,39.2,22.8,28,0.0,951.7,26.27
2017-03-28,30.0,39.5,21.6,37,0.0,951.7,24.98
2017-03-29,29.5,39.2,22.8,52,0.0,951.4,24.49
2017-03-30,28.8,38.5,23.5,56,0.0,952.0,21.87
2017-03-31,29.9,38.0,22.9,46,0.0,952.2,22.42
2017-04-01,29.8,37.4,24.9,39,0.0,951.6,23.17
2017-04-02,28.5,36.1,22.9,34,0.0,950.6,26.31
2017-04-03,27.7,35.3,21.6,35,0.0,950.9,26.33
2017-04-04,27.9,36.0,22.1,39,0.0,951.1,26.43
2017-04-05,27.8,36.3,21.0,44,0.0,950.7,27.07
2017-04-06,27.6,36.5,20.2,46,0.0,950.0,27.17
2017-04-07,27.4,35.5,20.8,37,0.0,950.4,27.13
2017-04-08,28.0,37.8,20.0,24,0.0,950.1,27.66
2017-04-09,29.6,38.7,21.0,32,0.0,949.9,27.35
2017-04-10,30.4,39.3,22.7,22,0.0,949.3,27.55
2017-04-11,30.2,39.1,24.0,31,0.0,949.8,27.63
2017-04-12,30.1,38.6,21.0,32,0.0,950.4,27.92
2017-04-13,30.7,39.3,22.6,22,0.0,950.0,28.05
2017-04-14,30.0,39.7,23.0,31,0.0,949.1,27.5
2017-04-15,29.1,38.6,21.9,45,0.1,948.3,26.13
2017-04-16,29.9,38.5,23.3,33,0.0,948.3,25.46
2017-04-17,29.4,37.8,23.1,36,0.0,949.7,24.79
2017-04-18,30.7,39.9,23.5,27,0.0,949.4,26.74
2017-04-19,29.7,37.2,23.0,31,0.1,949.2,26.31
2017-04-20,28.7,37.5,21.8,42,0.0,949.0,27.64
2017-04-21,27.4,34.9,21.2,48,0.0,949.7,26.51
2017-04-22,27.4,34.7,21.4,50,0.0,950.2,27.45
2017-04-23,27.2,35.0,20.2,53,0.0,950.4,27.46
2017-04-24,26.9,34.5,20.0,53,0.0,950.7,27.32
2017-04-25,27.2,35.3,20.1,44,0.0,950.8,27.44
2017-04-26,27.4,36.5,19.8,46,0.0,950.7,27.02
2017-04-27,28.3,37.2,20.5,51,0.0,951.1,26.67
2017-04-28,28.6,37.5,22.0,41,0.0,951.0,26.28
2017-04-29,28.4,36.7,21.9,37,0.0,951.4,23.52
2017-04-30,27.6,36.3,19.7,41,0.0,950.6,27.21
2017-05-01,28.0,37.8,19.6,48,0.0,950.3,27.17
2017-05-02,29.0,39.5,21.2,45,0.0,951.0,26.42
2017-05-03,29.4,38.2,22.4,47,0.3,951.1,24.49
2017-05-04,30.2,39.7,22.8,51,0.0,951.2,23.74
2017-05-05,30.5,38.7,23.5,54,0.0,950.8,23.17
2017-05-06,30.4,37.5,24.4,50,0.3,951.4,22.47
2017-05-07,29.1,36.4,23.9,53,3.1,952.2,23.23
2017-05-08,29.7,37.8,23.8,44,0.1,951.0,24.0
2017-05-09,29.1,37.7,22.1,48,0.1,949.7,26.87
2017-05-10,29.3,38.0,22.0,45,0.0,949.5,27.51
2017-05-11,29.6,38.5,22.6,45,0.0,949.9,26.86
2017-05-12,30.5,37.8,23.2,48,0.3,949.7,23.27
2017-05-13,30.6,37.6,25.8,53,0.3,949.2,20.51
2017-05-14,29.1,37.0,25.6,63,0.9,949.0,17.85
2017-05-15,28.4,34.7,23.8,60,0.6,948.6,25.12
2017-05-16,28.4,35.7,22.0,58,0.5,947.8,25.98
2017-05-17,28.1,35.5,22.9,61,1.2,948.1,26.0
2017-05-18,28.5,37.0,22.1,58,0.0,948.9,26.32
2017-05-19,27.7,35.2,22.5,60,0.5,950.4,24.84
2017-05-20,28.0,36.2,21.4,56,0.0,949.2,26.38
2017-05-21,27.6,35.2,21.8,59,0.0,948.2,26.12
2017-05-22,28.3,37.0,21.4,60,0.1,948.7,25.53
2017-05-23,29.6,38.4,23.0,57,0.3,948.9,22.93
2017-05-24,29.6,37.0,23.6,51,0.0,948.1,22.49
2017-05-25,28.5,35.8,22.7,61,1.7,947.5,24.99
2017-05-26,28.1,34.7,23.2,64,1.7,947.3,24.79
2017-05-27,27.8,34.4,23.0,65,0.0,947.1,26.01
2017-05-28,28.0,34.5,23.6,65,0.0,947.1,26.45
2017-05-29,27.7,33.7,23.9,65,0.0,946.3,25.59
2017-05-30,26.8,30.4,24.2,74,1.7,944.8,21.32
2017-05-31,27.4,32.0,23.9,72,1.7,944.4,19.39
2017-06-01,27.9,35.3,24.4,72,6.9,945.0,21.73
2017-06-02,27.2,33.3,23.5,77,20.2,946.0,19.46
2017-06-03,26.9,34.2,23.8,78,11.7,947.2,20.49
2017-06-04,26.3,31.0,23.4,74,1.4,947.8,17.84
2017-06-05,26.8,31.1,23.9,73,2.1,948.2,20.93
2017-06-06,26.5,30.9,23.4,73,1.7,948.8,20.13
2017-06-07,25.9,29.9,23.0,76,1.9,949.5,18.73
2017-06-08,25.1,29.5,22.8,78,5.5,948.5,16.48
2017-06-09,25.2,28.9,22.6,80,0.6,947.0,16.92
2017-06-10,24.8,28.6,23.0,83,35.9,945.6,15.19
2017-06-11,25.3,29.0,22.9,81,3.9,944.3,17.64
2017-06-12,24.0,27.7,22.5,89,29.0,944.2,7.46
2017-06-13,24.7,28.2,22.7,85,4.7,945.4,11.52
2017-06-14,25.5,29.8,23.1,82,4.2,947.3,14.5
2017-06-15,25.3,29.4,23.1,83,6.6,947.8,14.62
2017-06-16,25.4,30.0,22.6,81,2.1,946.9,18.76
2017-06-17,25.6,29.6,23.0,80,1.9,947.2,19.42
2017-06-18,25.6,29.0,23.2,80,0.7,946.9,17.63
2017-06-19,25.6,28.9,22.9,79,1.7,946.2,20.17
2017-06-20,25.4,28.4,23.2,78,1.0,946.2,19.21
2017-06-21,25.4,29.1,23.2,77,0.9,946.5,20.37
2017-06-22,25.8,29.4,23.4,77,0.3,946.9,19.61
2017-06-23,25.5,28.9,23.7,79,1.4,946.6,18.54
2017-06-24,24.9,28.2,22.7,80,3.1,944.4,17.63
2017-06-25,24.8,28.6,23.3,81,2.5,942.3,15.73
2017-06-26,24.2,27.4,23.0,86,3.5,943.3,12.87
2017-06-27,23.8,25.5,22.8,87,6.5,943.8,9.73
2017-06-28,24.0,26.0,22.5,84,10.5,943.8,13.36
2017-06-29,23.7,25.7,22.8,89,14.0,944.3,8.32
2017-06-30,24.3,26.9,22.8,84,5.2,944.0,17.42
2017-07-01,24.2,26.5,22.5,84,6.8,944.1,18.24
2017-07-02,23.8,26.4,22.4,86,5.7,944.9,15.25
2017-07-03,24.3,27.0,22.4,83,3.7,946.5,18.48
2017-07-04,24.3,26.6,22.7,82,2.2,946.9,19.27
2017-07-05,24.4,27.4,22.2,81,1.9,947.0,19.88
2017-07-06,24.5,27.5,22.5,83,1.6,947.3,18.68
2017-07-07,24.5,27.4,22.4,80,1.1,947.9,17.3
2017-07-08,24.7,28.5,22.2,78,0.6,948.1,18.93
2017-07-09,24.5,28.3,22.0,79,0.8,947.7,17.59
2017-07-10,24.7,28.8,22.2,79,0.3,948.6,17.87
2017-07-11,24.4,28.0,22.5,81,1.7,948.6,17.87
2017-07-12,24.5,27.9,22.5,79,1.0,947.7,20.81
2017-07-13,23.6,26.0,22.1,84,3.4,946.5,13.67
2017-07-14,24.0,26.9,22.2,83,4.8,945.6,20.74
2017-07-15,23.5,25.7,21.9,84,5.4,946.0,13.93
2017-07-16,23.5,26.0,21.6,84,8.0,945.5,16.43
2017-07-17,23.1,25.0,22.2,87,16.4,944.6,8.98
2017-07-18,22.8,24.1,22.2,92,12.7,943.2,6.09
2017-07-19,23.2,25.3,22.0,90,9.8,941.7,6.95
2017-07-20,23.3,24.1,22.6,90,23.6,941.0,5.42
2017-07-21,24.1,26.7,22.7,86,6.9,942.5,16.69
2017-07-22,23.7,25.7,22.4,86,4.6,944.4,16.92
2017-07-23,23.1,24.2,22.3,88,10.9,945.0,8.92
2017-07-24,23.4,25.0,22.4,86,4.0,945.2,12.02
2017-07-25,23.7,25.9,22.2,85,3.1,945.2,17.02
2017-07-26,23.4,25.4,22.5,85,1.5,945.5,9.96
2017-07-27,23.3,25.0,22.3,86,3.5,946.0,10.37
2017-07-28,23.0,25.0,21.8,88,4.6,947.5,10.55
2017-07-29,24.0,27.0,22.1,83,1.1,948.3,18.2
2017-07-30,24.0,26.9,21.9,82,0.8,948.5,19.81
2017-07-31,23.9,26.5,22.2,84,1.4,948.3,15.9
2017-08-01,24.2,26.9,22.5,83,0.6,948.6,17.33
2017-08-02,24.1,27.1,22.4,82,1.0,948.7,19.8
2017-08-03,23.9,26.8,22.4,83,1.1,947.2,17.9
2017-08-04,24.3,27.5,22.5,81,0.2,945.2,19.77
2017-08-05,24.2,27.3,22.2,80,1.3,945.0,17.08
2017-08-06,24.2,27.3,22.1,81,0.6,945.5,14.07
2017-08-07,24.2,27.0,22.0,81,0.8,946.2,16.44
2017-08-08,24.3,27.1,22.5,80,1.3,947.0,15.79
2017-08-09,24.0,26.8,22.4,84,1.9,947.2,13.03
2017-08-10,23.8,26.8,21.9,84,1.7,947.5,14.87
2017-08-11,24.1,27.1,22.3,82,0.6,948.3,16.64
2017-08-12,23.8,26.4,22.2,82,0.6,948.8,13.6
2017-08-13,23.9,27.1,22.0,80,0.8,949.3,16.24
2017-08-14,23.9,27.2,21.8,82,0.8,950.3,14.7
2017-08-15,23.8,26.8,22.2,83,0.8,949.8,12.75
2017-08-16,23.8,27.4,21.5,83,0.8,948.4,18.31
2017-08-17,24.1,27.4,21.6,81,2.5,946.5,18.33
2017-08-18,23.5,25.8,21.8,84,2.0,945.3,10.66
2017-08-19,22.4,23.4,21.5,93,19.6,944.8,5.97
2017-08-20,21.7,22.5,21.0,93,85.4,943.0,2.58
2017-08-21,23.2,26.7,21.4,85,5.0,942.8,15.55
2017-08-22,23.7,27.0,21.8,85,0.6,944.6,17.15
2017-08-23,24.1,27.4,22.1,84,1.6,947.1,17.45
2017-08-24,24.1,27.0,22.1,84,0.9,947.4,16.88
2017-08-25,23.4,25.5,22.6,89,13.2,945.6,11.46
2017-08-26,23.7,26.4,22.0,88,3.3,944.0,14.55
2017-08-27,23.8,27.0,22.1,87,3.7,943.1,14.99
2017-08-28,22.7,23.5,22.1,95,23.2,941.1,4.08
2017-08-29,22.7,24.5,21.6,88,6.3,940.1,7.95
2017-08-30,23.8,26.9,21.6,85,8.6,943.9,20.36
2017-08-31,24.1,27.0,22.0,82,0.4,947.8,21.17
2017-09-01,23.8,27.4,21.5,82,0.6,948.9,18.6
2017-09-02,23.9,27.2,21.8,84,1.1,948.4,17.61
2017-09-03,23.6,25.6,22.0,89,1.7,948.7,11.4
2017-09-04,24.4,28.9,21.4,82,0.0,949.7,18.44
2017-09-05,24.0,28.9,20.7,83,0.0,949.7,20.39
2017-09-06,24.3,29.2,20.9,81,0.0,948.7,20.67
2017-09-07,24.9,29.5,21.7,83,5.1,948.0,18.67
2017-09-08,24.3,29.5,22.1,89,15.5,948.0,16.63
2017-09-09,24.8,29.6,21.6,86,6.3,947.2,17.46
2017-09-10,25.1,30.2,22.2,87,4.1,947.3,17.34
2017-09-11,25.6,30.6,21.8,85,2.3,948.3,19.92
2017-09-12,25.9,30.8,22.4,81,1.9,949.0,17.58
2017-09-13,25.3,29.4,21.6,84,9.4,949.3,18.06
2017-09-14,24.5,28.2,22.4,88,8.5,948.7,13.02
2017-09-15,24.0,27.6,22.5,87,4.0,947.7,12.91
2017-09-16,23.9,28.0,21.9,86,3.4,946.6,15.5
2017-09-17,23.9,28.0,21.2,83,1.1,946.7,16.62
2017-09-18,23.8,26.8,22.1,88,5.8,946.3,14.25
2017-09-19,23.2,25.7,21.7,91,114.3,944.4,8.16
2017-09-20,21.5,23.3,20.5,92,59.3,945.6,6.16
2017-09-21,22.4,25.1,20.2,88,6.6,946.4,8.75
2017-09-22,23.0,25.7,21.2,86,0.0,948.3,8.21
2017-09-23,23.7,27.4,20.7,83,0.8,950.2,14.84
2017-09-24,23.7,28.8,20.9,87,4.0,950.5,17.37
2017-09-25,23.8,28.2,21.2,87,2.8,949.1,17.63
2017-09-26,24.8,29.3,22.0,83,0.4,948.8,21.51
2017-09-27,24.7,29.5,22.0,86,4.8,948.9,18.24
2017-09-28,25.0,29.5,21.9,82,1.1,948.1,19.02
2017-09-29,24.3,28.9,22.0,88,4.4,948.2,15.69
2017-09-30,24.8,30.0,21.5,85,2.8,949.2,19.2
2017-10-01,25.6,30.5,21.4,78,0.7,949.1,20.26
2017-10-02,25.8,30.5,22.0,77,0.2,947.8,19.84
2017-10-03,24.6,29.4,21.8,81,0.1,948.2,12.9
2017-10-04,25.5,31.0,21.2,72,0.0,948.9,19.14
2017-10-05,25.6,30.6,20.7,62,0.0,947.8,20.27
2017-10-06,25.0,29.5,22.2,76,5.2,947.4,16.84
2017-10-07,24.6,29.5,21.7,85,18.3,947.4,17.09
2017-10-08,24.3,27.6,21.8,88,6.1,947.0,13.65
2017-10-09,23.6,26.9,22.1,92,13.8,946.4,9.25
2017-10-10,23.6,27.4,21.6,90,10.2,945.9,12.41
2017-10-11,24.1,27.8,21.5,87,8.8,946.2,15.04
2017-10-12,24.2,28.9,20.6,85,2.8,947.2,16.87
2017-10-13,24.2,29.2,21.8,89,12.6,947.1,14.99
2017-10-14,23.9,28.3,21.7,91,11.9,947.1,13.04
2017-10-15,23.7,27.9,21.4,90,8.0,947.9,12.93
2017-10-16,24.8,29.5,21.8,86,1.3,948.7,15.66
2017-10-17,25.0,29.6,21.2,78,0.4,949.0,16.84
2017-10-18,24.3,31.0,19.6,70,0.0,948.5,21.62
2017-10-19,24.4,30.3,19.2,65,0.0,947.9,20.75
2017-10-20,23.5,29.6,17.5,70,0.0,948.6,19.96
2017-10-21,23.9,28.2,20.4,80,0.5,949.6,12.21
2017-10-22,24.0,28.2,21.0,84,1.3,950.2,13.33
2017-10-23,25.0,29.8,21.1,77,0.0,951.1,17.68
2017-10-24,24.2,29.5,19.1,64,0.0,952.6,21.33
2017-10-25,23.0,29.1,17.0,57,0.0,953.5,21.54
2017-10-26,24.0,29.8,18.9,65,0.0,953.6,20.43
2017-10-27,23.3,28.1,19.6,76,0.2,953.0,16.46
2017-10-28,22.6,27.9,18.8,77,0.0,952.8,16.34
2017-10-29,23.3,29.6,17.5,66,0.0,953.4,19.61
2017-10-30,23.2,29.2,17.7,59,0.0,953.7,18.8
2017-10-31,23.4,29.0,18.1,56,0.0,952.2,17.99
2017-11-01,23.0,29.2,16.7,55,0.0,952.6,20.36
2017-11-02,23.0,28.9,16.8,52,0.0,952.3,20.11
2017-11-03,22.0,28.7,16.2,53,0.0,951.0,20.52
2017-11-04,21.5,28.2,14.9,52,0.0,951.1,20.64
2017-11-05,22.3,29.5,15.6,59,0.0,951.6,19.97
2017-11-06,23.0,29.9,17.5,64,0.0,952.2,19.86
2017-11-07,23.2,29.5,18.8,58,0.0,952.4,19.94
2017-11-08,22.6,29.3,15.7,60,0.0,952.4,19.88
2017-11-09,22.1,29.1,15.3,61,0.0,951.6,19.91
2017-11-10,22.6,29.0,16.5,57,0.0,951.6,19.22
2017-11-11,22.2,29.0,17.0,55,0.0,951.8,19.77
2017-11-12,21.3,28.0,14.5,54,0.0,950.4,19.82
2017-11-13,20.3,28.0,13.9,60,0.0,948.9,19.56
2017-11-14,21.1,28.1,13.4,56,0.0,948.6,19.37
2017-11-15,21.5,28.5,15.4,61,0.0,949.2,17.39
2017-11-16,22.0,28.2,16.0,55,0.0,949.8,17.83
2017-11-17,22.4,29.0,15.5,52,0.0,950.2,17.91
2017-11-18,21.9,28.7,15.4,59,0.0,950.8,17.85
2017-11-19,23.6,29.2,18.2,53,0.0,952.1,14.94
2017-11-20,24.1,27.8,20.8,70,0.0,952.8,12.0
2017-11-21,23.7,28.8,20.3,78,1.1,952.1,13.16
2017-11-22,23.7,29.4,19.6,79,0.6,951.4,15.44
2017-11-23,23.5,30.4,17.9,67,0.0,951.0,18.17
2017-11-24,22.5,30.4,16.0,55,0.0,952.4,18.51
2017-11-25,22.6,29.9,15.2,62,0.0,953.1,18.28
2017-11-26,23.3,29.5,17.9,58,0.0,953.8,18.3
2017-11-27,22.9,29.1,16.8,52,0.0,952.8,18.39
2017-11-28,21.5,29.1,15.2,57,0.0,951.9,18.32
2017-11-29,21.7,28.8,14.6,54,0.0,952.5,18.45
2017-11-30,21.7,28.5,15.8,50,0.0,951.8,18.28
2017-12-01,21.4,28.5,14.6,57,0.0,950.5,17.12
2017-12-02,22.3,29.2,15.9,60,0.0,951.2,17.47
2017-12-03,23.5,28.9,18.1,63,0.0,951.5,16.23
2017-12-04,23.3,27.1,19.9,66,0.9,950.2,8.74
2017-12-05,23.4,28.3,20.9,69,5.3,947.6,6.49
2017-12-06,22.4,26.7,19.3,82,0.4,949.1,11.97
2017-12-07,21.7,27.6,18.5,75,0.0,950.7,15.16
2017-12-08,22.9,29.5,18.0,75,0.3,951.2,14.3
2017-12-09,23.3,29.6,18.5,70,0.0,951.6,15.94
2017-12-10,22.8,29.4,17.6,69,0.0,952.3,15.12
2017-12-11,21.8,29.3,16.9,74,0.0,953.1,16.05
2017-12-12,20.6,28.0,15.2,71,0.0,953.3,17.17
2017-12-13,20.2,28.1,14.4,73,0.0,953.3,16.56
2017-12-14,20.5,28.4,14.1,69,0.0,953.5,16.75
2017-12-15,21.8,29.0,15.1,68,0.0,954.0,14.82
2017-12-16,22.9,29.2,17.1,58,0.0,955.1,16.7
2017-12-17,22.1,28.5,16.6,51,0.0,956.1,16.89
2017-12-18,21.1,27.8,17.0,52,0.0,956.7,13.02
2017-12-19,20.3,28.1,14.2,49,0.0,955.7,17.42
2017-12-20,20.1,27.7,14.4,39,0.0,955.7,16.14
2017-12-21,20.2,28.1,14.1,44,0.0,955.7,16.57
2017-12-22,21.0,29.0,15.8,42,0.0,954.5,17.02
2017-12-23,21.1,29.0,14.0,48,0.0,952.7,17.36
2017-12-24,21.2,29.4,13.4,48,0.0,952.3,17.4
2017-12-25,20.6,29.0,14.2,53,0.0,952.9,17.58
2017-12-26,21.1,28.4,15.4,47,0.0,954.0,17.57
2017-12-27,21.0,28.2,15.2,50,0.0,953.4,17.53
2017-12-28,20.8,28.1,13.0,41,0.0,952.6,17.9
2017-12-29,20.4,28.5,13.1,46,0.0,952.6,17.73
2017-12-30,19.9,28.1,13.3,49,0.0,952.5,17.68
2017-12-31,19.8,27.8,12.3,51,0.0,951.3,17.66
2018-01-01,20.4,27.9,14.4,50,0.0,949.8,17.62
2018-01-02,19.9,28.0,12.5,52,0.0,949.6,17.65
2018-01-03,20.8,28.5,15.2,54,0.0,951.2,17.72
2018-01-04,20.5,28.0,14.9,60,0.0,952.0,17.54
2018-01-05,20.7,28.0,13.6,58,0.0,951.0,17.32
2018-01-06,20.2,27.0,14.3,54,0.0,950.6,16.8
2018-01-07,19.4,26.6,13.4,53,0.0,951.2,17.82
2018-01-08,20.4,27.8,14.1,53,0.0,951.7,17.72
2018-01-09,20.7,27.4,13.9,53,0.0,953.5,17.86
2018-01-10,21.6,28.5,14.1,57,0.0,954.3,16.63
2018-01-11,23.0,30.5,15.9,60,0.0,954.1,15.17
2018-01-12,24.1,30.4,18.2,59,0.0,953.4,13.97
2018-01-13,23.8,29.5,18.1,63,0.1,952.9,13.89
2018-01-14,24.4,31.2,18.5,57,0.0,953.3,13.63
2018-01-15,24.2,30.2,18.3,56,0.0,953.6,14.97
2018-01-16,24.1,29.8,19.5,53,0.0,952.5,13.31
2018-01-17,24.0,30.2,15.9,43,0.0,952.0,18.38
2018-01-18,23.0,29.5,16.6,48,0.0,952.7,18.38
2018-01-19,22.2,29.2,16.4,47,0.0,952.9,18.54
2018-01-20,22.0,29.1,16.5,45,0.0,952.4,18.86
2018-01-21,21.6,29.2,14.8,46,0.0,951.1,19.03
2018-01-22,21.4,29.1,14.6,49,0.0,949.6,19.0
2018-01-23,21.1,29.0,15.4,54,0.0,949.9,19.16
2018-01-24,19.5,27.6,13.6,59,0.0,950.5,19.36
2018-01-25,20.0,28.1,13.9,56,0.0,950.2,19.53
2018-01-26,20.6,28.5,14.4,46,0.0,950.4,19.67
2018-01-27,20.7,29.0,13.8,48,0.0,950.4,19.72
2018-01-28,20.8,29.0,14.2,49,0.0,951.1,19.65
2018-01-29,21.8,29.9,13.6,48,0.0,952.6,19.73
2018-01-30,22.2,29.5,14.7,41,0.0,953.6,19.93
2018-01-31,22.3,30.0,15.4,34,0.0,953.7,20.35
2018-02-01,21.3,30.0,12.1,38,0.0,953.3,20.42
2018-02-02,21.6,30.5,13.1,39,0.0,951.8,20.46
2018-02-03,22.7,31.0,15.2,37,0.0,951.7,20.26
2018-02-04,22.9,31.4,14.1,44,0.0,951.7,20.21
2018-02-05,22.8,31.0,13.6,43,0.0,953.0,20.05
2018-02-06,23.2,30.4,16.0,39,0.0,953.6,18.04
2018-02-07,22.5,29.0,18.2,47,0.0,952.6,13.94
2018-02-08,21.8,30.0,15.2,52,0.0,952.0,20.48
2018-02-09,21.3,29.1,14.6,49,0.0,951.8,20.28
2018-02-10,21.9,28.9,16.5,43,0.0,952.3,15.89
2018-02-11,22.0,30.2,16.4,53,0.7,952.3,20.46
2018-02-12,21.2,29.4,15.1,54,0.0,954.1,20.8
2018-02-13,21.2,30.4,13.1,51,0.0,955.6,21.36
2018-02-14,22.9,30.2,15.6,54,0.0,956.1,17.82
2018-02-15,24.0,30.8,18.3,53,0.0,957.1,19.31
2018-02-16,24.2,31.0,18.8,49,0.0,956.1,20.1
2018-02-17,24.6,31.5,19.4,39,0.0,952.8,21.73
2018-02-18,24.5,32.3,18.6,36,0.0,951.0,22.03
2018-02-19,24.5,32.5,18.1,35,0.0,951.0,21.7
2018-02-20,24.4,32.5,17.4,35,0.0,951.1,21.96
2018-02-21,25.2,32.3,18.3,33,0.0,950.2,21.87
2018-02-22,25.2,33.3,17.0,39,0.0,949.9,21.24
2018-02-23,25.9,33.5,19.4,41,0.0,950.3,19.55
2018-02-24,26.1,33.2,19.9,43,0.0,952.2,20.32
2018-02-25,25.4,33.0,19.0,39,0.0,953.0,22.29
2018-02-26,25.7,33.8,19.9,33,0.0,952.2,22.59
2018-02-27,26.1,33.8,18.4,30,0.0,951.4,22.6
2018-02-28,26.6,34.3,19.6,30,0.0,951.2,22.24
2018-03-01,26.3,34.7,19.0,32,0.0,950.6,22.45
2018-03-02,26.8,35.0,19.6,34,0.0,950.4,22.24
2018-03-03,26.9,34.0,21.0,39,0.0,950.1,22.58
2018-03-04,26.1,34.3,19.5,50,0.0,949.6,20.24
2018-03-05,26.1,33.3,20.0,46,0.0,950.8,20.74
2018-03-06,26.9,34.2,19.6,39,0.0,951.1,18.75
2018-03-07,26.6,33.8,21.0,44,0.0,950.3,18.52
2018-03-08,25.9,33.9,19.8,48,0.0,950.9,19.89
2018-03-09,26.7,34.6,20.0,40,0.0,951.2,22.15
2018-03-10,27.0,34.1,20.6,40,0.0,951.3,20.48
2018-03-11,28.0,34.8,21.9,33,0.0,951.6,21.62
2018-03-12,27.8,35.5,22.0,27,0.0,951.7,22.21
2018-03-13,28.2,35.3,22.8,30,0.0,951.5,20.13
2018-03-14,27.3,34.8,21.2,24,0.0,950.6,16.78
2018-03-15,25.4,28.4,23.4,26,0.0,951.0,3.73
2018-03-16,25.4,30.7,22.1,40,1.8,950.6,13.03
2018-03-17,25.7,31.3,20.4,48,0.0,950.6,16.73
2018-03-18,26.6,31.9,21.6,48,0.0,950.7,16.45
2018-03-19,27.0,33.8,21.2,47,0.1,952.5,23.76
2018-03-20,26.4,34.0,19.8,38,0.0,951.8,24.39
2018-03-21,25.6,33.5,18.9,42,0.0,951.3,24.45
2018-03-22,24.2,32.2,17.4,39,0.0,950.6,25.38
2018-03-23,24.0,33.2,16.4,45,0.0,950.2,25.14
2018-03-24,26.1,35.5,17.2,49,0.0,951.3,24.83
2018-03-25,28.6,36.7,20.5,32,0.0,952.7,24.09
2018-03-26,29.3,37.3,20.9,28,0.0,952.8,24.58
2018-03-27,28.4,37.5,20.4,39,0.0,951.2,24.78
2018-03-28,27.9,35.7,22.1,38,0.0,950.9,24.98
2018-03-29,27.5,36.6,20.2,35,0.0,950.6,23.62
2018-03-30,27.6,37.0,20.7,39,0.0,949.9,25.57
2018-03-31,27.2,35.7,21.1,45,0.0,949.5,24.13
2018-04-01,28.0,37.2,20.2,36,0.0,949.1,25.54
2018-04-02,28.7,37.3,22.2,31,0.0,949.9,23.64
2018-04-03,28.5,38.5,22.2,34,0.0,949.8,23.64
2018-04-04,29.1,37.8,23.1,38,0.0,948.3,22.79
2018-04-05,29.2,37.5,22.6,38,0.0,947.5,23.51
2018-04-06,28.4,36.3,22.3,38,0.0,948.7,19.5
2018-04-07,27.5,34.8,22.1,42,2.0,950.0,20.44
2018-04-08,27.3,35.0,21.0,49,1.6,950.4,21.57
2018-04-09,27.8,35.8,20.5,32,0.0,950.5,23.05
2018-04-10,28.0,36.0,21.5,35,0.0,949.5,23.26
2018-04-11,27.5,35.0,20.5,43,0.0,949.7,22.58
2018-04-12,27.4,36.0,20.8,52,0.0,949.2,24.86
2018-04-13,28.4,36.5,20.9,41,0.0,949.5,25.77
2018-04-14,28.8,36.9,21.2,37,0.0,949.2,25.56
2018-04-15,28.4,36.8,22.1,48,0.1,949.7,21.88
2018-04-16,29.3,37.8,22.0,49,0.0,950.6,22.28
2018-04-17,29.7,37.4,23.9,53,3.2,951.7,19.39
2018-04-18,29.4,36.6,24.0,55,2.4,951.6,21.32
2018-04-19,30.5,38.2,24.1,38,0.0,949.2,25.77
2018-04-20,28.6,35.5,22.9,39,0.0,949.5,25.8
2018-04-21,28.7,36.5,21.9,45,0.0,949.4,26.14
2018-04-22,29.2,37.2,22.9,34,0.0,949.5,26.36
2018-04-23,28.8,37.8,21.1,34,0.0,949.9,26.64
2018-04-24,29.4,38.6,20.9,34,0.0,949.9,27.1
2018-04-25,29.0,37.7,20.8,29,0.0,949.2,27.18
2018-04-26,28.3,37.2,20.9,38,0.0,948.6,26.92
2018-04-27,29.1,39.7,20.2,44,0.0,949.3,26.23
2018-04-28,30.0,39.8,22.7,44,0.0,949.8,25.32
2018-04-29,28.8,38.0,22.1,52,0.0,949.6,25.19
2018-04-30,29.2,37.8,22.7,43,0.0,948.5,26.9
2018-05-01,28.6,38.3,21.4,51,0.0,949.1,23.86
2018-05-02,28.7,37.8,22.0,45,0.0,949.2,26.55
2018-05-03,29.1,38.2,21.7,48,0.0,949.3,26.46
2018-05-04,29.6,38.4,22.5,41,0.0,949.3,26.83
2018-05-05,29.1,38.0,22.5,51,0.0,949.7,26.01
2018-05-06,29.8,38.8,23.5,51,0.0,950.3,25.08
2018-05-07,29.4,37.1,23.5,47,0.0,950.3,25.29
2018-05-08,29.3,37.6,22.4,43,0.0,949.0,26.65
2018-05-09,30.3,39.4,22.7,46,0.0,948.8,26.34
2018-05-10,30.7,39.6,25.4,47,0.0,950.0,22.99
2018-05-11,29.9,37.5,24.3,59,0.9,949.8,22.72
2018-05-12,29.3,36.5,23.4,54,0.7,949.6,24.31
2018-05-13,29.6,38.5,22.9,48,0.1,948.8,20.29
2018-05-14,29.1,36.4,23.9,57,0.6,949.3,23.27
2018-05-15,28.1,35.8,22.3,61,0.1,948.6,23.16
2018-05-16,29.2,36.8,23.5,57,0.6,947.8,23.67
2018-05-17,29.9,38.9,23.5,59,0.0,947.5,21.89
2018-05-18,28.9,34.2,24.3,65,2.9,948.0,22.71
2018-05-19,28.9,36.2,23.0,56,0.9,947.5,24.87
2018-05-20,28.3,35.5,22.5,56,0.0,947.6,23.9
2018-05-21,28.2,36.3,22.6,63,0.4,947.7,23.64
2018-05-22,27.9,33.8,22.5,54,0.0,948.0,19.53
2018-05-23,28.6,35.0,23.0,54,0.0,947.4,21.68
2018-05-24,27.5,32.8,23.5,65,1.9,947.5,15.9
2018-05-25,28.5,35.5,23.9,63,0.0,947.1,25.06
2018-05-26,29.5,36.4,23.2,61,2.2,946.2,23.91
2018-05-27,29.6,36.5,24.6,65,2.1,946.0,22.27
2018-05-28,29.0,35.3,24.4,67,1.4,944.9,22.18
2018-05-29,28.2,32.6,24.9,67,0.0,945.1,19.69
2018-05-30,28.2,34.2,23.9,64,0.0,945.3,24.02
2018-05-31,28.8,35.9,23.9,67,1.3,946.3,22.67
2018-06-01,27.7,34.2,24.2,72,5.8,947.3,21.16
2018-06-02,26.3,32.0,23.4,81,9.9,947.7,15.09
2018-06-03,26.0,30.3,23.3,79,1.3,946.9,12.27
2018-06-04,26.7,32.5,23.6,75,2.7,945.7,21.36
2018-06-05,26.9,32.0,23.1,76,3.3,945.9,21.32
2018-06-06,25.9,28.5,24.0,83,4.6,947.7,13.1
2018-06-07,25.4,29.2,23.3,85,7.2,946.0,15.16
2018-06-08,25.6,29.4,23.5,84,5.3,943.5,12.9
2018-06-09,24.9,28.0,22.6,84,10.4,942.5,15.9
2018-06-10,25.1,27.8,23.1,83,2.9,943.4,17.98
2018-06-11,25.7,28.2,24.0,81,2.2,944.4,19.25
2018-06-12,25.9,29.4,23.7,77,0.1,944.6,20.43
2018-06-13,26.0,29.8,23.8,77,0.0,945.2,19.86
2018-06-14,26.1,29.4,23.8,77,0.2,946.3,21.75
2018-06-15,25.4,29.2,23.2,78,0.3,946.9,20.13
2018-06-16,25.0,28.7,23.0,78,0.5,948.0,19.68
2018-06-17,24.4,27.1,22.9,81,2.2,947.7,16.16
2018-06-18,23.6,27.3,22.0,88,25.1,945.8,8.93
2018-06-19,25.0,29.6,22.0,84,3.8,945.4,16.45
2018-06-20,25.7,30.5,22.8,83,3.5,945.5,19.41
2018-06-21,24.9,29.7,23.0,85,13.4,945.4,18.3
2018-06-22,23.9,25.9,22.6,90,12.1,945.5,7.75
2018-06-23,24.0,27.0,22.3,86,5.7,945.1,15.34
2018-06-24,23.6,27.0,22.0,87,5.9,945.0,11.83
2018-06-25,23.8,25.0,22.8,88,6.8,943.9,9.3
2018-06-26,24.0,26.0,22.2,86,6.3,943.1,14.54
2018-06-27,24.8,27.6,22.7,81,0.7,942.7,20.93
2018-06-28,24.4,27.1,22.7,83,4.0,943.2,18.72
2018-06-29,24.3,27.2,22.4,83,5.7,944.2,17.75
2018-06-30,24.5,27.6,22.1,81,0.4,945.8,20.75
2018-07-01,24.7,28.6,21.7,81,1.1,946.5,20.39
2018-07-02,24.4,27.1,22.9,83,4.3,945.7,15.27
2018-07-03,24.1,26.1,22.7,84,5.1,945.9,15.0
2018-07-04,23.4,25.5,22.6,88,17.7,946.0,11.37
2018-07-05,23.8,26.1,22.0,86,9.1,946.2,14.64
2018-07-06,23.9,26.0,22.5,85,1.5,946.1,13.92
2018-07-07,23.0,24.3,22.1,90,17.6,944.9,7.02
2018-07-08,22.6,24.2,21.4,91,22.2,944.0,6.67
2018-07-09,23.1,25.2,21.9,89,17.9,943.5,10.71
2018-07-10,23.0,25.0,22.0,90,14.1,943.7,7.36
2018-07-11,23.3,25.0,22.4,89,11.9,943.9,8.45
2018-07-12,22.7,23.4,22.0,91,22.1,943.3,6.53
2018-07-13,23.4,25.2,22.2,87,10.0,943.1,12.74
2018-07-14,23.7,25.8,22.4,86,3.7,942.4,14.43
2018-07-15,23.5,25.1,22.5,88,12.2,941.1,10.61
2018-07-16,23.2,24.5,22.4,90,20.5,941.8,7.02
2018-07-17,23.3,24.5,22.4,89,14.3,942.6,8.95
2018-07-18,23.8,26.3,22.0,84,4.7,944.0,18.9
2018-07-19,23.9,26.5,22.1,83,2.7,944.4,19.31
2018-07-20,23.5,25.8,22.3,85,5.2,944.0,13.93
2018-07-21,23.8,26.4,22.4,83,3.4,945.1,17.57
2018-07-22,23.3,25.5,22.4,87,6.2,944.8,12.64
2018-07-23,23.6,25.2,22.2,84,0.7,944.4,11.48
2018-07-24,23.6,25.1,22.5,84,1.2,945.9,9.68
2018-07-25,23.6,26.2,21.9,82,0.2,946.5,14.06
2018-07-26,23.2,24.6,22.4,84,0.2,946.7,7.13
2018-07-27,23.7,26.1,22.5,82,1.2,946.2,14.23
2018-07-28,24.1,26.9,22.5,82,1.4,946.2,16.75
2018-07-29,24.1,27.3,22.1,80,0.4,946.3,18.84
2018-07-30,24.2,27.2,22.5,80,0.4,946.0,18.45
2018-07-31,24.1,26.9,22.4,81,0.3,946.0,20.15
2018-08-01,24.1,27.0,22.6,82,0.9,946.5,19.86
2018-08-02,24.1,27.0,22.4,81,0.8,947.9,21.01
2018-08-03,23.7,26.0,22.1,82,1.1,949.0,18.04
2018-08-04,23.4,25.9,21.6,84,5.1,948.4,19.2
2018-08-05,23.5,26.0,21.5,82,2.2,948.2,19.67
2018-08-06,23.5,26.2,22.0,81,1.0,946.6,18.64
2018-08-07,23.3,25.5,21.7,81,0.8,944.9,13.25
2018-08-08,23.8,26.2,22.2,82,1.5,944.3,16.33
2018-08-09,23.2,25.3,22.0,84,1.6,946.9,11.21
2018-08-10,23.5,25.8,22.2,84,1.1,948.6,13.08
2018-08-11,23.3,25.5,22.0,85,6.1,947.1,15.54
2018-08-12,23.2,26.2,21.8,84,4.8,944.5,16.35
2018-08-13,23.5,25.8,22.1,83,3.3,943.6,15.8
2018-08-14,23.9,26.2,22.2,83,0.9,944.5,18.5
2018-08-15,23.9,26.5,22.5,84,1.7,944.3,14.79
2018-08-16,22.5,24.4,21.8,91,23.5,943.5,7.27
2018-08-17,22.8,25.0,21.9,88,20.9,942.6,9.51
2018-08-18,23.2,25.5,22.0,86,3.6,944.3,14.42
2018-08-19,23.1,25.3,21.8,86,2.8,945.3,16.78
2018-08-20,22.5,24.4,21.5,90,9.9,945.6,7.0
2018-08-21,22.0,23.0,21.4,92,18.4,945.6,6.0
2018-08-22,22.6,24.9,21.5,89,6.7,946.8,11.19
2018-08-23,23.3,26.4,21.4,84,3.1,948.0,18.95
2018-08-24,23.3,26.2,21.2,84,2.6,947.8,19.65
2018-08-25,23.0,25.6,21.3,85,3.7,947.3,16.14
2018-08-26,22.9,25.2,21.5,86,6.8,945.9,16.79
2018-08-27,22.2,24.0,21.4,88,5.0,946.0,7.65
2018-08-28,22.3,23.9,21.0,89,4.8,946.2,8.89
2018-08-29,23.0,26.1,20.8,86,2.2,947.7,16.87
2018-08-30,23.2,26.4,21.4,85,2.3,947.7,19.63
2018-08-31,23.0,25.9,21.0,84,1.4,948.2,17.97
2018-09-01,23.0,25.3,21.0,85,2.6,948.9,16.42
2018-09-02,23.0,26.1,21.6,85,7.1,948.8,17.59
2018-09-03,22.9,25.8,20.9,84,2.7,948.9,18.67
2018-09-04,22.8,25.9,20.6,84,2.4,949.7,18.28
2018-09-05,22.7,25.7,20.6,82,0.0,949.2,18.71
2018-09-06,22.7,26.2,20.4,82,0.3,948.2,20.33
2018-09-07,22.4,25.5,20.0,83,1.0,948.3,18.77
2018-09-08,22.2,26.1,19.6,82,0.7,948.5,21.22
2018-09-09,22.3,26.7,18.9,81,0.1,949.5,19.02
2018-09-10,22.6,27.1,19.1,83,0.7,951.7,18.8
2018-09-11,23.0,28.4,18.9,82,0.1,952.4,20.87
2018-09-12,22.6,28.1,18.8,81,0.0,951.0,22.19
2018-09-13,22.3,27.5,18.1,81,0.2,949.6,18.1
2018-09-14,22.7,27.0,19.0,83,1.3,950.1,17.29
2018-09-15,23.3,27.7,20.1,84,2.2,950.9,18.95
2018-09-16,23.7,28.7,20.8,85,1.4,949.8,21.22
2018-09-17,23.4,27.9,20.4,81,0.9,948.9,21.18
2018-09-18,23.0,27.8,19.6,83,1.5,949.2,20.64
2018-09-19,22.7,25.5,20.5,88,3.7,949.3,13.64
2018-09-20,23.6,28.1,20.8,86,3.6,947.3,17.88
2018-09-21,24.3,28.9,21.8,84,0.8,946.4,14.53
2018-09-22,23.9,27.0,21.8,83,1.2,948.2,15.31
2018-09-23,24.0,29.0,21.1,83,3.1,951.4,20.64
2018-09-24,24.0,28.9,21.1,85,6.3,951.9,18.6
2018-09-25,24.8,30.4,21.0,82,0.8,951.3,19.99
2018-09-26,25.3,30.5,21.2,82,1.1,950.0,18.4
2018-09-27,25.6,31.1,21.7,80,0.3,949.7,18.46
2018-09-28,25.2,29.8,22.2,82,4.8,950.4,14.69
2018-09-29,25.0,31.1,21.8,79,8.6,951.0,17.88
2018-09-30,25.1,30.5,22.0,80,12.1,950.8,16.96
2018-10-01,25.4,31.6,21.7,77,3.9,950.4,20.19
2018-10-02,25.3,30.9,21.5,80,3.1,951.0,19.27
2018-10-03,25.4,31.2,22.1,82,9.2,950.8,19.08
2018-10-04,25.0,28.5,21.7,78,1.2,951.1,13.72
2018-10-05,25.1,29.1,21.5,78,1.2,951.3,16.04
2018-10-06,25.7,31.2,21.0,67,0.0,950.8,20.66
2018-10-07,26.0,32.6,20.9,61,0.0,950.1,21.91
2018-10-08,26.0,32.5,21.3,62,0.1,950.0,19.95
2018-10-09,25.8,31.7,21.5,73,0.1,950.0,18.67
2018-10-10,25.7,31.8,21.0,75,0.0,949.8,18.71
2018-10-11,26.0,32.6,21.5,73,0.0,949.5,20.76
2018-10-12,26.4,33.0,20.8,66,0.0,950.1,19.32
2018-10-13,26.5,32.5,20.6,56,0.0,951.7,21.17
2018-10-14,25.6,32.1,19.6,57,0.0,952.4,21.95
2018-10-15,26.1,33.3,21.0,50,0.0,952.6,20.85
2018-10-16,25.8,32.9,18.9,59,0.0,952.8,19.96
2018-10-17,25.0,29.6,20.8,71,0.0,952.6,14.61
2018-10-18,24.5,29.5,21.2,74,0.1,952.2,11.02
2018-10-19,25.2,32.0,21.1,69,0.8,952.3,15.36
2018-10-20,26.5,33.2,20.9,62,0.1,953.3,19.06
2018-10-21,26.2,32.9,20.6,67,0.0,953.8,18.17
2018-10-22,26.3,32.0,21.9,65,0.1,953.6,18.33
2018-10-23,26.6,33.2,21.7,52,0.0,953.2,21.12
2018-10-24,25.9,32.8,19.8,45,0.0,952.7,20.91
2018-10-25,26.0,31.0,21.5,55,0.0,954.0,18.17
2018-10-26,26.1,32.2,20.8,52,0.0,954.6,16.67
2018-10-27,26.1,32.4,19.2,40,0.0,954.7,18.41
2018-10-28,25.6,32.2,20.4,38,0.0,953.7,19.9
2018-10-29,24.8,31.3,18.9,35,0.0,952.7,20.84
2018-10-30,23.5,30.5,17.4,40,0.0,951.9,21.12
2018-10-31,24.3,31.3,18.1,45,0.0,951.8,20.95
2018-11-01,24.8,31.4,18.5,48,0.0,951.6,20.39
2018-11-02,25.4,30.6,19.6,49,0.0,951.5,13.91
2018-11-03,25.7,31.1,21.0,66,1.7,952.0,15.51
2018-11-04,25.2,31.1,21.6,77,1.6,952.8,15.93
2018-11-05,23.9,29.5,20.8,83,12.7,953.2,15.2
2018-11-06,24.6,29.6,21.5,78,1.2,953.2,16.18
2018-11-07,24.9,30.5,20.3,66,0.0,953.3,18.23
2018-11-08,24.5,31.0,19.5,60,0.0,952.5,19.43
2018-11-09,24.8,31.2,20.2,58,0.0,951.6,19.03
2018-11-10,24.7,30.9,19.4,55,0.0,952.4,19.39
2018-11-11,23.9,31.1,18.1,52,0.0,953.0,19.54
2018-11-12,23.4,30.0,16.4,48,0.0,952.2,19.79
2018-11-13,22.7,30.2,16.2,46,0.0,950.7,19.79
2018-11-14,23.4,30.5,17.3,48,0.0,950.6,19.52
2018-11-15,23.4,31.1,16.4,46,0.0,952.3,19.54
2018-11-16,24.0,31.4,15.6,36,0.0,952.7,19.56
2018-11-17,23.8,31.8,17.5,45,0.0,951.6,19.13
2018-11-18,24.8,31.8,17.8,57,0.1,951.7,16.45
2018-11-19,24.2,31.2,20.0,74,2.6,953.5,13.87
2018-11-20,23.4,27.9,20.2,82,4.7,954.4,12.31
2018-11-21,24.1,29.6,19.5,76,0.3,954.1,14.79
2018-11-22,24.1,30.2,19.3,60,0.0,954.2,18.13
2018-11-23,23.5,30.5,18.7,54,0.0,955.3,18.41
2018-11-24,23.5,30.5,16.5,48,0.0,956.0,18.32
2018-11-25,23.1,30.3,17.6,53,0.0,954.8,17.65
2018-11-26,23.4,30.4,17.3,50,0.0,953.2,18.48
2018-11-27,22.8,30.0,14.9,45,0.0,953.2,18.46
2018-11-28,22.2,29.2,14.9,45,0.0,953.8,18.2
2018-11-29,21.7,29.4,13.9,51,0.0,955.0,18.43
2018-11-30,22.0,29.4,13.9,49,0.0,955.0,18.27
2018-12-01,21.0,27.8,13.3,51,0.0,952.9,14.57
2018-12-02,21.4,28.5,15.4,51,0.0,951.3,17.09
2018-12-03,22.0,29.2,15.4,52,0.0,951.7,17.59
2018-12-04,22.2,28.4,16.7,56,0.0,953.1,13.6
2018-12-05,23.0,29.6,18.2,57,0.0,952.3,16.8
2018-12-06,23.4,29.6,17.5,57,0.0,951.3,17.39
2018-12-07,23.3,30.5,18.5,54,0.0,951.6,17.38
2018-12-08,23.5,30.8,17.8,57,0.0,952.3,14.99
2018-12-09,23.2,30.8,17.5,54,0.0,951.6,17.17
2018-12-10,21.3,29.1,15.8,47,0.0,951.3,18.03
2018-12-11,20.0,28.0,13.1,48,0.0,952.2,17.96
2018-12-12,20.0,27.4,13.3,51,0.0,952.7,17.66
2018-12-13,20.8,27.9,14.9,56,0.0,953.7,17.59
2018-12-14,20.9,27.5,14.9,54,0.0,954.6,15.44
2018-12-15,21.5,26.7,17.5,57,0.0,954.7,11.66
2018-12-16,21.0,27.4,15.8,51,0.0,954.6,17.11
2018-12-17,19.8,25.8,13.1,44,0.0,953.7,17.54
2018-12-18,19.9,26.8,14.6,55,0.0,954.2,17.1
2018-12-19,18.4,26.5,12.2,57,0.0,954.3,17.71
2018-12-20,19.3,26.2,12.2,58,0.0,954.0,17.36
2018-12-21,20.3,27.9,12.5,61,0.0,953.2,17.2
2018-12-22,21.0,28.9,12.9,61,0.0,952.7,17.01
2018-12-23,22.7,29.8,17.0,55,0.0,953.4,16.15
2018-12-24,22.8,30.0,16.5,60,0.0,953.4,14.64
2018-12-25,23.4,30.5,17.5,58,0.0,953.0,16.18
2018-12-26,22.2,29.6,16.9,50,0.0,952.8,16.78
2018-12-27,18.6,26.2,12.6,45,0.0,952.8,18.16
2018-12-28,17.4,25.6,10.1,42,0.0,952.7,18.19
2018-12-29,18.0,26.1,9.9,37,0.0,954.1,18.12
2018-12-30,17.6,26.5,9.4,39,0.0,955.7,18.02
2018-12-31,18.7,27.0,11.9,37,0.0,956.7,17.51
2019-01-01,19.6,28.6,12.0,36,0.0,956.8,17.72
2019-01-02,20.8,29.6,13.8,32,0.0,956.6,18.03
2019-01-03,20.8,30.0,12.2,38,0.0,957.1,17.94
2019-01-04,21.6,30.5,13.5,36,0.0,956.2,18.01
2019-01-05,21.6,30.1,14.3,42,0.0,954.4,17.81
2019-01-06,21.1,29.0,12.5,40,0.0,953.4,17.99
2019-01-07,20.2,28.0,12.9,40,0.0,953.8,18.05
2019-01-08,20.3,28.6,13.0,41,0.0,954.2,18.3
2019-01-09,20.1,29.3,12.3,41,0.0,953.2,18.45
2019-01-10,20.4,29.8,13.2,43,0.0,952.7,18.34
2019-01-11,21.0,30.4,12.4,47,0.0,953.0,18.29
2019-01-12,21.7,30.6,15.1,42,0.0,952.7,18.24
2019-01-13,20.8,29.6,13.1,50,0.0,953.5,18.2
2019-01-14,21.2,29.1,14.1,46,0.0,953.7,18.21
2019-01-15,21.4,29.2,14.2,50,0.0,954.4,18.26
2019-01-16,22.7,29.7,16.5,45,0.0,954.4,18.27
2019-01-17,22.2,30.6,14.8,46,0.0,953.1,18.56
2019-01-18,22.6,30.6,16.2,41,0.0,953.1,18.6
2019-01-19,22.2,30.5,15.6,43,0.0,953.9,18.57
2019-01-20,22.4,30.6,15.6,44,0.0,954.4,18.68
2019-01-21,22.2,30.5,15.0,44,0.0,952.7,18.9
2019-01-22,20.4,28.1,14.9,50,0.0,952.5,18.92
2019-01-23,19.3,26.6,13.6,66,0.0,953.1,18.49
2019-01-24,19.9,28.8,13.3,57,0.0,953.4,18.13
2019-01-25,18.5,26.5,11.1,46,0.0,952.9,19.55
2019-01-26,18.7,26.4,11.9,48,0.0,953.7,19.22
2019-01-27,19.5,25.9,14.1,58,0.0,954.9,16.19
2019-01-28,18.9,25.6,12.7,51,0.0,955.9,19.25
2019-01-29,18.6,26.4,11.1,49,0.0,955.7,19.87
2019-01-30,20.0,28.6,13.2,44,0.0,954.8,19.98
2019-01-31,20.5,28.9,13.4,45,0.0,953.5,19.85
2019-02-01,21.3,29.2,14.8,49,0.0,953.3,19.35
2019-02-02,21.8,30.0,15.1,50,0.0,952.6,18.91
2019-02-03,22.5,29.4,16.1,50,0.0,953.6,15.07
2019-02-04,22.9,30.8,16.1,47,0.0,955.4,19.55
2019-02-05,22.9,30.7,15.2,49,0.0,955.0,19.42
2019-02-06,22.9,30.6,16.6,54,0.0,952.3,19.25
2019-02-07,19.6,26.5,14.5,57,0.0,952.7,20.56
2019-02-08,17.4,25.5,12.0,55,0.0,954.2,21.54
2019-02-09,16.8,27.1,9.0,34,0.0,954.3,22.11
2019-02-10,20.1,29.9,12.4,34,0.0,954.5,21.4
2019-02-11,21.9,31.0,12.4,43,0.0,954.5,20.96
2019-02-12,25.0,31.6,18.9,47,0.0,955.5,17.87
2019-02-13,25.5,32.7,19.6,50,0.0,956.3,18.05
2019-02-14,24.3,32.3,17.0,47,0.0,953.7,20.31
2019-02-15,23.1,30.9,17.4,44,0.0,953.6,21.25
2019-02-16,21.0,29.4,14.0,46,0.0,953.8,22.21
2019-02-17,21.5,30.2,14.6,48,0.0,952.7,21.92
2019-02-18,23.2,32.5,15.6,40,0.0,951.2,21.78
2019-02-19,24.6,34.2,15.9,40,0.0,951.4,21.91
2019-02-20,26.1,35.2,18.6,43,0.0,953.7,21.79
2019-02-21,26.6,34.8,20.1,48,0.0,955.9,19.57
2019-02-22,26.8,33.7,21.1,44,0.0,954.8,18.35
2019-02-23,26.8,34.3,20.6,42,0.0,953.1,20.91
2019-02-24,26.5,34.7,19.5,28,0.0,951.3,22.03
2019-02-25,25.2,33.2,17.9,30,0.0,950.6,22.47
2019-02-26,23.4,29.5,18.0,32,0.0,950.3,22.43
2019-02-27,21.7,29.0,15.8,45,0.0,949.7,23.01
2019-02-28,20.9,29.3,13.1,53,0.0,950.5,23.14
2019-03-01,22.2,31.4,14.1,48,0.0,950.1,22.86
2019-03-02,24.5,34.4,17.2,45,0.0,950.3,22.86
2019-03-03,23.6,32.5,17.1,56,0.0,950.8,22.83
2019-03-04,23.2,31.6,17.4,60,0.0,949.9,22.94
2019-03-05,22.6,31.0,16.6,61,0.0,949.8,22.75
2019-03-06,21.6,30.2,15.6,59,0.0,950.8,23.56
2019-03-07,22.7,32.3,14.0,50,0.0,950.3,23.86
2019-03-08,24.8,34.3,15.9,45,0.0,951.8,23.35
2019-03-09,25.9,34.5,18.8,32,0.0,953.0,23.48
2019-03-10,25.9,34.8,18.3,34,0.0,952.7,23.61
2019-03-11,25.1,33.3,18.1,40,0.0,953.3,23.65
2019-03-12,25.7,34.3,18.0,40,0.0,953.5,22.28
2019-03-13,24.9,33.2,18.6,40,0.0,953.9,21.55
2019-03-14,25.0,33.1,18.0,36,0.0,953.9,23.12
2019-03-15,25.7,34.3,17.6,36,0.0,953.4,23.85
2019-03-16,26.6,34.8,19.6,31,0.0,952.6,24.02
2019-03-17,26.9,35.0,20.1,25,0.0,952.5,24.22
2019-03-18,26.3,35.0,18.0,29,0.0,952.2,24.45
2019-03-19,26.2,35.0,18.5,29,0.0,950.7,24.69
2019-03-20,26.1,35.4,19.5,33,0.0,950.3,24.52
2019-03-21,25.9,34.1,18.9,32,0.0,952.0,24.59
2019-03-22,26.1,34.9,18.1,26,0.0,952.7,25.29
2019-03-23,27.0,35.7,18.5,44,0.0,952.4,24.66
2019-03-24,28.9,37.2,22.1,30,0.0,951.4,24.69
2019-03-25,29.8,37.8,24.0,28,0.0,951.3,23.27
2019-03-26,29.5,37.9,22.5,30,0.0,952.3,24.97
2019-03-27,28.6,37.5,21.2,38,0.0,953.5,25.18
2019-03-28,29.2,38.3,21.2,31,0.0,952.7,25.23
2019-03-29,30.2,39.1,22.5,31,0.0,951.0,24.77
2019-03-30,29.7,38.5,23.0,38,0.0,950.7,24.53
2019-03-31,29.4,37.7,23.5,38,0.0,951.5,24.69
2019-04-01,28.2,36.8,21.8,30,0.0,951.5,25.69
2019-04-02,27.9,37.8,18.5,35,0.0,950.9,25.59
2019-04-03,28.9,38.2,20.2,38,0.0,950.5,25.54
2019-04-04,29.5,39.0,23.0,36,0.0,951.4,22.88
2019-04-05,28.2,37.3,21.1,47,0.0,952.5,23.28
2019-04-06,29.2,38.0,22.2,32,0.0,952.1,22.95
2019-04-07,29.2,37.3,23.1,30,0.0,950.7,25.49
2019-04-08,29.6,38.3,22.2,30,0.0,949.8,25.58
2019-04-09,28.6,36.2,22.6,34,0.0,950.7,25.29
2019-04-10,29.2,38.5,21.1,34,0.0,951.0,25.63
2019-04-11,29.5,38.8,21.8,37,0.0,950.7,24.79
2019-04-12,30.3,38.5,22.6,36,0.0,950.3,24.25
2019-04-13,30.9,39.6,24.0,34,0.0,950.2,21.42
2019-04-14,29.4,37.2,23.1,40,0.0,950.9,19.5
2019-04-15,29.3,36.5,24.4,44,0.0,950.6,19.97
2019-04-16,27.8,33.5,23.0,59,0.2,950.3,20.75
2019-04-17,26.7,34.2,21.1,52,0.0,951.3,25.88
2019-04-18,25.9,35.2,17.6,43,0.0,951.1,27.02
2019-04-19,27.5,37.0,20.0,47,0.0,949.7,26.47
2019-04-20,27.6,36.8,19.8,41,0.0,948.2,26.34
2019-04-21,27.7,36.4,20.5,44,0.0,948.3,25.92
2019-04-22,28.9,37.5,21.1,36,0.0,948.7,26.31
2019-04-23,29.9,39.0,21.7,31,0.0,949.8,24.79
2019-04-24,31.2,40.0,24.1,30,0.0,950.3,24.11
2019-04-25,31.4,39.5,24.7,35,0.0,950.3,21.59
2019-04-26,32.5,41.2,25.9,33,0.0,949.0,21.55
2019-04-27,33.2,41.2,26.6,33,0.0,948.4,18.05
2019-04-28,32.9,42.5,25.6,38,0.0,948.3,23.79
2019-04-29,30.9,39.0,24.3,44,0.0,948.6,22.79
2019-04-30,29.8,37.4,24.0,41,0.0,948.3,25.23
2019-05-01,28.0,36.0,22.5,48,0.0,947.4,26.29
2019-05-02,26.7,34.5,20.2,50,0.0,947.4,26.58
2019-05-03,26.1,34.1,19.6,55,0.0,948.6,26.77
2019-05-04,26.3,33.5,20.3,59,0.0,950.8,25.59
2019-05-05,26.8,34.3,20.1,60,0.0,952.3,23.25
2019-05-06,28.6,37.8,20.5,51,0.0,950.4,25.16
2019-05-07,28.2,36.5,22.2,52,0.0,949.9,24.13
2019-05-08,27.4,35.0,22.1,61,0.0,950.9,24.3
2019-05-09,27.1,34.3,22.2,57,0.0,950.4,25.93
2019-05-10,27.1,35.2,20.4,59,0.0,949.9,25.68
2019-05-11,28.4,37.2,21.0,55,0.0,950.7,26.25
2019-05-12,28.8,38.6,21.2,54,0.0,949.9,26.65
2019-05-13,28.4,37.0,21.5,57,0.0,949.4,24.95
2019-05-14,28.4,37.2,21.0,53,0.0,949.4,27.3
2019-05-15,28.3,37.0,20.9,45,0.0,950.2,27.29
2019-05-16,28.6,36.9,21.1,46,0.0,950.9,26.99
2019-05-17,28.9,37.7,21.5,48,0.0,951.0,26.36
2019-05-18,30.1,38.0,22.2,42,0.0,950.1,26.78
2019-05-19,30.6,39.1,22.9,37,0.0,949.9,25.55
2019-05-20,30.9,40.1,22.9,40,0.0,949.9,26.91
2019-05-21,30.8,40.4,24.0,51,0.0,949.5,24.7
2019-05-22,30.3,38.4,23.5,51,0.0,949.4,25.03
2019-05-23,29.8,38.6,22.8,54,0.0,948.8,24.4
2019-05-24,29.6,38.2,22.8,56,0.0,949.7,26.63
2019-05-25,29.3,37.0,23.0,56,0.0,949.1,26.38
2019-05-26,28.3,36.2,22.0,57,0.0,948.2,26.73
2019-05-27,29.2,38.0,22.8,61,0.0,948.0,25.02
2019-05-28,29.7,38.6,22.2,55,0.0,947.7,24.93
2019-05-29,29.8,38.4,22.5,51,0.0,947.1,26.47
2019-05-30,29.1,37.2,22.3,57,0.0,946.7,25.4
2019-05-31,29.4,38.4,23.1,57,0.0,946.7,25.92
2019-06-01,29.1,36.8,23.8,60,0.0,948.1,25.11
2019-06-02,28.9,37.3,22.7,64,0.0,947.8,23.1
2019-06-03,28.4,34.4,23.8,64,0.3,948.1,20.89
2019-06-04,28.8,35.5,23.7,63,0.4,947.7,23.34
2019-06-05,29.3,36.9,23.6,63,0.0,947.1,21.81
2019-06-06,29.3,35.0,24.6,63,1.0,947.5,22.06
2019-06-07,29.8,36.2,24.8,63,0.1,947.6,24.15
2019-06-08,29.4,36.0,24.9,68,3.4,947.4,19.3
2019-06-09,28.4,33.8,25.7,71,7.4,946.4,16.52
2019-06-10,28.0,33.6,24.1,72,4.9,945.1,19.52
2019-06-11,29.0,35.8,23.6,63,1.4,943.4,21.73
2019-06-12,26.8,32.3,23.9,68,2.4,943.2,17.82
2019-06-13,26.1,31.0,23.1,76,2.0,944.9,20.25
2019-06-14,26.0,30.2,22.9,76,0.5,945.6,18.49
2019-06-15,26.0,29.9,23.2,76,1.6,946.7,20.43
2019-06-16,26.4,30.7,23.6,74,1.0,947.7,21.7
2019-06-17,26.1,30.4,23.7,74,0.6,948.3,20.95
2019-06-18,26.3,30.9,23.4,74,0.5,946.4,22.69
2019-06-19,26.3,30.4,23.9,75,1.6,945.6,17.36
2019-06-20,26.8,32.0,23.1,71,0.5,946.4,22.09
2019-06-21,26.7,32.2,22.9,72,0.5,946.2,20.58
2019-06-22,26.5,32.7,23.0,73,1.5,945.5,18.28
2019-06-23,25.2,28.5,23.1,83,6.2,944.7,10.92
2019-06-24,24.9,29.9,22.6,84,10.5,945.7,14.73
2019-06-25,26.0,31.0,22.8,79,7.6,946.5,18.89
2019-06-26,25.8,30.5,23.1,81,7.3,946.5,17.94
2019-06-27,25.3,29.9,22.9,85,24.9,945.3,18.03
2019-06-28,24.5,28.2,22.9,87,15.8,944.7,14.25
2019-06-29,23.2,23.9,22.1,92,73.4,944.6,6.13
2019-06-30,22.9,24.9,21.9,91,22.9,945.2,6.21
2019-07-01,23.4,25.6,22.3,91,11.7,944.3,8.44
2019-07-02,23.4,25.7,22.5,89,8.9,944.5,9.53
2019-07-03,23.6,25.5,22.3,88,3.0,944.9,8.5
2019-07-04,24.5,27.1,23.0,85,4.3,944.5,16.68
2019-07-05,24.2,27.0,22.9,86,5.5,943.2,16.37
2019-07-06,23.6,25.0,22.6,89,11.5,942.7,10.57
2019-07-07,23.8,25.1,22.5,88,10.3,943.8,8.97
2019-07-08,24.3,26.9,23.0,86,7.6,945.0,14.8
2019-07-09,24.4,26.6,23.1,85,5.3,944.6,14.05
2019-07-10,23.9,26.6,22.6,88,22.0,944.6,13.75
2019-07-11,23.4,25.0,22.5,89,10.9,946.7,9.35
2019-07-12,24.1,26.3,22.5,85,1.0,948.0,14.58
2019-07-13,24.7,27.3,22.5,83,1.3,948.8,20.34
2019-07-14,24.7,27.3,22.9,83,2.1,948.0,20.74
2019-07-15,24.5,27.4,22.8,82,1.2,946.9,20.17
2019-07-16,24.7,27.5,22.9,82,2.1,947.6,20.21
2019-07-17,24.5,27.6,22.1,82,2.3,947.4,19.59
2019-07-18,24.9,28.0,22.0,81,0.9,946.0,20.82
2019-07-19,24.8,28.7,22.0,83,2.3,944.4,18.39
2019-07-20,24.4,27.5,22.7,90,19.9,943.6,12.78
2019-07-21,25.1,28.6,22.5,86,9.9,942.4,18.74
2019-07-22,25.4,30.0,22.7,85,6.9,942.0,18.99
2019-07-23,24.9,28.1,23.0,85,5.3,943.3,17.8
2019-07-24,24.7,27.0,23.2,85,7.3,944.9,14.85
2019-07-25,24.1,27.0,22.8,86,16.2,946.9,14.88
2019-07-26,23.3,25.1,21.9,90,16.3,946.0,11.6
2019-07-27,23.0,25.4,21.5,91,18.3,945.2,14.54
2019-07-28,23.2,24.8,21.7,88,5.5,945.4,11.11
2019-07-29,22.7,24.7,21.4,90,21.1,945.0,9.48
2019-07-30,22.2,22.8,21.5,92,55.0,945.7,3.65
2019-07-31,22.5,23.4,21.4,92,28.5,946.8,5.43
2019-08-01,23.1,25.1,22.0,89,12.4,946.2,9.17
2019-08-02,23.2,25.1,22.1,88,15.0,945.1,10.53
2019-08-03,22.9,24.2,22.1,89,65.1,944.4,7.51
2019-08-04,22.9,23.7,22.5,91,75.4,943.8,5.01
2019-08-05,22.8,24.4,21.9,92,34.8,943.5,6.25
2019-08-06,23.2,24.4,22.4,90,19.6,943.2,8.79
2019-08-07,23.4,24.5,22.5,88,8.3,942.1,9.05
2019-08-08,23.4,24.5,22.6,89,11.0,940.9,8.74
2019-08-09,23.4,25.0,22.5,89,15.8,941.4,8.91
2019-08-10,23.4,25.2,22.2,87,10.9,943.3,13.71
2019-08-11,23.7,26.5,22.0,84,6.3,945.4,19.87
2019-08-12,24.1,26.9,22.2,83,1.7,946.3,18.86
2019-08-13,24.1,27.1,22.0,84,3.1,946.2,19.13
2019-08-14,24.1,26.5,22.5,84,2.1,947.0,15.0
2019-08-15,24.0,26.2,22.2,84,1.9,947.7,16.88
2019-08-16,24.2,27.4,22.3,82,2.2,947.3,21.36
2019-08-17,24.1,27.0,22.0,82,1.6,947.2,20.87
2019-08-18,24.0,27.0,21.5,83,1.4,948.6,20.6
2019-08-19,24.1,27.6,21.5,83,1.0,949.4,20.36
2019-08-20,24.1,28.1,21.1,82,1.5,949.3,19.45
2019-08-21,23.6,27.0,21.0,84,1.4,948.6,18.24
2019-08-22,23.7,27.1,21.5,84,1.5,948.0,20.05
2019-08-23,23.6,26.9,20.9,84,0.9,948.0,18.6
2019-08-24,24.0,27.4,21.6,82,0.4,947.7,20.77
2019-08-25,23.9,27.6,21.6,80,0.5,946.7,22.23
2019-08-26,23.6,27.1,21.3,81,1.0,946.5,20.36
2019-08-27,23.6,27.0,21.1,81,0.9,945.7,20.85
2019-08-28,24.2,27.9,21.4,81,0.4,945.9,21.33
2019-08-29,24.7,28.2,21.8,83,1.5,946.5,20.98
2019-08-30,24.1,26.7,22.7,87,15.9,945.1,13.1
2019-08-31,23.6,25.2,22.4,88,3.9,943.9,7.43
2019-09-01,23.7,26.8,22.4,85,5.9,944.8,11.12
2019-09-02,24.0,26.9,22.2,86,3.9,946.1,15.47
2019-09-03,23.4,25.0,22.1,88,5.5,945.4,10.22
2019-09-04,22.8,24.0,22.1,93,86.0,943.7,3.3
2019-09-05,23.7,26.7,22.1,88,12.5,943.2,13.89
2019-09-06,23.6,25.7,22.5,88,13.1,943.6,11.85
2019-09-07,23.7,25.4,22.6,88,19.1,944.0,12.62
2019-09-08,23.8,26.0,22.4,87,7.7,945.2,14.88
2019-09-09,23.7,25.5,22.6,89,6.4,945.3,10.79
2019-09-10,24.0,26.2,22.4,85,1.6,945.5,15.23
2019-09-11,23.6,26.3,22.0,84,0.7,947.6,13.67
2019-09-12,23.0,24.2,21.8,88,2.3,949.0,7.82
2019-09-13,23.2,25.8,21.9,89,4.3,949.2,13.72
2019-09-14,23.6,26.7,21.6,87,6.6,949.0,16.53
2019-09-15,23.6,27.1,21.6,87,5.1,949.4,19.02
2019-09-16,23.5,26.1,21.8,85,1.0,948.5,17.0
2019-09-17,23.8,27.4,21.5,86,19.4,947.7,18.41
2019-09-18,23.3,26.0,21.6,92,42.2,947.6,9.47
2019-09-19,23.8,28.1,21.7,89,24.6,946.8,15.26
2019-09-20,23.4,27.1,20.8,88,19.7,946.9,13.97
2019-09-21,23.7,27.8,20.4,85,2.9,946.9,16.41
2019-09-22,24.0,29.0,20.5,85,1.1,948.1,19.76
2019-09-23,24.1,28.9,20.5,86,3.1,949.5,19.05
2019-09-24,24.0,28.8,21.4,89,40.2,948.8,15.04
2019-09-25,23.7,27.6,21.6,90,24.1,948.2,11.67
2019-09-26,23.8,27.8,21.8,88,20.7,949.7,12.78
2019-09-27,23.5,26.9,21.5,85,1.8,952.4,16.1
2019-09-28,23.6,27.6,21.0,84,0.8,951.9,18.52
2019-09-29,23.9,28.6,20.6,82,0.0,952.3,22.21
2019-09-30,23.8,28.8,19.9,84,1.1,951.8,20.26
2019-10-01,23.5,28.1,20.7,85,1.3,951.9,18.11
2019-10-02,24.1,29.0,20.6,82,0.3,952.5,20.63
2019-10-03,24.3,29.0,20.8,83,0.2,951.8,19.54
2019-10-04,23.7,28.4,21.0,88,5.1,951.6,18.37
2019-10-05,23.3,28.0,20.8,89,12.7,950.7,16.02
2019-10-06,23.3,28.0,19.7,88,13.6,951.1,14.25
2019-10-07,23.8,28.6,21.2,86,9.2,951.8,19.39
2019-10-08,24.0,28.5,20.7,87,5.8,951.2,17.64
2019-10-09,23.7,28.1,20.5,87,7.0,950.7,14.57
2019-10-10,24.4,28.8,21.3,82,0.2,950.8,18.53
2019-10-11,23.1,27.5,20.5,89,15.0,950.7,13.45
2019-10-12,23.6,28.5,20.6,87,4.0,951.0,17.69
2019-10-13,24.4,29.2,20.1,84,1.4,952.1,19.0
2019-10-14,24.8,28.8,21.0,81,2.9,952.6,18.81
2019-10-15,24.5,29.5,20.8,74,0.0,952.2,21.48
2019-10-16,23.6,29.0,18.4,71,0.0,951.9,20.66
2019-10-17,23.8,28.5,18.8,75,0.0,951.8,18.78
2019-10-18,23.3,26.0,20.7,85,1.8,951.4,10.14
2019-10-19,22.0,24.1,21.0,94,23.6,952.3,5.62
2019-10-20,21.5,22.9,20.5,95,23.4,952.1,4.8
2019-10-21,22.9,27.1,20.5,90,11.3,950.7,9.05
2019-10-22,22.5,26.0,20.5,92,16.8,949.3,9.04
2019-10-23,22.3,24.4,20.8,95,18.9,947.7,5.1
2019-10-24,22.3,24.5,20.9,94,19.8,947.2,4.72
2019-10-25,22.2,24.1,20.4,92,8.2,946.4,5.28
2019-10-26,22.4,25.7,19.7,90,8.9,947.7,6.02
2019-10-27,22.6,26.7,19.5,85,2.9,950.1,12.27
2019-10-28,23.5,28.5,18.6,82,8.8,951.2,18.36
2019-10-29,23.9,28.5,20.6,84,0.8,952.2,15.89
2019-10-30,23.6,28.2,20.5,85,10.5,951.8,16.26
2019-10-31,23.5,27.5,21.0,83,0.1,950.5,11.76
2019-11-01,23.4,26.8,21.1,83,1.2,949.9,8.63
2019-11-02,23.0,28.0,18.0,79,0.3,951.5,18.62
2019-11-03,23.0,28.0,19.1,84,0.6,953.8,15.56
2019-11-04,23.3,28.0,20.5,88,1.6,954.4,16.02
2019-11-05,24.2,28.4,20.9,83,0.6,952.5,15.52
2019-11-06,23.4,28.5,20.5,86,2.5,950.3,14.48
2019-11-07,23.1,28.3,20.0,83,0.6,949.6,17.08
2019-11-08,22.4,27.5,18.7,81,0.0,950.5,18.57
2019-11-09,21.8,28.5,17.1,78,0.0,951.0,18.48
2019-11-10,22.3,28.6,17.2,75,0.0,951.6,18.54
2019-11-11,23.1,28.5,19.0,70,0.0,951.4,17.63
2019-11-12,23.0,28.5,18.0,72,0.1,952.1,17.14
2019-11-13,22.9,27.7,18.4,71,0.1,953.2,17.01
2019-11-14,22.1,27.5,16.1,70,0.0,953.1,16.63
2019-11-15,23.4,28.1,19.2,74,0.3,952.6,14.71
2019-11-16,23.5,28.0,19.3,78,0.8,952.9,14.59
2019-11-17,23.8,28.4,19.6,76,0.4,953.8,16.48
2019-11-18,22.5,28.6,17.6,71,0.0,953.6,18.55
2019-11-19,23.0,29.2,17.7,68,0.0,952.8,18.74
2019-11-20,23.6,29.4,17.6,67,0.0,952.0,17.79
2019-11-21,23.7,29.1,19.4,71,0.1,953.0,15.4
2019-11-22,23.3,29.0,18.0,67,0.0,954.1,16.81
2019-11-23,23.3,29.0,17.5,63,0.0,953.9,18.32
2019-11-24,22.5,28.5,16.9,61,0.0,953.0,18.59
2019-11-25,22.1,29.0,15.9,64,0.0,952.3,18.36
2019-11-26,22.7,29.8,15.6,65,0.0,951.5,18.24
2019-11-27,22.9,28.8,17.8,66,0.0,952.0,17.78
2019-11-28,23.4,29.8,16.5,66,0.0,952.5,17.3
2019-11-29,23.7,28.6,19.2,70,0.3,952.9,15.2
2019-11-30,23.9,29.9,18.9,69,0.0,952.5,16.53
2019-12-01,23.8,29.0,18.4,66,0.0,952.7,15.67
2019-12-02,22.9,28.3,18.7,71,1.2,952.8,15.12
2019-12-03,22.8,27.0,19.1,73,0.0,953.1,11.69
2019-12-04,23.4,26.8,20.0,72,0.0,953.9,8.96
2019-12-05,23.4,27.6,21.4,70,0.2,955.0,9.08
2019-12-06,23.3,28.2,19.5,61,0.0,954.7,16.65
2019-12-07,22.1,27.9,16.6,61,0.0,953.6,17.03
2019-12-08,22.6,28.7,16.0,65,0.0,953.9,16.44
2019-12-09,23.5,28.2,18.5,70,0.0,953.8,13.25
2019-12-10,22.8,28.1,18.1,71,0.0,952.6,15.22
2019-12-11,23.0,28.8,18.2,68,0.0,951.3,16.26
2019-12-12,22.5,28.2,18.0,72,0.1,950.8,14.9
2019-12-13,21.7,28.5,17.0,68,0.0,952.2,16.56
2019-12-14,21.9,28.9,16.0,67,0.0,954.1,16.21
2019-12-15,22.3,29.0,16.4,67,0.0,953.2,15.36
2019-12-16,22.5,28.9,16.8,68,0.0,953.1,15.32
2019-12-17,21.9,28.0,16.2,67,0.0,954.2,15.98
2019-12-18,21.4,27.5,15.9,66,0.0,954.9,16.55
2019-12-19,21.3,27.9,14.6,67,0.0,953.6,16.61
2019-12-20,22.4,28.6,15.7,62,0.0,952.7,16.71
2019-12-21,22.6,29.0,15.9,64,0.0,952.1,15.52
2019-12-22,22.4,27.8,18.6,66,0.0,952.4,11.2
2019-12-23,23.6,29.1,19.0,68,1.1,952.1,15.74
2019-12-24,23.6,29.0,19.1,72,0.7,952.9,14.04
2019-12-25,23.4,28.5,20.5,76,0.8,953.1,10.43
2019-12-26,23.2,28.6,19.5,79,3.3,952.7,12.12
2019-12-27,21.9,27.8,17.1,75,0.5,952.1,12.56
2019-12-28,20.7,26.4,16.5,76,0.0,952.3,14.14
2019-12-29,21.5,27.5,16.7,71,0.9,952.5,13.17
2019-12-30,21.6,28.1,16.4,74,0.0,951.7,14.72
2019-12-31,20.1,28.0,15.4,69,0.0,952.1,17.66
2020-01-01,19.7,28.4,12.1,66,0.0,952.5,17.13
2020-01-02,20.1,27.9,14.6,69,0.0,954.3,15.64
2020-01-03,19.2,27.0,14.9,74,0.0,953.9,16.48
2020-01-04,19.0,25.9,12.6,73,0.0,952.3,16.18
2020-01-05,19.7,25.4,14.6,71,0.0,952.9,15.26
2020-01-06,21.6,28.5,15.4,67,0.0,954.3,17.45
2020-01-07,23.2,30.0,17.5,68,0.0,953.3,15.46
2020-01-08,21.9,26.5,17.5,72,0.1,952.5,12.62
2020-01-09,20.1,27.4,14.4,72,0.0,952.7,17.28
2020-01-10,20.5,27.6,14.8,67,0.0,953.2,15.93
2020-01-11,21.9,28.5,16.5,69,0.0,954.1,16.86
2020-01-12,21.5,28.1,16.5,66,0.0,953.6,17.9
2020-01-13,21.2,28.9,15.4,72,0.0,951.6,16.95
2020-01-14,20.7,28.1,15.6,74,0.0,951.3,15.79
2020-01-15,20.2,29.0,14.4,71,0.0,951.3,16.87
2020-01-16,18.0,24.7,13.5,62,0.0,952.2,18.44
2020-01-17,16.5,25.3,9.4,66,0.0,952.3,18.53
2020-01-18,19.6,28.4,12.6,57,0.0,952.5,18.61
2020-01-19,21.2,28.9,14.1,64,0.0,953.0,17.46
2020-01-20,22.6,30.0,15.8,62,0.0,953.6,18.21
2020-01-21,23.5,30.5,16.7,59,0.0,953.9,16.12
2020-01-22,23.9,31.2,18.0,56,0.0,954.9,17.86
2020-01-23,22.8,30.2,16.3,58,0.0,954.2,18.96
2020-01-24,22.8,30.1,15.6,56,0.0,954.0,19.07
2020-01-25,22.9,30.5,16.1,56,0.0,953.6,18.86
2020-01-26,23.7,31.5,17.2,56,0.0,952.4,18.79
2020-01-27,23.3,31.0,17.6,54,0.0,951.2,19.14
2020-01-28,20.3,26.2,15.8,66,0.0,951.5,17.54
2020-01-29,19.1,24.9,14.9,71,0.0,953.7,15.37
2020-01-30,18.8,27.4,11.2,64,0.0,953.1,19.67
2020-01-31,20.4,29.2,13.1,60,0.0,951.3,19.92
2020-02-01,20.6,29.1,14.2,60,0.0,951.4,20.07
2020-02-02,21.7,30.2,15.1,61,0.0,953.6,19.92
2020-02-03,22.1,31.0,15.4,64,0.0,953.7,19.27
2020-02-04,22.3,30.5,16.1,62,0.0,952.5,18.13
2020-02-05,22.4,30.0,15.6,53,0.0,952.7,17.08
2020-02-06,21.9,29.9,16.5,47,0.0,952.0,20.59
2020-02-07,19.6,27.5,12.8,49,0.0,952.5,21.27
2020-02-08,20.6,27.0,14.1,55,0.0,953.3,16.16
2020-02-09,21.6,27.1,16.4,60,0.1,954.3,14.05
2020-02-10,23.3,28.6,19.0,60,0.5,953.8,14.07
2020-02-11,23.7,28.7,18.2,62,0.0,954.2,14.21
2020-02-12,24.6,30.7,20.1,58,0.0,955.5,18.38
2020-02-13,24.9,30.0,19.2,54,0.0,955.6,16.11
2020-02-14,24.5,30.8,17.8,49,0.0,953.6,21.17
2020-02-15,24.3,31.6,18.1,46,0.0,952.7,21.44
2020-02-16,25.1,33.3,18.1,44,0.0,953.3,21.54
2020-02-17,25.5,33.2,18.1,46,0.0,954.4,21.51
2020-02-18,25.7,33.2,18.4,45,0.0,954.1,21.73
2020-02-19,25.8,33.2,19.2,42,0.0,952.9,21.85
2020-02-20,25.9,33.5,18.9,40,0.0,952.1,21.76
2020-02-21,25.6,33.0,19.2,41,0.0,954.1,21.76
2020-02-22,25.6,33.0,18.8,41,0.0,955.3,21.87
2020-02-23,25.9,33.5,19.2,41,0.0,954.1,21.96
2020-02-24,26.1,33.9,19.2,33,0.0,951.9,22.26
2020-02-25,24.5,31.1,17.5,34,0.0,951.6,22.77
2020-02-26,23.5,31.1,16.0,33,0.0,952.4,22.96
2020-02-27,24.4,32.2,16.5,31,0.0,952.5,22.87
2020-02-28,25.7,33.0,18.0,32,0.0,950.9,22.58
2020-02-29,25.7,33.5,19.6,33,0.0,950.4,21.15
2020-03-01,25.0,32.3,18.5,40,0.0,951.2,19.42
2020-03-02,24.9,32.7,18.9,40,0.0,951.8,22.49
2020-03-03,24.0,30.8,18.6,40,0.0,951.7,23.19
2020-03-04,22.1,29.7,15.5,58,0.0,951.3,22.88
2020-03-05,22.4,31.1,15.9,61,0.0,950.0,23.49
2020-03-06,21.6,27.5,16.5,67,0.0,950.3,18.24
2020-03-07,22.1,29.9,15.6,61,0.0,951.8,23.26
2020-03-08,23.3,32.0,15.9,55,0.0,951.7,21.31
2020-03-09,24.3,32.3,17.4,48,0.0,950.8,23.38
2020-03-10,24.0,31.1,18.9,52,0.0,950.5,23.08
2020-03-11,23.1,30.1,18.0,59,0.0,951.2,23.59
2020-03-12,22.3,30.2,17.1,60,0.0,952.5,20.24
2020-03-13,22.2,32.3,14.4,53,0.0,952.9,24.21
2020-03-14,23.4,32.2,15.6,37,0.0,951.9,24.53
2020-03-15,25.5,33.8,16.5,32,0.0,951.4,24.0
2020-03-16,27.1,35.0,19.0,34,0.0,952.4,21.16
2020-03-17,28.0,35.6,21.4,34,0.0,953.0,21.88
2020-03-18,28.2,34.8,22.4,36,0.0,953.2,21.1
2020-03-19,27.2,34.8,20.7,27,0.0,952.3,24.91
2020-03-20,25.5,33.0,19.2,30,0.0,951.8,24.96
2020-03-21,24.8,33.2,16.8,43,0.0,951.7,24.8
2020-03-22,26.4,34.8,18.9,51,0.0,951.8,23.58
2020-03-23,27.8,35.6,21.0,44,0.0,951.2,24.14
2020-03-24,28.8,36.0,22.0,39,0.0,949.9,20.86
2020-03-25,26.7,33.7,22.0,60,5.6,950.1,18.54
2020-03-26,26.5,33.5,20.8,64,0.7,951.1,19.7
2020-03-27,27.0,32.6,22.2,63,0.2,952.6,19.58
2020-03-28,26.6,33.7,21.4,55,0.4,952.3,20.66
2020-03-29,27.3,35.5,22.5,52,0.3,950.9,21.71
2020-03-30,28.1,35.0,22.0,44,0.1,951.5,20.76
2020-03-31,27.9,34.8,22.2,43,0.2,952.1,20.91
2020-04-01,28.5,35.2,21.9,35,0.0,951.7,23.27
2020-04-02,28.9,36.7,22.5,31,0.0,950.3,24.29
2020-04-03,29.0,36.8,21.4,38,0.0,950.5,23.93
2020-04-04,29.6,37.4,22.3,36,0.0,951.1,25.29
2020-04-05,29.3,38.1,22.2,35,0.0,951.8,25.77
2020-04-06,28.2,36.2,21.6,43,0.0,952.2,24.9
2020-04-07,27.9,36.2,21.6,42,0.0,951.3,24.42
2020-04-08,26.8,34.2,20.0,35,0.0,952.1,26.18
2020-04-09,27.1,35.5,19.5,37,0.0,951.7,26.28
2020-04-10,28.6,36.5,20.6,39,0.0,951.6,22.86
2020-04-11,30.1,36.5,23.5,35,0.0,953.0,20.51
2020-04-12,30.3,37.2,24.6,36,0.0,952.2,22.58
2020-04-13,30.3,38.6,24.2,41,0.0,950.9,24.06
2020-04-14,30.4,38.3,22.6,42,0.0,950.9,23.91
2020-04-15,30.4,38.2,24.0,40,0.0,951.7,22.13
2020-04-16,29.6,39.0,23.2,55,0.0,950.7,22.31
2020-04-17,29.8,38.3,22.4,52,0.0,950.2,22.22
2020-04-18,30.1,37.2,24.2,52,0.0,950.8,20.25
2020-04-19,30.8,38.1,24.0,45,0.0,950.7,21.7
2020-04-20,31.3,38.7,24.1,38,0.0,950.2,24.79
2020-04-21,29.8,37.5,23.0,30,0.0,950.7,26.42
2020-04-22,28.9,38.0,21.4,41,0.0,949.9,25.0
2020-04-23,29.7,37.2,23.8,47,0.0,950.2,25.38
2020-04-24,29.3,37.5,23.0,44,0.0,949.3,24.81
2020-04-25,28.0,35.0,22.1,50,0.0,950.2,26.48
2020-04-26,28.0,37.0,19.8,44,0.0,950.2,27.15
2020-04-27,28.1,36.2,21.1,52,0.0,951.3,25.42
2020-04-28,29.7,37.5,22.4,50,0.0,950.4,22.68
2020-04-29,29.9,36.8,24.6,51,0.0,950.4,21.81
2020-04-30,28.9,37.0,24.0,65,0.2,951.3,20.41
2020-05-01,29.2,36.5,24.2,62,0.0,951.4,21.61
2020-05-02,29.3,37.7,22.9,59,0.0,950.0,21.82
2020-05-03,30.0,38.5,23.2,53,0.0,949.8,24.62
2020-05-04,29.9,38.4,22.9,45,0.0,950.6,26.33
2020-05-05,29.9,38.7,22.4,47,0.0,950.0,24.59
2020-05-06,30.9,39.3,24.3,47,0.0,949.1,23.86
2020-05-07,30.5,39.2,23.5,36,0.0,949.5,26.75
2020-05-08,29.5,39.2,22.3,46,0.0,949.6,26.87
2020-05-09,29.6,39.0,22.0,52,0.0,950.0,26.21
2020-05-10,30.4,37.8,23.6,48,0.0,949.8,23.24
2020-05-11,29.8,36.0,23.8,50,0.0,950.3,21.89
2020-05-12,31.0,38.8,25.0,32,0.0,949.4,25.88
2020-05-13,29.8,38.8,24.1,45,0.0,948.8,23.41
2020-05-14,30.0,37.7,24.1,59,0.6,948.6,21.29
2020-05-15,29.4,36.5,23.0,56,0.9,948.5,20.05
2020-05-16,29.5,35.9,25.1,61,0.0,948.4,18.64
2020-05-17,29.5,37.3,24.0,60,0.1,947.8,21.93
2020-05-18,28.5,34.4,24.8,58,0.1,947.0,20.23
2020-05-19,27.8,34.0,23.5,65,0.1,946.5,22.57
2020-05-20,27.9,34.8,22.2,62,0.0,946.4,24.09
2020-05-21,28.6,36.2,22.7,60,0.0,947.6,25.05
2020-05-22,28.6,35.3,22.5,60,0.0,948.8,22.79
2020-05-23,29.7,38.2,22.6,49,0.0,948.6,26.73
2020-05-24,29.7,37.7,23.6,58,0.0,949.2,23.32
2020-05-25,29.9,37.8,23.8,57,0.1,949.8,23.5
2020-05-26,29.4,36.8,23.6,57,0.1,949.9,24.03
2020-05-27,28.7,36.5,23.2,55,0.0,949.3,26.32
2020-05-28,28.2,35.7,22.3,60,0.0,948.5,26.85
2020-05-29,28.7,36.1,23.4,61,0.0,948.6,25.68
2020-05-30,28.9,36.4,23.0,61,0.0,949.0,25.48
2020-05-31,28.7,35.9,23.4,63,0.1,949.5,20.03
2020-06-01,25.2,28.5,22.8,83,11.6,949.9,9.82
2020-06-02,24.9,28.7,22.9,86,37.0,947.0,9.8
2020-06-03,23.0,24.2,22.0,91,72.8,940.1,4.27
2020-06-04,24.8,28.4,22.0,81,1.9,946.3,18.64
2020-06-05,25.1,29.0,22.7,81,1.3,947.7,21.96
2020-06-06,25.0,28.2,22.5,80,1.1,947.3,20.43
2020-06-07,25.2,29.0,22.9,79,0.7,947.5,21.45
2020-06-08,24.8,28.2,22.5,82,1.1,947.6,20.4
2020-06-09,25.2,29.3,22.0,80,2.0,947.6,21.18
2020-06-10,25.3,29.8,22.7,82,5.0,946.7,20.61
2020-06-11,25.0,29.6,22.6,82,10.8,944.6,18.22
2020-06-12,25.3,29.2,23.1,82,3.1,942.8,11.3
2020-06-13,24.8,28.2,23.0,87,9.4,942.6,13.09
2020-06-14,25.2,28.9,23.2,86,5.9,944.3,16.51
2020-06-15,25.1,28.3,23.3,87,8.2,944.1,15.24
2020-06-16,24.5,28.3,23.1,90,35.9,943.2,11.32
2020-06-17,23.4,24.8,22.5,93,58.8,943.4,4.45
2020-06-18,24.3,27.2,22.5,87,5.8,945.1,12.0
2020-06-19,25.2,28.5,23.0,84,0.5,947.1,16.99
2020-06-20,25.3,28.8,23.4,81,1.2,947.7,19.74
2020-06-21,25.1,28.0,23.2,82,1.9,946.7,20.14
2020-06-22,25.1,28.2,23.1,80,0.1,945.2,20.12
2020-06-23,25.1,28.8,22.4,80,0.4,946.0,21.57
2020-06-24,25.3,29.4,22.0,82,4.1,946.5,20.39
2020-06-25,25.5,30.8,21.9,82,10.2,946.0,21.76
2020-06-26,24.7,29.2,22.3,88,17.0,945.6,14.91
2020-06-27,25.2,30.0,22.8,87,3.8,946.1,17.83
2020-06-28,25.3,29.4,23.1,85,5.9,946.2,16.26
2020-06-29,24.5,28.2,23.1,89,43.8,945.4,11.62
2020-06-30,24.6,28.2,22.8,88,24.4,944.2,13.25
2020-07-01,24.5,28.2,22.4,86,5.8,945.0,15.33
2020-07-02,25.0,28.4,22.6,83,3.6,944.7,19.02
2020-07-03,24.5,27.4,22.9,87,13.7,944.0,14.99
2020-07-04,23.8,25.2,22.7,91,46.4,942.2,5.79
2020-07-05,24.1,25.9,23.1,88,12.5,942.2,12.41
2020-07-06,24.3,26.2,23.1,86,6.4,941.7,16.57
2020-07-07,24.5,27.5,22.8,88,14.9,942.7,14.51
2020-07-08,24.4,27.1,23.0,88,11.5,945.7,14.18
2020-07-09,24.1,26.5,22.9,88,4.0,945.8,10.59
2020-07-10,24.0,26.8,22.8,88,8.0,945.9,9.75
2020-07-11,24.2,26.5,22.5,86,2.9,945.9,15.07
2020-07-12,24.4,27.2,22.8,85,3.5,946.1,17.29
2020-07-13,24.2,27.8,22.6,87,12.9,945.4,15.16
2020-07-14,23.9,27.4,22.4,90,29.1,944.9,12.83
2020-07-15,23.6,26.0,22.4,91,15.7,943.2,7.1
2020-07-16,23.7,26.2,22.5,87,17.9,941.1,11.47
2020-07-17,23.9,27.0,22.4,86,3.8,941.4,13.63
2020-07-18,24.6,27.9,22.5,84,0.5,944.7,19.62
2020-07-19,24.9,28.1,22.9,82,0.6,946.8,16.17
2020-07-20,24.5,28.6,22.5,86,3.7,945.5,15.13
2020-07-21,24.6,28.8,22.5,85,7.7,946.1,15.71
2020-07-22,24.9,29.0,22.4,86,9.6,947.3,19.06
2020-07-23,24.1,26.4,22.5,89,2.6,946.7,6.85
2020-07-24,23.6,26.3,22.6,92,12.8,947.1,7.11
2020-07-25,23.8,27.2,21.4,87,5.1,947.2,12.09
2020-07-26,24.3,28.5,22.4,86,7.5,948.2,19.18
2020-07-27,24.2,28.0,22.3,84,7.1,948.7,19.05
2020-07-28,24.4,28.0,22.0,85,0.7,947.6,18.01
2020-07-29,24.1,28.2,22.0,89,12.1,945.7,13.09
2020-07-30,24.5,27.9,21.9,87,6.4,945.4,19.21
2020-07-31,24.6,29.5,22.2,88,17.9,945.2,18.26
2020-08-01,25.0,28.8,22.2,85,6.3,944.9,20.02
2020-08-02,24.9,29.4,21.8,84,6.2,944.2,19.83
2020-08-03,24.2,26.2,22.9,87,10.9,942.2,12.17
2020-08-04,23.6,25.1,22.9,90,38.2,938.9,7.88
2020-08-05,23.5,25.0,22.2,92,44.2,936.9,5.66
2020-08-06,24.2,26.7,23.0,88,13.9,937.7,11.41
2020-08-07,24.3,26.5,22.8,86,8.3,943.2,17.86
2020-08-08,24.4,27.1,22.6,84,4.3,945.8,20.76
2020-08-09,23.9,26.5,22.5,85,2.6,945.3,14.32
2020-08-10,23.5,25.5,22.5,88,7.1,945.1,8.37
2020-08-11,23.4,25.0,22.2,89,11.1,946.4,7.48
2020-08-12,23.5,25.5,22.4,87,17.8,947.4,12.45
2020-08-13,22.9,24.5,22.2,90,17.9,945.5,8.85
2020-08-14,22.8,24.0,22.1,91,24.4,943.4,6.8
2020-08-15,22.8,24.1,22.0,91,33.5,943.4,6.66
2020-08-16,22.9,24.2,21.9,90,18.2,944.4,6.95
2020-08-17,22.9,24.4,22.0,91,14.3,944.1,7.14
2020-08-18,23.6,26.2,22.3,86,3.3,945.5,15.23
2020-08-19,23.7,26.1,22.0,85,4.0,945.0,15.39
2020-08-20,23.3,26.2,22.2,88,6.5,944.3,10.97
2020-08-21,23.5,25.4,22.4,88,4.8,945.2,12.58
2020-08-22,24.0,26.5,22.4,86,7.9,946.2,16.78
2020-08-23,23.9,26.4,22.4,85,5.4,946.6,19.81
2020-08-24,23.9,27.0,22.1,84,3.3,947.3,21.16
2020-08-25,24.1,27.4,21.9,83,0.5,949.4,21.98
2020-08-26,24.0,28.4,21.0,83,0.8,949.6,19.55
2020-08-27,23.5,26.5,21.5,85,0.9,948.5,14.17
2020-08-28,23.1,25.3,22.0,88,6.1,946.8,9.48
2020-08-29,23.1,25.9,22.0,88,4.3,946.3,11.38
2020-08-30,23.2,25.6,21.9,87,1.9,946.6,12.69
2020-08-31,23.8,26.7,21.6,84,2.5,948.5,20.37
2020-09-01,23.8,27.5,21.0,84,1.6,949.7,18.79
2020-09-02,24.1,28.7,20.4,84,0.8,949.2,19.38
2020-09-03,24.3,29.5,21.4,87,4.4,948.4,18.12
2020-09-04,25.6,30.5,21.5,82,4.3,948.1,21.25
2020-09-05,25.4,30.5,21.8,86,9.1,947.7,21.02
2020-09-06,25.8,29.6,22.8,85,11.2,947.0,16.89
2020-09-07,24.7,29.2,22.1,87,13.4,948.0,16.81
2020-09-08,24.4,29.5,21.8,88,23.6,948.3,18.73
2020-09-09,25.0,29.9,21.4,86,7.1,947.1,19.71
2020-09-10,24.7,29.3,22.0,89,9.9,945.3,18.13
2020-09-11,24.6,29.0,21.8,88,18.1,944.7,14.67
2020-09-12,23.8,27.0,21.8,87,4.6,946.3,15.69
2020-09-13,23.2,25.9,21.5,85,1.2,948.0,13.18
2020-09-14,23.6,27.8,21.6,86,6.8,947.4,16.2
2020-09-15,23.4,26.8,21.1,88,3.4,947.2,11.66
2020-09-16,23.5,27.2,21.5,89,9.7,947.4,11.23
2020-09-17,23.6,28.2,21.8,90,9.3,947.7,13.41
2020-09-18,23.4,25.8,21.5,89,9.4,947.0,12.37
2020-09-19,23.6,27.6,21.2,91,17.3,944.8,13.45
2020-09-20,23.9,28.1,22.0,91,32.3,943.2,12.3
2020-09-21,24.6,29.0,22.0,89,12.0,942.0,15.81
2020-09-22,24.2,28.1,22.5,89,17.8,942.4,12.11
2020-09-23,23.8,25.8,22.5,89,6.8,944.6,10.41
2020-09-24,24.5,28.5,22.1,87,4.7,948.0,17.85
2020-09-25,24.0,27.6,22.1,89,6.6,948.6,15.63
2020-09-26,23.6,27.4,21.2,83,0.0,948.3,16.6
2020-09-27,23.3,27.6,20.5,83,0.4,949.3,19.27
2020-09-28,23.0,26.9,20.1,85,1.0,949.8,18.22
2020-09-29,23.1,27.6,20.0,86,1.7,949.1,18.96
2020-09-30,23.4,28.2,20.5,84,1.0,948.3,18.39
2020-10-01,23.9,28.5,20.9,82,0.0,948.9,20.09
2020-10-02,24.0,28.6,21.0,85,1.7,949.0,19.65
2020-10-03,24.6,29.5,20.9,82,0.1,949.1,19.79
2020-10-04,24.1,27.5,21.9,85,2.7,950.3,15.88
2020-10-05,24.0,27.7,21.4,85,0.7,949.9,18.66
2020-10-06,24.2,29.5,19.8,79,0.0,949.3,20.71
2020-10-07,24.7,29.5,20.4,76,0.0,949.9,18.35
2020-10-08,25.1,29.2,20.8,75,0.0,949.5,18.84
2020-10-09,25.6,30.1,21.6,74,0.5,949.2,19.63
2020-10-10,24.8,30.1,21.7,87,20.3,948.7,16.69
2020-10-11,23.6,25.6,22.6,93,31.2,947.1,6.0
2020-10-12,23.8,27.4,20.8,87,11.4,945.0,12.77
2020-10-13,24.4,29.1,20.9,88,15.4,944.6,16.36
2020-10-14,23.7,26.2,22.6,92,28.6,944.5,6.11
2020-10-15,23.9,27.2,21.9,86,19.9,942.3,12.01
2020-10-16,24.3,27.9,21.9,84,2.8,943.6,14.0
2020-10-17,24.1,28.9,20.8,81,1.6,946.6,17.75
2020-10-18,23.7,28.5,21.0,88,16.9,948.5,16.37
2020-10-19,23.5,27.9,20.6,90,3.9,948.7,14.15
2020-10-20,24.3,28.9,21.5,88,1.2,948.3,15.67
2020-10-21,24.1,28.9,20.6,88,5.8,948.8,17.48
2020-10-22,23.8,28.4,21.5,90,5.7,947.9,15.88
2020-10-23,23.8,27.9,21.0,89,2.9,948.0,15.61
2020-10-24,23.4,28.0,21.3,89,13.8,949.5,15.43
2020-10-25,22.9,27.4,19.8,87,4.1,951.2,16.55
2020-10-26,23.4,27.3,20.2,83,1.1,952.3,16.52
2020-10-27,23.7,28.0,19.6,78,0.0,951.6,18.58
2020-10-28,23.0,27.4,19.4,78,0.2,952.0,18.05
2020-10-29,23.0,28.0,19.0,73,0.0,952.3,18.52
2020-10-30,23.2,28.1,18.0,70,0.0,952.1,20.22
2020-10-31,23.0,27.8,18.1,70,0.0,952.1,19.02
2020-11-01,23.9,28.0,19.2,71,0.1,952.8,18.17
2020-11-02,24.0,28.5,20.1,69,0.0,953.6,18.18
2020-11-03,23.8,28.6,17.6,65,0.0,953.6,20.32
2020-11-04,23.7,28.5,18.5,60,0.0,953.2,19.05
2020-11-05,22.5,28.1,18.0,59,0.0,953.5,20.46
2020-11-06,21.7,27.8,14.8,56,0.0,954.6,20.74
2020-11-07,22.2,28.7,14.1,61,0.0,955.1,19.22
2020-11-08,22.5,28.5,16.5,64,0.0,955.3,19.98
2020-11-09,21.2,27.3,16.7,60,0.0,954.4,20.17
2020-11-10,20.1,26.9,12.6,53,0.0,952.1,20.57
2020-11-11,19.4,26.6,13.4,53,0.0,952.5,20.53
2020-11-12,20.0,27.9,12.7,60,0.0,953.4,20.18
2020-11-13,22.8,29.0,16.8,70,0.2,953.0,15.83
2020-11-14,24.1,30.0,18.7,70,0.1,951.8,17.41
2020-11-15,24.6,29.7,20.4,64,0.1,951.9,16.96
2020-11-16,24.1,30.1,17.5,66,0.0,952.3,18.91
2020-11-17,24.3,29.6,19.5,70,0.0,951.6,17.4
2020-11-18,24.4,29.9,19.4,73,0.2,951.1,15.67
2020-11-19,24.8,29.6,20.4,75,0.2,951.3,15.74
2020-11-20,24.6,28.9,20.7,74,0.3,952.5,15.96
2020-11-21,24.4,29.0,20.0,68,0.3,953.0,16.65
2020-11-22,23.7,29.0,19.4,68,0.2,953.6,14.81
2020-11-23,23.8,28.6,19.7,64,0.0,953.7,15.13
2020-11-24,23.0,27.6,19.4,63,0.0,952.7,14.56
2020-11-25,22.5,28.2,18.1,58,0.0,951.8,18.4
2020-11-26,22.2,28.0,14.6,54,0.0,952.2,18.63
2020-11-27,22.3,28.0,16.6,59,0.0,953.7,17.62
2020-11-28,21.4,25.0,18.5,70,2.7,954.0,8.31
2020-11-29,23.5,28.3,19.6,69,0.0,954.3,14.86
2020-11-30,23.9,29.4,18.6,70,0.7,954.2,16.31
2020-12-01,23.9,29.0,19.7,68,0.0,954.3,16.04
2020-12-02,23.2,28.6,17.2,64,0.0,953.3,17.92
2020-12-03,21.7,28.5,15.0,58,0.0,952.3,18.28
2020-12-04,21.0,28.4,14.0,52,0.0,951.4,18.52
2020-12-05,21.4,28.3,15.2,49,0.0,952.1,18.45
2020-12-06,20.3,28.1,12.6,50,0.0,953.0,18.48
2020-12-07,20.5,28.3,13.7,55,0.0,954.3,18.35
2020-12-08,21.9,29.6,14.7,55,0.0,954.3,17.91
2020-12-09,22.9,29.2,16.0,57,0.0,953.3,16.95
2020-12-10,24.3,30.1,19.5,53,0.0,952.5,14.41
2020-12-11,22.7,26.8,19.6,80,0.6,952.7,10.04
2020-12-12,23.6,30.0,18.5,69,0.0,952.1,14.57
2020-12-13,22.3,28.2,18.6,75,0.4,951.3,11.45
2020-12-14,21.1,24.0,18.9,90,2.6,951.4,6.65
2020-12-15,22.8,29.1,18.9,75,0.0,952.8,15.31
2020-12-16,22.3,28.6,16.3,68,0.0,953.9,17.06
2020-12-17,22.1,28.3,15.9,65,0.0,954.3,16.88
2020-12-18,21.6,28.1,16.0,62,0.0,954.0,17.32
2020-12-19,21.1,27.8,14.7,60,0.0,954.4,17.55
2020-12-20,20.1,27.2,13.9,55,0.0,954.8,18.15
2020-12-21,19.0,26.7,12.2,47,0.0,953.6,18.29
2020-12-22,18.6,26.5,12.1,48,0.0,952.4,18.3
2020-12-23,19.6,27.6,11.5,49,0.0,951.1,18.11
2020-12-24,20.0,27.8,13.2,56,0.0,950.5,17.84
2020-12-25,20.8,28.5,13.2,58,0.0,951.6,17.45
2020-12-26,21.6,29.1,14.4,60,0.0,952.8,17.5
2020-12-27,22.1,29.1,15.5,65,0.0,952.4,17.03
2020-12-28,21.6,29.4,15.7,68,0.0,951.6,17.69
2020-12-29,21.8,29.7,15.6,61,0.0,951.2,17.82
2020-12-30,21.6,29.5,15.1,63,0.0,951.4,17.85
2020-12-31,22.2,29.4,14.6,61,0.0,952.0,17.01
2021-01-01,23.6,28.9,17.5,65,0.0,952.3,13.55
2021-01-02,23.3,29.1,18.5,63,0.0,952.5,16.3
2021-01-03,22.9,28.9,15.2,54,0.0,950.9,16.72
2021-01-04,22.0,27.7,18.8,79,5.8,950.8,12.61
2021-01-05,22.1,26.5,17.9,78,0.0,951.8,9.26
2021-01-06,23.2,28.9,19.0,74,2.7,951.7,15.0
2021-01-07,22.3,25.5,19.3,84,1.3,950.3,10.09
2021-01-08,22.4,26.7,19.9,81,1.2,949.4,7.33
2021-01-09,23.0,28.2,19.1,82,3.3,950.2,12.41
2021-01-10,23.7,29.0,19.9,74,0.3,951.0,15.45
2021-01-11,23.5,29.5,17.6,66,0.0,952.2,17.29
2021-01-12,23.4,29.9,16.8,60,0.0,952.9,17.88
2021-01-13,23.2,29.1,17.2,61,0.0,952.5,16.86
2021-01-14,23.4,29.5,18.3,59,0.0,951.5,17.83
2021-01-15,23.0,30.2,15.9,57,0.0,950.6,18.41
2021-01-16,23.2,30.5,16.3,61,0.0,949.5,17.7
2021-01-17,24.6,30.5,19.4,60,0.0,950.2,13.59
2021-01-18,25.1,31.4,19.6,61,0.0,951.7,16.67
2021-01-19,24.3,30.4,18.8,60,0.0,951.9,16.73
2021-01-20,23.4,30.4,17.1,62,0.0,952.6,18.82
2021-01-21,22.5,30.0,15.9,57,0.0,952.1,19.19
2021-01-22,22.5,30.5,16.1,57,0.0,951.6,19.33
2021-01-23,22.8,30.5,15.9,59,0.0,951.7,19.59
2021-01-24,22.5,30.6,15.6,59,0.0,952.4,19.58
2021-01-25,22.2,29.9,15.4,58,0.0,953.1,19.61
2021-01-26,22.3,30.0,16.8,52,0.0,952.3,19.61
2021-01-27,21.7,30.3,15.4,56,0.0,952.0,19.71
2021-01-28,22.2,30.5,15.1,56,0.0,952.3,19.85
2021-01-29,22.2,29.2,14.7,55,0.0,953.4,19.36
2021-01-30,22.2,29.5,14.8,52,0.0,953.1,19.84
2021-01-31,22.2,29.5,15.0,52,0.0,953.3,17.95
2021-02-01,22.5,28.9,15.6,56,0.0,955.1,17.94
2021-02-02,22.5,29.2,16.1,46,0.0,955.2,20.33
2021-02-03,22.3,29.0,15.8,39,0.0,954.3,20.58
2021-02-04,21.7,29.5,15.4,44,0.0,953.6,20.67
2021-02-05,21.5,28.5,14.3,52,0.0,953.0,19.59
2021-02-06,21.2,28.5,13.8,48,0.0,952.9,21.03
2021-02-07,20.6,28.3,13.8,44,0.0,953.9,21.34
2021-02-08,21.0,29.0,13.2,40,0.0,954.2,21.7
2021-02-09,21.5,29.9,13.4,34,0.0,953.1,21.89
2021-02-10,21.5,30.2,14.3,37,0.0,951.7,21.96
2021-02-11,22.2,30.5,15.6,37,0.0,951.0,21.87
2021-02-12,22.9,31.2,16.4,40,0.0,951.4,21.6
2021-02-13,23.5,31.2,17.0,47,0.0,952.5,21.16
2021-02-14,23.5,30.6,16.1,47,0.0,952.8,21.02
2021-02-15,23.3,30.6,16.6,52,0.0,951.8,19.29
2021-02-16,23.0,31.0,16.4,60,0.0,951.2,21.22
2021-02-17,23.1,30.0,17.0,61,0.0,951.2,19.5
2021-02-18,22.6,30.0,18.1,61,2.6,952.4,17.65
2021-02-19,21.0,26.2,16.5,61,0.2,954.4,18.94
2021-02-20,21.6,28.6,14.8,52,0.0,953.9,20.41
2021-02-21,22.7,28.2,17.3,50,0.2,954.1,17.52
2021-02-22,23.2,28.5,16.8,55,0.6,954.4,17.68
2021-02-23,24.7,32.0,17.6,49,0.0,953.1,22.16
2021-02-24,25.5,33.1,18.8,45,0.0,952.0,21.43
2021-02-25,25.5,33.0,18.5,42,0.0,952.3,20.92
2021-02-26,25.9,32.7,19.6,40,0.0,951.4,20.4
2021-02-27,25.9,34.0,18.1,39,0.0,950.5,21.42
2021-02-28,26.8,34.4,19.3,35,0.0,950.9,22.61
2021-03-01,27.3,33.9,21.6,33,0.0,953.2,17.74
2021-03-02,27.1,34.1,19.8,31,0.0,954.0,22.28
2021-03-03,26.9,34.4,18.6,25,0.0,952.6,23.67
2021-03-04,26.4,34.6,17.6,26,0.0,952.3,23.71
2021-03-05,26.5,34.3,19.6,27,0.0,953.1,23.81
2021-03-06,26.5,34.5,18.9,32,0.0,953.2,23.9
2021-03-07,26.5,34.2,18.3,31,0.0,952.3,23.88
2021-03-08,26.6,34.4,19.0,25,0.0,952.4,23.98
2021-03-09,27.5,34.8,21.1,31,0.0,952.7,21.19
2021-03-10,27.3,34.8,19.9,32,0.0,952.5,22.91
2021-03-11,27.2,34.7,21.0,34,0.0,952.3,19.72
2021-03-12,27.0,34.8,19.8,34,0.0,953.3,21.84
2021-03-13,27.6,34.5,20.7,32,0.0,953.7,23.28
2021-03-14,27.9,35.5,21.2,30,0.0,951.6,23.98
2021-03-15,27.8,36.2,20.1,32,0.0,951.0,23.3
2021-03-16,27.7,34.5,20.0,29,0.0,951.2,22.1
2021-03-17,28.0,34.5,21.2,30,0.0,950.3,18.55
2021-03-18,28.0,34.7,21.9,31,0.0,950.3,19.8
2021-03-19,27.5,34.5,22.1,31,0.0,950.9,22.46
2021-03-20,26.8,34.0,19.9,34,0.0,949.7,22.3
2021-03-21,26.7,33.5,19.9,45,0.1,949.6,19.77
2021-03-22,26.6,32.8,20.0,46,0.0,951.5,20.16
2021-03-23,26.7,33.8,21.8,47,1.6,952.8,20.8
2021-03-24,27.6,34.0,20.4,43,0.0,952.7,19.77
2021-03-25,28.3,36.2,21.6,31,0.0,951.6,24.41
2021-03-26,29.2,36.2,22.5,22,0.0,951.1,25.36
2021-03-27,29.1,36.9,20.6,24,0.0,950.5,25.17
2021-03-28,29.2,37.0,22.9,26,0.0,949.8,25.64
2021-03-29,29.3,38.0,20.8,31,0.0,949.3,25.97
2021-03-30,28.1,35.7,21.9,30,0.0,949.0,25.93
2021-03-31,27.4,37.2,19.2,30,0.0,947.9,26.56
2021-04-01,27.2,35.6,20.0,34,0.0,947.7,26.17
2021-04-02,26.5,36.0,18.9,44,0.0,948.0,26.43
2021-04-03,26.3,36.3,18.7,61,0.0,948.7,25.05
2021-04-04,27.3,36.6,19.7,56,0.0,950.7,24.92
2021-04-05,28.9,38.2,21.4,48,0.0,950.8,24.78
2021-04-06,29.9,38.0,22.0,33,0.0,950.6,25.76
2021-04-07,30.2,38.1,24.2,26,0.0,951.1,23.49
2021-04-08,29.2,36.8,23.7,38,0.0,949.9,21.41
2021-04-09,28.6,36.5,21.8,48,0.0,949.4,21.07
2021-04-10,29.2,35.7,22.3,35,0.1,950.8,20.38
2021-04-11,30.5,36.1,25.7,34,0.0,952.1,19.66
2021-04-12,29.4,35.2,22.3,37,0.0,952.7,19.26
2021-04-13,29.3,35.2,23.7,37,0.0,952.2,20.04
2021-04-14,27.8,34.2,22.1,46,0.1,951.8,22.66
2021-04-15,27.4,34.7,20.8,45,0.0,951.0,23.19
2021-04-16,28.2,37.5,21.9,39,0.0,950.6,24.85
2021-04-17,29.0,37.2,21.0,36,0.0,951.3,24.3
2021-04-18,29.4,37.2,21.6,40,0.0,952.0,22.74
2021-04-19,29.0,36.2,23.1,40,0.0,950.7,25.39
2021-04-20,27.9,35.7,21.2,46,0.0,949.8,25.63
2021-04-21,27.3,35.3,21.2,44,0.0,951.1,24.43
2021-04-22,28.5,36.8,21.1,40,0.0,951.1,24.74
2021-04-23,28.5,36.5,22.0,32,0.0,951.0,25.73
2021-04-24,28.5,36.7,21.5,33,0.0,950.5,27.04
2021-04-25,29.5,37.8,21.6,47,0.0,949.8,24.37
2021-04-26,29.5,37.5,22.6,45,0.1,949.7,23.18
2021-04-27,28.9,36.6,22.2,50,0.1,950.4,22.45
2021-04-28,29.0,36.5,22.2,50,0.1,951.2,22.22
2021-04-29,28.9,36.0,22.9,49,0.1,950.8,22.26
2021-04-30,28.9,36.8,23.6,53,0.1,949.9,22.56
2021-05-01,29.0,36.0,23.1,49,0.2,949.3,17.09
2021-05-02,27.9,35.8,23.3,53,2.8,949.9,20.09
2021-05-03,28.2,34.7,21.7,54,0.0,949.6,22.52
2021-05-04,29.3,34.5,23.6,53,0.0,949.2,21.16
2021-05-05,29.8,36.6,22.8,47,0.0,948.9,23.41
2021-05-06,29.8,36.5,23.9,48,0.0,949.6,21.05
2021-05-07,28.7,35.5,23.6,57,0.1,950.5,19.34
2021-05-08,29.9,35.6,24.1,54,0.6,949.6,20.97
2021-05-09,29.6,35.8,25.1,53,0.3,948.8,20.81
2021-05-10,29.1,36.7,22.8,49,0.0,948.3,23.54
2021-05-11,28.3,34.8,23.0,52,0.0,948.7,24.52
2021-05-12,27.7,35.2,21.9,60,0.1,947.3,24.67
2021-05-13,27.9,35.2,21.8,59,0.0,946.6,23.37
2021-05-14,29.2,36.0,22.8,56,0.4,945.2,20.21
2021-05-15,30.8,37.5,24.8,50,0.7,943.1,20.6
2021-05-16,25.3,30.0,23.1,80,20.1,941.2,10.12
2021-05-17,24.3,26.6,22.4,83,33.6,941.7,7.98
2021-05-18,25.6,29.0,23.4,79,0.6,944.9,17.63
2021-05-19,25.1,28.2,23.0,81,3.5,946.0,18.78
2021-05-20,25.6,30.6,21.2,74,0.5,947.8,23.15
2021-05-21,25.8,31.2,20.6,71,0.4,948.5,23.72
2021-05-22,25.6,30.0,22.5,74,0.2,948.2,19.56
2021-05-23,25.6,31.5,22.3,78,2.8,949.1,21.83
2021-05-24,26.4,32.6,22.2,73,0.2,949.6,21.8
2021-05-25,26.3,31.9,21.5,74,0.6,948.0,22.12
2021-05-26,26.1,31.9,22.4,70,0.0,947.0,26.46
2021-05-27,26.0,31.7,22.4,72,0.0,947.3,19.3
2021-05-28,26.9,32.8,22.8,70,0.0,947.9,24.45
2021-05-29,27.0,34.2,23.0,71,1.0,948.8,23.2
2021-05-30,25.8,30.5,23.1,80,5.5,948.7,15.63
2021-05-31,25.8,29.6,23.0,80,0.3,947.0,12.97
2021-06-01,25.6,31.9,22.6,82,10.9,947.2,17.25
2021-06-02,26.0,31.5,22.6,81,16.2,947.9,19.08
2021-06-03,25.5,30.9,23.5,84,18.6,948.7,14.94
2021-06-04,24.9,30.2,22.1,85,7.1,949.3,16.3
2021-06-05,23.6,25.5,22.1,90,20.0,948.3,9.54
2021-06-06,24.9,29.4,22.2,79,0.2,948.5,17.99
2021-06-07,24.9,28.7,22.1,79,0.4,949.0,21.84
2021-06-08,24.8,28.5,22.4,82,6.4,947.9,20.05
2021-06-09,24.3,27.3,22.4,86,9.3,946.8,15.84
2021-06-10,24.1,26.8,22.1,85,6.1,946.1,15.44
2021-06-11,24.6,27.5,22.8,83,2.3,945.4,17.26
2021-06-12,24.5,28.5,22.5,86,8.5,945.2,17.89
2021-06-13,25.0,28.9,22.4,81,1.9,945.1,19.8
2021-06-14,25.3,29.6,22.8,80,0.8,944.2,20.51
2021-06-15,24.8,27.6,23.0,82,0.9,943.2,18.83
2021-06-16,23.3,24.7,21.5,86,3.6,943.8,11.9
2021-06-17,23.3,25.4,21.5,86,3.5,944.7,9.26
2021-06-18,23.7,26.5,21.7,85,12.2,945.5,17.4
2021-06-19,23.1,25.8,21.2,86,9.7,947.3,16.02
2021-06-20,23.8,26.9,21.8,83,3.3,948.3,20.0
2021-06-21,24.1,27.5,21.7,82,2.2,948.8,20.92
2021-06-22,24.6,28.2,22.1,79,1.4,948.5,21.29
2021-06-23,24.5,27.6,22.5,81,2.1,948.1,17.57
2021-06-24,23.1,24.5,22.3,89,6.0,948.3,6.87
2021-06-25,23.6,26.5,22.0,85,2.7,947.4,13.76
2021-06-26,24.0,27.4,21.7,81,0.6,947.4,19.16
2021-06-27,22.8,24.2,21.5,90,17.0,948.8,6.77
2021-06-28,23.8,28.0,21.4,87,8.7,947.8,15.8
2021-06-29,24.8,29.8,21.5,82,1.9,947.6,20.14
2021-06-30,25.0,29.0,22.1,82,1.4,947.7,19.46
2021-07-01,25.0,28.9,22.2,79,0.1,946.3,20.19
2021-07-02,24.8,29.2,22.3,77,0.1,946.8,21.52
2021-07-03,25.3,29.6,21.8,77,0.3,947.7,22.04
2021-07-04,25.2,29.9,22.1,78,0.4,948.2,20.05
2021-07-05,25.2,30.1,21.5,79,0.6,947.9,21.11
2021-07-06,25.5,30.9,22.0,79,4.2,946.9,19.34
2021-07-07,25.7,29.2,22.5,79,3.1,946.8,20.25
2021-07-08,25.0,29.7,23.0,83,5.6,946.7,18.12
2021-07-09,24.3,27.1,22.6,84,7.5,944.9,11.21
2021-07-10,23.7,27.0,22.2,89,12.8,943.8,11.07
2021-07-11,24.7,29.5,21.8,83,2.3,942.8,17.53
2021-07-12,24.1,27.4,22.1,85,4.0,941.8,10.6
2021-07-13,23.9,25.5,22.7,87,7.7,942.8,10.48
2021-07-14,23.4,25.6,22.5,91,15.3,943.4,8.38
2021-07-15,24.1,27.6,22.5,87,13.4,942.4,14.21
2021-07-16,24.4,26.6,22.6,85,3.9,945.3,15.84
2021-07-17,24.5,27.8,22.8,85,2.9,946.8,17.73
2021-07-18,23.9,26.0,22.6,89,13.6,945.6,12.93
2021-07-19,23.8,26.0,22.5,89,9.4,945.0,13.03
2021-07-20,23.3,25.1,22.1,88,17.1,946.8,9.99
2021-07-21,23.1,24.6,21.9,90,39.0,945.4,9.62
2021-07-22,23.2,24.4,22.6,90,43.0,942.7,7.73
2021-07-23,22.5,23.1,21.9,92,19.1,943.0,5.86
2021-07-24,23.9,26.9,21.6,85,3.9,944.5,18.97
2021-07-25,24.1,26.6,22.5,84,3.8,945.3,17.32
2021-07-26,23.8,26.2,22.4,84,6.4,945.8,19.55
2021-07-27,23.7,26.5,22.2,83,4.6,945.3,21.13
2021-07-28,23.4,25.8,21.8,85,6.4,945.8,16.97
2021-07-29,23.0,24.2,22.1,87,4.0,946.7,7.62
2021-07-30,23.0,24.2,22.2,88,5.3,947.4,6.59
2021-07-31,23.8,26.8,22.1,82,1.4,947.9,22.18
2021-08-01,23.1,25.0,22.0,84,0.4,946.8,10.93
2021-08-02,23.6,26.5,21.9,82,1.6,947.1,19.25
2021-08-03,23.7,26.3,22.0,84,4.8,948.2,20.04
2021-08-04,23.9,26.5,22.1,83,2.1,948.4,20.11
2021-08-05,24.1,26.9,22.1,82,1.3,946.7,18.82
2021-08-06,24.1,27.4,22.0,82,0.2,946.1,19.05
2021-08-07,24.2,27.3,21.9,82,1.1,947.0,21.48
2021-08-08,24.2,27.8,21.9,83,1.7,948.1,17.88
2021-08-09,24.3,28.1,21.8,83,1.7,949.1,19.0
2021-08-10,23.9,27.6,21.2,82,1.3,949.0,18.95
2021-08-11,23.9,27.1,21.6,82,0.9,949.0,18.84
2021-08-12,23.7,26.9,21.4,83,1.4,949.8,19.56
2021-08-13,23.5,27.4,21.4,83,1.6,948.6,18.49
2021-08-14,23.3,26.5,21.4,83,2.1,947.1,17.52
2021-08-15,23.5,27.1,21.5,83,2.3,947.2,19.45
2021-08-16,23.5,26.3,21.6,84,0.9,948.3,11.49
2021-08-17,22.4,24.1,21.5,92,9.8,948.3,5.81
2021-08-18,22.4,24.6,21.3,90,5.7,946.7,7.66
2021-08-19,21.9,22.9,21.2,93,19.8,946.4,5.5
2021-08-20,22.8,25.4,21.2,88,4.5,947.0,12.67
2021-08-21,22.9,26.4,21.3,85,2.9,948.1,15.02
2021-08-22,23.4,27.3,21.0,86,4.0,948.6,18.24
2021-08-23,23.7,28.9,20.0,83,0.6,948.6,20.95
2021-08-24,24.2,29.3,20.6,83,0.9,948.5,22.94
2021-08-25,23.9,28.0,20.9,83,1.4,947.6,19.04
2021-08-26,23.6,27.2,21.1,84,1.8,946.2,18.04
2021-08-27,24.0,28.4,21.2,83,1.6,945.8,19.76
2021-08-28,23.7,27.4,20.8,82,0.6,944.9,19.15
2021-08-29,23.5,27.0,20.5,82,0.5,944.6,16.93
2021-08-30,23.0,25.4,21.3,85,8.9,945.7,10.07
2021-08-31,22.3,23.5,21.4,92,22.3,945.7,7.13
2021-09-01,23.4,26.3,21.5,88,5.2,946.7,14.38
2021-09-02,23.6,26.8,21.5,84,0.9,946.8,17.66
2021-09-03,23.9,27.4,21.1,83,3.9,946.3,19.55
2021-09-04,23.8,27.1,22.0,87,9.7,946.6,15.05
2021-09-05,22.9,24.6,21.8,91,6.9,946.7,7.74
2021-09-06,23.4,26.4,21.5,89,9.3,946.0,12.18
2021-09-07,23.3,26.0,21.9,92,12.2,944.2,7.91
2021-09-08,23.4,25.2,21.8,89,11.9,943.9,11.37
2021-09-09,23.8,26.5,22.1,85,6.2,947.1,18.82
2021-09-10,23.9,26.9,22.1,84,3.0,947.3,20.14
2021-09-11,23.9,26.4,22.0,86,5.0,945.4,17.05
2021-09-12,23.8,26.2,22.4,87,7.2,943.6,16.16
2021-09-13,23.9,26.5,22.4,87,4.9,943.1,15.06
2021-09-14,23.9,26.8,22.1,84,1.8,944.0,19.86
2021-09-15,23.5,26.2,21.6,82,0.0,945.5,15.24
2021-09-16,23.5,27.0,21.3,80,0.0,946.6,18.78
2021-09-17,23.3,26.9,20.6,82,0.1,946.9,18.84
2021-09-18,23.2,26.9,20.5,84,0.3,948.4,17.4
2021-09-19,23.4,27.1,21.1,87,2.7,950.1,16.67
2021-09-20,23.5,26.9,21.6,88,4.5,949.4,14.93
2021-09-21,23.0,25.4,21.7,90,5.0,948.3,9.75
2021-09-22,23.1,25.5,21.8,89,3.9,946.7,12.09
2021-09-23,23.3,27.0,21.5,89,2.1,946.9,15.16
2021-09-24,24.0,28.0,21.5,82,0.5,948.0,19.53
2021-09-25,23.6,27.5,20.6,84,0.9,948.2,15.04
2021-09-26,23.1,26.6,20.5,87,1.9,946.4,14.88
2021-09-27,22.3,24.5,21.3,92,7.4,945.0,6.98
2021-09-28,22.2,24.4,21.1,92,9.2,944.4,6.33
2021-09-29,23.6,26.9,21.8,85,1.2,946.1,18.71
2021-09-30,23.9,28.0,21.0,85,1.3,949.0,18.56
2021-10-01,24.1,29.1,20.8,86,4.9,949.8,19.32
2021-10-02,24.3,28.5,21.5,87,5.4,949.4,15.48
2021-10-03,24.8,29.4,21.2,86,3.5,949.2,17.67
2021-10-04,25.0,29.4,21.9,86,2.0,948.6,18.33
2021-10-05,24.7,29.7,21.8,88,3.1,948.8,16.5
2021-10-06,24.1,29.2,21.1,88,13.7,948.3,15.71
2021-10-07,24.8,29.6,21.4,84,1.3,947.5,18.04
2021-10-08,24.0,28.2,21.7,89,6.5,948.1,14.82
2021-10-09,23.9,28.4,21.6,89,5.3,949.4,16.11
2021-10-10,23.9,27.9,21.9,90,10.0,949.2,15.53
2021-10-11,24.2,28.4,21.0,85,1.1,947.8,17.68
2021-10-12,24.1,28.9,20.5,80,0.0,947.5,19.44
2021-10-13,24.5,29.5,20.8,73,0.0,947.5,20.9
2021-10-14,24.5,29.5,20.0,70,0.0,947.3,20.16
2021-10-15,24.6,29.8,21.0,66,0.0,945.4,20.52
2021-10-16,24.3,29.5,18.1,67,0.0,944.5,21.48
2021-10-17,24.6,30.0,20.6,72,0.3,945.2,19.36
2021-10-18,23.5,28.4,20.0,76,0.0,948.0,19.62
2021-10-19,23.2,28.7,19.6,78,0.0,951.3,21.07
2021-10-20,23.4,29.7,18.5,70,0.0,953.1,19.88
2021-10-21,23.9,29.7,19.2,57,0.0,953.3,21.82
2021-10-22,23.9,29.6,19.0,56,0.0,953.3,21.65
2021-10-23,23.5,30.1,16.9,61,0.0,953.1,21.13
2021-10-24,23.2,29.4,18.6,70,0.0,953.4,20.02
2021-10-25,23.0,30.0,17.2,69,0.0,952.7,20.43
2021-10-26,24.2,30.2,19.5,55,0.0,951.7,20.96
2021-10-27,24.2,30.4,17.5,44,0.0,952.3,21.17
2021-10-28,23.7,30.5,16.7,50,0.0,952.6,19.11
2021-10-29,23.4,30.0,16.4,49,0.0,953.5,21.29
2021-10-30,23.9,30.4,17.6,50,0.0,954.1,19.97
2021-10-31,24.4,30.9,18.5,58,0.0,953.3,20.18
2021-11-01,24.8,31.1,19.0,61,0.0,951.9,19.03
2021-11-02,25.2,31.4,18.6,58,0.0,951.5,18.69
2021-11-03,24.6,30.1,19.6,60,1.4,951.8,17.51
2021-11-04,24.7,29.6,20.7,69,0.1,951.4,15.1
2021-11-05,24.1,29.8,20.1,75,1.3,951.2,16.91
2021-11-06,24.7,30.8,20.1,71,1.8,950.2,17.79
2021-11-07,24.5,30.2,20.3,60,0.0,950.0,15.19
2021-11-08,23.7,29.9,18.3,50,0.0,951.4,19.84
2021-11-09,22.3,29.6,16.4,46,0.0,952.0,20.03
2021-11-10,22.2,29.2,15.4,48,0.0,951.4,19.97
2021-11-11,22.7,29.5,16.9,43,0.0,950.0,18.54
2021-11-12,23.7,30.1,17.0,47,0.0,949.8,19.4
2021-11-13,25.1,31.0,19.2,58,0.0,949.9,15.1
2021-11-14,25.9,31.0,22.1,68,0.7,949.5,16.1
2021-11-15,26.0,31.3,21.4,67,0.2,948.4,16.34
2021-11-16,25.7,31.9,22.4,71,1.9,948.2,13.4
2021-11-17,24.1,29.6,21.5,81,16.7,949.4,12.46
2021-11-18,23.5,28.9,20.6,85,2.3,949.3,14.29
2021-11-19,24.5,29.4,19.5,74,0.0,947.4,15.16
2021-11-20,24.6,30.1,21.1,78,2.1,946.8,14.52
2021-11-21,23.6,29.0,21.2,87,8.1,949.3,11.58
2021-11-22,24.1,28.6,20.9,81,0.2,951.9,15.07
2021-11-23,24.4,29.8,20.5,82,0.6,951.6,15.12
2021-11-24,24.9,30.1,20.8,76,0.1,951.8,16.93
2021-11-25,24.4,29.8,19.5,71,0.0,952.4,18.26
2021-11-26,23.4,29.6,17.9,66,0.0,952.5,18.62
2021-11-27,22.7,29.4,17.5,63,0.0,952.4,18.36
2021-11-28,21.6,28.5,16.1,53,0.0,952.8,18.41
2021-11-29,21.4,27.5,14.7,60,0.0,953.2,13.75
2021-11-30,22.8,28.4,18.7,72,0.2,952.8,11.88
2021-12-01,19.0,20.8,17.5,87,36.1,951.6,2.4
2021-12-02,19.7,24.0,16.4,91,28.6,950.7,7.17
2021-12-03,20.3,23.2,18.3,94,9.7,951.7,7.98
2021-12-04,21.1,25.0,18.6,88,1.3,952.4,10.82
2021-12-05,20.5,26.2,17.3,82,0.0,952.5,15.5
2021-12-06,20.6,26.5,16.5,82,0.0,952.3,15.81
2021-12-07,20.7,26.6,16.0,77,0.0,952.9,16.78
2021-12-08,21.1,26.5,16.9,71,0.0,953.2,16.84
2021-12-09,21.1,26.9,15.6,71,0.0,954.4,17.09
2021-12-10,21.5,27.2,16.0,72,0.0,955.1,16.61
2021-12-11,21.2,27.0,15.7,72,0.0,954.7,16.34
2021-12-12,20.6,26.9,14.9,73,0.0,954.6,15.9
2021-12-13,20.7,27.2,15.0,74,0.0,953.7,17.12
2021-12-14,20.8,26.9,15.1,70,0.0,953.0,16.89
2021-12-15,21.2,27.0,17.1,72,0.2,953.3,14.4
2021-12-16,21.5,27.0,17.0,74,0.1,954.1,14.56
2021-12-17,20.9,26.8,15.6,67,0.0,954.6,17.4
2021-12-18,19.9,26.4,13.4,62,0.0,954.5,17.75
2021-12-19,19.1,25.8,13.2,65,0.0,955.1,17.76
2021-12-20,19.1,26.1,12.7,65,0.0,954.8,17.71
2021-12-21,19.7,26.9,13.4,61,0.0,954.4,17.75
2021-12-22,19.9,27.5,14.1,64,0.0,952.9,17.77
2021-12-23,20.5,28.6,14.3,67,0.0,952.4,17.65
2021-12-24,20.5,29.2,13.7,66,0.0,952.4,17.73
2021-12-25,19.9,28.4,13.4,67,0.0,953.0,17.58
2021-12-26,20.5,28.4,13.6,68,0.0,954.1,17.11
2021-12-27,21.4,28.4,15.8,62,0.0,954.4,16.95
2021-12-28,20.8,28.6,15.1,65,0.0,953.1,16.17
2021-12-29,19.3,26.0,12.9,64,0.0,953.2,17.85
2021-12-30,19.7,26.6,14.4,68,0.0,955.0,13.5
2021-12-31,20.6,27.1,15.5,69,0.0,956.1,16.33
2022-01-01,20.8,27.4,14.2,68,0.0,956.2,16.82
2022-01-02,21.7,27.1,16.1,68,0.4,955.0,15.58
2022-01-03,21.7,28.0,16.2,65,0.0,954.4,16.37
2022-01-04,21.7,27.9,16.9,61,0.0,954.3,17.61
2022-01-05,21.1,27.6,15.0,62,0.0,953.5,17.68
2022-01-06,20.7,27.9,15.3,72,0.0,952.5,16.25
2022-01-07,20.5,28.2,15.4,73,0.0,952.1,15.84
2022-01-08,19.8,26.0,14.9,76,0.0,952.7,14.11
2022-01-09,19.6,25.0,15.6,74,2.6,952.2,14.99
2022-01-10,18.2,26.0,13.1,66,0.0,952.0,17.74
2022-01-11,17.4,25.4,11.8,72,0.0,951.8,18.37
2022-01-12,17.6,24.4,12.5,71,0.0,951.8,14.5
2022-01-13,17.5,24.9,12.0,78,0.1,951.1,13.8
2022-01-14,18.3,24.9,13.3,75,0.0,951.3,15.91
2022-01-15,19.2,26.0,13.4,67,0.0,952.6,17.47
2022-01-16,19.9,27.2,13.7,67,0.0,953.7,16.48
2022-01-17,20.9,26.9,15.5,69,0.2,955.5,16.46
2022-01-18,21.2,27.2,15.6,67,0.0,955.0,18.58
2022-01-19,21.0,28.0,15.5,59,0.0,953.6,18.94
2022-01-20,21.4,28.9,15.5,53,0.0,951.3,19.15
2022-01-21,20.8,29.1,14.1,63,0.0,950.9,19.12
2022-01-22,20.3,26.4,15.7,73,0.5,949.5,18.02
2022-01-23,18.1,22.9,13.0,73,1.2,949.7,15.3
2022-01-24,15.3,22.4,9.5,68,0.0,950.1,19.84
2022-01-25,16.6,25.0,10.4,62,0.0,950.3,20.04
2022-01-26,18.2,25.9,9.9,55,0.0,951.1,19.95
2022-01-27,18.8,26.3,12.0,51,0.0,952.1,19.83
2022-01-28,19.0,26.7,12.4,53,0.0,953.1,20.09
2022-01-29,19.1,27.5,12.2,48,0.0,953.8,20.47
2022-01-30,19.9,28.8,11.9,52,0.0,952.6,20.5
2022-01-31,20.9,29.7,14.1,49,0.0,951.4,20.77
2022-02-01,21.5,30.1,13.4,44,0.0,950.9,20.81
2022-02-02,22.0,31.5,13.6,51,0.0,951.1,20.72
2022-02-03,20.9,28.5,14.8,50,0.0,950.2,21.3
2022-02-04,19.3,26.5,14.4,68,0.0,950.0,20.33
2022-02-05,20.1,29.4,12.9,59,0.0,950.4,21.02
2022-02-06,21.0,30.3,12.8,54,0.0,952.6,21.05
2022-02-07,21.8,30.3,14.8,60,0.0,953.1,20.96
2022-02-08,21.1,29.9,14.7,66,0.0,952.1,20.96
2022-02-09,20.0,28.9,13.6,64,0.0,951.8,21.47
2022-02-10,21.4,29.2,14.0,51,0.0,952.3,21.27
2022-02-11,21.8,29.3,14.7,46,0.0,952.6,21.46
2022-02-12,22.5,30.0,16.4,41,0.0,952.2,21.57
2022-02-13,22.7,30.2,16.1,46,0.0,950.4,21.64
2022-02-14,22.6,29.9,15.4,41,0.0,950.1,21.83
2022-02-15,21.7,29.5,14.1,45,0.0,950.3,21.91
2022-02-16,21.3,29.5,13.9,51,0.0,948.7,21.61
2022-02-17,21.9,29.9,15.0,50,0.0,947.5,21.23
2022-02-18,22.9,30.9,14.9,46,0.0,948.8,21.27
2022-02-19,24.3,32.3,17.5,44,0.0,951.3,20.34
2022-02-20,24.5,32.5,18.0,35,0.0,950.9,22.64
2022-02-21,23.5,32.6,15.8,37,0.0,950.2,22.96
2022-02-22,24.8,34.1,17.2,33,0.0,951.3,22.95
2022-02-23,25.5,34.5,16.5,38,0.0,952.9,22.59
2022-02-24,25.8,33.5,18.6,39,0.0,954.1,22.46
2022-02-25,25.7,33.3,20.4,32,0.0,953.6,22.46
2022-02-26,25.5,34.2,18.0,30,0.0,953.1,21.54
2022-02-27,25.6,33.2,18.5,30,0.0,953.6,22.15
2022-02-28,25.4,33.5,17.9,28,0.0,953.2,23.09
2022-03-01,25.9,33.2,19.1,25,0.0,953.3,19.63
2022-03-02,26.3,34.7,18.5,29,0.0,952.8,21.11
2022-03-03,26.4,34.2,19.0,28,0.0,952.6,20.83
2022-03-04,26.3,33.8,20.3,29,0.0,952.8,22.79
2022-03-05,26.7,34.5,19.5,30,0.0,952.2,23.1
2022-03-06,26.8,33.8,20.5,32,0.0,951.3,19.42
2022-03-07,27.1,33.5,21.0,35,0.0,951.2,16.59
2022-03-08,27.4,33.3,21.9,35,0.0,951.7,21.54
2022-03-09,25.9,33.1,20.4,44,0.0,951.9,19.61
2022-03-10,25.6,32.7,19.1,47,0.1,951.7,20.34
2022-03-11,25.6,33.2,19.4,47,0.0,951.4,20.23
2022-03-12,26.0,33.0,19.0,44,0.0,951.2,22.18
2022-03-13,27.0,34.8,19.8,33,0.0,951.4,24.08
2022-03-14,27.8,35.0,20.8,23,0.0,951.9,24.59
2022-03-15,28.5,36.4,21.2,23,0.0,950.6,24.57
2022-03-16,28.8,37.2,19.5,24,0.0,949.1,24.61
2022-03-17,29.3,37.7,22.1,23,0.0,948.6,24.66
2022-03-18,29.3,38.2,21.4,26,0.0,947.8,19.77
2022-03-19,28.5,37.8,21.5,39,0.0,947.4,19.83
2022-03-20,27.6,36.5,22.1,42,0.0,947.9,15.18
2022-03-21,28.1,37.0,21.1,43,0.0,948.8,18.26
2022-03-22,29.2,37.4,21.5,33,0.0,948.8,18.61
2022-03-23,29.7,36.7,23.6,27,0.0,948.6,15.44
2022-03-24,29.5,37.2,24.0,35,0.0,948.4,18.15
2022-03-25,28.5,36.0,22.3,57,0.0,949.7,17.6
2022-03-26,28.8,37.2,23.0,54,0.0,951.6,18.27
2022-03-27,29.5,38.8,21.0,40,0.0,951.7,20.94
2022-03-28,29.9,38.6,22.0,42,0.0,951.1,21.02
2022-03-29,30.4,39.3,22.4,34,0.0,950.0,25.34
2022-03-30,30.4,38.7,21.4,24,0.0,949.9,25.9
2022-03-31,29.6,38.0,22.4,20,0.0,950.2,26.31
2022-04-01,29.0,38.5,19.9,22,0.0,949.9,26.54
2022-04-02,29.1,38.4,21.4,31,0.0,950.7,26.12
2022-04-03,29.5,39.7,21.0,38,0.0,950.2,25.48
2022-04-04,29.7,41.8,21.5,46,0.0,950.5,20.32
2022-04-05,30.0,39.8,22.6,47,0.0,952.2,19.99
2022-04-06,29.9,40.2,22.7,46,0.0,952.5,21.99
2022-04-07,30.0,39.0,22.6,47,0.0,951.5,23.99
2022-04-08,30.2,40.1,23.0,42,0.0,950.0,23.52
2022-04-09,29.7,39.3,23.2,46,0.0,949.6,20.83
2022-04-10,29.3,39.0,23.0,49,0.0,949.6,23.58
2022-04-11,30.0,39.0,22.2,39,0.0,948.8,23.43
2022-04-12,31.0,39.5,23.9,33,0.0,947.9,24.6
2022-04-13,31.6,39.2,24.2,27,0.0,947.5,23.97
2022-04-14,30.6,39.0,24.9,37,0.0,947.8,24.15
2022-04-15,29.0,37.8,22.0,47,0.0,948.4,26.02
2022-04-16,28.9,38.7,20.9,35,0.0,947.4,26.86
2022-04-17,28.9,38.5,20.5,43,0.0,948.2,26.83
2022-04-18,28.8,39.4,21.4,46,0.0,950.2,25.11
2022-04-19,29.2,38.7,21.8,52,0.0,951.4,22.65
2022-04-20,30.2,39.0,22.3,45,0.0,949.7,22.58
2022-04-21,31.4,39.2,24.8,31,0.0,948.5,22.13
2022-04-22,31.5,38.3,24.4,28,0.2,949.3,22.18
2022-04-23,30.5,36.4,25.0,42,0.1,950.2,21.88
2022-04-24,30.6,38.8,25.2,47,0.0,950.0,22.02
2022-04-25,30.9,38.7,24.1,39,0.0,948.9,22.14
2022-04-26,31.7,39.8,23.9,32,0.0,949.1,25.04
2022-04-27,32.4,40.3,24.4,30,0.0,948.2,26.2
2022-04-28,32.1,40.9,24.9,32,0.0,948.9,24.02
2022-04-29,31.1,40.0,23.8,47,0.0,950.1,24.9
2022-04-30,30.5,37.8,24.4,38,0.0,948.8,26.46
2022-05-01,29.6,38.3,22.4,44,0.0,947.4,26.17
2022-05-02,28.5,36.9,21.6,57,0.0,947.8,25.92
2022-05-03,28.4,37.0,21.3,60,0.0,948.4,25.35
2022-05-04,29.2,38.8,21.5,53,0.0,949.3,26.67
2022-05-05,29.5,39.5,21.9,47,0.0,949.0,26.15
2022-05-06,29.3,38.3,22.1,46,0.0,948.4,26.47
2022-05-07,29.7,38.8,22.2,52,0.0,948.0,25.59
2022-05-08,30.6,40.2,23.8,44,0.0,946.4,20.96
2022-05-09,29.8,37.3,24.8,49,0.2,945.3,20.48
2022-05-10,28.6,36.7,23.6,62,0.0,945.0,19.5
2022-05-11,28.2,35.7,23.2,62,0.4,944.9,18.31
2022-05-12,27.6,33.2,24.4,68,0.0,946.0,17.32
2022-05-13,28.1,34.7,23.8,62,0.0,945.9,19.67
2022-05-14,28.2,36.5,22.0,60,0.0,946.1,26.42
2022-05-15,28.6,37.0,22.0,63,0.0,947.1,25.43
2022-05-16,29.8,40.0,23.2,59,0.0,946.6,25.08
2022-05-17,29.0,37.0,22.9,59,0.0,945.8,23.35
2022-05-18,29.0,37.2,22.1,58,0.0,946.0,22.09
2022-05-19,28.2,37.0,24.0,62,0.0,946.4,16.11
2022-05-20,27.2,33.0,23.5,64,3.4,947.3,17.4
2022-05-21,27.4,34.2,23.0,61,0.0,947.0,26.22
2022-05-22,27.2,33.0,23.1,65,0.0,945.3,24.57
2022-05-23,27.9,34.1,23.5,63,0.0,945.0,24.83
2022-05-24,27.9,34.2,23.1,65,0.0,947.4,24.04
2022-05-25,27.9,34.7,23.1,62,0.0,949.4,25.62
2022-05-26,27.5,35.2,21.9,64,0.0,949.1,26.43
2022-05-27,27.3,34.2,22.4,61,0.0,948.8,25.29
2022-05-28,27.3,33.6,22.1,62,0.0,948.0,25.12
2022-05-29,27.3,33.3,22.4,63,0.0,948.0,24.56
2022-05-30,27.5,34.8,21.9,64,0.0,947.6,25.68
2022-05-31,28.0,35.7,22.0,64,0.2,946.9,24.63
2022-06-01,28.2,35.3,24.1,63,0.6,947.2,21.13
2022-06-02,27.7,34.1,23.1,64,0.4,947.4,21.7
2022-06-03,27.8,35.5,22.5,63,0.1,947.0,24.33
2022-06-04,28.5,36.4,22.5,61,0.0,946.8,25.56
2022-06-05,28.7,37.9,23.4,64,0.2,946.7,24.13
2022-06-06,27.4,35.5,23.8,70,19.8,947.3,19.03
2022-06-07,27.6,33.5,23.1,63,1.8,947.5,22.01
2022-06-08,27.9,34.6,22.8,67,0.9,947.3,24.08
2022-06-09,27.4,33.5,24.2,71,1.0,946.2,15.84
2022-06-10,26.4,34.6,22.9,74,9.9,946.2,19.68
2022-06-11,25.6,31.1,23.2,76,6.5,946.7,17.59
2022-06-12,25.4,29.9,22.8,76,3.0,946.6,15.44
2022-06-13,26.5,32.0,22.6,71,0.7,947.9,22.41
2022-06-14,26.8,33.2,22.4,68,0.0,948.1,24.12
2022-06-15,26.8,32.8,22.8,70,0.9,947.4,23.33
2022-06-16,26.5,32.2,22.8,72,0.9,947.1,20.59
2022-06-17,26.6,32.5,22.6,72,1.5,946.5,19.09
2022-06-18,26.5,31.5,22.9,72,1.9,946.8,21.15
2022-06-19,25.9,30.9,23.4,75,6.2,947.0,19.26
2022-06-20,24.4,27.6,22.1,83,15.2,945.8,13.11
2022-06-21,24.1,27.8,22.0,82,1.0,944.0,11.07
2022-06-22,24.6,31.0,22.0,81,22.3,945.1,14.15
2022-06-23,24.1,29.2,21.4,86,18.6,946.0,16.87
2022-06-24,24.6,30.2,21.6,82,5.9,944.8,16.63
2022-06-25,24.2,27.4,22.4,84,33.7,942.5,12.3
2022-06-26,23.6,26.0,21.6,88,13.1,942.7,10.93
2022-06-27,23.8,26.0,22.4,86,10.9,944.6,11.48
2022-06-28,24.3,27.9,22.0,82,1.1,945.8,17.1
2022-06-29,24.8,29.1,22.6,82,5.1,944.6,18.85
2022-06-30,24.6,29.0,22.6,82,4.1,944.4,18.23
2022-07-01,24.2,27.0,22.6,84,3.1,945.0,16.5
2022-07-02,24.3,27.5,22.5,82,3.5,943.8,19.43
2022-07-03,24.4,27.0,22.5,82,3.6,943.7,18.54
2022-07-04,24.0,27.0,22.2,84,3.7,943.4,13.62
2022-07-05,23.3,25.4,22.2,89,14.4,942.0,9.89
2022-07-06,23.3,25.0,22.2,87,2.4,943.5,8.27
2022-07-07,23.5,25.8,22.4,86,5.1,946.1,11.62
2022-07-08,22.8,24.1,21.8,89,10.3,945.4,6.43
2022-07-09,22.0,23.6,21.0,91,18.4,943.9,6.71
2022-07-10,22.0,23.8,21.0,90,11.2,944.6,7.34
2022-07-11,21.5,22.4,20.9,92,31.2,945.8,4.83
2022-07-12,22.1,24.2,21.0,90,28.6,945.3,9.43
2022-07-13,21.9,23.1,21.0,92,29.1,942.3,4.39
2022-07-14,22.6,24.5,21.4,90,27.9,939.8,10.49
2022-07-15,23.5,25.5,22.3,86,18.3,940.9,12.65
2022-07-16,24.0,26.6,22.4,85,17.5,942.6,19.62
2022-07-17,24.2,27.2,22.2,83,4.0,945.0,21.26
2022-07-18,22.9,25.4,21.9,89,8.9,945.5,6.88
2022-07-19,23.1,25.1,21.7,87,1.4,946.4,13.37
2022-07-20,23.7,26.3,21.5,85,2.1,947.3,17.88
2022-07-21,23.9,27.7,21.5,83,2.0,947.5,19.41
2022-07-22,23.8,27.0,21.5,83,2.3,948.0,20.4
2022-07-23,23.3,25.6,21.9,85,6.8,946.3,13.96
2022-07-24,22.7,25.0,21.6,90,9.2,945.6,7.76
2022-07-25,22.9,24.9,21.8,88,2.1,947.2,8.7
2022-07-26,23.6,27.9,21.6,85,5.8,948.7,16.8
2022-07-27,23.2,27.0,21.6,89,15.2,948.6,12.43
2022-07-28,24.2,28.6,20.9,86,1.2,949.4,19.43
2022-07-29,24.5,29.3,21.8,86,9.1,949.1,18.53
2022-07-30,24.4,28.2,22.1,87,5.8,948.2,16.98
2022-07-31,24.3,29.0,20.9,83,1.2,946.6,21.7
2022-08-01,24.3,28.0,21.1,83,1.8,946.8,21.32
2022-08-02,24.4,28.0,21.8,82,1.0,945.9,19.76
2022-08-03,24.3,29.1,22.0,86,4.0,945.1,20.02
2022-08-04,24.1,29.0,21.9,89,18.9,944.2,16.21
2022-08-05,23.4,27.5,22.0,91,27.5,942.7,10.71
2022-08-06,23.8,27.1,22.0,87,9.6,941.7,16.13
2022-08-07,23.8,26.8,22.4,88,23.9,941.2,14.59
2022-08-08,23.3,25.4,22.2,89,14.3,940.1,9.74
2022-08-09,23.4,25.0,22.5,87,17.1,939.3,8.17
2022-08-10,23.5,25.5,22.1,86,10.8,938.9,16.43
2022-08-11,23.6,25.7,22.4,85,7.2,940.3,17.52
2022-08-12,23.6,25.7,22.2,85,5.7,943.1,19.33
2022-08-13,23.6,26.0,22.1,84,5.5,945.1,21.21
2022-08-14,23.5,26.2,22.2,84,2.3,946.6,19.13
2022-08-15,23.0,26.0,21.8,87,8.6,946.6,13.27
2022-08-16,22.8,24.8,21.8,88,10.8,946.1,10.75
2022-08-17,23.3,26.0,21.6,85,4.7,947.5,20.07
2022-08-18,23.6,26.5,21.8,84,2.6,947.8,21.27
2022-08-19,23.4,26.5,21.1,84,1.8,948.1,18.17
2022-08-20,23.6,26.5,21.8,84,1.1,947.7,18.24
2022-08-21,23.4,26.2,21.5,85,1.3,946.6,19.69
2022-08-22,23.4,25.6,22.0,85,2.4,945.4,18.8
2022-08-23,23.5,26.1,22.1,85,1.6,945.8,18.89
2022-08-24,23.5,26.4,21.5,84,2.0,948.3,20.39
2022-08-25,23.4,27.4,21.0,84,3.2,948.1,19.59
2022-08-26,23.6,27.6,20.9,83,1.2,948.0,20.79
2022-08-27,23.6,27.9,20.6,82,1.3,948.2,20.88
2022-08-28,23.5,28.3,19.9,82,0.5,947.9,20.37
2022-08-29,23.8,28.9,20.4,81,0.6,949.0,22.44
2022-08-30,24.5,29.7,20.5,83,9.3,949.1,21.03
2022-08-31,24.7,29.9,21.5,87,27.3,948.0,19.26
2022-09-01,24.1,28.4,21.3,89,4.4,947.8,17.28
2022-09-02,24.6,29.9,20.5,84,0.8,948.4,20.75
2022-09-03,24.9,30.4,20.9,84,3.7,948.6,22.12
2022-09-04,24.2,28.2,22.2,88,13.1,948.5,11.93
2022-09-05,23.6,25.8,22.0,89,1.0,948.4,10.13
2022-09-06,23.7,27.4,21.4,88,14.0,947.9,15.94
2022-09-07,23.9,28.8,21.0,88,10.3,947.6,16.48
2022-09-08,23.7,27.4,21.5,90,18.3,946.7,11.43
2022-09-09,23.9,28.3,21.6,89,16.4,945.7,15.61
2022-09-10,23.6,27.5,20.5,91,16.7,945.6,13.73
2022-09-11,23.9,29.4,21.6,89,8.0,943.4,13.92
2022-09-12,23.8,27.4,21.6,90,13.0,942.1,13.54
2022-09-13,23.5,25.1,22.4,89,15.1,944.2,10.12
2022-09-14,23.6,26.5,22.2,86,4.0,947.1,17.82
2022-09-15,23.6,26.2,22.0,85,4.5,948.2,19.38
2022-09-16,23.1,25.3,21.6,87,2.6,947.0,13.71
2022-09-17,23.3,26.8,21.2,85,3.9,947.5,20.74
2022-09-18,23.0,26.6,21.0,85,4.8,949.1,18.28
2022-09-19,22.4,25.2,20.4,86,1.1,949.3,15.39
2022-09-20,22.0,23.8,20.6,88,3.6,948.9,6.22
2022-09-21,22.4,26.1,20.1,86,4.2,948.9,17.0
2022-09-22,21.8,24.5,19.8,85,2.4,949.3,12.03
2022-09-23,22.4,26.7,19.8,83,0.9,949.4,18.29
2022-09-24,22.8,26.0,20.6,86,1.3,949.0,17.47
2022-09-25,23.1,27.0,20.6,85,1.7,948.7,18.22
2022-09-26,22.8,27.1,20.4,87,2.2,950.2,14.27
2022-09-27,22.8,27.1,19.7,85,1.7,949.2,17.51
2022-09-28,23.0,27.9,19.9,87,1.3,948.3,19.11
2022-09-29,23.0,28.0,20.6,90,6.8,948.2,14.98
2022-09-30,23.5,28.9,20.5,88,9.8,948.7,19.23
2022-10-01,23.4,28.9,21.0,88,3.1,949.2,18.39
2022-10-02,23.3,28.0,20.6,85,1.1,949.5,18.95
2022-10-03,23.4,27.8,20.2,82,0.4,949.7,21.08
2022-10-04,23.6,29.0,20.1,83,0.6,949.7,20.12
2022-10-05,23.9,29.1,20.5,81,0.4,948.7,19.96
2022-10-06,23.6,28.4,20.9,83,18.0,947.1,17.2
2022-10-07,22.8,26.5,21.1,88,11.0,946.1,12.14
2022-10-08,23.1,26.1,20.8,84,2.4,948.4,17.59
2022-10-09,23.9,29.6,19.9,81,0.0,949.8,20.66
2022-10-10,23.2,28.2,20.3,89,6.5,950.7,13.56
2022-10-11,23.5,28.6,21.0,89,4.6,949.9,17.15
2022-10-12,23.0,27.5,20.9,90,23.0,950.3,12.08
2022-10-13,23.0,27.6,20.4,88,7.4,950.7,17.09
2022-10-14,22.9,27.5,20.7,89,19.7,950.6,15.16
2022-10-15,23.4,27.9,19.9,82,0.1,949.7,19.88
2022-10-16,23.0,27.8,19.8,83,14.3,951.0,18.67
2022-10-17,23.1,28.2,20.7,89,20.1,952.1,13.72
2022-10-18,22.7,27.5,20.1,90,12.6,951.9,12.23
2022-10-19,23.1,27.5,20.6,89,3.4,951.4,14.13
2022-10-20,23.0,27.5,20.0,87,1.4,951.9,13.48
2022-10-21,22.7,26.7,19.9,89,1.9,953.5,12.72
2022-10-22,22.9,27.5,19.7,78,0.0,954.6,19.69
2022-10-23,21.1,27.0,16.7,69,0.0,953.9,21.92
2022-10-24,21.3,27.4,14.8,62,0.0,951.7,21.96
2022-10-25,21.0,27.6,14.8,64,0.0,951.5,21.97
2022-10-26,21.3,27.0,16.5,65,0.0,953.2,21.84
2022-10-27,21.6,26.8,17.4,62,0.0,953.2,21.55
2022-10-28,20.7,26.6,15.1,60,0.0,952.5,21.7
2022-10-29,20.9,27.3,14.4,58,0.0,952.4,21.41
2022-10-30,20.7,27.2,14.2,58,0.0,952.7,21.49
2022-10-31,21.6,26.9,16.9,56,0.0,952.4,21.01
2022-11-01,20.7,27.0,14.3,61,0.0,952.9,21.16
2022-11-02,22.0,28.2,17.0,65,0.0,952.5,20.05
2022-11-03,22.0,28.9,16.9,60,0.0,952.4,20.83
2022-11-04,21.7,28.8,14.9,61,0.0,953.1,20.59
2022-11-05,21.8,28.9,15.9,58,0.0,954.2,20.67
2022-11-06,22.6,29.2,16.7,53,0.0,954.7,20.51
2022-11-07,22.4,29.1,16.9,53,0.0,954.0,19.85
2022-11-08,22.7,29.4,17.4,54,0.0,953.7,19.68
2022-11-09,22.7,29.1,18.2,53,0.0,953.5,19.09
2022-11-10,22.0,28.7,14.4,50,0.0,953.8,20.21
2022-11-11,22.1,29.0,16.0,54,0.0,953.8,20.1
2022-11-12,22.1,28.8,16.4,59,0.0,953.9,19.99
2022-11-13,22.0,28.9,16.2,59,0.0,952.9,19.95
2022-11-14,23.3,29.9,17.8,62,0.0,953.3,19.0
2022-11-15,23.5,29.4,17.8,61,0.0,953.5,19.43
2022-11-16,22.5,28.0,15.9,60,0.0,952.9,19.64
2022-11-17,21.7,28.2,16.9,54,0.0,952.6,19.75
2022-11-18,20.6,27.5,14.4,51,0.0,952.7,19.67
2022-11-19,20.1,26.5,14.1,52,0.0,952.6,19.59
2022-11-20,19.5,25.9,12.6,51,0.0,951.4,19.75
2022-11-21,19.3,26.1,13.9,50,0.0,951.2,19.65
2022-11-22,21.7,28.1,15.4,53,0.0,951.5,18.28
2022-11-23,23.0,29.0,16.8,57,0.0,952.1,18.11
2022-11-24,23.5,29.5,17.2,59,0.0,951.9,18.02
2022-11-25,23.9,29.8,17.8,62,0.0,952.3,15.63
2022-11-26,24.3,29.7,19.0,68,0.0,951.6,14.35
2022-11-27,24.2,29.5,19.5,70,0.0,949.7,15.35
2022-11-28,23.4,29.5,17.7,67,0.0,950.1,16.06
2022-11-29,23.0,30.1,17.0,59,0.0,951.1,18.18
2022-11-30,22.5,29.0,15.8,56,0.0,952.2,18.37
2022-12-01,21.8,28.4,15.6,46,0.0,952.0,18.66
2022-12-02,22.3,29.7,15.1,54,0.0,951.3,18.16
2022-12-03,23.4,30.2,17.9,60,0.0,951.5,16.64
2022-12-04,24.0,29.5,18.6,71,0.5,952.4,15.87
2022-12-05,24.3,29.2,19.4,69,0.0,953.2,15.97
2022-12-06,24.1,29.5,18.6,61,0.0,952.9,17.64
2022-12-07,23.1,29.5,16.0,62,0.0,952.2,18.0
2022-12-08,21.9,28.6,15.7,63,0.0,951.9,17.84
2022-12-09,20.0,27.2,11.6,47,0.0,950.3,18.76
2022-12-10,20.6,28.3,12.1,45,0.0,949.9,18.4
2022-12-11,22.6,29.0,15.6,61,0.0,950.7,15.83
2022-12-12,23.1,28.0,19.1,76,0.1,950.6,12.82
2022-12-13,23.2,27.6,19.8,76,0.0,951.3,11.07
2022-12-14,24.2,29.2,19.9,70,0.0,952.2,14.17
2022-12-15,23.8,29.0,19.4,68,0.3,952.0,13.29
2022-12-16,24.0,30.5,19.0,64,0.0,951.7,16.98
2022-12-17,24.4,29.5,18.9,62,0.0,952.6,16.28
2022-12-18,24.1,30.1,19.1,60,0.0,952.2,16.83
2022-12-19,22.6,29.0,17.0,55,0.0,951.2,17.47
2022-12-20,22.2,29.5,14.8,49,0.0,950.5,17.83
2022-12-21,22.6,30.3,14.9,47,0.0,951.1,17.77
2022-12-22,22.6,30.1,15.4,53,0.0,950.9,17.73
2022-12-23,22.6,30.2,15.6,56,0.0,950.8,17.7
2022-12-24,21.7,30.0,14.6,52,0.0,951.2,17.83
2022-12-25,21.6,29.8,12.9,49,0.0,951.5,17.94
2022-12-26,21.9,29.8,14.5,57,0.0,952.8,17.65
2022-12-27,23.1,30.4,17.2,60,0.0,954.2,16.87
2022-12-28,23.3,30.5,16.5,56,0.0,955.2,17.65
2022-12-29,22.8,30.1,15.8,55,0.0,956.3,17.67
2022-12-30,22.9,30.0,17.3,50,0.0,957.2,17.86
2022-12-31,22.5,29.9,16.7,54,0.0,956.2,17.71
2023-01-01,21.6,29.9,14.1,56,0.0,955.4,17.92
2023-01-02,22.2,29.8,14.5,49,0.0,955.4,17.9
2023-01-03,22.7,29.9,16.8,51,0.0,955.2,17.61
2023-01-04,22.1,29.4,15.3,62,0.0,954.0,16.62
2023-01-05,22.6,29.2,16.4,62,0.0,955.0,15.81
2023-01-06,22.5,28.5,17.2,61,0.0,956.5,15.06
2023-01-07,22.0,27.8,17.4,67,0.0,956.5,15.85
2023-01-08,21.2,27.1,16.0,58,0.0,955.4,17.99
2023-01-09,20.2,27.2,14.9,41,0.0,956.1,18.75
2023-01-10,20.4,28.1,14.3,35,0.0,955.5,18.97
2023-01-11,20.8,29.5,12.4,41,0.0,953.5,18.87
2023-01-12,20.5,29.3,15.1,43,0.0,952.2,19.12
2023-01-13,19.8,28.6,13.6,62,0.0,952.6,18.76
2023-01-14,19.1,29.6,12.5,67,0.0,952.3,18.21
2023-01-15,20.8,30.4,14.4,57,0.0,951.4,18.95
2023-01-16,20.8,30.5,12.7,55,0.0,951.4,19.32
2023-01-17,20.8,30.4,12.8,56,0.0,952.1,19.13
2023-01-18,21.9,30.2,16.1,48,0.0,953.4,19.2
2023-01-19,22.4,30.5,16.0,45,0.0,953.4,19.11
2023-01-20,22.4,30.1,15.4,46,0.0,953.0,18.99
2023-01-21,21.9,29.4,15.2,48,0.0,953.0,19.08
2023-01-22,21.4,29.5,14.5,48,0.0,952.1,19.16
2023-01-23,21.1,29.5,13.8,52,0.0,951.4,19.31
2023-01-24,21.0,30.2,14.8,61,0.0,951.3,18.41
2023-01-25,21.2,29.5,14.5,60,0.2,951.5,17.97
2023-01-26,22.6,29.5,17.0,58,0.5,952.1,17.24
2023-01-27,23.4,31.0,17.2,52,0.0,952.3,19.14
2023-01-28,22.9,30.9,15.9,42,0.0,951.2,20.06
2023-01-29,22.2,30.9,14.9,62,0.0,949.7,19.06
2023-01-30,22.8,30.2,17.8,65,0.0,952.4,18.93
2023-01-31,22.9,29.8,17.1,58,0.0,952.9,18.19
2023-02-01,22.6,28.8,17.5,58,0.1,953.2,17.92
2023-02-02,22.6,29.8,16.5,55,0.0,953.1,19.95
2023-02-03,22.3,29.5,15.5,43,0.0,953.4,20.61
2023-02-04,22.6,30.8,14.1,40,0.0,952.2,20.91
2023-02-05,23.2,31.2,16.9,39,0.0,951.5,20.95
2023-02-06,23.3,32.3,14.6,41,0.0,951.5,20.99
2023-02-07,22.9,31.6,16.0,42,0.0,951.2,21.11
2023-02-08,23.7,32.2,16.4,40,0.0,952.1,21.16
2023-02-09,24.6,33.1,15.9,37,0.0,952.7,21.62
2023-02-10,25.2,33.3,18.5,30,0.0,953.8,21.56
2023-02-11,24.8,33.5,18.0,29,0.0,954.0,21.66
2023-02-12,25.0,33.5,18.0,28,0.0,954.8,21.93
2023-02-13,23.5,32.2,14.6,32,0.0,954.9,22.2
2023-02-14,23.5,32.2,15.6,28,0.0,954.5,22.52
2023-02-15,24.3,33.0,16.5,22,0.0,953.0,22.63
2023-02-16,25.1,34.3,17.6,24,0.0,953.5,22.65
2023-02-17,25.2,34.3,17.7,25,0.0,953.7,22.64
2023-02-18,25.1,33.5,18.9,23,0.0,953.5,23.02
2023-02-19,24.7,33.2,15.9,26,0.0,953.3,22.95
2023-02-20,25.7,34.3,17.6,30,0.0,953.3,22.72
2023-02-21,25.6,34.5,17.0,32,0.0,953.4,22.94
2023-02-22,26.3,34.5,19.7,29,0.0,953.2,22.69
2023-02-23,26.5,34.5,20.1,28,0.0,952.7,23.1
2023-02-24,26.0,34.2,17.7,24,0.0,953.7,23.29
2023-02-25,26.2,34.0,18.8,23,0.0,955.1,23.14
2023-02-26,26.0,34.2,18.1,24,0.0,955.6,23.25
2023-02-27,26.4,34.8,20.0,24,0.0,955.4,23.23
2023-02-28,26.0,34.3,17.9,25,0.0,955.1,22.33
2023-03-01,25.6,34.0,17.0,25,0.0,955.5,22.67
2023-03-02,26.5,34.0,19.9,28,0.0,956.2,23.23
2023-03-03,26.8,34.5,19.6,29,0.0,956.7,22.76
2023-03-04,27.9,35.5,21.2,28,0.0,956.5,20.99
2023-03-05,27.6,35.8,21.1,30,0.0,956.1,21.14
2023-03-06,25.5,34.0,20.2,42,1.7,955.2,19.08
2023-03-07,23.1,29.2,17.1,51,0.3,955.6,19.28
2023-03-08,24.6,32.2,17.1,42,0.0,954.5,21.83
2023-03-09,26.1,32.5,19.3,33,0.0,954.2,19.12
2023-03-10,26.2,33.2,19.1,32,0.0,953.5,22.85
2023-03-11,26.6,33.8,19.5,31,0.0,953.2,22.72
2023-03-12,27.5,34.2,20.5,32,0.0,952.7,21.57
2023-03-13,27.4,34.5,21.6,36,0.0,951.9,17.72
2023-03-14,27.0,34.9,20.1,37,0.0,950.5,20.19
2023-03-15,26.7,32.3,20.1,39,0.0,949.5,15.3
2023-03-16,23.4,31.8,18.8,64,9.2,951.0,19.36
2023-03-17,23.9,30.9,18.4,62,0.1,950.8,19.32
2023-03-18,24.4,30.6,18.0,58,0.0,949.7,22.46
2023-03-19,23.2,30.9,17.5,58,0.0,949.1,23.78
2023-03-20,22.8,30.0,17.2,58,0.0,948.9,24.65
2023-03-21,22.8,30.1,16.5,59,1.0,949.5,21.71
2023-03-22,23.1,30.1,17.1,59,0.0,950.5,22.42
2023-03-23,23.7,31.2,17.5,61,0.0,950.6,23.64
2023-03-24,24.3,33.0,17.3,54,0.0,950.6,24.41
2023-03-25,24.1,33.5,17.1,51,0.0,951.4,25.54
2023-03-26,23.7,32.9,16.0,48,0.0,951.0,25.78
2023-03-27,24.0,33.2,15.9,55,0.0,951.0,25.88
2023-03-28,24.7,33.7,16.5,53,0.0,950.3,25.67
2023-03-29,25.4,34.8,17.6,52,0.0,950.7,25.81
2023-03-30,24.0,32.3,17.0,59,0.0,950.1,25.06
2023-03-31,24.1,30.8,18.7,64,0.0,950.0,22.13
2023-04-01,24.5,33.2,17.1,55,0.0,950.5,26.61
2023-04-02,24.5,33.3,17.3,60,0.0,950.1,25.94
2023-04-03,24.7,34.0,16.9,62,0.0,949.8,25.8
2023-04-04,26.7,35.6,19.0,57,0.0,950.7,23.88
2023-04-05,27.5,35.7,19.6,49,0.0,950.5,23.68
2023-04-06,28.4,35.5,22.1,37,0.0,950.9,22.12
2023-04-07,27.4,35.6,22.1,45,3.7,952.5,18.55
2023-04-08,25.5,32.3,20.5,61,1.3,954.6,19.35
2023-04-09,26.2,35.2,21.9,60,7.6,954.3,19.86
2023-04-10,27.9,34.5,21.9,50,0.0,952.8,23.43
2023-04-11,28.8,36.3,22.1,45,0.0,952.9,23.63
2023-04-12,29.5,35.8,22.4,39,0.0,952.4,23.11
2023-04-13,30.2,37.1,24.0,33,0.6,952.2,21.66
2023-04-14,29.8,36.3,23.2,35,0.0,952.2,19.92
2023-04-15,27.8,35.5,23.2,46,0.0,951.8,22.94
2023-04-16,27.9,36.4,21.0,48,0.2,950.6,23.93
2023-04-17,28.6,36.4,22.6,41,0.5,950.7,21.06
2023-04-18,29.6,36.8,22.2,39,0.0,951.4,21.02
2023-04-19,30.4,38.2,24.0,31,0.1,949.6,23.32
2023-04-20,29.1,36.9,22.5,37,0.0,947.6,23.16
2023-04-21,27.7,35.5,20.7,36,0.0,947.8,25.74
2023-04-22,26.5,34.2,20.5,43,0.0,948.0,25.73
2023-04-23,26.5,34.8,19.0,51,0.0,948.0,24.58
2023-04-24,28.3,36.9,20.5,44,0.0,948.8,25.03
2023-04-25,28.3,37.2,22.0,49,0.0,949.0,24.13
2023-04-26,27.2,33.8,20.5,60,0.0,949.3,22.02
2023-04-27,27.2,34.2,21.4,60,0.2,949.6,21.55
2023-04-28,27.3,33.8,22.6,59,0.3,950.4,22.32
2023-04-29,26.8,33.5,21.0,57,0.1,949.6,24.01
2023-04-30,26.5,34.2,21.0,55,0.0,948.1,25.36
2023-05-01,26.0,33.3,19.8,56,0.0,948.0,26.76
2023-05-02,25.7,32.8,20.2,59,0.3,948.8,22.57
2023-05-03,25.8,31.7,20.5,62,0.6,950.1,21.18
2023-05-04,26.1,33.5,20.1,60,0.0,949.5,23.57
2023-05-05,27.1,34.5,21.0,59,0.0,948.9,23.16
2023-05-06,27.2,34.5,21.2,63,0.1,949.1,23.36
2023-05-07,26.6,33.3,23.0,67,1.4,949.2,16.73
2023-05-08,26.6,34.1,22.9,73,2.8,948.8,17.32
2023-05-09,27.9,36.3,23.2,69,1.3,949.2,19.79
2023-05-10,30.6,38.5,24.6,55,0.0,948.6,22.68
2023-05-11,31.3,40.5,23.8,45,0.0,948.7,26.45
2023-05-12,30.6,39.3,23.8,47,0.0,949.1,25.25
2023-05-13,29.4,36.3,23.9,52,0.0,949.8,24.76
2023-05-14,28.7,36.0,23.0,51,0.0,949.2,26.84
2023-05-15,28.0,35.5,22.0,63,0.0,949.9,25.67
2023-05-16,27.9,35.5,21.4,62,0.0,951.4,26.22
2023-05-17,28.8,37.2,21.5,58,0.0,951.3,26.38
2023-05-18,29.5,38.0,22.5,56,0.0,952.4,26.27
2023-05-19,30.0,38.6,22.8,53,0.0,951.0,26.67
2023-05-20,29.1,36.8,22.2,55,0.0,950.5,25.52
2023-05-21,28.2,36.4,21.6,61,0.0,951.1,24.26
2023-05-22,29.1,37.4,22.4,55,0.0,951.7,24.35
2023-05-23,30.1,39.0,22.9,48,0.0,951.6,24.16
2023-05-24,28.8,36.9,23.1,59,0.0,951.4,25.56
2023-05-25,27.9,34.8,22.9,62,0.0,951.8,25.14
2023-05-26,27.3,33.8,23.2,67,0.1,952.3,22.4
2023-05-27,27.3,34.2,21.6,63,0.0,951.3,24.17
2023-05-28,28.3,36.1,22.0,60,0.0,950.4,25.02
2023-05-29,29.2,38.5,22.0,63,0.1,950.1,24.34
2023-05-30,29.9,38.2,22.5,57,0.0,950.3,24.84
2023-05-31,30.6,39.5,23.6,56,0.0,949.8,24.48
2023-06-01,30.4,38.8,24.2,50,0.0,949.6,26.13
2023-06-02,28.5,35.4,22.8,61,0.0,950.3,25.61
2023-06-03,28.6,35.8,23.0,65,0.7,949.9,25.01
2023-06-04,27.5,33.0,23.6,70,1.8,949.7,23.15
2023-06-05,27.9,34.3,22.5,67,0.5,949.1,24.65
2023-06-06,28.4,35.5,22.4,63,0.0,948.7,24.83
2023-06-07,28.9,35.8,23.2,61,0.0,948.5,25.24
2023-06-08,28.5,35.8,23.5,65,0.1,948.9,24.35
2023-06-09,28.7,36.1,24.0,64,0.0,947.2,24.07
2023-06-10,28.4,34.5,24.2,65,2.0,946.1,23.27
2023-06-11,27.8,34.5,23.9,64,1.3,945.7,22.73
2023-06-12,28.0,34.0,23.2,62,0.6,945.4,23.49
2023-06-13,27.2,31.5,23.9,69,0.8,946.6,22.84
2023-06-14,26.5,32.0,23.8,73,2.5,948.3,23.0
2023-06-15,27.0,32.8,23.5,70,0.1,948.5,22.98
2023-06-16,26.6,31.2,23.2,72,0.4,947.6,22.79
2023-06-17,27.1,32.0,24.0,71,0.1,948.2,22.65
2023-06-18,26.8,32.7,23.6,73,0.5,948.4,22.48
2023-06-19,27.3,33.0,23.1,68,0.0,947.5,24.12
2023-06-20,27.3,33.0,23.0,68,0.0,946.8,23.02
2023-06-21,27.3,33.5,22.7,69,1.4,947.2,23.27
2023-06-22,27.5,33.5,23.1,67,0.9,947.4,23.67
2023-06-23,26.9,32.2,23.4,72,2.2,947.0,21.27
2023-06-24,26.0,32.2,23.1,76,6.5,945.6,16.3
2023-06-25,24.8,27.8,22.1,80,2.8,945.6,13.84
2023-06-26,24.0,25.7,22.5,84,3.8,946.6,7.53
2023-06-27,24.7,28.4,22.5,81,2.0,946.4,14.36
2023-06-28,24.7,28.5,22.6,83,10.5,946.9,17.96
2023-06-29,23.7,25.6,22.6,89,15.5,947.0,8.87
2023-06-30,23.8,26.6,22.2,88,23.5,946.9,10.16
2023-07-01,24.1,27.0,22.4,84,5.1,947.8,16.22
2023-07-02,24.7,28.0,22.6,83,4.3,947.3,18.59
2023-07-03,25.1,29.0,22.5,84,4.1,945.7,16.71
2023-07-04,25.2,29.2,22.8,83,4.9,944.0,19.27
2023-07-05,24.8,30.0,22.7,84,11.0,942.3,16.5
2023-07-06,24.1,26.2,22.7,86,5.4,943.6,13.14
2023-07-07,24.2,26.9,22.9,87,25.6,944.6,12.12
2023-07-08,24.4,27.4,22.8,84,20.6,946.4,21.57
2023-07-09,24.5,27.3,23.0,83,3.5,947.2,20.52
2023-07-10,24.3,27.1,22.6,83,1.3,947.6,17.62
2023-07-11,24.6,28.2,22.6,80,0.7,947.7,19.0
2023-07-12,24.0,26.1,22.6,87,9.8,946.7,10.45
2023-07-13,24.6,28.0,22.0,82,3.8,946.5,18.06
2023-07-14,24.1,27.8,22.5,85,24.6,947.6,15.33
2023-07-15,24.4,27.0,22.6,84,1.4,948.1,16.96
2023-07-16,24.3,27.8,22.2,83,4.5,947.4,19.34
2023-07-17,23.8,26.6,22.0,85,2.7,946.2,14.5
2023-07-18,23.4,25.0,22.5,88,13.3,944.8,10.23
2023-07-19,23.3,25.2,22.6,91,35.3,942.9,6.98
2023-07-20,24.0,26.5,22.6,86,3.5,943.4,18.38
2023-07-21,24.0,26.4,22.7,87,13.3,945.0,11.85
2023-07-22,23.8,27.1,22.6,88,11.5,945.5,13.91
2023-07-23,23.7,25.9,22.5,89,8.4,944.8,11.25
2023-07-24,23.9,26.2,22.8,86,11.5,945.1,16.37
2023-07-25,23.5,25.4,22.6,89,13.1,946.7,10.02
2023-07-26,23.5,25.7,22.2,89,22.4,947.5,11.73
2023-07-27,23.1,24.6,22.0,91,23.5,947.7,8.67
2023-07-28,23.2,25.9,22.0,89,7.6,947.8,10.36
2023-07-29,23.1,25.0,21.9,88,1.6,948.4,10.26
2023-07-30,24.0,26.7,22.3,85,3.4,947.7,21.16
2023-07-31,24.1,27.2,22.6,85,2.4,947.2,19.78
2023-08-01,24.3,26.8,22.8,84,2.1,947.1,21.18
2023-08-02,23.8,26.5,22.2,85,1.0,947.6,19.16
2023-08-03,23.8,26.1,22.6,85,1.9,947.1,17.56
2023-08-04,24.1,27.1,22.5,84,1.4,948.2,15.91
2023-08-05,24.2,26.9,22.6,85,2.5,950.1,20.07
2023-08-06,24.2,27.0,22.5,83,0.9,949.6,22.01
2023-08-07,24.2,27.7,22.4,82,0.3,947.9,22.07
2023-08-08,24.4,27.8,22.5,82,1.0,948.4,20.81
2023-08-09,24.4,27.9,22.1,81,1.3,950.3,22.25
2023-08-10,24.4,27.6,22.1,82,2.0,950.9,21.81
2023-08-11,24.3,28.2,21.2,79,1.2,950.4,22.24
2023-08-12,23.9,28.0,21.1,81,1.3,950.1,21.63
2023-08-13,24.1,27.1,21.6,81,1.6,948.9,20.87
2023-08-14,24.4,28.1,22.1,80,0.9,949.1,22.36
2023-08-15,24.2,27.9,21.6,79,0.8,949.6,20.04
2023-08-16,24.4,28.8,21.5,80,0.7,949.9,22.92
2023-08-17,24.0,27.7,21.3,80,0.1,950.1,20.9
2023-08-18,24.1,28.8,21.7,80,0.0,948.8,19.64
2023-08-19,24.0,28.2,22.0,82,1.0,947.6,16.25
2023-08-20,23.9,26.9,22.0,83,1.6,947.8,18.27
2023-08-21,24.2,28.2,21.4,80,1.1,948.2,23.25
2023-08-22,24.0,28.5,21.0,83,3.8,948.3,21.05
2023-08-23,24.2,28.3,20.9,80,0.2,948.2,21.07
2023-08-24,24.5,28.5,21.8,80,1.3,947.4,22.86
2023-08-25,24.6,28.4,22.5,83,2.0,947.5,21.38
2023-08-26,24.6,28.2,22.2,81,1.4,948.8,22.62
2023-08-27,24.2,28.1,22.0,81,2.4,949.7,22.51
2023-08-28,24.2,28.6,21.6,81,2.1,949.1,21.62
2023-08-29,24.6,28.9,21.5,79,1.3,949.1,21.64
2023-08-30,24.8,30.4,20.4,78,0.0,949.8,23.53
2023-08-31,25.2,30.3,21.2,80,1.1,949.7,22.18
2023-09-01,25.8,32.1,21.7,80,5.0,949.6,22.63
2023-09-02,25.0,30.1,22.1,83,2.5,949.4,20.2
2023-09-03,24.6,29.5,21.6,82,9.4,948.3,21.2
2023-09-04,24.4,29.5,21.5,81,0.9,947.2,19.17
2023-09-05,24.6,29.6,20.5,78,0.3,946.7,22.95
2023-09-06,24.6,29.2,21.0,79,0.9,946.7,20.28
2023-09-07,24.0,27.8,22.1,82,3.4,946.5,14.95
2023-09-08,23.6,27.5,22.0,89,24.2,946.6,11.03
2023-09-09,24.2,27.1,22.7,88,7.5,946.9,17.29
2023-09-10,24.5,27.8,22.2,83,1.1,946.9,19.64
2023-09-11,24.4,28.1,22.0,83,1.2,947.6,20.87
2023-09-12,24.0,28.6,21.0,80,3.3,948.3,21.16
2023-09-13,24.2,28.4,21.5,81,1.1,947.8,20.53
2023-09-14,24.3,28.9,21.5,80,0.8,947.9,21.56
2023-09-15,24.2,28.6,20.8,80,0.4,947.7,20.11
2023-09-16,23.9,26.4,22.5,83,0.0,947.3,12.23
2023-09-17,24.0,26.8,22.5,83,2.3,946.7,17.97
2023-09-18,24.2,28.0,21.8,82,3.0,946.7,21.8
2023-09-19,24.5,28.3,22.1,82,1.6,948.2,20.26
2023-09-20,25.0,28.9,23.0,81,2.3,948.8,19.04
2023-09-21,24.9,29.8,23.2,84,18.5,948.9,15.0
2023-09-22,23.9,27.4,22.8,90,33.4,949.2,7.61
2023-09-23,23.6,27.5,22.2,91,32.1,949.5,10.37
2023-09-24,23.6,27.5,21.5,88,7.9,949.7,14.37
2023-09-25,24.0,28.6,21.5,86,5.8,948.8,18.55
2023-09-26,24.4,29.3,21.5,85,14.5,948.6,19.88
2023-09-27,23.5,27.9,21.4,89,33.6,947.9,13.76
2023-09-28,24.3,28.9,21.6,87,11.2,947.3,16.34
2023-09-29,24.0,29.4,21.1,88,19.9,947.1,17.48
2023-09-30,23.9,28.6,21.4,89,9.6,946.9,15.5
2023-10-01,23.6,27.6,21.3,90,14.1,946.9,10.8
2023-10-02,24.0,27.7,21.5,82,0.0,949.4,12.63
2023-10-03,24.7,29.8,20.8,80,0.2,950.7,20.06
2023-10-04,24.9,29.7,21.4,80,0.0,951.4,20.79
2023-10-05,24.6,30.0,20.4,77,0.0,951.1,22.52
2023-10-06,24.3,29.8,20.1,77,0.0,950.4,22.37
2023-10-07,25.1,30.5,20.8,74,0.0,950.7,21.8
2023-10-08,25.3,30.6,20.4,72,0.0,951.7,21.39
2023-10-09,25.3,30.8,20.4,70,0.0,952.9,20.73
2023-10-10,25.6,31.3,20.2,67,0.0,952.7,21.88
2023-10-11,25.3,30.0,20.5,71,0.0,952.6,20.25
2023-10-12,25.6,31.1,21.1,70,0.5,952.9,20.49
2023-10-13,25.6,31.9,20.2,69,0.0,953.4,21.17
2023-10-14,25.2,31.5,20.2,64,0.0,953.3,19.64
2023-10-15,25.6,30.8,20.7,64,0.0,952.0,20.62
2023-10-16,25.9,31.0,21.3,63,0.5,951.8,20.44
2023-10-17,25.9,30.9,20.5,62,0.2,953.1,20.68
2023-10-18,26.1,30.7,21.3,59,0.0,953.9,20.76
2023-10-19,25.3,30.8,21.0,66,1.0,953.8,19.59
2023-10-20,25.0,30.3,21.1,69,1.9,953.7,15.31
2023-10-21,25.8,30.5,21.0,63,0.5,954.2,19.52
2023-10-22,26.3,31.6,22.1,57,0.0,954.3,20.11
2023-10-23,25.8,31.5,19.2,58,0.0,953.2,20.16
2023-10-24,26.2,31.2,21.5,49,0.0,952.9,20.46
2023-10-25,25.5,31.0,20.8,48,0.0,954.3,19.66
2023-10-26,24.6,30.0,19.4,45,0.0,954.5,20.96
2023-10-27,24.0,30.1,18.5,44,0.0,953.0,21.46
2023-10-28,24.0,30.1,18.6,46,0.0,952.7,21.42
2023-10-29,23.8,30.6,17.4,46,0.0,952.4,20.78
2023-10-30,24.6,31.0,19.7,48,0.0,952.5,20.64
2023-10-31,24.2,30.5,18.9,55,0.0,953.0,19.74
2023-11-01,23.8,30.4,18.0,52,0.0,953.5,20.69
2023-11-02,24.4,30.4,19.4,51,0.0,952.8,20.38
2023-11-03,24.8,31.0,19.8,53,0.0,951.2,20.22
2023-11-04,24.9,30.8,19.9,54,0.0,951.2,19.7
2023-11-05,25.5,31.4,19.2,53,0.0,952.4,19.04
2023-11-06,24.5,31.3,19.2,50,0.0,953.4,19.43
2023-11-07,25.3,31.0,19.4,55,0.0,953.3,19.07
2023-11-08,25.0,30.0,21.2,73,1.6,953.1,16.2
2023-11-09,23.8,30.4,19.5,80,9.5,953.6,17.73
2023-11-10,23.7,29.8,19.9,83,2.5,954.8,16.95
2023-11-11,24.9,30.8,19.2,70,0.0,955.1,18.24
2023-11-12,24.4,31.0,19.1,64,0.0,955.0,18.61
2023-11-13,24.2,30.4,19.3,61,0.0,954.5,18.91
2023-11-14,24.0,30.0,19.5,58,0.0,953.8,19.36
2023-11-15,23.3,29.1,16.6,51,0.0,953.6,19.65
2023-11-16,22.6,29.2,17.4,56,0.0,953.6,19.55
2023-11-17,23.2,29.3,17.7,54,0.0,953.6,19.38
2023-11-18,23.3,30.2,16.7,55,0.0,953.0,17.97
2023-11-19,24.3,31.2,17.2,59,0.0,953.0,18.13
2023-11-20,24.6,30.8,19.6,62,0.0,953.5,17.91
2023-11-21,24.1,29.8,18.8,58,0.0,953.3,18.91
2023-11-22,23.6,29.7,18.4,55,0.0,952.5,18.79
2023-11-23,23.9,30.4,18.4,57,0.0,950.9,16.71
2023-11-24,24.0,30.8,18.5,63,0.4,951.2,16.26
2023-11-25,23.8,29.6,18.3,70,1.9,952.8,15.82
2023-11-26,23.2,30.1,19.6,77,25.0,953.1,14.61
2023-11-27,22.8,28.1,18.9,79,2.4,951.8,13.87
2023-11-28,22.8,28.5,19.0,81,0.3,950.9,15.1
2023-11-29,22.7,28.8,18.5,78,0.3,951.5,14.46
2023-11-30,22.6,29.3,17.6,77,0.3,952.0,15.18
2023-12-01,22.6,29.2,17.0,73,0.3,951.8,15.32
2023-12-02,23.9,30.2,18.3,67,0.3,951.2,16.01
2023-12-03,23.9,29.9,18.5,69,0.0,951.9,16.55
2023-12-04,24.2,30.5,18.5,68,0.0,951.0,17.46
2023-12-05,23.5,29.9,18.0,66,0.0,950.1,17.14
2023-12-06,22.6,28.1,18.8,73,0.5,951.0,15.18
2023-12-07,21.9,27.5,17.4,76,0.5,951.5,14.84
2023-12-08,22.3,28.2,17.4,72,0.3,952.1,15.47
2023-12-09,22.8,29.1,17.1,67,0.0,953.2,16.88
2023-12-10,22.4,29.3,16.8,67,0.0,952.3,16.85
2023-12-11,23.1,29.4,17.8,61,0.0,952.4,17.39
2023-12-12,22.7,29.3,16.6,63,0.0,951.4,16.13
2023-12-13,22.0,29.0,15.6,61,0.0,952.1,17.74
2023-12-14,21.6,28.0,15.9,59,0.0,953.6,17.83
2023-12-15,21.0,27.3,15.7,59,0.0,954.3,17.88
2023-12-16,20.7,27.4,15.4,60,0.0,953.7,17.56
2023-12-17,21.2,27.4,15.2,69,0.0,953.2,14.08
2023-12-18,21.6,27.0,16.9,64,0.0,954.4,16.36
2023-12-19,21.2,26.3,17.5,62,0.0,955.3,16.21
2023-12-20,20.1,27.2,14.1,61,0.0,955.0,16.78
2023-12-21,21.5,29.3,15.6,59,0.0,954.2,17.29
2023-12-22,22.1,29.6,15.9,60,0.0,954.1,16.52
2023-12-23,21.4,29.4,14.3,52,0.0,954.5,17.59
2023-12-24,21.6,29.1,16.2,50,0.0,956.0,17.32
2023-12-25,21.7,29.5,14.9,59,0.0,955.7,17.49
2023-12-26,22.6,30.5,16.8,54,0.0,955.5,17.74
2023-12-27,22.6,30.0,16.6,52,0.0,955.8,17.69
2023-12-28,22.1,30.0,15.8,62,0.0,954.2,17.72
2023-12-29,22.1,29.8,16.8,57,0.0,954.2,17.83
2023-12-30,21.5,29.6,14.3,58,0.0,953.5,17.74
2023-12-31,23.0,30.1,16.4,52,0.0,953.2,17.65
2024-01-01,22.2,29.5,16.5,55,0.0,953.2,17.61
2024-01-02,22.1,30.0,15.9,58,0.0,952.2,17.48
2024-01-03,22.5,29.8,16.5,60,0.0,951.6,17.06
2024-01-04,22.1,30.0,15.9,60,0.0,951.6,17.24
2024-01-05,21.3,29.5,13.9,59,0.0,951.8,17.18
2024-01-06,22.3,29.1,15.9,59,0.0,952.2,16.28
2024-01-07,22.9,29.5,17.2,62,0.8,952.5,15.34
2024-01-08,23.3,29.7,17.4,57,0.2,953.1,16.87
2024-01-09,22.4,28.1,18.0,72,1.0,953.5,12.96
2024-01-10,20.9,28.4,16.7,84,3.1,953.8,14.8
2024-01-11,22.5,28.6,16.9,73,0.0,954.1,16.62
2024-01-12,22.7,29.2,17.6,62,0.0,953.7,18.14
2024-01-13,23.2,29.7,17.7,51,0.0,954.3,18.45
2024-01-14,23.2,29.9,16.7,51,0.0,954.5,18.33
2024-01-15,21.1,28.4,14.1,49,0.0,953.4,19.14
2024-01-16,20.1,29.5,12.1,58,0.0,951.2,19.03
2024-01-17,20.4,28.9,13.1,63,0.0,950.4,18.91
2024-01-18,19.5,27.4,14.0,68,0.0,951.8,18.47
2024-01-19,20.1,28.8,12.9,66,0.0,951.8,18.37
2024-01-20,21.3,28.8,15.7,62,0.0,952.8,18.83
2024-01-21,20.9,28.5,15.9,62,0.0,953.3,19.11
2024-01-22,21.3,29.9,13.7,61,0.0,953.8,19.23
2024-01-23,20.0,27.4,15.4,57,0.0,953.5,19.7
2024-01-24,19.8,27.0,14.1,45,0.0,953.7,19.82
2024-01-25,19.7,27.4,13.5,46,0.0,955.1,19.76
2024-01-26,21.2,29.9,13.0,43,0.0,956.0,19.53
2024-01-27,22.3,29.9,16.3,40,0.0,956.3,19.44
2024-01-28,23.0,31.2,14.9,48,0.0,955.6,19.57
2024-01-29,23.0,30.6,15.8,45,0.0,955.1,19.63
2024-01-30,23.3,30.5,16.6,44,0.0,954.3,19.63
2024-01-31,22.8,31.4,15.4,47,0.0,953.7,19.78
2024-02-01,20.8,28.5,14.1,52,0.0,954.3,20.4
2024-02-02,21.4,28.8,15.2,53,0.0,954.8,20.36
2024-02-03,23.0,31.0,15.2,47,0.0,955.2,20.28
2024-02-04,24.9,33.1,16.6,47,0.0,956.1,20.1
2024-02-05,25.5,33.5,18.2,47,0.0,956.0,20.2
2024-02-06,25.7,34.6,18.0,45,0.0,955.8,19.97
2024-02-07,25.7,33.8,18.8,42,0.0,956.2,20.4
2024-02-08,23.9,32.9,17.0,39,0.0,955.5,21.02
2024-02-09,23.9,33.7,14.5,34,0.0,954.5,21.48
2024-02-10,23.9,34.2,14.5,37,0.0,955.3,21.66
2024-02-11,23.5,32.9,14.4,37,0.0,955.5,21.48
2024-02-12,23.9,33.1,15.6,37,0.0,954.9,21.22
2024-02-13,24.2,33.8,16.5,28,0.0,954.7,21.16
2024-02-14,23.7,32.7,15.4,33,0.0,954.4,20.18
2024-02-15,24.9,33.5,17.5,34,0.0,954.1,20.07
2024-02-16,26.3,35.2,18.8,39,0.0,954.5,21.32
2024-02-17,25.9,33.9,17.6,39,0.0,953.5,21.93
2024-02-18,25.6,34.5,17.8,38,0.0,952.1,21.28
2024-02-19,25.8,33.9,18.6,29,0.0,952.6,22.32
2024-02-20,25.0,33.7,17.8,33,0.0,953.1,22.29
2024-02-21,23.7,31.5,17.5,50,0.0,952.4,22.64
2024-02-22,22.6,30.5,16.2,58,0.0,952.6,22.3
2024-02-23,22.4,31.1,15.0,45,0.0,952.5,22.93
2024-02-24,23.3,33.0,14.6,36,0.0,951.9,23.12
2024-02-25,24.4,33.2,18.0,20,0.0,951.5,23.04
2024-02-26,25.7,34.9,16.5,38,0.0,951.4,21.62
2024-02-27,27.4,35.1,20.9,38,0.0,952.8,20.16
2024-02-28,27.6,33.5,22.0,35,0.0,953.0,20.66
2024-02-29,28.1,35.1,21.4,34,0.0,952.6,20.26
2024-03-01,27.9,35.8,20.9,37,0.0,953.0,20.75
2024-03-02,26.4,34.5,20.8,45,0.0,952.7,20.56
2024-03-03,23.8,31.1,18.5,63,0.0,952.6,22.54
2024-03-04,23.1,32.4,15.1,49,0.0,952.5,23.85
2024-03-05,24.3,34.6,14.5,39,0.0,952.6,23.68
2024-03-06,24.9,34.9,16.6,35,0.0,952.6,23.76
2024-03-07,25.2,34.7,14.4,23,0.0,952.1,24.24
2024-03-08,27.4,35.5,20.1,23,0.0,952.9,23.76
2024-03-09,27.3,35.2,18.5,21,0.0,953.0,24.12
2024-03-10,27.1,36.5,17.6,26,0.0,953.5,24.09
2024-03-11,27.5,36.0,19.9,25,0.0,954.8,24.14
2024-03-12,28.2,37.2,20.6,29,0.0,954.0,24.28
2024-03-13,27.1,35.4,19.9,30,0.0,953.2,24.81
2024-03-14,26.0,35.2,17.3,32,0.0,953.2,24.79
2024-03-15,26.0,35.0,18.0,29,0.0,952.3,24.62
2024-03-16,26.5,35.6,17.6,35,0.0,952.2,24.18
2024-03-17,26.8,36.2,18.8,30,0.0,952.4,24.39
2024-03-18,27.2,35.1,20.4,21,0.0,952.5,24.42
2024-03-19,27.1,34.9,19.6,27,0.0,952.3,25.12
2024-03-20,27.8,35.5,20.6,19,0.0,952.4,25.45
2024-03-21,27.9,36.2,19.1,22,0.0,951.3,24.49
2024-03-22,27.9,36.4,19.9,38,0.0,950.0,24.92
2024-03-23,28.4,36.5,19.9,30,0.0,950.2,25.05
2024-03-24,29.5,37.5,22.0,27,0.0,951.6,24.76
2024-03-25,29.9,37.8,22.8,35,0.0,952.0,24.39
2024-03-26,30.1,38.2,21.7,33,0.0,952.2,24.86
2024-03-27,30.4,39.5,22.2,34,0.0,953.3,22.71
2024-03-28,30.6,38.7,23.5,34,0.0,952.1,21.46
2024-03-29,30.6,38.9,23.8,37,0.1,951.2,20.73
2024-03-30,30.7,38.2,23.8,40,0.0,952.4,22.46
2024-03-31,31.1,38.3,24.5,29,0.0,953.5,22.89
2024-04-01,30.9,39.0,24.9,20,0.0,951.1,24.67
2024-04-02,29.9,39.1,21.8,27,0.0,949.6,25.5
2024-04-03,29.7,39.0,21.8,31,0.0,950.4,25.27
2024-04-04,30.4,39.2,23.1,29,0.0,950.9,25.06
2024-04-05,30.6,39.8,22.7,28,0.0,950.4,25.78
2024-04-06,31.0,39.4,23.5,24,0.0,949.6,23.44
2024-04-07,30.0,38.2,23.4,22,0.0,949.1,22.81
2024-04-08,29.3,38.0,20.5,20,0.0,949.8,26.26
2024-04-09,29.8,38.8,20.9,32,0.0,949.8,25.88
2024-04-10,29.6,38.8,21.5,32,0.0,950.0,25.85
2024-04-11,30.1,39.1,22.8,27,0.0,950.5,25.17
2024-04-12,29.5,38.3,22.5,28,0.0,950.4,25.35
2024-04-13,28.8,37.8,20.8,35,0.0,950.5,26.37
2024-04-14,29.0,39.2,19.6,45,0.0,951.1,26.42
2024-04-15,31.8,40.4,23.2,43,0.1,951.7,24.17
2024-04-16,33.2,39.5,27.2,35,0.0,950.9,21.31
2024-04-17,33.1,40.7,27.4,33,0.3,950.6,22.09
2024-04-18,31.9,40.3,25.5,50,0.1,949.8,21.91
2024-04-19,31.8,40.2,25.8,40,0.0,948.4,22.92
2024-04-20,30.9,38.8,25.4,43,0.0,948.9,23.26
2024-04-21,30.6,38.2,23.8,37,0.0,949.0,22.87
2024-04-22,30.8,38.8,24.0,34,0.0,949.7,24.05
2024-04-23,31.1,39.3,23.5,32,0.0,948.7,25.57
2024-04-24,31.4,39.3,23.8,37,0.0,948.2,23.14
2024-04-25,31.2,39.2,24.8,40,3.0,948.6,22.74
2024-04-26,31.4,39.3,25.3,33,0.1,948.5,21.77
2024-04-27,32.5,40.3,25.4,33,0.0,948.7,24.25
2024-04-28,33.3,41.0,25.5,30,0.0,948.7,23.53
2024-04-29,33.5,40.8,25.6,24,0.0,949.8,23.58
2024-04-30,33.1,40.8,24.8,20,0.0,948.8,26.65
2024-05-01,31.1,38.3,25.1,27,0.0,947.5,26.64
2024-05-02,29.6,38.8,22.5,33,0.0,947.5,27.2
2024-05-03,29.6,39.8,20.4,32,0.0,948.5,27.83
2024-05-04,30.2,39.0,21.6,42,0.0,949.3,27.13
2024-05-05,30.7,39.2,23.4,45,0.0,948.1,26.2
2024-05-06,29.8,37.9,23.4,47,0.0,948.7,26.73
2024-05-07,28.7,37.3,21.7,55,0.0,949.5,26.26
2024-05-08,28.9,38.5,21.2,61,0.0,949.0,25.95
2024-05-09,29.1,36.5,22.5,58,0.4,948.4,23.17
2024-05-10,28.6,36.9,23.6,62,11.8,949.5,20.19
2024-05-11,29.2,36.4,23.8,58,0.2,950.4,21.78
2024-05-12,28.9,36.0,24.1,52,2.1,950.5,21.12
2024-05-13,28.2,34.8,24.0,56,7.0,950.1,18.52
2024-05-14,30.1,37.7,24.0,52,0.0,949.9,22.6
2024-05-15,30.3,38.2,23.0,49,0.0,950.1,25.43
2024-05-16,29.3,39.0,24.0,58,4.4,950.2,23.08
2024-05-17,29.2,37.7,23.4,59,2.0,949.0,23.79
2024-05-18,30.4,38.7,23.0,51,0.3,947.1,23.69
2024-05-19,30.8,38.8,24.9,56,0.3,945.6,19.75
2024-05-20,30.9,40.5,25.6,62,0.8,945.8,20.82
2024-05-21,31.7,41.7,24.5,56,0.0,945.6,21.99
2024-05-22,31.3,39.8,25.2,59,0.4,945.4,21.68
2024-05-23,30.5,38.8,25.4,68,2.7,944.4,21.06
2024-05-24,29.5,35.8,24.6,62,0.3,944.1,22.41
2024-05-25,28.1,34.1,23.6,66,0.0,944.9,20.62
2024-05-26,28.5,34.2,24.4,68,0.0,945.7,24.74
2024-05-27,27.6,32.7,24.8,73,0.0,945.4,16.57
2024-05-28,28.2,34.0,24.2,68,0.0,945.7,24.76
2024-05-29,28.1,34.3,23.5,66,0.0,945.9,25.91
2024-05-30,28.7,36.2,23.2,64,0.0,947.1,26.29
2024-05-31,29.1,35.8,24.0,67,0.0,947.8,24.96
2024-06-01,29.3,35.9,24.0,65,0.1,947.7,25.19
2024-06-02,29.7,36.2,24.5,58,0.0,948.1,25.03
2024-06-03,29.4,37.4,24.2,62,2.1,948.4,22.0
2024-06-04,26.4,31.4,24.1,81,21.0,948.9,13.26
2024-06-05,26.8,33.2,24.4,79,7.9,949.0,17.51
2024-06-06,27.1,33.6,23.5,79,6.1,949.4,19.23
2024-06-07,26.6,33.8,23.3,78,13.8,947.6,21.75
2024-06-08,26.1,32.2,23.5,80,9.3,946.4,18.98
2024-06-09,24.9,27.0,23.0,85,2.8,945.9,7.19
2024-06-10,24.5,27.7,22.1,85,17.1,947.0,10.21
2024-06-11,24.6,27.9,22.6,86,21.9,947.7,10.89
2024-06-12,25.1,28.8,22.9,84,9.5,948.6,15.03
2024-06-13,25.4,28.8,23.1,82,9.1,948.3,18.45
2024-06-14,25.0,28.9,22.9,80,1.2,947.5,16.05
2024-06-15,25.4,29.2,23.0,80,3.4,946.9,18.67
2024-06-16,25.4,30.5,22.6,82,8.7,947.1,20.1
2024-06-17,25.7,30.6,22.8,82,5.9,947.5,19.56
2024-06-18,25.5,29.6,23.1,81,19.5,947.1,19.83
2024-06-19,25.0,27.8,23.0,82,1.8,945.5,15.73
2024-06-20,25.1,29.0,23.1,84,3.4,944.7,17.92
2024-06-21,25.7,29.4,23.4,81,0.6,945.1,19.41
2024-06-22,25.9,29.8,22.8,78,0.5,943.9,21.51
2024-06-23,25.7,30.3,23.2,80,2.5,942.9,18.92
2024-06-24,25.8,30.8,23.2,80,5.4,941.5,20.03
2024-06-25,25.8,29.4,23.9,81,4.0,940.5,14.87
2024-06-26,25.5,29.6,23.6,84,5.3,940.6,16.86
2024-06-27,25.0,27.6,23.4,84,2.2,942.7,14.19
2024-06-28,25.0,27.8,23.6,84,11.5,943.7,18.46
2024-06-29,25.3,28.4,23.1,82,1.7,944.9,19.47
2024-06-30,25.0,27.9,23.4,84,4.7,945.2,14.56
2024-07-01,24.5,27.2,22.5,85,4.9,944.3,15.97
2024-07-02,24.2,27.4,22.5,87,11.4,943.5,16.01
2024-07-03,24.8,27.5,22.9,83,0.7,944.6,11.93
2024-07-04,24.8,26.8,23.4,84,1.0,945.6,11.93
2024-07-05,25.0,28.0,23.2,83,4.5,943.9,18.86
2024-07-06,24.7,27.7,23.0,83,4.3,943.0,18.96
2024-07-07,24.0,26.0,22.9,86,6.4,943.9,8.47
2024-07-08,24.1,27.0,22.7,88,63.8,943.8,11.1
2024-07-09,24.1,27.7,22.1,85,17.1,944.6,13.78
2024-07-10,24.8,28.1,22.6,81,0.7,947.2,19.29
2024-07-11,24.0,26.9,22.5,86,12.0,946.8,12.67
2024-07-12,24.0,26.2,22.9,88,22.2,944.9,14.21
2024-07-13,24.0,26.5,22.6,87,17.9,944.2,13.69
2024-07-14,23.2,24.3,22.7,92,74.5,942.6,6.21
2024-07-15,24.5,28.6,22.5,85,6.1,942.1,15.42
2024-07-16,24.6,28.8,22.5,83,2.5,941.8,19.44
2024-07-17,24.3,26.9,22.9,86,11.0,943.3,12.1
2024-07-18,24.2,26.6,22.9,87,6.3,943.7,11.83
2024-07-19,23.9,25.0,23.1,88,5.8,942.1,8.11
2024-07-20,23.9,25.9,22.9,88,21.3,942.6,9.95
2024-07-21,24.2,26.6,22.9,87,10.6,943.0,12.14
2024-07-22,23.6,24.4,22.8,90,21.3,944.5,6.9
2024-07-23,23.3,24.0,22.7,91,21.7,945.2,5.79
2024-07-24,23.4,24.6,22.5,90,24.5,942.9,8.03
2024-07-25,22.9,23.7,21.9,91,54.9,942.0,3.83
2024-07-26,23.3,25.1,22.0,89,15.9,943.3,8.5
2024-07-27,23.5,25.0,22.8,90,10.0,943.9,7.82
2024-07-28,23.5,25.0,22.6,90,11.4,941.9,8.21
2024-07-29,23.7,26.2,22.5,89,13.0,940.9,9.36
2024-07-30,24.4,27.6,22.4,85,7.4,944.4,19.77
2024-07-31,23.9,26.3,22.1,87,14.7,946.4,10.92
2024-08-01,24.2,26.6,22.8,85,2.2,946.1,16.28
2024-08-02,24.0,26.7,22.0,86,9.8,945.6,19.71
2024-08-03,23.6,25.8,22.6,87,8.2,945.9,13.27
2024-08-04,23.3,26.0,22.8,90,28.4,946.2,8.87
2024-08-05,24.1,26.8,22.6,85,3.3,947.3,17.45
2024-08-06,24.5,27.4,22.5,82,0.7,947.4,20.19
2024-08-07,24.3,27.0,22.6,84,2.7,947.3,18.96
2024-08-08,24.2,27.1,22.2,83,2.9,948.2,20.08
2024-08-09,23.3,24.8,22.1,89,6.4,949.1,7.51
2024-08-10,24.2,28.5,21.9,85,4.4,948.9,20.36
2024-08-11,24.2,27.6,22.0,83,1.1,947.5,20.88
2024-08-12,24.4,28.2,21.6,83,1.2,947.3,20.44
2024-08-13,24.8,29.5,21.5,81,0.5,947.8,19.27
2024-08-14,24.6,29.2,21.1,83,0.8,947.6,18.46
2024-08-15,25.0,30.4,21.4,82,0.3,946.8,21.18
2024-08-16,25.0,30.3,21.0,82,1.0,945.9,20.81
2024-08-17,24.6,28.8,21.4,85,2.9,947.1,14.32
2024-08-18,24.8,28.2,23.0,89,31.0,947.7,12.56
2024-08-19,25.3,30.2,22.4,86,8.9,947.1,18.49
2024-08-20,25.2,29.8,22.5,85,8.7,946.5,18.48
2024-08-21,24.9,30.3,22.0,87,18.1,946.7,18.58
2024-08-22,25.0,28.9,22.5,87,16.4,946.3,17.28
2024-08-23,24.5,27.9,23.0,89,15.4,946.9,9.19
2024-08-24,22.9,24.0,22.5,93,61.8,946.9,3.64
2024-08-25,22.9,25.3,21.4,90,24.3,945.9,10.81
2024-08-26,22.8,24.3,21.1,87,6.1,944.8,11.37
2024-08-27,23.3,26.1,21.4,86,7.9,946.0,18.91
2024-08-28,23.6,26.6,21.5,85,4.0,946.9,20.99
2024-08-29,24.2,27.1,22.1,84,1.5,946.2,20.29
2024-08-30,24.3,27.1,22.3,84,2.2,947.0,18.85
2024-08-31,23.6,25.6,22.1,87,9.7,947.9,11.31
2024-09-01,23.1,25.6,21.6,89,2.3,947.3,7.72
2024-09-02,22.7,23.8,22.2,93,49.4,946.0,4.74
2024-09-03,23.6,26.4,21.9,87,10.4,947.0,13.08
2024-09-04,24.0,26.6,22.5,85,1.4,947.9,16.53
2024-09-05,24.0,27.5,22.5,86,17.8,946.7,17.74
2024-09-06,23.8,26.4,21.9,86,1.7,947.5,14.81
2024-09-07,24.1,27.8,21.7,84,0.9,948.2,20.07
2024-09-08,24.3,28.1,22.1,83,1.8,948.2,20.73
2024-09-09,24.0,28.1,21.8,85,2.9,946.0,20.12
2024-09-10,24.0,27.6,22.4,85,18.7,945.3,14.38
2024-09-11,24.0,27.8,22.1,84,2.3,946.3,19.64
2024-09-12,24.0,27.5,21.8,81,0.3,948.1,21.52
2024-09-13,23.6,27.1,21.1,82,0.3,948.4,20.5
2024-09-14,23.3,27.0,20.5,82,0.9,948.1,22.31
2024-09-15,23.2,26.8,20.5,83,1.6,948.5,19.58
2024-09-16,23.7,28.2,20.0,80,0.7,949.2,21.61
2024-09-17,23.3,27.8,20.0,79,1.3,949.2,21.16
2024-09-18,23.1,28.5,19.1,78,0.0,947.6,24.4
2024-09-19,23.7,29.0,19.3,79,0.0,948.1,20.26
2024-09-20,23.7,28.0,20.7,85,4.4,948.4,16.51
2024-09-21,24.3,29.5,22.3,84,7.2,949.1,17.63
2024-09-22,24.2,29.6,21.3,84,13.0,948.4,17.77
2024-09-23,24.1,28.5,22.1,89,33.5,947.4,13.02
2024-09-24,24.3,29.5,21.7,90,19.7,945.7,15.27
2024-09-25,23.7,27.6,22.4,92,39.1,945.0,9.69
2024-09-26,23.1,25.4,21.7,90,13.3,944.3,9.28
2024-09-27,23.5,25.6,22.1,87,2.7,946.0,11.7
2024-09-28,24.2,27.5,22.2,84,0.9,948.8,19.01
2024-09-29,24.3,28.2,21.5,84,2.0,950.8,16.78
2024-09-30,24.9,29.8,20.8,82,0.0,950.9,21.82
2024-10-01,25.6,30.4,22.0,82,0.0,949.5,21.19
2024-10-02,25.0,30.6,22.5,87,2.5,950.0,18.76
2024-10-03,24.6,29.8,21.8,85,2.9,950.1,18.48
2024-10-04,24.0,28.8,21.0,85,1.0,950.0,18.36
2024-10-05,24.1,29.4,20.8,81,0.0,950.4,21.65
2024-10-06,24.3,29.5,20.9,83,1.3,950.7,19.58
2024-10-07,25.4,30.5,20.6,75,0.0,951.4,21.71
2024-10-08,25.3,30.4,20.5,77,0.4,951.6,21.18
2024-10-09,24.4,27.8,22.0,81,3.1,949.9,10.5
2024-10-10,24.0,29.0,21.1,85,4.2,948.4,13.79
2024-10-11,24.2,29.4,21.3,85,8.2,948.0,15.18
2024-10-12,24.3,29.8,21.3,86,5.8,949.1,17.05
2024-10-13,24.3,29.9,21.3,86,6.0,950.0,15.71
2024-10-14,24.1,29.1,20.5,84,7.0,950.6,17.76
2024-10-15,23.7,28.9,20.1,86,1.7,950.6,15.12
2024-10-16,24.3,29.8,21.2,85,14.5,950.0,17.64
2024-10-17,24.0,27.8,22.0,86,5.5,949.3,10.7
2024-10-18,24.5,29.0,21.6,86,17.4,949.2,15.98
2024-10-19,23.8,29.6,21.2,89,22.0,951.0,13.74
2024-10-20,23.5,28.2,21.0,88,7.4,952.0,12.8
2024-10-21,23.7,27.2,20.7,86,6.4,952.1,13.8
2024-10-22,24.1,28.3,19.8,84,0.4,952.0,14.43
2024-10-23,24.1,28.8,19.6,81,0.0,951.6,18.92
2024-10-24,23.8,28.7,19.5,77,0.0,951.3,20.03
2024-10-25,24.0,29.0,19.7,63,0.0,951.3,20.47
2024-10-26,23.7,29.0,18.7,63,0.0,951.3,21.3
2024-10-27,23.9,30.5,18.0,67,0.0,949.9,21.12
2024-10-28,24.1,30.7,18.9,69,0.0,948.7,20.69
2024-10-29,24.2,30.6,18.2,71,0.0,949.8,20.1
2024-10-30,24.1,29.5,19.0,72,0.3,950.9,18.86
2024-10-31,25.4,30.5,20.6,68,0.3,951.9,19.58
2024-11-01,25.2,30.0,20.6,74,0.1,953.1,18.65
2024-11-02,24.8,30.1,20.1,66,0.0,953.3,19.9
2024-11-03,24.6,30.1,18.5,61,0.0,953.1,20.13
2024-11-04,24.5,30.1,18.5,61,0.0,952.2,18.77
2024-11-05,24.5,29.7,19.0,59,0.0,952.8,19.99
2024-11-06,23.7,30.2,17.9,62,0.0,953.3,20.25
2024-11-07,23.9,30.0,19.0,56,0.0,953.2,20.09
2024-11-08,24.1,29.6,19.0,54,0.0,953.0,20.09
2024-11-09,23.9,29.6,18.4,54,0.0,953.0,19.9
2024-11-10,23.8,29.4,19.5,53,0.0,953.2,18.8
2024-11-11,23.4,29.1,18.5,54,0.0,952.7,19.92
2024-11-12,23.1,29.2,16.4,55,0.0,952.2,19.72
2024-11-13,24.0,30.1,17.8,55,0.0,951.2,19.68
2024-11-14,25.4,32.0,18.9,57,0.0,952.2,17.58
2024-11-15,25.8,31.2,21.5,66,1.1,952.9,15.97
2024-11-16,26.4,31.2,22.4,63,0.1,952.2,15.79
2024-11-17,25.7,30.9,21.8,55,0.0,952.2,18.35
2024-11-18,23.4,28.9,17.8,51,0.0,952.9,19.47
2024-11-19,22.3,28.4,16.4,53,0.0,953.5,19.55
2024-11-20,21.9,28.0,15.9,53,0.0,952.9,19.35
2024-11-21,22.2,29.0,15.9,52,0.0,952.5,19.38
2024-11-22,22.5,29.1,15.7,54,0.0,952.0,19.18
2024-11-23,22.7,29.5,15.6,55,0.0,952.8,18.98
2024-11-24,22.7,28.9,16.8,56,0.0,953.1,18.67
2024-11-25,21.9,27.9,15.6,52,0.0,952.9,18.94
2024-11-26,21.3,27.4,14.8,50,0.0,952.6,18.93
2024-11-27,20.9,27.4,14.4,46,0.0,951.9,19.11
2024-11-28,20.8,27.5,14.4,45,0.0,951.8,18.96
2024-11-29,20.4,27.0,14.1,44,0.0,951.9,19.12
2024-11-30,21.2,27.9,14.0,50,0.0,950.6,18.65
2024-12-01,22.9,29.0,16.1,56,0.0,949.1,16.98
2024-12-02,24.1,28.9,21.1,68,0.3,949.1,12.01
2024-12-03,24.9,29.5,20.6,74,1.1,950.6,13.13
2024-12-04,25.5,30.6,21.3,72,0.9,951.6,13.62
2024-12-05,25.7,31.4,20.8,68,0.2,952.3,16.74
2024-12-06,26.3,31.8,21.3,63,0.0,952.3,16.28
2024-12-07,25.7,31.6,21.0,58,0.0,951.4,17.32
2024-12-08,24.1,30.1,18.9,49,0.0,951.1,17.54
2024-12-09,22.5,29.5,16.0,49,0.0,951.5,18.03
2024-12-10,21.9,28.4,15.4,53,0.0,952.4,17.71
2024-12-11,22.7,29.3,16.6,58,0.0,952.6,17.63
2024-12-12,22.4,28.4,16.2,55,0.0,952.0,17.78
2024-12-13,21.5,27.8,15.9,52,0.0,952.7,17.91
2024-12-14,20.5,27.6,14.1,51,0.0,953.7,18.17
2024-12-15,20.2,27.9,13.1,50,0.0,954.6,18.33
2024-12-16,19.6,27.8,12.4,46,0.0,953.2,18.66
2024-12-17,20.1,28.5,12.1,47,0.0,951.8,18.4
2024-12-18,20.4,28.8,12.4,47,0.0,951.2,18.4
2024-12-19,21.0,29.6,12.6,51,0.0,950.8,18.17
2024-12-20,22.3,30.0,15.5,59,0.0,950.6,17.68
2024-12-21,22.1,30.2,16.2,71,0.0,950.8,16.51
2024-12-22,21.8,29.5,17.6,76,0.0,951.4,14.2
2024-12-23,21.5,27.9,17.1,75,0.1,951.4,13.38
2024-12-24,22.1,28.1,17.4,72,0.3,951.9,13.81
2024-12-25,23.3,30.0,17.4,65,0.1,952.8,15.89
2024-12-26,24.1,30.1,19.6,66,0.2,954.6,14.21
2024-12-27,23.9,29.9,19.6,70,0.7,954.9,13.58
2024-12-28,23.8,29.7,19.1,72,1.8,954.8,15.48
2024-12-29,24.4,30.6,19.2,65,0.2,955.2,14.86
2024-12-30,24.6,30.6,19.4,60,0.0,955.4,17.3
2024-12-31,24.2,30.2,18.5,55,0.0,955.5,17.66
2025-01-01,23.6,29.9,17.6,59,0.0,954.4,17.73
2025-01-02,23.6,31.0,16.6,54,0.0,954.4,18.22
2025-01-03,22.8,29.8,16.1,44,0.0,954.4,18.52
2025-01-04,22.4,30.4,14.9,34,0.0,952.9,18.63
2025-01-05,22.5,30.8,15.1,42,0.0,952.4,18.3
2025-01-06,22.8,29.9,16.6,51,0.0,952.0,18.28
2025-01-07,22.1,29.0,15.6,53,0.0,952.8,18.35
2025-01-08,21.8,28.4,15.5,53,0.0,952.8,18.26
2025-01-09,21.7,28.2,15.3,48,0.0,953.2,18.4
2025-01-10,22.0,29.0,14.1,52,0.0,954.1,18.18
2025-01-11,22.7,30.1,16.1,55,0.0,953.6,16.21
2025-01-12,23.2,30.1,17.0,57,0.0,953.5,17.37
2025-01-13,23.5,30.2,17.5,59,0.0,953.0,16.93
2025-01-14,24.3,30.9,17.4,52,0.0,953.2,17.15
2025-01-15,24.6,30.8,19.6,58,0.5,954.0,16.04
2025-01-16,24.4,31.0,18.4,63,0.0,954.0,17.22
2025-01-17,24.1,29.6,18.3,55,0.0,953.5,18.04
2025-01-18,23.3,29.0,17.3,47,0.0,953.2,18.9
2025-01-19,23.3,30.4,16.2,46,0.0,953.7,18.87
2025-01-20,23.6,30.6,16.4,44,0.0,953.0,19.01
2025-01-21,23.9,31.4,16.1,42,0.0,951.8,19.17
2025-01-22,24.5,32.3,17.0,45,0.0,951.4,19.41
2025-01-23,24.7,32.5,17.5,48,0.0,951.3,19.41
2025-01-24,25.2,33.1,17.2,49,0.0,951.0,19.14
2025-01-25,26.0,34.0,18.9,44,0.0,952.1,19.57
2025-01-26,25.7,33.0,18.8,41,0.0,952.0,19.75
2025-01-27,25.9,33.4,18.2,42,0.0,951.0,19.86
2025-01-28,25.9,34.0,18.4,45,0.0,951.0,18.91
2025-01-29,26.0,34.1,18.6,40,0.0,952.3,19.93
2025-01-30,26.0,33.8,19.2,38,0.0,951.5,19.96
2025-01-31,25.5,33.3,18.8,42,0.0,950.8,20.13
2025-02-01,24.7,33.5,17.0,45,0.0,951.4,20.13
2025-02-02,25.2,33.0,17.9,49,0.0,951.9,19.45
2025-02-03,25.9,33.8,19.2,42,0.0,952.2,20.3
2025-02-04,25.4,33.7,18.1,46,0.0,952.8,20.53
2025-02-05,25.1,32.6,18.2,43,0.0,951.9,20.39
2025-02-06,25.8,33.7,18.5,38,0.0,951.6,20.56
2025-02-07,26.4,34.0,19.3,42,0.0,953.1,20.65
2025-02-08,26.6,33.8,19.6,42,0.0,952.9,20.31
2025-02-09,27.1,34.2,20.0,40,0.0,952.4,20.82
2025-02-10,27.4,34.1,21.0,37,0.0,953.2,20.82
2025-02-11,26.8,34.0,19.9,35,0.0,953.7,21.17
2025-02-12,26.6,34.6,18.7,32,0.0,953.7,21.68
2025-02-13,26.0,34.1,17.9,30,0.0,953.8,21.93
2025-02-14,25.9,33.2,18.2,32,0.0,953.6,21.82
2025-02-15,26.7,34.3,18.2,27,0.0,952.7,22.23
2025-02-16,26.7,34.2,19.0,24,0.0,952.8,22.2
2025-02-17,27.0,35.3,18.8,28,0.0,953.3,22.18
2025-02-18,27.1,34.7,20.0,33,0.0,953.4,21.98
2025-02-19,26.7,34.3,19.5,36,0.0,952.2,22.22
2025-02-20,26.6,34.2,19.3,33,0.0,952.7,22.26
2025-02-21,27.2,34.1,20.0,29,0.0,954.3,21.83
2025-02-22,27.6,34.5,20.6,30,0.0,954.9,21.18
2025-02-23,27.4,34.4,20.3,29,0.0,954.9,22.16
2025-02-24,27.0,33.6,19.5,26,0.0,955.0,22.82
2025-02-25,27.1,33.9,20.0,27,0.0,955.7,22.72
2025-02-26,26.9,33.7,19.6,35,0.0,955.6,22.8
2025-02-27,27.5,34.4,20.5,35,0.0,954.3,22.89
2025-02-28,28.1,35.1,21.5,34,0.0,952.8,22.49
2025-03-01,28.5,36.6,21.6,35,0.0,952.3,22.89
2025-03-02,28.4,35.0,21.6,35,0.0,951.6,21.6
2025-03-03,29.2,36.5,21.8,26,0.0,952.0,22.73
2025-03-04,29.0,36.2,21.8,25,0.0,952.5,23.05
2025-03-05,27.8,34.8,20.8,28,0.0,952.9,23.73
2025-03-06,27.0,35.0,18.5,20,0.0,953.3,24.48
2025-03-07,27.2,34.9,19.1,20,0.0,951.6,24.41
2025-03-08,27.9,36.7,18.8,26,0.0,949.7,24.29
2025-03-09,28.6,35.8,21.0,26,0.0,950.3,24.11
2025-03-10,29.1,36.4,21.2,30,0.0,952.4,23.77
2025-03-11,29.5,36.1,22.7,31,0.0,953.2,23.93
2025-03-12,29.5,36.8,21.8,31,0.0,951.8,24.21
2025-03-13,29.9,37.3,22.9,32,0.0,950.8,24.07
2025-03-14,30.2,37.5,23.7,29,0.0,951.2,24.3
2025-03-15,29.8,36.5,23.5,22,0.0,951.7,23.68
2025-03-16,29.5,36.3,23.2,27,0.0,952.0,23.79
2025-03-17,29.2,36.7,22.6,29,0.0,952.0,24.27
2025-03-18,29.3,38.2,21.2,29,0.0,951.2,24.43
2025-03-19,29.1,37.9,22.5,28,0.0,952.1,23.98
2025-03-20,28.6,36.5,22.1,26,0.0,953.6,24.62
2025-03-21,27.8,35.1,22.2,27,0.0,954.1,24.58
2025-03-22,27.5,35.3,20.2,34,0.0,953.0,25.3
2025-03-23,28.1,36.2,20.2,39,0.0,953.1,25.25
2025-03-24,29.6,37.1,22.1,29,0.0,953.0,25.18
2025-03-25,29.2,36.9,21.9,38,0.0,950.5,25.05
2025-03-26,28.9,37.2,23.0,32,0.0,949.2,24.88
2025-03-27,28.1,36.2,22.3,36,0.0,950.0,24.9
2025-03-28,29.2,37.0,21.8,39,0.0,949.4,24.28
2025-03-29,30.8,37.5,24.0,32,0.0,949.0,20.49
2025-03-30,31.2,38.6,25.7,26,0.0,949.5,21.06
2025-03-31,31.9,38.5,26.0,28,0.0,949.7,21.92
2025-04-01,30.1,35.5,25.8,34,0.9,949.4,18.52
2025-04-02,28.4,36.1,22.6,46,7.2,950.0,21.23
2025-04-03,28.0,34.2,22.9,53,0.1,952.1,21.3
2025-04-04,28.1,36.1,21.9,56,0.0,952.8,23.94
2025-04-05,29.9,37.0,22.5,40,0.0,951.5,25.51
2025-04-06,30.9,39.4,23.8,25,0.0,950.4,25.26
2025-04-07,31.8,39.0,24.6,22,0.0,950.5,25.9
2025-04-08,32.5,39.8,25.2,19,0.0,950.9,24.46
2025-04-09,31.5,39.8,23.4,33,0.0,950.2,25.51
2025-04-10,29.3,37.1,24.0,48,0.0,948.5,21.39
2025-04-11,28.7,36.6,22.0,49,0.0,948.3,23.49
2025-04-12,28.0,36.2,21.8,46,0.0,949.8,23.17
2025-04-13,28.7,39.1,20.5,49,0.0,950.7,23.55
2025-04-14,31.2,39.5,23.3,28,0.0,950.0,25.8
2025-04-15,31.5,40.5,24.2,25,0.0,949.4,24.24
2025-04-16,31.0,39.9,25.0,31,0.0,949.3,23.66
2025-04-17,29.5,39.4,22.4,47,0.0,948.9,24.7
2025-04-18,29.7,38.5,22.9,46,0.0,948.5,23.54
2025-04-19,29.9,38.5,23.9,41,0.0,948.8,25.42
2025-04-20,30.1,38.0,23.6,36,0.0,949.3,26.52
2025-04-21,30.6,40.0,23.4,40,0.0,950.7,25.16
2025-04-22,31.6,40.3,24.7,45,0.0,951.2,23.81
2025-04-23,31.8,40.2,24.6,37,0.0,949.8,24.6
2025-04-24,31.2,40.8,23.9,39,0.0,948.7,25.63
2025-04-25,31.0,39.2,23.9,35,0.0,949.2,24.67
2025-04-26,30.6,39.2,23.4,38,0.0,949.1,24.28
2025-04-27,30.7,40.8,23.4,39,0.0,949.3,25.42
2025-04-28,30.5,40.7,21.8,41,0.0,948.4,25.66
2025-04-29,30.5,40.0,23.7,45,0.0,947.8,25.94
2025-04-30,29.9,38.1,22.5,51,0.0,948.8,23.4
2025-05-01,30.6,39.5,23.9,43,0.0,949.4,23.12
2025-05-02,31.5,40.3,25.2,29,0.0,949.5,26.34
2025-05-03,30.1,36.6,25.0,31,0.0,949.3,24.07
2025-05-04,28.5,35.9,22.4,45,0.0,948.9,25.07
2025-05-05,28.7,36.9,22.1,53,0.0,948.7,23.99
2025-05-06,27.7,35.6,22.1,59,0.0,949.6,24.22
2025-05-07,27.0,33.8,22.1,58,0.1,948.4,22.5
2025-05-08,26.1,32.7,22.0,61,0.0,948.5,22.18
2025-05-09,25.9,32.0,21.9,65,3.2,949.4,22.62
2025-05-10,27.0,33.4,21.8,64,1.3,949.5,24.15
2025-05-11,27.5,35.1,22.9,67,1.1,949.1,23.39
2025-05-12,27.7,35.2,23.3,67,2.1,948.3,21.47
2025-05-13,26.9,33.2,23.2,74,1.5,948.2,21.65
2025-05-14,27.0,33.2,22.8,72,0.7,948.6,19.05
2025-05-15,27.5,35.0,23.5,71,3.7,948.7,23.67
2025-05-16,26.9,32.7,23.7,76,4.0,948.5,17.79
2025-05-17,26.7,32.5,23.4,77,4.1,948.0,22.32
2025-05-18,26.6,32.8,23.0,76,1.6,947.4,19.91
2025-05-19,26.7,32.0,23.5,78,6.7,946.4,19.36
2025-05-20,25.7,29.5,23.3,86,15.0,945.8,15.3
2025-05-21,25.2,29.1,22.4,83,4.3,945.3,15.63
2025-05-22,24.2,27.9,22.3,91,17.1,944.0,7.88
2025-05-23,23.2,25.0,21.5,94,22.3,941.7,6.1
2025-05-24,23.5,25.7,22.4,94,34.2,940.9,4.75
2025-05-25,23.1,24.6,22.0,95,37.4,942.6,5.52
2025-05-26,24.0,26.6,22.0,92,55.0,943.2,9.63
2025-05-27,24.3,28.6,22.2,88,6.5,943.1,11.57
2025-05-28,25.3,29.2,22.6,83,3.5,943.4,19.34
2025-05-29,26.4,31.1,23.1,79,0.0,942.5,21.61
2025-05-30,26.5,30.7,23.8,77,0.1,943.7,24.22
2025-05-31,26.3,30.4,23.5,77,0.0,946.8,25.25
2025-06-01,25.2,28.9,22.9,81,2.0,947.3,22.05
2025-06-02,25.4,29.8,22.4,78,0.0,946.4,23.62
2025-06-03,25.2,29.3,22.6,78,0.7,946.8,20.68
2025-06-04,24.4,29.5,22.0,79,2.1,947.7,18.79
2025-06-05,24.6,29.2,21.0,77,1.1,949.6,20.7
2025-06-06,25.4,30.5,22.0,76,1.9,950.2,22.68
2025-06-07,25.3,29.6,22.6,82,9.3,950.3,21.17
2025-06-08,25.6,31.5,21.6,79,0.4,949.6,24.65
2025-06-09,25.8,29.5,23.1,79,2.5,948.7,20.18
2025-06-10,25.9,31.5,21.9,78,1.6,946.6,24.33
2025-06-11,26.4,31.9,23.2,78,2.4,945.2,19.71
2025-06-12,25.6,31.5,23.6,85,28.0,943.8,14.18
2025-06-13,26.2,31.2,22.8,80,6.2,943.0,20.33
2025-06-14,25.8,30.9,22.7,86,31.3,942.0,19.75
2025-06-15,25.6,29.2,23.5,84,3.7,939.8,13.27
2025-06-16,23.6,25.0,22.5,91,25.8,940.4,5.59
2025-06-17,24.2,26.7,22.0,85,6.6,943.6,21.16
2025-06-18,24.5,27.0,22.5,86,9.0,944.1,20.51
2025-06-19,23.8,26.5,22.5,90,35.3,944.5,11.91
2025-06-20,24.5,27.1,22.5,83,2.5,946.2,22.06
2025-06-21,24.4,27.0,22.5,84,3.6,946.7,21.73
2025-06-22,24.4,27.3,22.5,83,2.4,945.8,22.4
2025-06-23,24.0,26.9,22.5,85,7.8,944.2,19.26
2025-06-24,23.8,26.5,22.5,88,15.7,943.1,12.47
2025-06-25,24.4,26.9,23.1,85,3.4,943.1,18.53
2025-06-26,24.2,26.7,22.9,86,4.2,943.3,15.12
2025-06-27,24.2,26.8,22.8,84,4.3,944.1,20.07
2025-06-28,23.8,27.0,21.6,86,7.3,945.3,21.76
2025-06-29,23.7,26.2,22.0,85,5.9,945.3,17.97
2025-06-30,23.6,26.0,22.0,86,4.3,945.0,18.13
2025-07-01,23.7,25.9,21.9,86,2.1,945.2,15.43
2025-07-02,23.6,26.0,21.6,87,21.5,944.5,13.1
2025-07-03,23.6,26.1,21.7,87,5.1,944.7,19.84
2025-07-04,23.7,26.3,22.4,86,6.0,945.7,18.79
2025-07-05,23.8,26.1,22.6,86,7.5,945.4,18.81
2025-07-06,23.3,25.2,22.4,88,6.3,944.7,11.27
2025-07-07,23.5,25.5,22.1,86,3.1,945.2,14.49
2025-07-08,23.4,25.8,22.2,88,1.4,945.9,10.13
2025-07-09,23.7,26.0,22.5,88,2.4,946.2,12.5
2025-07-10,24.4,27.8,22.2,82,0.1,946.4,18.24
2025-07-11,24.4,28.0,22.5,83,1.8,946.4,20.45
2025-07-12,24.5,28.2,22.5,82,0.8,946.9,22.78
2025-07-13,24.5,27.7,22.5,82,1.7,946.6,22.05
2025-07-14,24.3,26.7,22.8,85,7.8,945.3,20.67
2025-07-15,23.6,25.4,22.6,90,33.9,944.9,9.08
2025-07-16,24.7,28.0,22.5,83,1.5,945.1,21.52
2025-07-17,24.9,28.6,22.4,82,1.1,946.0,20.89
2025-07-18,24.6,28.1,22.1,82,1.1,946.2,20.79
2025-07-19,24.6,28.4,21.9,81,1.0,944.2,22.3
2025-07-20,24.5,27.9,22.4,83,3.4,943.5,20.6
2025-07-21,24.1,27.1,22.2,88,30.6,944.5,16.01
2025-07-22,23.8,27.5,22.2,88,26.3,945.1,15.16
2025-07-23,23.4,25.5,22.4,89,3.4,943.9,10.95
2025-07-24,23.4,25.3,21.8,88,4.6,942.8,12.74
2025-07-25,23.5,25.1,22.8,89,6.3,942.3,9.68
2025-07-26,23.4,25.0,22.6,89,5.6,943.0,8.97
2025-07-27,23.5,25.9,22.1,87,7.2,944.3,19.41
2025-07-28,23.3,25.5,21.7,86,4.7,945.5,18.51
2025-07-29,23.2,25.2,21.7,87,3.1,945.8,13.81
2025-07-30,23.4,25.2,22.2,88,1.4,945.5,11.15
2025-07-31,23.8,26.7,22.2,86,1.5,946.3,18.27
2025-08-01,24.1,27.0,21.9,83,0.7,947.1,21.43
2025-08-02,24.3,27.9,22.3,84,1.8,947.1,21.84
2025-08-03,24.4,28.2,22.1,82,1.2,948.0,20.71
2025-08-04,24.4,28.4,21.5,82,1.1,948.9,20.27
2025-08-05,24.4,29.0,21.1,83,4.6,948.5,21.02
2025-08-06,24.6,29.6,21.3,84,2.9,948.2,19.65
2025-08-07,24.6,29.2,21.5,83,4.3,947.9,20.63
2025-08-08,23.7,28.0,21.5,88,6.0,948.7,13.28
2025-08-09,23.7,27.1,21.5,86,0.9,950.0,13.6
2025-08-10,23.7,27.1,21.6,85,2.9,949.2,17.78
2025-08-11,23.8,27.7,21.2,83,1.1,949.0,22.44
2025-08-12,23.7,27.2,21.5,83,2.8,947.7,18.54
2025-08-13,23.7,27.0,21.6,85,2.4,945.8,15.42
2025-08-14,23.6,26.6,21.9,87,4.8,945.4,13.7
2025-08-15,23.4,26.7,22.0,88,6.6,944.7,12.09
2025-08-16,23.2,26.6,21.8,89,6.2,943.4,11.88
2025-08-17,23.5,26.0,21.7,88,6.6,942.6,13.83
2025-08-18,22.8,24.0,22.1,91,25.2,944.4,7.28
2025-08-19,22.7,23.8,22.1,93,38.4,943.5,6.1
2025-08-20,22.9,24.1,21.9,89,25.5,944.6,12.36
2025-08-21,23.6,26.1,22.1,86,3.7,947.9,21.01
2025-08-22,23.6,26.4,22.0,85,2.7,948.5,21.67
2025-08-23,23.2,26.3,21.8,84,2.8,947.6,22.19
2025-08-24,23.1,25.8,21.5,86,3.5,948.3,20.9
2025-08-25,22.9,25.0,21.6,87,2.4,947.6,11.8
2025-08-26,23.5,26.6,22.0,87,3.2,947.3,16.13
2025-08-27,23.8,27.7,21.8,86,3.4,946.3,18.6
2025-08-28,23.5,26.9,22.0,89,14.6,945.3,13.9
2025-08-29,23.3,26.9,21.5,89,17.6,945.3,13.25
2025-08-30,24.1,27.6,21.6,85,4.5,947.2,20.19
2025-08-31,24.1,27.5,22.5,85,4.6,947.5,20.17
2025-09-01,23.5,26.4,21.9,85,2.7,946.0,20.03
2025-09-02,23.7,26.4,22.2,86,2.7,945.6,20.35
2025-09-03,23.4,26.5,21.5,85,2.1,946.0,19.91
2025-09-04,23.2,26.5,21.6,85,1.2,946.2,18.88
2025-09-05,23.5,26.8,21.9,85,0.4,946.8,19.34
2025-09-06,23.3,26.1,21.7,85,0.3,948.0,15.06
2025-09-07,23.2,27.0,21.1,85,1.1,948.3,18.94
2025-09-08,23.6,27.6,21.1,85,2.3,948.2,20.35
2025-09-09,23.6,29.0,19.5,81,0.4,949.7,21.87
2025-09-10,23.9,29.0,19.7,81,0.9,950.3,23.12
2025-09-11,23.8,28.9,20.1,82,0.2,949.9,21.55
2025-09-12,23.7,27.6,20.7,82,0.4,949.8,19.04
2025-09-13,23.4,28.7,21.4,88,15.6,949.4,15.81
2025-09-14,23.5,27.6,21.6,90,36.7,949.0,15.76
2025-09-15,22.9,26.1,21.4,93,17.8,948.4,9.21
2025-09-16,23.1,25.8,21.0,89,5.2,948.3,10.66
2025-09-17,23.6,28.5,20.6,88,13.8,948.3,18.08
2025-09-18,23.4,27.0,21.8,91,19.5,948.2,12.06
2025-09-19,23.7,27.9,21.8,89,12.4,949.1,16.91
2025-09-20,23.7,27.9,21.4,87,7.7,949.3,18.77
2025-09-21,23.8,28.1,21.3,88,3.2,948.7,18.76
2025-09-22,22.9,26.3,21.0,89,7.3,949.4,10.52
2025-09-23,22.6,25.9,20.6,87,8.5,949.9,13.71
2025-09-24,23.2,26.8,20.6,84,1.3,948.5,20.3
2025-09-25,23.3,27.6,20.3,83,1.0,947.9,19.16
2025-09-26,22.9,26.6,21.0,89,5.3,947.7,10.8
2025-09-27,22.5,25.5,21.4,93,27.8,947.4,6.39
2025-09-28,22.0,22.8,21.0,93,67.9,944.5,4.54
2025-09-29,23.1,26.5,21.3,84,1.9,945.6,18.48
2025-09-30,23.2,26.6,21.0,85,1.4,946.4,19.78
2025-10-01,23.7,27.0,21.6,83,0.4,946.2,20.73
2025-10-02,23.8,28.0,21.0,82,0.2,948.1,20.14
2025-10-03,24.1,28.1,21.8,84,2.0,950.5,19.46
2025-10-04,24.0,28.8,21.8,85,3.5,951.6,18.72
2025-10-05,23.4,27.5,21.4,85,2.8,951.5,17.09
2025-10-06,23.3,28.0,20.0,82,0.2,952.1,19.75
2025-10-07,23.3,27.4,20.6,84,0.6,952.1,16.47
2025-10-08,23.7,28.5,20.5,83,2.4,952.0,19.53
2025-10-09,24.5,29.1,20.3,75,0.2,952.6,20.55
2025-10-10,25.0,30.4,20.3,68,0.0,951.5,21.55
2025-10-11,25.6,30.9,20.6,61,0.2,951.4,21.33
2025-10-12,25.9,31.2,20.6,56,0.0,951.1,21.57
2025-10-13,26.2,31.5,21.0,54,0.0,951.6,21.47
2025-10-14,25.9,31.5,20.3,54,0.0,949.9,21.89
2025-10-15,25.7,31.0,21.1,62,0.7,949.3,19.63
2025-10-16,27.0,32.3,22.0,65,0.1,949.9,19.93
2025-10-17,27.2,31.8,22.8,58,0.4,951.2,19.74
2025-10-18,27.1,32.0,22.1,55,0.4,950.7,20.33
2025-10-19,27.0,32.2,22.1,55,0.0,949.7,20.68
2025-10-20,27.1,32.3,22.3,51,0.0,949.1,21.37
2025-10-21,26.1,31.9,22.7,68,2.1,950.1,18.06
2025-10-22,26.1,31.8,21.5,72,0.5,950.4,18.68
2025-10-23,26.2,32.1,22.9,72,4.4,949.3,19.37
2025-10-24,24.3,29.0,21.0,84,19.5,948.9,14.12
2025-10-25,24.0,28.2,21.5,85,2.5,948.3,13.11
2025-10-26,22.9,26.0,21.0,90,18.3,948.2,7.91
2025-10-27,23.6,29.0,21.4,88,15.2,948.1,13.46
2025-10-28,24.2,29.1,20.6,82,0.0,947.6,18.73
2025-10-29,24.4,30.1,20.8,81,0.0,946.7,17.04
2025-10-30,23.3,27.8,20.4,83,8.6,948.1,11.58
2025-10-31,23.2,27.6,19.8,87,1.1,949.8,13.07
2025-11-01,23.9,28.4,21.4,89,5.1,951.3,13.62
2025-11-02,23.7,27.7,21.5,85,2.0,953.0,15.23
2025-11-03,23.8,27.9,21.1,85,0.5,952.9,17.06
2025-11-04,23.2,27.9,20.0,82,0.0,952.1,18.45
2025-11-05,22.9,27.6,19.2,80,0.2,951.3,16.85
2025-11-06,23.4,28.2,19.6,76,0.0,951.9,16.58
2025-11-07,23.4,29.0,18.7,67,0.0,953.1,19.75
2025-11-08,23.4,29.3,17.8,60,0.0,954.2,20.28
2025-11-09,22.8,29.3,16.8,53,0.0,953.2,20.49
2025-11-10,22.6,29.5,15.9,51,0.0,952.7,20.4
2025-11-11,22.6,29.8,16.0,52,0.0,953.4,20.2
2025-11-12,23.0,29.7,16.4,50,0.0,954.1,20.01
2025-11-13,23.2,30.1,16.8,49,0.0,954.8,20.0
2025-11-14,22.7,29.4,16.5,46,0.0,954.3,20.11
2025-11-15,22.2,29.4,15.5,45,0.0,954.7,20.2
2025-11-16,21.8,28.7,15.2,45,0.0,955.8,20.05
2025-11-17,21.4,28.4,14.6,41,0.0,955.3,20.23
2025-11-18,21.1,28.8,13.6,43,0.0,953.6,20.11
2025-11-19,21.6,30.0,13.6,45,0.0,953.5,19.77
2025-11-20,22.2,29.5,15.1,46,0.0,954.0,19.62
2025-11-21,23.0,30.7,15.0,48,0.0,955.1,18.8
2025-11-22,25.1,32.7,17.9,52,0.0,954.4,18.21
2025-11-23,25.7,32.5,19.5,55,0.0,954.2,17.9
2025-11-24,25.3,31.6,19.5,58,0.0,954.2,17.68
2025-11-25,25.3,31.1,20.0,54,0.0,954.0,18.09
2025-11-26,24.4,30.2,18.9,53,0.0,954.1,18.29
2025-11-27,23.8,29.5,18.3,54,0.0,954.7,18.25
2025-11-28,23.5,29.2,18.4,54,0.0,954.1,18.46
2025-11-29,22.1,28.3,17.2,53,0.0,953.0,17.99
2025-11-30,21.2,28.3,14.1,42,0.0,952.6,18.92
2025-12-01,21.4,28.7,14.4,47,0.0,952.4,18.04
2025-12-02,21.6,28.1,14.9,49,0.0,952.5,16.36
2025-12-03,21.7,28.5,14.4,56,0.0,953.5,18.21
2025-12-04,22.8,29.3,16.2,57,0.0,954.7,18.02
2025-12-05,23.3,29.9,17.3,58,0.0,955.7,17.29
2025-12-06,22.8,29.0,17.1,50,0.0,956.2,17.06
2025-12-07,22.7,29.1,16.6,46,0.0,955.9,17.69
2025-12-08,22.4,30.0,15.4,42,0.0,955.6,18.14
2025-12-09,21.7,29.6,13.7,35,0.0,955.1,18.68
2025-12-10,21.4,29.3,13.6,36,0.0,955.8,18.7
2025-12-11,20.7,28.6,12.9,35,0.0,954.9,18.72
2025-12-12,20.7,28.7,13.0,36,0.0,953.9,18.5
2025-12-13,21.3,29.5,13.2,38,0.0,953.7,18.33
2025-12-14,21.7,29.0,15.2,39,0.0,954.3,18.32
2025-12-15,21.2,28.5,14.6,38,0.0,954.2,18.32
2025-12-16,21.4,28.8,14.2,44,0.0,953.8,18.23
2025-12-17,22.1,30.1,15.1,47,0.0,955.5,17.7
2025-12-18,22.0,30.6,14.6,40,0.0,955.7,18.48
2025-12-19,21.2,29.6,13.2,37,0.0,953.9,18.61
2025-12-20,20.9,29.0,13.2,34,0.0,952.4,18.57
2025-12-21,20.7,28.0,13.4,39,0.0,952.9,16.73
2025-12-22,21.0,29.0,13.2,41,0.0,953.3,18.27
2025-12-23,21.4,28.7,13.9,41,0.0,952.9,17.96
2025-12-24,21.1,28.0,14.4,41,0.0,952.7,17.56
2025-12-25,21.0,27.9,13.9,43,0.0,953.0,18.03
2025-12-26,20.8,27.6,13.5,44,0.0,952.9,18.15
2025-12-27,21.1,28.2,13.9,43,0.0,953.2,18.23
2025-12-28,21.2,28.4,14.1,43,0.0,953.7,18.17
2025-12-29,20.9,28.4,13.4,46,0.0,953.6,18.19
2025-12-30,21.0,29.4,13.2,48,0.0,952.7,18.29
2025-12-31,20.9,28.8,14.0,50,0.0,951.2,18.16
2026-01-01,21.2,28.2,14.4,56,0.0,951.5,17.68
2026-01-02,22.4,29.6,15.9,59,0.0,953.3,15.92
2026-01-03,23.0,29.6,16.6,56,0.0,953.8,16.09
2026-01-04,23.4,29.3,18.4,57,0.0,954.7,15.44
2026-01-05,22.8,28.2,17.4,54,0.0,955.7,17.62
2026-01-06,21.8,27.9,15.6,48,0.0,955.8,18.21
2026-01-07,21.3,28.2,14.1,38,0.0,956.0,18.69
2026-01-08,20.6,27.6,13.4,35,0.0,956.0,18.6
2026-01-09,20.3,27.1,13.1,35,0.0,955.4,18.54
2026-01-10,20.7,27.9,14.0,38,0.0,955.1,18.41
2026-01-11,21.2,28.3,14.0,37,0.0,955.8,18.37
2026-01-12,22.4,30.0,15.3,46,1.5,956.2,16.51
2026-01-13,24.0,30.0,18.3,56,0.0,956.3,16.96
2026-01-14,23.5,28.8,18.1,61,0.3,954.7,16.31
2026-01-15,23.3,30.1,17.1,54,0.0,953.9,18.31
2026-01-16,23.6,31.0,16.8,49,0.0,953.7,18.68
2026-01-17,23.4,30.7,17.5,46,0.0,952.7,17.01
2026-01-18,21.9,29.1,16.8,54,0.0,951.1,18.59
2026-01-19,20.8,29.0,14.2,61,0.0,952.1,18.98
2026-01-20,21.7,29.5,14.9,57,0.0,952.3,19.04
2026-01-21,22.6,29.5,15.8,50,0.0,953.3,16.42
2026-01-22,22.6,28.6,16.8,41,0.0,953.9,16.78
2026-01-23,22.1,28.6,16.4,53,0.0,954.6,19.38
2026-01-24,22.0,29.1,15.9,56,0.0,955.8,18.73
2026-01-25,22.7,29.7,15.6,54,0.0,954.4,18.44
2026-01-26,23.5,29.5,17.2,55,1.9,955.0,16.53
2026-01-27,23.3,28.7,19.0,64,0.4,955.9,16.56
2026-01-28,22.8,29.5,16.0,61,0.0,955.5,17.16
2026-01-29,24.2,30.9,17.5,51,0.0,954.5,17.69
2026-01-30,24.7,30.5,19.5,52,0.0,954.9,16.34
2026-01-31,24.1,30.1,18.2,55,0.0,955.1,18.1
2026-02-01,23.7,29.9,17.5,46,0.0,955.4,19.58
2026-02-02,23.2,30.0,16.9,46,0.0,955.3,18.93
2026-02-03,23.7,30.4,17.3,47,0.0,955.3,18.96
2026-02-04,24.1,30.0,17.6,46,0.0,955.7,19.18
2026-02-05,23.8,29.9,17.8,44,0.0,956.3,19.41
2026-02-06,23.7,29.8,17.0,44,0.0,956.6,20.75
2026-02-07,23.8,30.5,16.9,41,0.0,955.4,21.03
2026-02-08,24.1,31.6,16.8,42,0.0,954.0,21.14
2026-02-09,24.7,32.5,17.2,41,0.0,953.3,21.27
2026-02-10,25.2,32.8,18.3,47,0.0,953.8,21.01
2026-02-11,25.1,31.6,19.2,43,0.0,955.3,21.28
2026-02-12,24.7,31.2,18.0,36,0.0,955.0,21.5
2026-02-13,24.8,31.8,18.0,42,0.0,954.0,21.56
2026-02-14,25.0,31.8,18.4,36,0.0,953.4,21.88
2026-02-15,25.5,32.3,18.5,38,0.0,953.2,21.84
2026-02-16,25.7,32.8,18.6,39,0.0,951.7,21.96
2026-02-17,26.1,32.2,19.6,41,0.0,951.4,20.34
2026-02-18,25.1,32.0,19.2,50,0.0,951.4,19.41
2026-02-19,25.4,32.8,19.4,54,0.0,952.2,20.62
2026-02-20,26.2,33.8,20.0,50,0.0,953.1,20.79
2026-02-21,26.6,34.0,20.1,46,0.0,951.7,21.01
2026-02-22,27.3,33.3,22.2,36,0.0,949.8,17.76
2026-02-23,26.5,32.5,21.0,34,0.0,949.3,18.98
2026-02-24,26.1,33.2,19.2,38,0.0,950.4,19.61
2026-02-25,26.0,33.4,20.4,39,0.0,952.0,19.82
2026-02-26,24.9,31.9,19.0,43,0.0,951.6,22.97
2026-02-27,23.8,31.2,18.1,47,0.0,949.8,23.14
2026-02-28,23.4,31.4,16.8,49,0.0,949.2,23.38
2026-03-01,24.6,33.6,17.2,54,0.0,950.2,23.22
2026-03-02,26.4,34.5,19.0,50,0.0,951.9,22.87
2026-03-03,27.9,34.2,21.0,41,0.0,952.9,23.15
2026-03-04,28.3,34.7,21.1,31,0.0,953.5,23.49
2026-03-05,28.2,35.5,20.3,27,0.0,952.7,23.83
2026-03-06,28.0,35.2,20.9,30,0.0,951.5,24.09
2026-03-07,28.4,35.8,20.6,31,0.0,951.6,24.03
2026-03-08,29.0,36.8,20.7,29,0.0,951.9,24.12
2026-03-09,29.1,36.2,21.9,23,0.0,952.3,24.22
2026-03-10,28.8,35.7,21.0,28,0.0,953.4,24.03
2026-03-11,29.1,36.3,21.5,33,0.0,953.4,23.91
2026-03-12,29.5,36.5,22.4,34,0.0,951.4,24.21
2026-03-13,29.5,36.5,22.0,27,0.0,950.3,24.27
2026-03-14,29.3,36.2,23.0,25,0.0,951.3,21.59
2026-03-15,28.3,34.8,23.0,26,0.0,951.9,23.57
2026-03-16,26.6,34.1,20.1,37,0.0,950.8,23.99
2026-03-17,26.1,34.2,19.5,47,0.0,950.3,23.7
2026-03-18,26.3,34.0,20.9,49,0.1,951.2,20.87
2026-03-19,25.6,32.9,20.6,55,0.1,952.4,21.62
2026-03-20,25.4,33.4,18.8,57,0.0,951.3,23.71
2026-03-21,26.3,33.2,19.8,50,0.0,951.6,24.71
2026-03-22,27.6,34.5,20.8,35,0.0,952.3,24.54
2026-03-23,28.5,36.2,21.8,33,0.0,951.7,24.58
2026-03-24,29.1,36.4,22.5,36,0.0,950.8,23.57
2026-03-25,29.9,36.8,23.3,31,0.0,950.9,23.22
2026-03-26,30.6,36.9,23.8,33,0.0,952.3,22.94
2026-03-27,30.6,37.0,25.1,34,0.0,951.6,22.56
2026-03-28,28.9,36.2,23.4,33,0.0,949.9,25.06
2026-03-29,27.4,35.2,21.0,45,0.0,949.9,25.23
2026-03-30,27.9,36.1,21.9,60,0.3,950.0,21.03
2026-03-31,28.0,33.7,22.6,57,0.0,950.8,22.46
2026-04-01,28.4,36.5,22.1,56,0.7,950.7,22.37
2026-04-02,26.9,34.5,22.5,57,2.4,952.0,18.36
2026-04-03,25.8,32.5,20.6,64,0.3,951.6,23.07
2026-04-04,25.9,33.2,20.1,58,0.0,951.1,24.35
2026-04-05,26.0,32.8,20.5,52,0.0,951.1,25.52
2026-04-06,24.6,31.7,18.6,57,0.0,951.8,25.77
2026-04-07,26.1,33.8,19.4,55,0.0,951.9,25.57
2026-04-08,26.4,33.2,20.7,57,0.0,951.3,24.54
2026-04-09,26.8,33.8,20.5,57,0.0,952.2,25.42
2026-04-10,28.9,36.7,21.5,44,0.0,952.7,25.84
2026-04-11,30.4,39.1,23.4,43,0.0,951.8,25.92
2026-04-12,31.2,39.3,23.4,35,0.0,949.9,26.19
2026-04-13,30.2,38.6,24.5,40,0.0,950.8,26.27
2026-04-14,31.1,40.2,23.0,36,0.0,950.6,26.46
2026-04-15,31.4,39.1,24.8,25,0.0,949.1,26.64
2026-04-16,30.5,38.9,22.7,26,0.0,948.8,26.85
2026-04-17,30.5,39.6,22.2,40,0.0,950.0,24.47
2026-04-18,31.5,38.8,25.0,43,0.0,950.0,18.99
2026-04-19,31.9,39.8,26.0,36,0.0,949.7,21.38
2026-04-20,31.1,38.5,25.4,37,0.0,949.9,22.56
2026-04-21,31.7,38.7,25.4,32,0.0,949.4,22.98
2026-04-22,30.9,38.4,24.9,44,0.0,949.7,22.08
2026-04-23,31.1,38.7,25.0,39,0.8,949.3,22.67
2026-04-24,32.1,39.7,25.5,29,0.0,949.3,21.2
2026-04-25,33.1,40.0,26.7,28,0.0,949.9,20.5
2026-04-26,33.0,41.0,26.8,28,0.0,949.1,23.62
2026-04-27,31.5,39.8,24.6,46,0.0,948.2,23.72
2026-04-28,31.4,39.1,24.9,43,0.0,948.2,24.85
2026-04-29,31.2,38.5,25.1,36,0.0,948.6,25.78
2026-04-30,30.1,37.5,24.1,41,0.0,949.6,26.07
2026-05-01,28.5,35.5,23.1,51,0.0,949.8,26.4
2026-05-02,29.0,37.0,22.6,51,0.0,948.6,25.52
2026-05-03,29.0,37.2,21.9,52,0.0,948.7,26.45
2026-05-04,28.4,36.2,21.6,53,0.0,948.5,26.34
2026-05-05,28.4,36.5,21.6,59,0.0,949.6,24.79
2026-05-06,29.2,37.2,22.3,54,0.0,948.9,25.58
2026-05-07,31.2,37.2,24.5,42,0.0,948.4,22.98
2026-05-08,31.7,37.0,26.0,41,0.0,949.2,18.89
2026-05-09,31.8,37.4,25.9,39,0.0,949.7,23.19
2026-05-10,33.1,40.7,26.2,30,0.0,948.2,21.79
2026-05-11,33.1,41.0,26.5,32,0.0,947.9,23.07
2026-05-12,32.7,41.8,26.2,34,0.0,946.8,22.68
2026-05-13,31.3,38.3,26.2,47,0.6,946.6,21.59
2026-05-14,30.7,37.8,25.3,50,0.0,946.2,17.26
2026-05-15,30.2,36.3,25.4,45,0.0,947.2,24.87
2026-05-16,30.5,38.8,23.6,55,0.1,946.6,25.48
2026-05-17,31.2,39.0,25.0,55,0.1,947.3,25.13
2026-05-18,31.4,40.2,24.8,49,0.2,946.9,26.23
2026-05-19,29.7,36.2,24.9,56,2.0,947.8,24.62
2026-05-20,28.6,35.8,23.9,63,2.4,948.2,22.9
2026-05-21,29.8,37.6,24.0,59,1.0,948.2,24.78
2026-05-22,28.9,36.5,25.2,67,3.4,950.6,22.23
2026-05-23,28.1,33.3,24.8,73,1.7,951.3,23.09
2026-05-24,28.1,33.8,25.2,72,2.8,951.5,23.57
2026-05-25,28.2,35.3,23.7,72,2.4,950.3,24.12
2026-05-26,29.0,35.2,24.1,66,0.0,950.4,25.62
2026-05-27,29.3,36.8,24.2,64,1.3,951.1,24.48
2026-05-28,29.4,37.2,24.1,61,0.0,950.8,26.06
2026-05-29,29.2,35.5,24.4,64,0.0,950.3,25.83
2026-05-30,29.5,36.0,24.7,61,0.1,949.7,25.37
2026-05-31,28.9,34.3,25.2,64,1.7,950.8,23.97
2026-06-01,29.3,36.5,24.0,62,1.4,950.6,25.66
2026-06-02,28.7,36.0,24.7,62,2.3,949.9,24.38
2026-06-03,28.6,35.8,23.7,61,0.2,948.0,25.0
2026-06-04,28.7,36.5,24.0,63,1.0,947.2,24.52
2026-06-05,29.0,35.8,25.2,65,2.4,947.2,23.82
2026-06-06,29.2,36.5,25.4,65,1.4,948.0,24.67
2026-06-07,28.9,35.3,24.9,65,1.6,948.9,24.5
2026-06-08,28.1,33.5,24.5,68,1.6,948.7,23.29
2026-06-09,27.7,33.1,24.2,71,1.1,948.2,22.95
2026-06-10,28.3,33.8,24.5,67,0.2,948.4,23.71
2026-06-11,28.8,35.2,24.7,65,0.0,947.9,26.11
2026-06-12,28.6,34.2,24.5,67,0.8,948.8,21.3
2026-06-13,28.6,34.3,24.9,65,1.2,949.9,24.45
2026-06-14,28.0,33.5,24.7,66,2.1,950.0,22.0
2026-06-15,27.9,33.8,24.0,65,1.7,949.8,22.91
2026-06-16,28.1,34.5,23.4,63,0.6,949.9,24.42
2026-06-17,28.2,35.1,23.9,63,2.8,950.3,25.45
2026-06-18,27.9,34.0,23.6,61,2.3,949.9,24.98
2026-06-19,27.8,34.0,22.7,59,1.6,949.7,24.9
2026-06-20,28.3,34.8,23.2,61,0.6,949.9,23.87
2026-06-21,28.0,35.7,24.5,66,2.8,948.9,21.64
2026-06-22,26.9,32.4,24.6,73,6.9,948.3,18.55
2026-06-23,24.4,28.0,22.1,84,19.5,946.9,9.9
2026-06-24,23.6,27.0,21.9,84,9.0,947.2,11.22
2026-06-25,25.3,29.9,22.6,77,0.9,947.7,18.64
2026-06-26,25.8,31.2,22.6,76,0.3,948.2,18.26
